CASE_ID,ACCIDENT_YEAR,PROC_DATE,JURIS,COLLISION_DATE,COLLISION_TIME,OFFICER_ID,REPORTING_DISTRICT,DAY_OF_WEEK,CHP_SHIFT,POPULATION,CNTY_CITY_LOC,SPECIAL_COND,BEAT_TYPE,CHP_BEAT_TYPE,CITY_DIVISION_LAPD,CHP_BEAT_CLASS,BEAT_NUMBER,PRIMARY_RD,SECONDARY_RD,DISTANCE,DIRECTION,INTERSECTION,WEATHER_1,WEATHER_2,STATE_HWY_IND,CALTRANS_COUNTY,CALTRANS_DISTRICT,STATE_ROUTE,ROUTE_SUFFIX,POSTMILE_PREFIX,POSTMILE,LOCATION_TYPE,RAMP_INTERSECTION,SIDE_OF_HWY,TOW_AWAY,COLLISION_SEVERITY,NUMBER_KILLED,NUMBER_INJURED,PARTY_COUNT,PRIMARY_COLL_FACTOR,PCF_CODE_OF_VIOL,PCF_VIOL_CATEGORY,PCF_VIOLATION,PCF_VIOL_SUBSECTION,HIT_AND_RUN,TYPE_OF_COLLISION,MVIW,PED_ACTION,ROAD_SURFACE,ROAD_COND_1,ROAD_COND_2,LIGHTING,CONTROL_DEVICE,CHP_ROAD_TYPE,PEDESTRIAN_ACCIDENT,BICYCLE_ACCIDENT,MOTORCYCLE_ACCIDENT,TRUCK_ACCIDENT,NOT_PRIVATE_PROPERTY,ALCOHOL_INVOLVED,STWD_VEHTYPE_AT_FAULT,CHP_VEHTYPE_AT_FAULT,COUNT_SEVERE_INJ,COUNT_VISIBLE_INJ,COUNT_COMPLAINT_PAIN,COUNT_PED_KILLED,COUNT_PED_INJURED,COUNT_BICYCLIST_KILLED,COUNT_BICYCLIST_INJURED,COUNT_MC_KILLED,COUNT_MC_INJURED,PRIMARY_RAMP,SECONDARY_RAMP,LATITUDE,LONGITUDE,COUNTY,CITY,POINT_X,POINT_Y
91116312,2019,2019-11-08,9645,2019-11-05,1858,016864,NA,2,2,7,3711,0,1,1,NA,2,015,I-805 S/B,NOBEL DRIVE O/C,1584,S,N,A,-,Y,NA,NA,805,NA,NA,NA,NA,NA,S,Y,3,0,1,3,A,-,03,22350,NA,N,C,C,A,A,H,-,C,D,0,NA,NA,NA,NA,Y,NA,A,07,0,1,0,0,0,0,0,0,0,-,-,32.86574935913086,-117.19146728515624,SAN DIEGO,SAN DIEGO,-117.19135284423828,32.86585998535156
91119810,2019,2019-11-14,9650,2019-11-08,1920,018041,NA,5,2,5,3712,0,1,3,NA,2,019,SR-78 E/B,TWIN OAKS VALLEY RD,560,E,N,A,-,Y,NA,NA,78,NA,NA,NA,NA,NA,E,N,4,0,1,2,A,-,03,22350,NA,N,C,C,A,A,H,-,C,D,0,NA,NA,NA,NA,Y,NA,A,01,0,0,1,0,0,0,0,0,0,-,-,33.138519287109375,-117.15570831298828,SAN DIEGO,SAN MARCOS,-117.1557159423828,33.13853073120117
91121345,2019,2019-11-15,9645,2019-11-05,1445,020997,NA,2,2,7,3711,0,1,1,NA,2,009,I-805 S/B,47TH STREET MTS TROLLEY O/C,1000,N,N,A,-,Y,NA,NA,805,NA,NA,NA,NA,NA,S,Y,4,0,1,4,A,-,03,22350,NA,N,C,C,A,A,H,-,A,D,0,NA,NA,NA,NA,Y,NA,A,01,0,0,1,0,0,0,0,0,0,-,-,32.708011627197266,-117.09765625,SAN DIEGO,SAN DIEGO,-117.0976333618164,32.708038330078125
91121742,2019,2019-11-18,9645,2019-11-06,1720,021263,NA,3,2,7,3711,0,1,1,NA,2,005,INTERSTATE 5 SOUTHBOUND,SEA WORLD DRIVE,3000,N,N,A,-,Y,NA,NA,5,NA,NA,NA,NA,NA,S,N,4,0,1,2,A,-,03,22350,NA,N,C,C,A,A,H,-,C,D,0,NA,NA,NA,NA,Y,NA,A,01,0,0,1,0,0,0,0,0,0,-,-,32.77899169921875,-117.20870971679688,SAN DIEGO,SAN DIEGO,-117.20867919921876,32.778987884521484
91122630,2019,2019-11-18,9680,2019-11-05,0735,015972,NA,2,1,9,3700,0,3,5,NA,2,002,FURY LANE,AVOCADO BLVD,118,E,N,A,-,N,NA,NA,NA,NA,NA,NA,NA,NA,NA,N,4,0,1,2,A,-,03,22350,NA,N,C,C,A,A,H,-,A,A,0,NA,NA,NA,NA,Y,NA,A,01,0,0,1,0,0,0,0,0,0,-,-,32.75135040283203,-116.96147918701172,SAN DIEGO,UNINCORPORATED,-116.96160125732422,32.75135803222656
9112294,2020,2020-07-21,3711,2020-03-02,1700,SD7380,NA,1,5,7,3711,0,0,0,NA,0,838,SWIFT AV,WIGHTMAN ST,261,N,N,B,-,N,NA,NA,NA,NA,NA,NA,NA,NA,NA,N,4,0,1,3,A,-,03,22350,NA,N,C,C,A,A,H,-,B,A,0,NA,NA,NA,Y,Y,Y,F,26,0,0,1,0,0,0,0,0,0,-,-,NA,NA,SAN DIEGO,SAN DIEGO,-117.11928558349608,32.74859619140625
9112429,2020,2020-08-20,3711,2020-06-13,1115,SD7965,NA,6,5,7,3711,0,0,0,NA,0,723,PALM AV,NORSTAD AV,54,E,N,A,-,N,NA,NA,NA,NA,NA,NA,NA,NA,NA,N,4,0,1,2,A,-,21,22106,NA,N,C,C,A,A,H,-,A,A,0,NA,NA,NA,NA,Y,NA,A,01,0,0,1,0,0,0,0,0,0,-,-,NA,NA,SAN DIEGO,SAN DIEGO,-117.05384826660156,32.583858489990234
9112433,2020,2020-08-20,3711,2020-06-14,1933,SD7560,NA,7,5,7,3711,0,0,0,NA,0,821,ARAGON DR,EL CAJON BL,130,S,N,A,-,N,NA,NA,NA,NA,NA,NA,NA,NA,NA,N,4,0,2,2,A,-,09,21804,A,N,D,C,A,A,H,-,A,D,0,NA,NA,NA,NA,Y,NA,A,01,0,0,2,0,0,0,0,0,0,-,-,NA,NA,SAN DIEGO,SAN DIEGO,-117.05818939208984,32.76637649536133
91125572,2019,2019-11-21,9650,2019-11-15,1650,021933,NA,5,2,9,3700,0,1,3,NA,1,028,SR-76,LILAC EXTENTION ROAD,500,W,N,A,-,Y,NA,NA,76,NA,NA,NA,NA,NA,NA,Y,3,0,1,1,A,-,08,22107,NA,N,E,I,A,A,H,-,A,D,0,NA,NA,NA,NA,Y,NA,A,01,0,1,0,0,0,0,0,0,0,-,-,33.36431121826172,-117.0779037475586,SAN DIEGO,UNINCORPORATED,-117.0779037475586,33.36420440673828
91125686,2019,2019-11-21,9645,2019-11-13,0750,015494,NA,3,1,7,3711,0,1,1,NA,2,011,I-805 N/B,MESA COLLEGE DR,1600,S,N,A,-,Y,NA,NA,805,NA,NA,NA,NA,NA,N,Y,3,0,1,3,A,-,03,22350,NA,N,C,C,A,A,H,-,A,D,0,NA,NA,NA,NA,Y,NA,D,22,0,1,0,0,0,0,0,0,0,-,-,32.7982292175293,-117.1492919921875,SAN DIEGO,SAN DIEGO,-117.1494140625,32.79822540283203
91127623,2019,2019-11-22,9645,2019-10-26,0310,021231,NA,6,3,7,3711,0,1,1,NA,2,007,I-5 N/B,SORRENTO VALLEY RD.,1500,S,N,A,-,Y,NA,NA,5,NA,NA,NA,NA,NA,N,Y,3,0,3,1,A,-,08,22107,NA,N,E,I,A,A,H,-,D,D,0,NA,NA,NA,NA,Y,NA,A,01,0,3,0,0,0,0,0,0,0,-,-,32.894630432128906,-117.22663879394533,SAN DIEGO,SAN DIEGO,-117.22663116455078,32.89462661743164
9112907,2020,2020-09-01,3706,2020-06-17,1100,543,ESCON,3,5,6,3706,0,0,0,NA,0,043,NUTMEG ST,EL NORTE PKWY,473,N,N,A,-,N,NA,NA,NA,NA,NA,NA,NA,NA,NA,Y,3,0,1,2,A,-,09,21804,A,N,D,C,A,A,H,-,A,D,0,NA,NA,Y,NA,Y,Y,A,01,0,1,0,0,0,0,0,0,1,-,-,33.14717102050781,-117.10880279541016,SAN DIEGO,ESCONDIDO,-117.10792541503906,33.14828872680664
9112952,2020,2020-09-11,3700,2020-06-14,1440,SH5379,NA,7,5,5,3712,0,0,0,NA,0,357,EAST MISSION RD,MULBERRY DR,0,NA,Y,A,-,N,NA,NA,NA,NA,NA,NA,NA,NA,NA,Y,4,0,2,2,A,-,12,21453,NA,N,D,C,A,A,H,-,A,A,0,NA,NA,NA,NA,Y,NA,A,01,0,0,2,0,0,0,0,0,0,-,-,NA,NA,SAN DIEGO,SAN MARCOS,-117.1493911743164,33.14506912231445
91131491,2019,2019-11-28,9650,2019-11-25,1450,020673,NA,1,2,9,3700,0,2,4,NA,2,061,S. MISSION RD.,OLD STAGE RD.,50,S,N,A,B,N,NA,NA,NA,NA,NA,NA,NA,NA,NA,N,4,0,1,2,A,-,08,22102,NA,N,B,C,A,A,H,-,A,D,0,NA,NA,NA,NA,Y,NA,E,22,0,0,1,0,0,0,0,0,0,-,-,33.21548080444336,-117.14586639404295,SAN DIEGO,UNINCORPORATED,-117.2497100830078,33.36527633666992
91132241,2019,2019-12-02,9650,2019-11-30,1800,021200,NA,6,2,6,3710,0,1,3,NA,2,015,SR-78 E/B,I-5,1000,E,N,B,-,Y,NA,NA,78,NA,NA,NA,NA,NA,E,Y,4,0,1,2,A,-,07,21658,A,N,C,C,A,A,H,-,D,D,0,NA,NA,NA,NA,Y,NA,A,07,0,0,1,0,0,0,0,0,0,-,-,33.178958892822266,-117.34789276123048,SAN DIEGO,OCEANSIDE,-117.34791564941406,33.17900466918945
9113352,2020,2020-08-11,3702,2020-05-09,0100,CV1251,NA,6,5,6,3702,0,0,0,NA,0,032,PROCTOR VALLEY RD,AQUA VISTA DR,48,N,N,A,-,N,NA,NA,NA,NA,NA,NA,NA,NA,NA,Y,3,0,1,1,A,-,03,22350,NA,N,F,I,A,A,H,-,C,D,0,NA,NA,NA,NA,Y,NA,A,07,0,1,0,0,0,0,0,0,0,-,-,NA,NA,SAN DIEGO,CHULA VISTA,-116.94185638427734,32.65998458862305
91134965,2019,2019-12-03,9680,2019-09-02,0655,020116,NA,1,1,9,3700,0,2,4,NA,1,014,WINTER GARDENS BOULEVARD,WINTER GARDENS DRIVE,51,N,N,A,-,N,NA,NA,NA,NA,NA,NA,NA,NA,NA,Y,1,1,0,2,A,-,03,22350,NA,N,E,I,A,A,H,-,A,A,0,NA,NA,NA,NA,Y,NA,A,01,0,0,0,0,0,0,0,0,0,-,-,32.82809829711914,-116.93351745605467,SAN DIEGO,UNINCORPORATED,-116.93348693847656,32.82804870605469
9113634,2020,2020-07-30,3702,2020-04-22,2309,CV1018,NA,3,5,6,3702,0,0,0,NA,0,032,LANE AV,MACKENZIE CREEK RD,65,S,N,A,-,N,NA,NA,NA,NA,NA,NA,NA,NA,NA,Y,3,0,1,1,D,-,00,NA,NA,N,H,A,A,A,H,-,C,A,0,NA,NA,Y,NA,Y,NA,-,-,0,1,0,0,0,0,0,0,1,-,-,NA,NA,SAN DIEGO,CHULA VISTA,-116.9619369506836,32.65635299682617
91137461,2019,2019-12-06,9680,2019-11-30,1659,021501,NA,6,2,9,3700,0,1,3,NA,1,052,SR-78,WYNOLA RD,80,W,N,B,-,Y,NA,NA,78,NA,NA,NA,NA,NA,NA,N,4,0,3,4,A,-,11,21954,A,N,G,B,D,A,H,-,B,D,0,Y,NA,NA,NA,Y,NA,N,60,0,0,3,0,3,0,0,0,0,-,-,33.09440994262695,-116.64614105224608,SAN DIEGO,UNINCORPORATED,-116.64606475830078,33.09440994262695
9113767,2020,2020-08-20,3706,2020-06-06,0024,524,ESCON,6,5,6,3706,0,0,0,NA,0,045,HARMONY GROVE RD,ENTERPRISE ST,367,W,N,B,-,N,NA,NA,NA,NA,NA,NA,NA,NA,NA,Y,3,0,1,1,A,-,01,23152,A,N,E,I,A,B,H,-,C,D,0,NA,NA,NA,NA,Y,Y,D,22,0,1,0,0,0,0,0,0,0,-,-,33.11043930053711,-117.11424255371094,SAN DIEGO,ESCONDIDO,-117.11482238769533,33.109588623046875
91137898,2019,2019-12-06,9645,2019-11-26,1955,017104,NA,2,2,7,3711,0,1,1,NA,2,019,I-15 S/B (ESCONDIDO FREEWAY),RANCHO BERNARDO ROAD,425,N,N,B,-,Y,NA,NA,NA,NA,NA,NA,NA,NA,NA,Y,4,0,4,2,A,-,07,21658,A,N,C,C,A,A,H,-,D,D,0,NA,NA,NA,NA,Y,NA,A,07,0,0,4,0,0,0,0,0,0,-,-,33.01279830932617,-117.04440307617188,SAN DIEGO,SAN DIEGO,-117.07906341552734,33.02439498901367
9113996,2020,2020-11-20,3706,2020-05-28,1647,466,ESCON,4,5,6,3706,0,0,0,NA,0,046,VALLEY PKWY,BEAR VALLET PKWY,0,NA,Y,A,-,N,NA,NA,NA,NA,NA,NA,NA,NA,NA,N,3,0,2,3,A,-,12,21453,A,N,D,C,A,A,H,-,A,A,0,NA,NA,NA,NA,Y,NA,A,01,0,1,1,0,0,0,0,0,0,-,-,33.14458084106445,-117.03662109375,SAN DIEGO,ESCONDIDO,-117.038547,33.143523
91140567,2019,2019-12-11,9650,2019-11-26,1821,016997,NA,2,2,6,3710,0,1,1,NA,2,005,I-5 S/B,CALIFORNIA ST.,50,S,N,A,-,Y,NA,NA,5,NA,NA,NA,NA,NA,S,Y,4,0,2,2,A,-,03,22350,NA,N,C,C,A,A,H,-,D,D,0,NA,NA,NA,NA,Y,NA,A,07,0,0,2,0,0,0,0,0,0,-,-,33.184349060058594,-117.3576889038086,SAN DIEGO,OCEANSIDE,-117.35759735107422,33.18442916870117
91141543,2019,2019-12-11,9680,2019-11-30,0710,022106,NA,6,1,9,3700,0,1,1,NA,2,086,I-8 W/B,CRESTWOOD RD,300,W,N,A,-,Y,NA,NA,8,NA,NA,NA,NA,NA,W,Y,3,0,1,1,C,-,18,NA,NA,N,F,A,A,C,H,-,A,D,0,NA,NA,NA,NA,Y,NA,-,-,0,1,0,0,0,0,0,0,0,-,-,32.70589828491211,-116.36203002929688,SAN DIEGO,UNINCORPORATED,-116.36200714111328,32.705963134765625
91141612,2019,2019-12-12,9650,2019-12-09,1516,016516,NA,1,2,9,3700,0,2,4,NA,2,061,E. ELDER ST.,S. MISSION RD.,0,NA,Y,A,-,N,NA,NA,NA,NA,NA,NA,NA,NA,NA,Y,4,0,2,2,A,-,09,21802,A,N,D,C,A,A,H,-,A,A,0,NA,NA,NA,NA,Y,NA,D,22,0,0,2,0,0,0,0,0,0,-,-,33.38008117675781,-117.25363159179688,SAN DIEGO,UNINCORPORATED,-117.25357818603516,33.3802604675293
91143582,2019,2019-12-16,9650,2019-12-13,1745,017780,NA,5,2,6,3710,0,1,3,NA,2,015,SR-78 W/B,EL CAMINO REAL,3696,E,N,A,-,Y,NA,NA,78,NA,NA,NA,NA,NA,W,Y,4,0,2,2,A,-,03,22350,NA,N,C,C,A,A,H,-,C,D,0,NA,NA,NA,NA,Y,NA,A,07,0,0,2,0,0,0,0,0,0,-,-,33.18048095703125,-117.31478881835938,SAN DIEGO,OCEANSIDE,-117.31479644775392,33.1804313659668
91144622,2019,2019-12-16,9645,2019-12-04,1615,016137,NA,3,2,7,3711,0,1,1,NA,2,007,I-5 NORTHBOUND,DEL MAR HEIGHTS RD O/C,900,S,N,A,-,Y,NA,NA,NA,NA,NA,NA,NA,NA,NA,Y,4,0,1,3,A,-,03,22350,NA,N,C,C,A,A,H,-,A,D,0,NA,NA,NA,NA,Y,NA,A,01,0,0,1,0,0,0,0,0,0,-,-,32.939701080322266,-117.21189880371094,SAN DIEGO,SAN DIEGO,-117.24356079101563,32.9499397277832
91144706,2019,2019-12-17,9650,2019-12-12,1730,021805,NA,4,2,6,3710,0,1,1,NA,2,005,I-5 S/B,OCEANSIDE BLVD,528,N,N,A,-,Y,NA,NA,5,NA,NA,NA,NA,NA,S,Y,4,0,1,2,A,-,03,22350,NA,N,C,C,A,A,H,-,D,D,0,NA,NA,NA,NA,Y,NA,A,07,0,0,1,0,0,0,0,0,0,-,-,33.191551208496094,-117.36348724365234,SAN DIEGO,OCEANSIDE,-117.3635025024414,33.1915397644043
91145634,2019,2019-12-17,9680,2019-12-06,1755,014949,NA,5,2,9,3700,0,3,5,NA,2,004,POTRERO VALLEY RD,POTRERO PARK DR,1056,S,N,B,-,N,NA,NA,NA,NA,NA,NA,NA,NA,NA,Y,2,0,3,2,A,-,03,22350,NA,N,C,C,A,A,H,-,D,D,0,NA,NA,NA,NA,Y,NA,A,01,1,1,1,0,0,0,0,0,0,-,-,32.61259078979492,-116.61328125,SAN DIEGO,UNINCORPORATED,-116.61328887939452,32.61227035522461
91148710,2019,2019-12-20,9650,2019-12-18,1735,017012,NA,3,2,6,3710,0,1,3,NA,2,015,SR-78 W/B,EL CAMINO REAL,3960,E,N,A,-,Y,NA,NA,78,NA,NA,NA,NA,NA,W,Y,4,0,1,3,A,-,03,22350,NA,N,C,C,A,A,H,-,A,D,0,NA,NA,NA,NA,Y,NA,A,01,0,0,1,0,0,0,0,0,0,-,-,33.18170166015625,-117.31990814208984,SAN DIEGO,OCEANSIDE,-117.31992340087892,33.18166732788086
9114938,2020,2020-08-17,3700,2020-05-21,1307,SH0268,NA,4,5,4,3780,0,0,0,NA,0,410,TWIN PEAKS RD,POMERADO RD,85,E,N,A,-,N,NA,NA,NA,NA,NA,NA,NA,NA,NA,N,3,0,1,2,A,-,09,21453,B,N,G,B,B,A,H,-,A,A,0,Y,NA,NA,NA,Y,NA,A,08,0,1,0,0,1,0,0,0,0,-,-,NA,NA,SAN DIEGO,POWAY,-117.0617446899414,32.98332595825195
91149684,2019,2019-12-23,9650,2019-12-10,0445,18386,NA,2,3,5,3713,0,1,3,NA,2,017,SR-78 E/B,MELROSE DR,250,E,N,A,-,Y,NA,NA,78,NA,NA,NA,NA,NA,E,Y,4,0,1,2,A,-,03,22350,NA,N,D,C,A,A,H,-,C,D,0,NA,NA,NA,NA,Y,NA,A,07,0,0,1,0,0,0,0,0,0,-,-,33.194740295410156,-117.2531509399414,SAN DIEGO,VISTA,-117.25314331054688,33.194705963134766
91149739,2019,2019-12-23,9650,2019-12-16,1420,021435,NA,1,2,5,3701,0,1,1,NA,2,005,I-5 SOUTHBOUND,LA COSTA AVE,3850,N,N,A,-,Y,NA,NA,5,NA,NA,NA,NA,NA,S,Y,4,0,2,1,A,-,08,22107,NA,N,E,I,A,A,D,-,A,D,0,NA,NA,NA,NA,Y,NA,A,01,0,0,2,0,0,0,0,0,0,-,-,33.09357833862305,-117.304443359375,SAN DIEGO,CARLSBAD,-117.30435943603516,33.0936279296875
91149865,2019,2019-12-23,9650,2019-11-16,0638,018950,NA,6,1,6,3706,0,1,1,NA,2,023,I-15 S/B TO SR-78 W/B,I-15,1538,W,N,A,-,Y,NA,NA,NA,NA,NA,NA,NA,NA,NA,Y,2,0,1,2,A,-,17,23114,A,F,F,A,A,A,H,-,A,D,0,NA,NA,Y,NA,Y,NA,-,99,1,0,0,0,0,0,0,0,1,-,-,33.12815856933594,-117.11173248291016,SAN DIEGO,ESCONDIDO,-117.11172485351563,33.128116607666016
9114995,2020,2020-08-14,3705,2020-05-24,1113,EC0324,NA,7,5,5,3705,0,0,0,NA,0,002,JOHNSON,MADISON,0,NA,Y,A,-,N,NA,NA,NA,NA,NA,NA,NA,NA,NA,NA,4,0,1,2,A,-,09,21801,A,N,A,C,A,A,H,-,A,A,0,NA,NA,NA,NA,Y,NA,A,01,0,0,1,0,0,0,0,0,0,-,-,NA,NA,SAN DIEGO,EL CAJON,-116.97103881835938,32.80038070678711
91150631,2019,2019-12-23,9645,2019-12-11,0730,016047,NA,3,1,6,3702,0,1,1,NA,2,001,I-5 NORTHBOUND,F STREET,680,S,N,A,-,Y,NA,NA,5,NA,NA,NA,NA,NA,N,N,4,0,1,2,A,-,03,22350,NA,N,C,C,A,A,H,-,A,D,0,NA,NA,NA,NA,Y,NA,A,01,0,0,1,0,0,0,0,0,0,-,-,32.634639739990234,-117.09780883789063,SAN DIEGO,CHULA VISTA,-117.09790802001952,32.63459777832031
91150955,2019,2019-12-23,9680,2019-11-23,1842,021441,NA,6,2,5,3708,0,1,1,NA,2,081,I-8 W/B,SEVERIN DR,1054,E,N,A,-,Y,NA,NA,8,NA,NA,NA,NA,NA,W,Y,3,0,1,1,A,-,01,23152,A,M,E,I,A,A,H,-,C,D,0,NA,NA,NA,NA,Y,Y,A,01,0,1,0,0,0,0,0,0,0,-,-,32.77939987182617,-116.99340057373048,SAN DIEGO,LA MESA,-116.993408203125,32.77930450439453
91151374,2019,2019-12-24,9645,2019-12-12,1638,018428,NA,4,2,7,3711,0,1,1,NA,2,017,I-15 N/B,CAMP ELLIOTT RD.,300,S,N,A,-,Y,NA,NA,15,NA,NA,NA,NA,NA,N,Y,4,0,1,3,A,-,03,22350,NA,N,C,C,A,A,H,-,D,D,0,NA,NA,NA,NA,Y,NA,A,01,0,0,1,0,0,0,0,0,0,-,-,32.85456848144531,-117.11451721191406,SAN DIEGO,SAN DIEGO,-117.1144790649414,32.85455322265625
91151700,2019,2019-12-24,9645,2019-12-13,1210,017473,NA,5,1,7,3711,0,1,3,NA,2,023,SR-163 S/B,UNIVERSITY AVE.,20,S,N,A,-,Y,NA,NA,163,NA,NA,NA,NA,NA,S,Y,3,0,4,3,A,-,03,22350,NA,N,C,C,A,A,H,-,A,D,0,NA,NA,NA,NA,Y,NA,A,07,0,1,3,0,0,0,0,0,0,-,-,32.74837875366211,-117.15585327148438,SAN DIEGO,SAN DIEGO,-117.15599822998048,32.74843215942383
91153653,2019,2019-12-27,9645,2019-12-19,1530,015790,NA,4,2,7,3711,0,1,3,NA,2,014,SR-52 (EB) FROM SANTO ROAD,SANTO ROAD,550,E,N,A,-,Y,NA,NA,NA,NA,NA,NA,NA,NA,NA,N,3,0,1,2,A,-,03,22350,NA,N,C,C,A,A,H,-,A,D,0,NA,NA,NA,NA,Y,NA,A,08,0,1,0,0,0,0,0,0,0,-,-,32.89078140258789,-117.20628356933594,SAN DIEGO,SAN DIEGO,-117.09555816650392,32.841453552246094
91153768,2019,2019-12-27,9680,2019-12-12,1755,021901,NA,4,2,9,3700,0,1,3,NA,1,051,SR-79,RIVERSIDE COUNTY LINE,5808,S,N,A,-,Y,NA,NA,79,NA,NA,NA,NA,NA,NA,Y,4,0,1,2,A,-,03,22350,NA,N,E,I,A,A,H,-,D,D,0,NA,NA,NA,NA,Y,NA,A,01,0,0,1,0,0,0,0,0,0,-,-,33.415931701660156,-116.82466888427734,SAN DIEGO,UNINCORPORATED,-116.82467651367188,33.41590118408203
91155155,2019,2019-12-30,9680,2019-12-17,0710,015733,NA,2,1,9,3700,0,1,3,NA,1,091,SR-78,OLIVE ST.,150,W,N,A,-,Y,NA,NA,78,NA,NA,NA,NA,NA,NA,N,4,0,1,2,A,-,03,22350,NA,N,C,C,A,A,H,-,A,A,0,NA,NA,NA,NA,Y,NA,A,01,0,0,1,0,0,0,0,0,0,-,-,33.04819107055664,-116.87124633789063,SAN DIEGO,UNINCORPORATED,-116.87115478515624,33.048194885253906
91155235,2019,2019-12-30,9650,2019-12-15,0054,019766,NA,7,3,9,3700,0,1,1,NA,2,001,I-5 SOUTHBOUND,LAS PULGAS ROAD,13253,N,N,B,-,Y,NA,NA,5,NA,NA,NA,NA,NA,S,Y,3,0,3,3,A,-,03,22350,NA,F,C,C,A,A,H,-,D,D,0,NA,NA,NA,NA,Y,NA,-,99,0,2,1,0,0,0,0,0,0,-,-,33.32767105102539,-117.49104309082033,SAN DIEGO,UNINCORPORATED,-117.49103546142578,33.32767105102539
91155274,2019,2019-12-30,9680,2019-12-17,2005,017928,NA,2,2,9,3700,0,3,5,NA,2,009,16TH ST.,SR-67,15,W,N,A,-,Y,NA,NA,NA,NA,NA,NA,NA,NA,NA,N,2,0,1,2,A,-,10,21950,A,N,G,B,B,A,H,-,D,D,0,Y,NA,NA,NA,Y,NA,A,01,1,0,0,0,1,0,0,0,0,-,-,33.03696060180664,-116.8781509399414,SAN DIEGO,UNINCORPORATED,NA,NA
91156669,2019,2019-12-31,9680,2019-12-18,1525,019936,NA,3,2,9,3700,0,2,4,NA,1,010,WOODSIDE AVE,RIVERVIEW AVE,0,NA,Y,A,-,N,NA,NA,NA,NA,NA,NA,NA,NA,NA,Y,3,0,2,2,A,-,09,21801,A,N,D,C,A,A,H,-,A,A,0,NA,NA,NA,NA,Y,NA,A,07,0,1,1,0,0,0,0,0,0,-,-,32.85525131225586,-116.9370574951172,SAN DIEGO,UNINCORPORATED,-116.9370574951172,32.85527038574219
91156884,2019,2019-12-31,9680,2019-12-19,0810,019910,NA,4,1,9,3700,0,3,5,NA,2,004,SKYLINE TRUCK TRAIL,LAWSON VALLEY RD,3168,E,N,A,-,N,NA,NA,NA,NA,NA,NA,NA,NA,NA,Y,3,0,2,2,A,-,05,21460,A,N,B,C,A,A,H,-,A,D,0,NA,NA,NA,NA,Y,NA,A,07,0,1,1,0,0,0,0,0,0,-,-,32.73271179199219,-116.80889129638672,SAN DIEGO,UNINCORPORATED,-116.81079864501952,32.73308181762695
91156903,2019,2019-12-31,9650,2019-12-25,0035,021404,NA,3,3,9,3700,0,3,5,NA,2,006,S. MAIN AVE,FIG ST,100,S,N,B,-,N,NA,NA,NA,NA,NA,NA,NA,NA,NA,Y,3,0,1,1,A,-,01,23152,A,N,E,I,A,B,H,-,C,D,0,NA,NA,NA,NA,Y,Y,A,01,0,1,0,0,0,0,0,0,0,-,-,33.3808708190918,-117.25138854980467,SAN DIEGO,UNINCORPORATED,-117.25138092041016,33.38087463378906
91157170,2019,2020-01-01,9645,2019-12-20,0652,018223,NA,5,1,7,3711,0,1,1,NA,2,010,I-8 WB,HOTEL CIRCLE,2112,E,N,A,-,Y,NA,NA,8,NA,NA,NA,NA,NA,W,Y,3,0,1,1,A,-,08,22107,NA,N,F,A,A,A,H,-,A,D,0,NA,NA,Y,NA,Y,NA,C,02,0,1,0,0,0,0,0,0,1,-,-,32.75947189331055,-117.18270874023438,SAN DIEGO,SAN DIEGO,-117.18270874023438,32.759521484375
91161569,2020,2020-01-22,9650,2020-01-06,0645,020966,NA,1,1,9,3700,0,3,5,NA,2,213,COLE GRADE ROAD,SPRING VALLEY RD,0,NA,Y,A,-,Y,NA,NA,NA,NA,NA,NA,NA,NA,NA,Y,1,1,0,2,A,-,06,21750,NA,N,D,C,A,A,D,-,B,D,0,NA,NA,Y,NA,Y,NA,C,02,0,0,0,0,0,0,0,1,0,-,-,33.31433868408203,-117.00174713134766,SAN DIEGO,UNINCORPORATED,-117.00176239013672,33.314300537109375