CASE_ID,ACCIDENT_YEAR,PROC_DATE,JURIS,COLLISION_DATE,COLLISION_TIME,OFFICER_ID,REPORTING_DISTRICT,DAY_OF_WEEK,CHP_SHIFT,POPULATION,CNTY_CITY_LOC,SPECIAL_COND,BEAT_TYPE,CHP_BEAT_TYPE,CITY_DIVISION_LAPD,CHP_BEAT_CLASS,BEAT_NUMBER,PRIMARY_RD,SECONDARY_RD,DISTANCE,DIRECTION,INTERSECTION,WEATHER_1,WEATHER_2,STATE_HWY_IND,CALTRANS_COUNTY,CALTRANS_DISTRICT,STATE_ROUTE,ROUTE_SUFFIX,POSTMILE_PREFIX,POSTMILE,LOCATION_TYPE,RAMP_INTERSECTION,SIDE_OF_HWY,TOW_AWAY,COLLISION_SEVERITY,NUMBER_KILLED,NUMBER_INJURED,PARTY_COUNT,PRIMARY_COLL_FACTOR,PCF_CODE_OF_VIOL,PCF_VIOL_CATEGORY,PCF_VIOLATION,PCF_VIOL_SUBSECTION,HIT_AND_RUN,TYPE_OF_COLLISION,MVIW,PED_ACTION,ROAD_SURFACE,ROAD_COND_1,ROAD_COND_2,LIGHTING,CONTROL_DEVICE,CHP_ROAD_TYPE,PEDESTRIAN_ACCIDENT,BICYCLE_ACCIDENT,MOTORCYCLE_ACCIDENT,TRUCK_ACCIDENT,NOT_PRIVATE_PROPERTY,ALCOHOL_INVOLVED,STWD_VEHTYPE_AT_FAULT,CHP_VEHTYPE_AT_FAULT,COUNT_SEVERE_INJ,COUNT_VISIBLE_INJ,COUNT_COMPLAINT_PAIN,COUNT_PED_KILLED,COUNT_PED_INJURED,COUNT_BICYCLIST_KILLED,COUNT_BICYCLIST_INJURED,COUNT_MC_KILLED,COUNT_MC_INJURED,PRIMARY_RAMP,SECONDARY_RAMP,LATITUDE,LONGITUDE,COUNTY,CITY,POINT_X,POINT_Y
91271109,2020,2020-07-20,9650,2020-07-17,1350,020497,NA,5,1,6,3710,0,1,3,NA,2,015,SR-78 E/B,COLLEGE BLVD,2640,W,N,A,-,Y,NA,NA,78,NA,NA,NA,NA,NA,E,Y,4,0,1,2,A,-,03,22350,NA,N,C,C,A,A,H,-,A,D,0,NA,NA,NA,NA,Y,NA,A,01,0,0,1,0,0,0,0,0,0,-,-,33.18062973022461,-117.30577087402344,SAN DIEGO,OCEANSIDE,-117.30576324462892,33.180599212646484
91272204,2020,2020-07-21,9645,2020-07-20,0200,018646,NA,1,3,7,3711,0,1,1,NA,2,019,I-15 S/B,CAMINO DEL NORTE,600,N,N,A,-,Y,NA,NA,15,NA,NA,NA,NA,NA,S,Y,3,0,1,1,A,-,08,22107,NA,N,E,I,A,A,H,-,D,D,0,NA,NA,NA,NA,Y,NA,A,01,0,1,0,0,0,0,0,0,0,-,-,33.00067901611328,-117.08270263671876,SAN DIEGO,SAN DIEGO,-117.08253479003906,33.0006217956543
9127325,2020,2020-09-30,3711,2020-07-25,1427,SD7906,NA,6,5,7,3711,0,0,0,NA,0,832,ORANGE AV,CENTRAL AV,100,W,N,A,-,N,NA,NA,NA,NA,NA,NA,NA,NA,NA,N,3,0,2,2,A,-,21,22106,NA,N,D,C,A,A,H,-,A,D,0,NA,NA,NA,NA,Y,NA,A,01,0,1,1,0,0,0,0,0,0,-,-,NA,NA,SAN DIEGO,SAN DIEGO,-117.10856628417967,32.75320816040039
91275093,2020,2020-07-27,9645,2020-07-24,1420,021359,NA,5,2,7,3711,0,1,1,NA,2,005,I-5 S/B,SEA WORLD DRIVE,1584,N,N,A,-,Y,NA,NA,5,NA,NA,NA,NA,NA,S,Y,4,0,1,2,A,-,03,22350,NA,N,C,C,A,A,H,-,A,D,0,NA,NA,NA,NA,Y,NA,A,01,0,0,1,0,0,0,0,0,0,-,-,32.774200439453125,-117.20791625976563,SAN DIEGO,SAN DIEGO,-117.20785522460938,32.77421569824219
91276366,2020,2020-07-29,9645,2020-07-16,1610,021231,NA,4,2,7,3711,0,1,1,NA,2,009,I-805 S/B,MARKET ST.,500,N,N,A,-,Y,NA,NA,805,NA,NA,NA,NA,NA,S,N,3,0,1,2,A,-,08,22107,NA,M,B,C,A,A,H,-,A,D,0,NA,NA,Y,NA,Y,NA,C,02,0,1,0,0,0,0,0,0,1,-,-,32.71208953857422,-117.10143280029295,SAN DIEGO,SAN DIEGO,-117.1014404296875,32.71208190917969
91276583,2020,2020-07-29,9680,2020-07-27,1940,022233,NA,1,2,9,3700,0,1,3,NA,1,024,SR-94 E/B (CAMPO RD.),STEELE CANYON RD,435,W,N,A,-,Y,NA,NA,94,NA,NA,NA,NA,NA,E,N,4,0,1,2,A,-,08,22107,NA,N,C,G,A,A,H,-,B,D,0,NA,Y,NA,NA,Y,NA,L,04,0,0,1,0,0,0,1,0,0,-,-,32.72686004638672,-116.91043853759766,SAN DIEGO,UNINCORPORATED,-116.91046142578124,32.72689437866211
91280019,2020,2020-08-03,9680,2020-07-31,1300,018427,NA,5,1,5,3708,0,1,1,NA,2,081,I-8 W/B,SEVERIN DR,577,E,N,A,-,Y,NA,NA,8,NA,NA,NA,NA,NA,W,N,4,0,2,2,A,-,08,22107,NA,N,C,C,A,A,H,-,A,D,0,NA,NA,NA,NA,Y,NA,A,01,0,0,2,0,0,0,0,0,0,-,-,32.779441833496094,-116.99513244628906,SAN DIEGO,LA MESA,-116.99513244628906,32.77936935424805
91280571,2020,2020-08-04,9645,2020-08-04,0550,016766,NA,2,3,7,3711,0,1,3,NA,2,014,SR-52 W/B,OAK CANYON,500,E,N,A,-,Y,NA,NA,52,NA,NA,NA,NA,NA,W,Y,3,0,1,2,A,-,03,22350,NA,N,C,C,A,A,H,-,A,D,0,NA,NA,NA,NA,Y,NA,A,01,0,1,0,0,0,0,0,0,0,-,-,32.85227966308594,-117.04723358154295,SAN DIEGO,SAN DIEGO,-117.0471420288086,32.85282516479492
91281738,2020,2020-08-06,9680,2020-08-05,2155,020884,NA,3,2,9,3700,0,3,5,NA,2,001,RIVERSIDE DR,RIVERFORD RD,70,E,N,A,-,N,NA,NA,NA,NA,NA,NA,NA,NA,NA,N,4,0,1,2,A,-,09,21453,B,N,B,C,A,A,H,-,C,D,0,NA,NA,NA,NA,Y,NA,A,01,0,0,1,0,0,0,0,0,0,-,-,32.860618591308594,-116.94692993164063,SAN DIEGO,UNINCORPORATED,-116.94700622558594,32.860755920410156
91281800,2020,2020-08-06,9650,2020-08-05,0025,020343,NA,3,3,9,3700,0,1,1,NA,2,001,I-5 SB,BASILONE RD,5861,S,N,A,-,Y,NA,NA,5,NA,NA,NA,NA,NA,S,Y,2,0,1,2,A,-,01,23152,A,N,C,C,A,A,H,-,D,D,0,NA,NA,NA,Y,Y,Y,A,01,1,0,0,0,0,0,0,0,0,-,-,33.37847900390625,-117.56578826904295,SAN DIEGO,UNINCORPORATED,-117.56578063964844,33.378501892089844
9128333,2020,2020-09-02,3706,2020-07-20,1328,SD6342,NA,1,5,6,3706,0,0,0,NA,0,235,SAN PASQUAL VALLEY RD,SAN PASQUAL VALLEY RD 18990,0,NA,-,A,-,N,NA,NA,NA,NA,NA,NA,NA,NA,NA,Y,4,0,3,4,A,-,08,22107,NA,N,A,C,A,A,H,-,A,D,0,NA,NA,NA,Y,Y,NA,-,NA,0,0,3,0,0,0,0,0,0,-,-,NA,NA,SAN DIEGO,ESCONDIDO,NA,NA
91283589,2020,2020-08-10,9680,2020-08-01,1720,022021,NA,6,2,9,3700,0,3,5,NA,2,001,BRADLEY AVE,STONE EDGE CIR,126,W,N,A,-,N,NA,NA,NA,NA,NA,NA,NA,NA,NA,Y,3,0,1,3,A,-,09,21801,A,N,D,C,A,A,H,-,A,D,0,NA,NA,NA,NA,Y,NA,A,01,0,1,0,0,0,0,0,0,0,-,-,32.819149017333984,-116.95630645751952,SAN DIEGO,UNINCORPORATED,-116.9570770263672,32.81911087036133
91284494,2020,2020-08-11,9680,2020-08-05,0940,016181,NA,3,1,9,3700,0,2,4,NA,1,026,BANCROFT DR,CAMPO RD,100,N,N,A,-,N,NA,NA,NA,NA,NA,NA,NA,NA,NA,N,4,0,1,2,A,-,09,21804,A,N,D,C,A,A,H,-,A,D,0,NA,NA,NA,NA,Y,NA,D,22,0,0,1,0,0,0,0,0,0,-,-,32.75178909301758,-117.00144958496094,SAN DIEGO,UNINCORPORATED,-117.00144958496094,32.75166320800781
91284840,2020,2020-08-12,9680,2020-08-08,1305,021813,NA,6,1,9,3700,0,1,3,NA,2,027,SR-94 W/B,WAITE DR,100,W,N,A,-,Y,NA,NA,NA,NA,NA,NA,NA,NA,NA,Y,3,0,1,1,A,-,08,22107,NA,N,E,I,A,A,H,-,A,D,0,NA,NA,NA,NA,Y,NA,A,01,0,1,0,0,0,0,0,0,0,-,-,32.745338439941406,-117.03491973876952,SAN DIEGO,UNINCORPORATED,-117.03484344482422,32.745452880859375
91284895,2020,2020-08-12,9645,2020-08-11,1000,018393,NA,2,1,5,3709,0,1,1,NA,2,009,I-805 S/B,S. 47TH ST U/C,150,S,N,A,-,Y,NA,NA,805,NA,NA,NA,NA,NA,S,Y,4,0,1,2,A,-,07,21658,A,N,C,C,A,A,H,-,A,D,0,NA,NA,NA,NA,Y,NA,A,01,0,0,1,0,0,0,0,0,0,-,-,32.689979553222656,-117.09452056884766,SAN DIEGO,NATIONAL CITY,-117.09455108642578,32.68996810913086
9128514,2019,2020-07-22,3711,2019-11-07,0553,SD7903,NA,4,5,7,3711,0,0,0,NA,0,432,OLVERA AV,GWEN ST,111,E,N,B,-,N,NA,NA,NA,NA,NA,NA,NA,NA,NA,N,4,0,1,2,A,-,16,27501,B,N,D,E,A,A,H,-,B,B,0,NA,NA,NA,NA,Y,NA,-,NA,0,0,1,0,0,0,0,0,0,-,-,NA,NA,SAN DIEGO,SAN DIEGO,-117.0810317993164,32.697959899902344
91287370,2020,2020-08-17,9680,2020-08-09,1245,016181,NA,7,1,9,3700,0,3,5,NA,2,001,LEMON CREST DR,PROSPECT AVE,528,E,N,A,-,N,NA,NA,NA,NA,NA,NA,NA,NA,NA,N,3,0,1,1,A,-,08,22107,NA,N,F,A,A,A,H,-,A,A,0,NA,NA,Y,NA,Y,NA,C,02,0,1,0,0,0,0,0,0,1,-,-,32.850589752197266,-116.92389678955078,SAN DIEGO,UNINCORPORATED,-116.92432403564452,32.85035705566406
91287832,2020,2020-08-18,9645,2020-08-17,0710,018393,NA,1,1,7,3711,0,1,1,NA,2,009,I-805 N/B FROM MARKET ST,HILLTOP DR O/C,150,S,N,B,-,Y,NA,NA,805,NA,NA,NA,R,NA,N,N,4,0,1,2,A,-,03,22350,NA,F,C,C,A,A,H,-,A,A,0,NA,NA,NA,NA,Y,NA,-,99,0,0,1,0,0,0,0,0,0,-,-,32.714378356933594,-117.1023178100586,SAN DIEGO,SAN DIEGO,-117.1023178100586,32.714378356933594
9129094,2020,2020-09-21,3701,2020-06-09,0642,CB5559,068,2,5,5,3701,0,0,0,NA,0,002,CARLSBAD BL,CANNON RD,27,N,N,A,-,N,NA,NA,NA,NA,NA,NA,NA,NA,NA,Y,4,0,1,2,A,-,17,22109,NA,N,C,C,A,-,H,-,B,A,0,NA,NA,NA,NA,Y,NA,A,08,0,0,1,0,0,0,0,0,0,-,-,NA,NA,SAN DIEGO,CARLSBAD,-117.33550262451172,33.13255310058594
91291792,2020,2020-08-25,9650,2020-08-21,1625,018496,NA,5,2,6,3706,0,1,1,NA,2,023,I-15 N/B,VALLEY PKY,200,S,N,A,-,Y,NA,NA,15,NA,NA,NA,NA,NA,N,Y,4,0,2,3,A,-,03,22350,NA,N,C,C,A,A,H,-,A,D,0,NA,NA,NA,NA,Y,NA,A,01,0,0,2,0,0,0,0,0,0,-,-,33.114479064941406,-117.09808349609376,SAN DIEGO,ESCONDIDO,-117.09824371337892,33.1143798828125
91292725,2020,2020-08-26,9680,2020-08-18,1810,022233,NA,2,2,9,3700,0,3,5,NA,2,002,TROY ST,CENTRAL AVE,0,NA,Y,A,-,N,NA,NA,NA,NA,NA,NA,NA,NA,NA,Y,4,0,1,2,A,-,09,21802,A,N,D,C,A,A,H,-,A,A,0,NA,NA,NA,NA,Y,NA,A,01,0,0,1,0,0,0,0,0,0,-,-,32.73664855957031,-117.01026916503906,SAN DIEGO,UNINCORPORATED,-117.01022338867188,32.73667907714844
91292896,2020,2020-08-26,9645,2020-08-23,0720,016474,NA,7,1,7,3711,0,1,1,NA,2,015,I-805 SOUTHBOUND,I-5 O/C,10,N,N,A,-,Y,NA,NA,805,NA,NA,NA,NA,NA,S,Y,4,0,1,1,A,-,08,22107,NA,N,E,I,A,A,H,-,A,A,0,NA,NA,NA,NA,Y,Y,A,01,0,0,1,0,0,0,0,0,0,-,-,32.9020881652832,-117.2227020263672,SAN DIEGO,SAN DIEGO,-117.22228240966795,32.902503967285156
91293243,2020,2021-11-05,9645,2020-08-18,1951,020952,NA,2,2,5,3709,0,1,1,NA,2,003,INTERSTATE 5 (SOUTHBOUND),28TH STREET,300,S,N,A,-,Y,NA,NA,NA,NA,NA,NA,NA,NA,NA,Y,3,0,1,2,A,-,03,22350,NA,F,C,C,A,A,H,-,D,D,0,NA,NA,NA,NA,Y,NA,A,01,0,1,0,0,0,0,0,0,0,-,-,32.69443130493164,-117.13229370117188,SAN DIEGO,NATIONAL CITY,NA,NA
91293277,2020,2020-08-26,9645,2020-08-25,1545,016864,NA,2,2,7,3711,0,1,1,NA,2,015,I-805 S/B,NOBEL DRIVE O/C,100,S,N,A,-,Y,NA,NA,805,NA,NA,NA,NA,NA,S,Y,3,0,1,3,A,-,03,22350,NA,N,C,C,A,A,H,-,A,D,0,NA,NA,NA,NA,Y,NA,D,22,0,1,0,0,0,0,0,0,0,-,-,32.86933898925781,-117.194580078125,SAN DIEGO,SAN DIEGO,-117.19463348388672,32.86928176879883
91295328,2020,2020-08-28,9645,2020-08-25,1140,016779,NA,2,1,6,3702,0,1,1,NA,2,009,I-805 (N/B),MAIN ST.,1222,S,N,A,-,Y,NA,NA,805,NA,NA,NA,NA,NA,NA,Y,3,0,1,2,A,-,07,21658,A,N,B,C,A,A,H,-,A,D,0,NA,NA,NA,Y,Y,NA,G,25,0,1,0,0,0,0,0,0,0,-,-,32.5914306640625,-117.03614044189452,SAN DIEGO,CHULA VISTA,-117.03620147705078,32.5914306640625
91297748,2020,2020-09-02,9650,2020-08-23,1210,018550,NA,7,1,5,3701,0,1,1,NA,2,007,I-5 N/B,LEUCADIA BLVD,1901,S,N,A,-,Y,NA,NA,NA,NA,NA,NA,NA,NA,NA,Y,3,0,1,2,A,-,03,22350,NA,N,F,A,A,A,D,-,A,D,0,NA,NA,Y,NA,Y,NA,C,02,0,1,0,0,0,0,0,0,1,-,-,33.05990982055664,-117.29060363769533,SAN DIEGO,CARLSBAD,-117.29059600830078,33.060062408447266
91299336,2020,2020-09-04,9650,2020-08-31,1730,018041,NA,1,2,9,3700,0,2,4,NA,2,061,S. MISSION ROAD,AVIATION RD,220,N,N,A,-,N,NA,NA,NA,NA,NA,NA,NA,NA,NA,Y,3,0,1,2,A,-,03,22350,NA,N,C,C,A,A,H,-,A,A,0,NA,NA,NA,NA,Y,NA,A,01,0,1,0,0,0,0,0,0,0,-,-,33.37464141845703,-117.25376892089844,SAN DIEGO,UNINCORPORATED,-117.25365447998048,33.37451171875
91299664,2020,2020-09-07,9650,2020-09-03,1719,019719,NA,4,2,5,3782,0,1,1,NA,2,007,I-5 N/B,ENCINITAS BLVD,39,N,N,A,-,Y,NA,NA,5,NA,NA,NA,NA,NA,N,N,3,0,1,2,A,-,03,22350,NA,N,C,C,A,A,D,-,A,D,0,NA,NA,NA,NA,Y,NA,A,01,0,1,0,0,0,0,0,0,0,-,-,33.048580169677734,-117.28711700439452,SAN DIEGO,ENCINITAS,-117.28713989257813,33.0485725402832
91303036,2020,2020-09-11,9645,2020-08-31,1320,021359,NA,1,1,7,3711,0,1,3,NA,2,006,SR-94 E/B TO KELTON RD,KELTON RD,19,W,N,A,-,Y,NA,NA,94,NA,NA,NA,R,NA,E,N,4,0,1,2,A,-,03,22350,NA,F,C,C,A,A,H,-,A,D,0,NA,NA,NA,NA,Y,NA,A,01,0,0,1,0,0,0,0,0,0,-,-,32.72317123413086,-117.07582855224608,SAN DIEGO,SAN DIEGO,-117.07582855224608,32.72317123413086
91303493,2020,2020-09-14,9650,2020-09-05,0110,021584,NA,6,3,6,3710,0,1,3,NA,2,015,STATE ROUTE 78,COLLEGE BLVD,4752,W,N,A,-,Y,NA,NA,78,NA,NA,NA,NA,NA,NA,Y,3,0,1,2,A,-,08,22107,NA,N,B,C,A,A,H,-,D,D,0,NA,NA,Y,NA,Y,NA,A,01,0,1,0,0,0,0,0,0,1,-,-,33.18001937866211,-117.31121826171876,SAN DIEGO,OCEANSIDE,-117.31122589111328,33.17997741699219
91305680,2020,2020-09-16,9680,2020-09-04,1200,020116,NA,5,1,9,3700,0,2,4,NA,1,026,JAMACHA RD,SWEETWATER RD,500,E,N,A,-,N,NA,NA,NA,NA,NA,NA,NA,NA,NA,N,3,0,1,2,A,-,11,21954,A,N,G,B,D,A,H,-,A,D,0,Y,NA,NA,NA,Y,NA,N,60,0,1,0,0,1,0,0,0,0,-,-,32.71477127075195,-117.01133728027344,SAN DIEGO,UNINCORPORATED,-117.01110076904295,32.71478271484375
91305985,2020,2020-09-16,9680,2020-09-04,1920,021510,NA,5,2,9,3700,0,2,4,NA,1,014,N 2ND STREET,CRESTHILL ROAD,60,N,N,A,-,N,NA,NA,NA,NA,NA,NA,NA,NA,NA,Y,3,0,4,3,A,-,09,21804,A,N,D,C,A,A,H,-,C,D,0,NA,NA,NA,NA,Y,NA,A,01,0,1,3,0,0,0,0,0,0,-,-,32.81761169433594,-116.93572235107422,SAN DIEGO,UNINCORPORATED,-116.93573760986328,32.8175048828125
91307350,2020,2020-09-18,9650,2020-09-13,1533,021154,NA,7,2,5,3782,0,1,1,NA,2,007,I-5 N/B TO MANCHESTER AVE.,MANCHESTER AVE,407,N,N,B,-,Y,NA,NA,5,NA,NA,NA,R,NA,N,Y,3,0,1,1,A,-,03,22350,NA,N,E,I,A,A,D,-,A,D,0,NA,NA,NA,NA,Y,NA,A,07,0,1,0,0,0,0,0,0,0,-,-,33.011940002441406,-117.26473999023438,SAN DIEGO,ENCINITAS,-117.26473999023438,33.011940002441406
9130759,2020,2020-10-06,3705,2020-07-06,1300,EC0324,NA,1,5,5,3705,0,0,0,NA,0,004,CHASE CT,ANZA,0,NA,Y,A,-,N,NA,NA,NA,NA,NA,NA,NA,NA,NA,NA,4,0,1,2,A,-,09,21453,C,N,D,C,A,A,H,-,A,A,0,NA,NA,NA,NA,Y,NA,A,07,0,0,1,0,0,0,0,0,0,-,-,NA,NA,SAN DIEGO,EL CAJON,-116.94822692871094,32.78038024902344
9130761,2020,2020-10-02,3705,2020-07-16,0758,EC0279,NA,4,5,5,3705,0,0,0,NA,0,001,EL CAJON BL,RICHFIELD AV,0,NA,Y,A,-,N,NA,NA,NA,NA,NA,NA,NA,NA,NA,NA,3,0,2,2,A,-,08,22107,NA,N,D,C,A,A,H,-,A,-,0,NA,NA,NA,NA,Y,NA,A,01,0,1,1,0,0,0,0,0,0,-,-,NA,NA,SAN DIEGO,EL CAJON,-116.97277069091795,32.789939880371094
91307655,2020,2020-09-21,9650,2020-09-10,0806,017392,NA,4,1,5,3712,0,1,3,NA,2,019,SR-78 E/B,NORDAHL RD,800,W,N,A,-,Y,NA,NA,78,NA,NA,NA,NA,NA,E,N,4,0,2,2,A,-,03,22350,NA,N,C,C,A,A,H,-,A,D,0,NA,NA,NA,NA,Y,NA,D,22,0,0,2,0,0,0,0,0,0,-,-,33.13370132446289,-117.12539672851563,SAN DIEGO,SAN MARCOS,-117.12538146972656,33.13373947143555
91308522,2020,2020-09-21,9680,2020-09-09,1600,018427,NA,3,2,5,3708,0,1,1,NA,2,081,I-8 W/B,GROSSMONT BLVD,1000,E,N,A,-,Y,NA,NA,8,NA,NA,NA,NA,NA,W,Y,4,0,2,4,A,-,07,21658,A,N,C,C,A,A,H,-,A,D,0,NA,NA,NA,NA,Y,NA,A,01,0,0,2,0,0,0,0,0,0,-,-,32.77915954589844,-116.98703002929688,SAN DIEGO,LA MESA,-116.98703002929688,32.779083251953125
9130975,2020,2020-12-01,3702,2020-07-12,1223,CV1231,NA,7,5,6,3702,0,0,0,NA,0,012,H ST,RT 5,0,NA,Y,A,-,Y,SD,11,5,-,-,7.969,R,4,S,Y,4,0,1,2,A,-,12,21453,A,N,D,C,A,A,H,-,A,A,0,NA,NA,NA,NA,Y,NA,A,01,0,0,1,0,0,0,0,0,0,-,-,NA,NA,SAN DIEGO,CHULA VISTA,-117.0968780517578,32.631317138671875
9131400,2020,2020-09-28,3711,2020-07-18,1935,7419,NA,6,5,7,3711,0,0,0,NA,0,233,CARMEL MOUNTAIN RD,VIA SAN MARCO RD,0,NA,Y,A,-,N,NA,NA,NA,NA,NA,NA,NA,NA,NA,Y,4,0,3,2,A,-,09,21801,A,N,D,C,A,A,H,-,A,D,0,NA,NA,NA,NA,Y,NA,A,01,0,0,3,0,0,0,0,0,0,-,-,NA,NA,SAN DIEGO,SAN DIEGO,-117.0968780517578,32.968711853027344
91315245,2020,2020-09-30,9645,2020-09-28,1620,017499,NA,1,2,5,3709,0,1,3,NA,2,008,SR-54 EASTBOUND,NATIONAL CITY BLVD,500,E,N,A,-,Y,NA,NA,54,NA,NA,NA,NA,NA,E,Y,4,0,3,2,A,-,03,22350,NA,N,C,A,A,A,H,-,A,D,0,NA,NA,NA,NA,Y,NA,A,01,0,0,3,0,0,0,0,0,0,-,-,32.652679443359375,-117.09449768066406,SAN DIEGO,NATIONAL CITY,-117.0945281982422,32.65276336669922
9131660,2020,2020-09-14,3705,2020-06-28,2134,EC0372,NA,7,5,5,3705,0,0,0,NA,0,004,S SUNSHINE AV,W CHASE AV,611,N,N,A,-,N,NA,NA,NA,NA,NA,NA,NA,NA,NA,N,4,0,2,3,A,-,03,22350,NA,N,D,C,A,A,H,-,C,D,0,NA,NA,NA,NA,Y,NA,A,01,0,0,2,0,0,0,0,0,0,-,-,NA,NA,SAN DIEGO,EL CAJON,-116.9645767211914,32.782073974609375
91317784,2020,2020-10-05,9645,2020-09-28,2028,017480,NA,1,2,7,3711,0,1,1,NA,2,015,INTERSTATE 805 N/B,SORRENTO VALLEY BLVD,4563,N,N,A,-,Y,NA,NA,805,NA,NA,NA,NA,NA,N,Y,2,0,2,4,A,-,01,23152,A,N,A,C,A,A,H,-,C,D,0,NA,NA,NA,NA,Y,Y,A,07,1,1,0,0,0,0,0,0,0,-,-,32.89847183227539,-117.21853637695313,SAN DIEGO,SAN DIEGO,-117.21831512451172,32.898685455322266
91319218,2020,2020-10-07,9645,2020-10-04,1320,021523,NA,7,1,7,3711,0,1,1,NA,2,003,I-5 N/B,6TH AVENUE,1584,S,N,A,-,Y,NA,NA,NA,NA,NA,NA,NA,NA,NA,Y,3,0,1,2,A,-,01,23152,A,N,C,C,A,A,H,-,A,D,0,NA,NA,NA,Y,Y,Y,A,01,0,1,0,0,0,0,0,0,0,-,-,NA,NA,SAN DIEGO,SAN DIEGO,-117.16295623779295,32.723018646240234
91322629,2020,2020-10-13,9680,2020-10-03,0550,021813,NA,6,3,9,3700,0,3,5,NA,2,004,SKYLINE TRUCK TRAIL,WISECARVER TRUCK TRAIL,528,W,N,A,-,N,NA,NA,NA,NA,NA,NA,NA,NA,NA,Y,3,0,1,1,A,-,08,22107,NA,N,E,J,A,A,H,-,A,D,0,NA,NA,NA,NA,Y,NA,A,01,0,1,0,0,0,0,0,0,0,-,-,32.72534942626953,-116.76737213134766,SAN DIEGO,UNINCORPORATED,-116.7661590576172,32.725341796875
91322670,2020,2020-10-13,9645,2020-10-08,0505,021097,NA,4,3,7,3711,0,1,1,NA,2,010,I-8 E/B,WARING RD,230,E,N,B,-,Y,NA,NA,8,NA,NA,NA,NA,NA,E,Y,3,0,1,1,A,-,08,22107,NA,N,F,A,A,A,H,-,C,D,0,NA,NA,NA,NA,Y,NA,A,01,0,1,0,0,0,0,0,0,0,-,-,32.780521392822266,-117.08705902099608,SAN DIEGO,SAN DIEGO,-117.08705902099608,32.78064727783203
91322756,2020,2020-10-13,9680,2020-08-27,0350,020720,NA,4,3,9,3700,0,1,1,NA,2,083,I-8 E/B,DUNBAR LN,2640,W,N,A,-,Y,NA,NA,8,NA,NA,NA,NA,NA,E,Y,2,0,2,2,A,-,01,23152,A,N,D,C,A,A,H,-,D,D,0,NA,NA,NA,NA,Y,Y,A,07,2,0,0,0,0,0,0,0,0,-,-,32.85633850097656,-116.82894897460938,SAN DIEGO,UNINCORPORATED,-116.82895660400392,32.856407165527344
91323066,2020,2020-10-13,9645,2020-09-28,1430,016137,NA,1,2,7,3711,0,1,1,NA,2,007,I-5 SOUTHBOUND,DEL MAR HEIGHTS RD O/C,250,N,N,A,-,Y,NA,NA,5,NA,NA,NA,NA,NA,S,Y,4,0,1,2,A,-,07,21658,A,N,D,C,A,A,H,-,A,D,0,NA,NA,NA,NA,Y,NA,A,01,0,0,1,0,0,0,0,0,0,-,-,32.95399856567383,-117.24469757080078,SAN DIEGO,SAN DIEGO,-117.2445831298828,32.95402145385742
91323803,2020,2020-10-14,9680,2020-10-03,2008,022050,NA,6,2,9,3700,0,2,4,NA,1,025,SWEETWATER RD,SANDY BEV LN,5,S,N,A,-,N,NA,NA,NA,NA,NA,NA,NA,NA,NA,N,2,0,1,2,A,-,11,21954,A,N,G,B,D,A,H,-,C,D,0,Y,NA,NA,NA,Y,NA,N,60,1,0,0,0,1,0,0,0,0,-,-,32.739681243896484,-117.0143585205078,SAN DIEGO,UNINCORPORATED,-117.01444244384766,32.73969650268555
91324052,2020,2020-10-14,9680,2020-10-04,1735,021994,NA,7,2,9,3700,0,1,1,NA,2,083,WESTBOUND INTERSTATE 8,GREENFIELD DR,1584,E,N,A,-,Y,NA,NA,8,NA,NA,NA,NA,NA,NA,N,4,0,1,2,A,-,07,21658,A,F,B,C,A,A,H,-,A,D,0,NA,NA,NA,NA,Y,NA,D,22,0,0,1,0,0,0,0,0,0,-,-,32.81528854370117,-116.91445922851563,SAN DIEGO,UNINCORPORATED,-116.91446685791016,32.81529998779297
91325000,2020,2020-10-16,9645,2020-10-13,1200,015494,NA,2,1,7,3711,0,1,1,NA,2,013,I-805 S/B,MESA COLLEGE DR OVERCROSSING,400,S,N,A,-,Y,NA,NA,805,NA,NA,NA,NA,NA,S,Y,4,0,1,2,A,-,03,22350,NA,N,C,C,A,A,C,-,A,D,0,NA,NA,NA,NA,Y,NA,A,07,0,0,1,0,0,0,0,0,0,-,-,32.800418853759766,-117.15003967285156,SAN DIEGO,SAN DIEGO,-117.15004730224608,32.800418853759766