CASE_ID,ACCIDENT_YEAR,PROC_DATE,JURIS,COLLISION_DATE,COLLISION_TIME,OFFICER_ID,REPORTING_DISTRICT,DAY_OF_WEEK,CHP_SHIFT,POPULATION,CNTY_CITY_LOC,SPECIAL_COND,BEAT_TYPE,CHP_BEAT_TYPE,CITY_DIVISION_LAPD,CHP_BEAT_CLASS,BEAT_NUMBER,PRIMARY_RD,SECONDARY_RD,DISTANCE,DIRECTION,INTERSECTION,WEATHER_1,WEATHER_2,STATE_HWY_IND,CALTRANS_COUNTY,CALTRANS_DISTRICT,STATE_ROUTE,ROUTE_SUFFIX,POSTMILE_PREFIX,POSTMILE,LOCATION_TYPE,RAMP_INTERSECTION,SIDE_OF_HWY,TOW_AWAY,COLLISION_SEVERITY,NUMBER_KILLED,NUMBER_INJURED,PARTY_COUNT,PRIMARY_COLL_FACTOR,PCF_CODE_OF_VIOL,PCF_VIOL_CATEGORY,PCF_VIOLATION,PCF_VIOL_SUBSECTION,HIT_AND_RUN,TYPE_OF_COLLISION,MVIW,PED_ACTION,ROAD_SURFACE,ROAD_COND_1,ROAD_COND_2,LIGHTING,CONTROL_DEVICE,CHP_ROAD_TYPE,PEDESTRIAN_ACCIDENT,BICYCLE_ACCIDENT,MOTORCYCLE_ACCIDENT,TRUCK_ACCIDENT,NOT_PRIVATE_PROPERTY,ALCOHOL_INVOLVED,STWD_VEHTYPE_AT_FAULT,CHP_VEHTYPE_AT_FAULT,COUNT_SEVERE_INJ,COUNT_VISIBLE_INJ,COUNT_COMPLAINT_PAIN,COUNT_PED_KILLED,COUNT_PED_INJURED,COUNT_BICYCLIST_KILLED,COUNT_BICYCLIST_INJURED,COUNT_MC_KILLED,COUNT_MC_INJURED,PRIMARY_RAMP,SECONDARY_RAMP,LATITUDE,LONGITUDE,COUNTY,CITY,POINT_X,POINT_Y
91644919,2021,2021-12-07,9645,2021-12-03,1430,018646,NA,5,2,5,3709,0,1,1,NA,2,009,I-805 S/B TO SR-54 E/B,JUNCTION SR-54,1056,N,N,A,-,Y,NA,NA,805,NA,NA,NA,R,NA,S,Y,3,0,1,1,A,-,08,22107,NA,N,E,I,A,A,H,-,A,D,0,NA,NA,NA,NA,Y,NA,A,01,0,1,0,0,0,0,0,0,0,-,-,32.658470153808594,-117.07245635986328,SAN DIEGO,NATIONAL CITY,-117.07245635986328,32.658470153808594
91645581,2021,2021-12-07,9650,2021-11-30,1335,018496,NA,2,1,9,3700,0,3,5,NA,2,006,RIVERVIEW DRIVE,E. MISSION ROAD,0,NA,Y,A,-,N,NA,NA,NA,NA,NA,NA,NA,NA,NA,Y,3,0,1,2,A,-,09,21802,A,N,D,C,A,A,H,-,A,A,0,NA,NA,NA,NA,Y,NA,A,01,0,1,0,0,0,0,0,0,0,-,-,33.391639709472656,-117.21230316162108,SAN DIEGO,UNINCORPORATED,-117.2122802734375,33.39158248901367
91645603,2021,2021-12-07,9650,2021-12-06,1900,014886,NA,1,2,6,3710,0,1,1,NA,2,005,I-5 N/B TO E/B MISSION AVE,MISSION AVE,3,S,N,A,-,Y,NA,NA,5,NA,NA,NA,R,NA,N,Y,3,0,1,2,A,-,03,22350,NA,N,C,C,A,A,H,-,C,A,0,NA,NA,NA,NA,Y,NA,A,01,0,1,0,0,0,0,0,0,0,-,-,33.200748443603516,-117.3705596923828,SAN DIEGO,OCEANSIDE,-117.3705596923828,33.200748443603516
91646122,2021,2021-12-28,9650,2021-11-11,1600,020747,NA,4,2,5,3712,0,1,3,NA,2,019,SR-78 W/B,NORDAHL RD.,2640,E,N,A,-,Y,NA,NA,78,NA,NA,NA,NA,NA,W,N,4,0,1,2,A,-,03,22350,NA,F,C,C,A,A,H,-,A,D,0,NA,NA,NA,NA,Y,NA,A,01,0,0,1,0,0,0,0,0,0,-,-,33.129058837890625,-117.11412048339844,SAN DIEGO,SAN MARCOS,-117.11412048339844,33.129066467285156
91647852,2021,2021-12-09,9680,2021-11-28,1330,021501,NA,7,1,9,3700,0,3,5,NA,2,007,YAQUI PASS ROAD,SR-78,13200,N,N,A,-,N,NA,NA,NA,NA,NA,NA,NA,NA,NA,Y,2,0,1,1,A,-,03,22350,NA,N,F,A,A,A,H,-,A,A,0,NA,NA,Y,NA,Y,NA,C,02,1,0,0,0,0,0,0,0,1,-,-,33.15303039550781,-116.34664916992188,SAN DIEGO,UNINCORPORATED,-116.34772491455078,33.15298843383789
91648118,2021,2021-12-09,9645,2021-12-03,1729,018646,NA,5,2,7,3711,0,1,1,NA,2,001,I-5 N/B TO CORONADO AVE.,CORONADO AVENUE O/C,400,S,N,A,-,Y,NA,NA,5,NA,NA,NA,R,NA,N,N,4,0,1,4,A,-,03,22350,NA,N,C,C,A,A,H,-,D,A,0,NA,NA,NA,NA,Y,NA,A,01,0,0,1,0,0,0,0,0,0,-,-,32.576210021972656,-117.08046722412108,SAN DIEGO,SAN DIEGO,-117.08046722412108,32.576210021972656
91649270,2021,2021-12-10,9680,2021-11-25,1625,022625,NA,4,2,9,3700,0,2,4,NA,1,026,JAMACHA RD,PRESIOCA ST,0,NA,Y,A,-,N,NA,NA,NA,NA,NA,NA,NA,NA,NA,Y,3,0,2,4,A,-,12,21453,A,N,D,C,A,A,H,-,A,A,0,NA,NA,NA,NA,Y,NA,D,22,0,2,0,0,0,0,0,0,0,-,-,32.71493911743164,-117.00154876708984,SAN DIEGO,UNINCORPORATED,-117.0014877319336,32.7148551940918
91649784,2021,2021-12-13,9650,2021-12-12,0512,020343,NA,7,3,9,3700,0,2,4,NA,2,061,EAST MISSION RD,CAPRA WAY,344,E,N,A,-,N,NA,NA,NA,NA,NA,NA,NA,NA,NA,Y,4,0,1,2,A,-,08,22107,NA,N,E,I,A,A,H,-,D,D,0,NA,NA,NA,NA,Y,NA,A,08,0,0,1,0,0,0,0,0,0,-,-,33.39303970336914,-117.19809722900392,SAN DIEGO,UNINCORPORATED,-117.19809722900392,33.39296340942383
9165061,2020,2021-01-07,3711,2020-10-16,0055,SD8672,NA,5,5,7,3711,0,0,0,NA,0,611,CAMINO DEL RIO W,KURTZ ST,266,N,N,A,-,N,NA,NA,NA,NA,NA,NA,NA,NA,NA,Y,3,0,4,1,A,-,08,22107,NA,N,E,I,A,A,H,-,C,D,0,NA,NA,NA,NA,Y,Y,A,01,0,4,0,0,0,0,0,0,0,-,-,NA,NA,SAN DIEGO,SAN DIEGO,-117.205078125,32.753746032714844
9165095,2020,2021-01-08,3711,2020-10-12,0710,SD5662,NA,1,5,7,3711,0,0,0,NA,0,122,GRAND AV,LAMONT ST,0,E,N,A,-,N,NA,NA,NA,NA,NA,NA,NA,NA,NA,Y,3,0,1,2,A,-,08,22107,NA,N,B,C,A,A,H,-,A,D,0,NA,NA,NA,NA,Y,Y,A,01,0,1,0,0,0,0,0,0,0,-,-,NA,NA,SAN DIEGO,SAN DIEGO,-117.23480224609376,32.799190521240234
91652950,2021,2021-12-15,9680,2021-12-03,1656,021901,NA,5,2,9,3700,0,1,3,NA,1,052,SR-76,SR-79,0,NA,Y,A,-,Y,NA,NA,76,NA,NA,NA,NA,NA,NA,Y,2,0,2,2,A,-,09,21802,A,N,D,2,A,A,H,-,B,A,0,NA,NA,NA,Y,Y,NA,A,01,1,1,0,0,0,0,0,0,0,-,-,33.19976043701172,-116.71029663085938,SAN DIEGO,UNINCORPORATED,-116.71030426025392,33.19975280761719
91654038,2021,2021-12-16,9645,2021-12-11,0135,021697,NA,6,3,7,3711,0,1,3,NA,2,016,SR-52 W/B,MAST BOULEVARD U/C,3748,W,N,A,-,Y,NA,NA,52,NA,NA,NA,NA,NA,W,Y,3,0,1,1,A,-,08,22107,NA,N,E,I,A,A,H,-,E,D,0,NA,NA,NA,NA,Y,Y,A,01,0,1,0,0,0,0,0,0,0,-,-,32.851200103759766,-117.03591918945313,SAN DIEGO,SAN DIEGO,-117.03592681884766,32.85114288330078
91654478,2021,2021-12-16,9645,2021-11-26,1530,021200,NA,5,2,7,3711,0,1,1,NA,2,001,I-5 SOUTHOUND,SR-905,200,N,N,A,-,Y,NA,NA,5,NA,NA,NA,NA,NA,NA,Y,2,0,1,1,A,-,08,22107,NA,N,E,I,A,A,H,-,A,A,0,NA,NA,NA,NA,Y,NA,A,08,1,0,0,0,0,0,0,0,0,-,-,32.565120697021484,-117.0735321044922,SAN DIEGO,SAN DIEGO,-117.07349395751952,32.56516647338867
91655241,2021,2021-12-17,9680,2021-12-07,1125,015877,NA,2,1,5,3708,0,1,1,NA,2,081,I-8 W/B,LAKE MURRAY BLVD.,115,E,N,B,C,Y,NA,NA,8,NA,NA,NA,NA,NA,W,Y,3,0,2,3,A,-,03,22350,NA,N,D,C,A,B,H,-,A,D,0,NA,NA,NA,NA,Y,NA,D,22,0,1,1,0,0,0,0,0,0,-,-,32.774070739746094,-117.04554748535156,SAN DIEGO,LA MESA,-117.04556274414063,32.77404022216797
91656137,2021,2021-12-20,9645,2021-12-15,1138,015270,NA,3,1,7,3711,0,1,1,NA,2,015,I-805 NORTHBOUND,SR-52,3168,S,N,A,-,Y,NA,NA,805,NA,NA,NA,NA,NA,N,Y,4,0,1,2,A,-,03,22350,NA,N,C,C,A,A,C,-,A,D,0,NA,NA,NA,NA,Y,NA,A,07,0,0,1,0,0,0,0,0,0,-,-,32.83879089355469,-117.17241668701172,SAN DIEGO,SAN DIEGO,-117.172607421875,32.83867263793945
91656808,2021,2021-12-20,9645,2021-12-16,1700,016864,NA,4,2,7,3711,0,1,3,NA,2,016,SR-52 E/B,SANTO ROAD,7920,E,N,B,-,Y,NA,NA,52,NA,NA,NA,NA,NA,E,N,3,0,1,2,A,-,03,22350,NA,N,C,C,A,A,H,-,D,D,0,NA,NA,NA,NA,Y,NA,A,07,0,1,0,0,0,0,0,0,0,-,-,32.85057067871094,-117.0727081298828,SAN DIEGO,SAN DIEGO,-117.07276916503906,32.850650787353516
91658936,2021,2021-12-22,9645,2021-12-13,0630,017473,NA,1,1,7,3711,0,1,1,NA,2,009,I-805 N/B,IMPERIAL AVE.,1000,S,N,B,-,Y,NA,NA,805,NA,NA,NA,NA,NA,N,Y,4,0,2,5,A,-,03,22350,NA,N,C,C,A,A,H,-,A,D,0,NA,NA,NA,NA,Y,NA,D,22,0,0,2,0,0,0,0,0,0,-,-,32.703338623046875,-117.09477996826172,SAN DIEGO,SAN DIEGO,-117.09480285644533,32.703338623046875
91662151,2021,2021-12-27,9645,2021-10-24,0310,021617,NA,7,3,7,3711,0,1,1,NA,2,001,I-5 S/B,MAIN STREET,850,S,N,A,-,Y,NA,NA,5,NA,NA,NA,NA,NA,S,N,3,0,1,2,A,-,01,23152,A,N,D,C,A,A,H,-,C,D,0,NA,NA,NA,NA,Y,Y,A,01,0,1,0,0,0,0,0,0,0,-,-,32.680301666259766,-117.1103973388672,SAN DIEGO,SAN DIEGO,-117.11044311523438,32.68028259277344
91663502,2021,2021-12-28,9650,2021-12-24,2025,020747,NA,5,2,9,3700,0,1,3,NA,2,019,SR-78 W/B,CENTRE CITY PKY. ON RAMP,410,W,N,C,-,Y,NA,NA,NA,NA,NA,NA,NA,NA,NA,Y,3,0,1,1,A,-,08,22107,NA,N,E,I,A,B,H,-,D,A,0,NA,NA,NA,NA,Y,NA,A,01,0,1,0,0,0,0,0,0,0,-,-,33.13058853149414,-117.09435272216795,SAN DIEGO,UNINCORPORATED,-117.09415435791016,33.13041687011719
91663831,2021,2021-12-28,9645,2021-12-17,2315,022183,NA,5,3,6,3702,0,1,1,NA,2,009,I-805 S/B,H STREET,430,S,N,A,-,Y,NA,NA,805,NA,NA,NA,NA,NA,S,Y,4,0,1,2,A,-,03,22350,NA,N,C,C,A,A,H,-,C,A,0,NA,NA,NA,NA,Y,NA,D,22,0,0,1,0,0,0,0,0,0,-,-,32.63954162597656,-117.0544204711914,SAN DIEGO,CHULA VISTA,-117.05447387695313,32.63947296142578
91665293,2021,2021-12-29,9650,2021-12-21,1735,021404,NA,2,2,9,3700,0,3,5,NA,2,213,RAINBOW VALLEY BLVD WEST,OLD HIGHWAY 395,0,NA,Y,A,-,N,NA,NA,NA,NA,NA,NA,NA,NA,NA,N,4,0,1,2,A,-,09,21802,A,N,D,C,A,A,H,-,C,A,0,NA,NA,NA,NA,Y,NA,A,07,0,0,1,0,0,0,0,0,0,-,-,33.42958068847656,-117.14396667480467,SAN DIEGO,UNINCORPORATED,-117.14395904541016,33.42957305908203
91666229,2021,2021-12-30,9680,2021-12-20,0500,021584,NA,1,3,9,3700,0,1,3,NA,1,051,STATE ROUTE 79,CAMINO SAN IGNACIO,5280,N,N,A,-,Y,NA,NA,79,NA,NA,NA,NA,NA,NA,Y,3,0,1,1,A,-,08,22107,NA,N,F,A,A,A,H,-,D,D,0,NA,NA,NA,NA,Y,NA,D,22,0,1,0,0,0,0,0,0,0,-,-,33.287498474121094,-116.64637756347656,SAN DIEGO,UNINCORPORATED,-116.64638519287108,33.28745651245117
9166789,2020,2020-11-25,3700,2020-09-06,2212,SH1126,NA,7,5,4,3720,0,0,0,NA,0,603,BROADWAY,GROVE ST,202,W,N,A,-,N,NA,NA,NA,NA,NA,NA,NA,NA,NA,Y,3,0,1,1,A,-,01,23152,A,N,F,I,A,A,H,-,C,D,0,NA,NA,NA,NA,Y,Y,A,01,0,1,0,0,0,0,0,0,0,-,-,NA,NA,SAN DIEGO,LEMON GROVE,-117.02800750732422,32.7428092956543
91668684,2021,2022-01-03,9650,2021-12-20,2240,020497,NA,1,3,9,3700,0,1,1,NA,2,001,I-5 S/B,SAN ONOFRE CREEK,19008,S,N,A,-,Y,NA,NA,5,NA,NA,NA,NA,NA,S,Y,4,0,1,2,A,-,08,22107,NA,N,C,C,A,A,H,-,D,D,0,NA,NA,NA,NA,Y,NA,D,22,0,0,1,0,0,0,0,0,0,-,-,33.35445022583008,-117.52841949462892,SAN DIEGO,UNINCORPORATED,-117.52845001220705,33.354408264160156
91669076,2022,2022-01-04,9650,2022-01-02,1533,021933,NA,7,2,9,3700,0,3,5,NA,1,212,LILAC RD,PALA LOMA DR.,2100,N,N,A,-,N,NA,NA,NA,NA,NA,NA,NA,NA,NA,Y,3,0,1,1,A,-,03,22350,NA,N,E,I,A,A,H,-,A,D,0,NA,NA,Y,NA,Y,NA,C,02,0,1,0,0,0,0,0,0,1,-,-,33.333431243896484,-117.0857162475586,SAN DIEGO,UNINCORPORATED,-117.08573150634766,33.33317184448242
91672047,2021,2022-01-06,9645,2021-12-29,1925,016061,NA,3,2,7,3711,0,1,3,NA,2,023,SR-163 S/B,I-5,1100,N,N,A,-,Y,NA,NA,163,NA,NA,NA,NA,NA,S,Y,3,0,1,1,A,-,08,22107,NA,N,F,A,A,B,H,-,D,D,0,NA,NA,NA,NA,Y,NA,A,01,0,1,0,0,0,0,0,0,0,-,-,32.726768493652344,-117.1560516357422,SAN DIEGO,SAN DIEGO,-117.15605926513672,32.72677230834961
9167238,2020,2020-11-18,3702,2020-09-02,2215,CV1226,NA,3,5,6,3702,0,0,0,NA,0,022,4TH AV,NAPLES ST,0,NA,Y,A,-,N,NA,NA,NA,NA,NA,NA,NA,NA,NA,Y,2,0,2,2,A,-,09,21801,A,F,A,C,A,A,H,-,C,A,0,NA,NA,NA,NA,Y,NA,A,01,1,1,0,0,0,0,0,0,0,-,-,NA,NA,SAN DIEGO,CHULA VISTA,-117.07317352294922,32.612510681152344
9167240,2020,2020-11-18,3702,2020-09-05,2038,CV1212,NA,6,5,6,3702,0,0,0,NA,0,024,MAIN ST,NIRVANA AV,300,E,N,A,-,N,NA,NA,NA,NA,NA,NA,NA,NA,NA,Y,3,0,1,1,A,-,00,23136,A,N,E,I,A,A,H,-,C,D,0,NA,NA,Y,NA,Y,Y,C,02,0,1,0,0,0,0,0,0,1,-,-,NA,NA,SAN DIEGO,CHULA VISTA,-117.01665496826172,32.593109130859375
9167254,2020,2020-11-20,3709,2020-09-10,0715,NC0528,NA,4,5,5,3709,0,0,0,NA,0,021,N PALM AV,SCOTT DR,0,NA,Y,A,-,N,NA,NA,NA,NA,NA,NA,NA,NA,NA,Y,2,0,1,2,A,-,10,21950,A,N,G,B,B,A,H,-,A,D,0,Y,NA,NA,NA,Y,NA,A,01,1,0,0,0,1,0,0,0,0,-,-,NA,NA,SAN DIEGO,NATIONAL CITY,-117.09513092041016,32.68812942504883
91674965,2022,2022-01-10,9645,2022-01-04,1445,019957,NA,2,2,7,3711,0,1,1,NA,2,027,SR-15 SOUTHBOUND,EL CAJON BOULEVARD O/C,893,S,N,A,-,Y,SD,NA,15,NA,M,4.885,H,NA,L,Y,4,0,2,4,A,-,03,22350,NA,N,C,C,A,A,H,-,A,D,0,NA,NA,NA,NA,Y,NA,A,01,0,0,2,0,0,0,0,0,0,-,-,32.75254821777344,-117.10919189453124,SAN DIEGO,SAN DIEGO,-117.10898590087892,32.75254821777344
91676438,2021,2022-01-12,9645,2021-11-18,1839,020066,NA,4,2,7,3711,0,1,1,NA,2,021,SR-15 S/B,EL CAJON BLVD.,50,S,N,A,-,Y,NA,NA,15,NA,NA,NA,NA,NA,S,Y,3,0,1,2,A,-,07,21658,A,N,B,C,A,A,H,-,C,D,0,NA,NA,NA,NA,Y,NA,D,22,0,1,0,0,0,0,0,0,0,-,-,32.75481033325195,-117.10888671875,SAN DIEGO,SAN DIEGO,-117.10897827148438,32.75481033325195
91676533,2022,2022-01-12,9650,2022-01-06,1939,021933,NA,4,2,6,3706,0,1,1,NA,2,023,I-15 N/B,9TH AVENUE,2226,S,N,A,-,Y,SD,NA,15,NA,R,29.67,H,NA,R,Y,3,0,1,2,C,-,18,NA,NA,N,C,C,A,A,H,-,C,D,0,NA,NA,Y,NA,Y,NA,-,-,0,1,0,0,0,0,0,0,1,-,-,33.102821350097656,-117.09146881103516,SAN DIEGO,ESCONDIDO,-117.09145355224608,33.10282516479492
91676717,2022,2022-01-12,9650,2022-01-04,1028,016490,RINCO,2,1,9,3700,0,2,4,NA,1,027,VALLEY CENTER RD.,SAN LUIS REY RIVER,20,S,N,A,-,N,NA,NA,NA,NA,NA,NA,NA,NA,NA,Y,4,0,1,1,B,-,22,NA,NA,N,H,A,A,A,H,-,A,D,0,NA,NA,NA,NA,Y,NA,-,-,0,0,1,0,0,0,0,0,0,-,-,33.262508392333984,-116.95449829101563,SAN DIEGO,UNINCORPORATED,NA,NA
91676946,2021,2022-03-02,9680,2021-12-31,0615,021584,NA,5,1,9,3700,0,1,3,NA,1,052,STATE ROUTE 76,STATE ROUTE 79,0,NA,Y,B,-,Y,NA,NA,76,NA,NA,NA,NA,NA,NA,Y,3,0,1,2,A,-,09,21802,A,N,D,C,A,B,H,-,A,A,0,NA,NA,NA,NA,Y,NA,A,07,0,1,0,0,0,0,0,0,0,-,-,33.19981002807617,-116.71031951904295,SAN DIEGO,UNINCORPORATED,-116.71033477783205,33.199764251708984
91678967,2022,2022-01-17,9645,2022-01-09,2125,020952,NA,7,2,7,3711,0,1,3,NA,1,004,STATE ROUTE 75 (SOUTHBOUND),GLORIETTA BOULEVARD,2640,N,N,A,-,Y,SD,NA,75,NA,R,20.674,H,NA,R,Y,3,0,2,1,A,-,08,22107,NA,N,F,A,A,A,H,-,C,D,0,NA,NA,Y,NA,Y,NA,C,02,0,2,0,0,0,0,0,0,2,-,-,32.68714141845703,-117.16145324707033,SAN DIEGO,SAN DIEGO,-117.16152191162108,32.68699645996094
91679092,2022,2022-03-17,9645,2022-01-08,1050,018223,NA,6,1,7,3711,0,1,1,NA,2,009,I-805 N/B,H ST,200,S,N,A,-,Y,SD,NA,805,NA,NA,6.988,H,NA,R,N,4,0,1,3,A,-,07,21658,A,N,C,C,A,A,H,-,A,D,0,NA,NA,NA,NA,Y,NA,A,01,0,0,1,0,0,0,0,0,0,-,-,32.638790130615234,-117.05307769775392,SAN DIEGO,SAN DIEGO,-117.05292510986328,32.638973236083984
91680316,2022,2022-01-19,9680,2022-01-07,1630,020780,NA,5,2,9,3700,0,3,5,NA,2,001,ASHWOOD ST,LAUREL ST,10,N,N,A,-,N,NA,NA,NA,NA,NA,NA,NA,NA,NA,Y,4,0,2,3,A,-,05,21460,A,N,A,C,A,A,H,-,A,D,0,NA,NA,NA,NA,Y,NA,A,07,0,0,2,0,0,0,0,0,0,-,-,32.86212921142578,-116.91754913330078,SAN DIEGO,UNINCORPORATED,-116.9175033569336,32.86208724975586
91680782,2022,2022-01-19,9650,2022-01-18,0001,015080,NA,2,3,5,3713,0,1,3,NA,2,017,SR-78 E/B,SYCAMORE AVE,570,E,N,B,C,Y,SD,NA,78,NA,NA,9.231,H,NA,R,Y,4,0,1,1,A,-,03,22350,NA,N,E,I,A,B,H,-,C,D,0,NA,NA,NA,NA,Y,NA,A,01,0,0,1,0,0,0,0,0,0,-,-,33.16545104980469,-117.21334075927734,SAN DIEGO,VISTA,-117.21340942382813,33.165409088134766
91681552,2022,2022-01-20,9650,2022-01-13,1415,018496,NA,4,2,9,3700,0,3,5,NA,2,231,LAURASHAWN LANE,ADAGIO WAY,386,S,N,A,-,N,NA,NA,NA,NA,NA,NA,NA,NA,NA,Y,3,0,1,1,A,-,08,22107,NA,N,E,I,A,A,H,-,A,D,0,NA,NA,NA,NA,Y,NA,A,07,0,1,0,0,0,0,0,0,0,-,-,33.18579864501953,-117.08809661865234,SAN DIEGO,UNINCORPORATED,-117.08803558349608,33.18583297729492
91685436,2022,2022-01-26,9645,2022-01-18,2030,018951,NA,2,2,7,3711,0,1,3,NA,2,025,STATE ROUTE 163 S/B TO STATE ROUTE 52 W/B,STATE ROUTE 163,305,W,N,A,-,Y,SD,NA,52,NA,NA,6.537,H,NA,L,N,4,0,1,1,A,-,01,23152,A,N,E,8,A,A,H,-,C,D,0,NA,NA,NA,NA,Y,Y,A,01,0,0,1,0,0,0,0,0,0,-,-,32.841270446777344,-117.13468933105467,SAN DIEGO,SAN DIEGO,-117.13466644287108,32.84111404418945
91685972,2021,2022-01-26,9680,2021-09-15,2104,022050,NA,3,2,9,3700,0,1,3,NA,1,024,SR-94 W/B,LYONS VALLEY RD,150,E,N,A,-,Y,NA,NA,94,NA,NA,NA,NA,NA,W,N,4,0,2,3,A,-,03,22350,NA,N,C,C,A,A,H,-,C,A,0,NA,NA,NA,NA,Y,NA,A,01,0,0,2,0,0,0,0,0,0,-,-,32.71965026855469,-116.87980651855467,SAN DIEGO,UNINCORPORATED,-116.87982940673828,32.71962356567383
91688727,2022,2022-01-28,9680,2022-01-18,1442,019936,NA,2,2,5,3708,0,1,3,NA,2,028,SR-125 S/B,CENTER DR,84,S,N,B,-,Y,SD,NA,125,NA,NA,18.295,H,NA,L,Y,4,0,2,2,A,-,08,22107,NA,N,C,E,A,A,H,-,A,D,0,NA,NA,NA,NA,Y,NA,A,01,0,0,2,0,0,0,0,0,0,-,-,32.781700134277344,-117.00505828857422,SAN DIEGO,LA MESA,-117.0051040649414,32.78169250488281
91688772,2022,2022-01-28,9680,2022-01-15,1300,018672,NA,6,1,9,3700,0,1,3,NA,1,052,STATE ROUTE 78,CASNER ROAD,1584,W,N,B,-,Y,SD,NA,78,NA,NA,43.405,H,NA,R,Y,3,0,1,2,A,-,08,22107,NA,F,B,C,A,A,H,-,A,D,0,NA,NA,NA,NA,Y,NA,-,99,0,1,0,0,0,0,0,0,0,-,-,33.075069427490234,-116.7717514038086,SAN DIEGO,UNINCORPORATED,-116.77167510986328,33.0751838684082
91690388,2022,2022-02-01,9650,2022-01-30,0257,020343,NA,7,3,9,3700,0,1,1,NA,2,021,I-15 S/B,LAWRENCE WELK LN,456,N,N,A,-,Y,SD,NA,15,NA,R,39.452,H,NA,L,Y,4,0,2,2,A,-,08,22107,NA,N,C,C,A,A,H,-,D,D,0,NA,NA,NA,NA,Y,NA,A,01,0,0,2,0,0,0,0,0,0,-,-,33.23358917236328,-117.14785003662108,SAN DIEGO,UNINCORPORATED,-117.14783477783205,33.23359680175781
91690773,2021,2022-02-01,9645,2021-09-30,0800,016137,NA,4,1,7,3711,0,1,1,NA,2,030,I-15 SOUTHBOUND (HOV LANES),SR-163,100,N,N,A,-,Y,NA,NA,15,NA,NA,NA,NA,NA,S,N,3,0,1,1,A,-,08,22107,NA,N,E,9,A,A,H,-,A,A,0,NA,NA,NA,NA,Y,NA,A,01,0,1,0,0,0,0,0,0,0,-,-,32.86008071899414,-117.11206817626952,SAN DIEGO,SAN DIEGO,-117.11282348632813,32.860504150390625
91692773,2022,2022-02-03,9680,2022-01-23,2005,020780,NA,7,2,9,3700,0,2,4,NA,1,010,WOODSIDE AVE,PROSPECT AVE,260,W,N,A,-,N,NA,NA,NA,NA,NA,NA,NA,NA,NA,Y,4,0,2,2,A,-,09,21804,A,N,D,C,A,A,H,-,C,D,0,NA,NA,NA,NA,Y,NA,A,01,0,0,2,0,0,0,0,0,0,-,-,32.85654067993164,-116.92716217041016,SAN DIEGO,UNINCORPORATED,-116.92715454101563,32.856597900390625
91693112,2021,2022-02-03,9645,2021-12-06,0834,017473,NA,1,1,7,3711,0,1,3,NA,2,006,SR-94 W/B,32ND ST.,1000,E,N,B,-,Y,NA,NA,94,NA,NA,NA,NA,NA,W,Y,3,0,2,3,A,-,03,22350,NA,F,C,C,A,A,H,-,A,D,0,NA,NA,NA,NA,Y,NA,-,99,0,2,0,0,0,0,0,0,0,-,-,32.71577072143555,-117.12293243408205,SAN DIEGO,SAN DIEGO,-117.12293243408205,32.71577835083008
91693958,2021,2022-02-04,9680,2021-12-06,1515,015733,NA,1,2,9,3700,0,1,3,NA,1,090,SR-67 (MAIN ST.),14TH ST.,280,S,N,A,-,Y,NA,NA,67,NA,NA,NA,NA,NA,NA,N,3,0,1,2,A,-,05,21650,NA,N,D,G,A,A,H,-,A,D,0,NA,Y,NA,NA,Y,NA,L,04,0,1,0,0,0,0,1,0,0,-,-,33.03792190551758,-116.87563323974608,SAN DIEGO,UNINCORPORATED,-116.87571716308594,33.0380859375
91697139,2022,2022-02-09,9680,2022-02-06,0642,021646,NA,7,1,7,3711,0,1,S,NA,2,904,I-15 S/B,ADAMS AVENUE,190,N,N,A,-,Y,SD,NA,15,NA,M,5.651,H,NA,L,Y,3,0,1,2,A,-,07,21658,A,N,B,C,A,A,H,-,A,D,0,NA,NA,Y,NA,Y,NA,C,02,0,1,0,0,0,0,0,0,1,-,-,32.76403045654297,-117.10948181152344,SAN DIEGO,SAN DIEGO,-117.10958099365234,32.764015197753906