CASE_ID,ACCIDENT_YEAR,PROC_DATE,JURIS,COLLISION_DATE,COLLISION_TIME,OFFICER_ID,REPORTING_DISTRICT,DAY_OF_WEEK,CHP_SHIFT,POPULATION,CNTY_CITY_LOC,SPECIAL_COND,BEAT_TYPE,CHP_BEAT_TYPE,CITY_DIVISION_LAPD,CHP_BEAT_CLASS,BEAT_NUMBER,PRIMARY_RD,SECONDARY_RD,DISTANCE,DIRECTION,INTERSECTION,WEATHER_1,WEATHER_2,STATE_HWY_IND,CALTRANS_COUNTY,CALTRANS_DISTRICT,STATE_ROUTE,ROUTE_SUFFIX,POSTMILE_PREFIX,POSTMILE,LOCATION_TYPE,RAMP_INTERSECTION,SIDE_OF_HWY,TOW_AWAY,COLLISION_SEVERITY,NUMBER_KILLED,NUMBER_INJURED,PARTY_COUNT,PRIMARY_COLL_FACTOR,PCF_CODE_OF_VIOL,PCF_VIOL_CATEGORY,PCF_VIOLATION,PCF_VIOL_SUBSECTION,HIT_AND_RUN,TYPE_OF_COLLISION,MVIW,PED_ACTION,ROAD_SURFACE,ROAD_COND_1,ROAD_COND_2,LIGHTING,CONTROL_DEVICE,CHP_ROAD_TYPE,PEDESTRIAN_ACCIDENT,BICYCLE_ACCIDENT,MOTORCYCLE_ACCIDENT,TRUCK_ACCIDENT,NOT_PRIVATE_PROPERTY,ALCOHOL_INVOLVED,STWD_VEHTYPE_AT_FAULT,CHP_VEHTYPE_AT_FAULT,COUNT_SEVERE_INJ,COUNT_VISIBLE_INJ,COUNT_COMPLAINT_PAIN,COUNT_PED_KILLED,COUNT_PED_INJURED,COUNT_BICYCLIST_KILLED,COUNT_BICYCLIST_INJURED,COUNT_MC_KILLED,COUNT_MC_INJURED,PRIMARY_RAMP,SECONDARY_RAMP,LATITUDE,LONGITUDE,COUNTY,CITY,POINT_X,POINT_Y
9230539,2021,2021-03-25,3711,2021-02-11,1542,SD3711,NA,4,5,7,3711,0,0,0,NA,0,828,EUCLID,UNIVERSITY,0,NA,Y,A,-,N,NA,NA,NA,NA,NA,NA,NA,NA,NA,N,3,0,1,2,A,-,12,21453,A,N,H,G,A,A,H,-,A,A,0,NA,Y,NA,NA,Y,NA,L,04,0,1,0,0,0,0,1,0,0,-,-,NA,NA,SAN DIEGO,SAN DIEGO,-117.09230041503906,32.749549865722656
92307936,2024,2024-02-07,9650,2024-01-30,2152,021500,NA,2,2,9,3700,0,1,1,NA,2,003,SB I-5,WIRE MOUNTAIN RD,9675,N,N,B,-,Y,SD,NA,5,NA,R,56.671,H,NA,L,Y,3,0,1,1,A,-,08,22107,NA,N,E,I,A,A,H,-,D,D,0,NA,NA,NA,NA,Y,NA,A,07,0,1,0,0,0,0,0,0,0,-,-,33.23735809326172,-117.40865325927734,SAN DIEGO,UNINCORPORATED,-117.40879821777344,33.23724365234375
92307961,2024,2024-02-07,9680,2024-01-27,900,020020,NA,6,1,9,3700,0,1,1,NA,2,085,I-8 E/B,SR-79 (JAPATUL VALLEY RD),900,E,N,G,-,Y,SD,NA,8,NA,R,38.027,H,NA,R,Y,3,0,1,1,C,-,18,NA,NA,N,F,A,A,A,H,-,A,D,0,NA,NA,NA,Y,Y,NA,-,-,0,1,0,0,0,0,0,0,0,-,-,32.82516860961914,-116.62342834472656,SAN DIEGO,UNINCORPORATED,-116.62339019775392,32.82521057128906
92308256,2024,2024-02-07,9650,2024-02-01,810,022588,NA,4,1,5,3712,0,1,3,NA,2,019,SR-78 E/B,TWIN OAKS VALLEY RD,510,E,N,C,-,Y,SD,NA,78,NA,NA,13.009,H,NA,R,N,4,0,1,2,A,-,03,22350,NA,N,C,C,A,B,H,-,A,A,0,NA,NA,NA,NA,Y,NA,A,07,0,0,1,0,0,0,0,0,0,-,-,33.136959075927734,-117.16197204589844,SAN DIEGO,SAN MARCOS,-117.1619873046875,33.137149810791016
9231014,2021,2021-03-19,3710,2021-01-30,1926,OC1351,NA,6,5,6,3710,0,0,0,NA,0,016,MISSION AV,EL CAMINO REAL,795,W,N,A,-,N,NA,NA,NA,NA,NA,NA,NA,NA,NA,Y,4,0,1,2,D,-,00,NA,NA,F,D,C,A,A,H,-,C,D,0,NA,NA,NA,NA,Y,NA,-,-,0,0,1,0,0,0,0,0,0,-,-,NA,NA,SAN DIEGO,OCEANSIDE,-117.33282470703124,33.22431564331055
92310340,2024,2024-02-09,9645,2024-02-04,455,023309,NA,7,3,7,3711,0,1,1,NA,2,021,SR-15 SOUTHBOUND,UNIVERSITY AVE,100,N,N,A,-,Y,SD,NA,15,NA,M,4.984,H,NA,L,Y,2,0,1,1,A,-,01,23152,A,N,E,I,A,A,H,-,D,D,0,NA,NA,NA,NA,Y,Y,A,01,1,0,0,0,0,0,0,0,0,-,-,32.75437927246094,-117.10871124267578,SAN DIEGO,SAN DIEGO,-117.10897827148438,32.75437927246094
92312117,2023,2024-02-12,9680,2023-12-09,1310,020541,NA,6,1,5,3705,0,3,5,NA,2,001,QUAIL CANYON ROAD,BLOSSOM VALLEY ROAD,550,E,N,A,-,N,NA,NA,NA,NA,NA,NA,NA,NA,NA,Y,4,0,1,2,A,-,08,22100,B,N,D,C,A,A,H,-,A,A,0,NA,NA,NA,NA,Y,NA,D,22,0,0,1,0,0,0,0,0,0,-,-,32.86896896362305,-116.85362243652344,SAN DIEGO,EL CAJON,-116.87345886230467,32.848411560058594
92312761,2024,2024-02-13,9680,2024-02-01,1830,022653,NA,4,2,9,3700,0,2,4,NA,1,026,JAMACHA ROAD,SWEETWATER ROAD,500,W,N,B,-,N,NA,NA,NA,NA,NA,NA,NA,NA,NA,Y,4,0,1,1,C,-,18,NA,NA,N,E,I,A,B,H,-,C,A,0,NA,NA,NA,NA,Y,NA,-,-,0,0,1,0,0,0,0,0,0,-,-,32.7146110534668,-117.0148696899414,SAN DIEGO,UNINCORPORATED,-117.01434326171876,32.71474838256836
92313203,2024,2024-02-13,9680,2024-02-03,700,017460,NA,6,1,9,3700,0,3,5,NA,2,006,JEWEL VALLEY RD,STATE ROUTE 94,12144,S,N,B,-,N,NA,NA,NA,NA,NA,NA,NA,NA,NA,Y,4,0,1,1,A,-,08,22107,NA,N,E,I,A,B,H,-,A,D,0,NA,NA,NA,NA,Y,NA,A,01,0,0,1,0,0,0,0,0,0,-,-,32.644588470458984,-116.28038787841795,SAN DIEGO,UNINCORPORATED,-116.27743530273438,32.642696380615234
92314020,2024,2024-02-14,9650,2024-02-05,1100,017833,NA,1,1,6,3710,0,1,1,NA,2,005,MISSION AVE WESTBOUND TO I-5 SOUTHBOUND,MISSION AVE,328,N,N,B,C,Y,SD,NA,5,NA,R,53.288,H,NA,L,Y,4,0,1,2,A,-,03,22350,NA,N,B,A,A,B,H,-,A,D,0,NA,NA,NA,Y,Y,NA,D,22,0,0,1,0,0,0,0,0,0,-,-,33.2005615234375,-117.37332916259766,SAN DIEGO,OCEANSIDE,-117.37330627441406,33.20060729980469
92314077,2024,2024-02-14,9645,2024-02-11,1050,018393,NA,7,1,7,3711,0,1,1,NA,2,007,I-5 S/B,I-805,2700,N,N,A,-,Y,SD,NA,5,NA,R,31.349,H,NA,L,N,4,0,3,2,A,-,03,22350,NA,N,C,C,A,A,H,-,A,D,0,NA,NA,NA,NA,Y,NA,D,22,0,0,3,0,0,0,0,0,0,-,-,32.9127197265625,-117.2294692993164,SAN DIEGO,SAN DIEGO,-117.22949981689452,32.9127082824707
92314098,2024,2024-02-14,9650,2024-02-05,900,018496,NA,1,1,6,3710,0,1,3,NA,2,015,SR-78 W/B,EL CAMINO REAL,1700,E,N,B,C,Y,SD,NA,78,NA,NA,1.761,H,NA,L,Y,4,0,2,1,A,-,03,22350,NA,N,E,I,A,B,H,-,A,D,0,NA,NA,NA,NA,Y,NA,A,07,0,0,2,0,0,0,0,0,0,-,-,33.18223190307617,-117.3224868774414,SAN DIEGO,OCEANSIDE,-117.32247924804688,33.182342529296875
92320839,2024,2024-02-22,9680,2024-02-12,1030,020116,NA,1,1,9,3700,0,3,5,NA,2,002,ILDICA STREET,SWEETWATER ROAD,0,NA,Y,A,-,N,NA,NA,NA,NA,NA,NA,NA,NA,NA,N,3,0,1,2,A,-,08,22107,NA,N,D,C,A,A,H,-,A,A,0,NA,NA,NA,NA,Y,NA,A,07,0,1,0,0,0,0,0,0,0,-,-,32.7275505065918,-117.01412963867188,SAN DIEGO,UNINCORPORATED,-117.01414489746094,32.72760772705078
92322589,2024,2024-02-26,9680,2024-02-14,1230,020116,NA,3,1,9,3700,0,1,3,NA,2,028,SR-125,MARIPOSA STREET,400,S,N,A,-,Y,SD,NA,125,NA,NA,14.042,H,NA,R,N,3,0,2,3,A,-,07,21658,A,F,B,C,A,A,H,-,A,D,0,NA,NA,NA,NA,Y,NA,A,01,0,2,0,0,0,0,0,0,0,-,-,32.758888244628906,-117.00531005859376,SAN DIEGO,UNINCORPORATED,-117.00516510009766,32.75875473022461
92322938,2024,2024-02-26,9645,2024-02-13,1554,021651,NA,2,2,7,3711,0,1,3,NA,2,014,SR-52 E/B,CONVOY ST. O/C,1500,W,N,A,-,Y,SD,NA,52,NA,NA,5.164,H,NA,R,N,4,0,1,3,A,-,08,22107,NA,N,B,C,A,A,H,-,A,D,0,NA,NA,NA,NA,Y,NA,A,07,0,0,1,0,0,0,0,0,0,-,-,32.83755874633789,-117.15779113769533,SAN DIEGO,SAN DIEGO,-117.15777587890624,32.83760452270508
92323306,2024,2024-02-26,9650,2024-02-14,1840,023524,NA,3,2,9,3700,0,1,3,NA,2,019,STATE ROUTE 78 E/B,NORDAHL ROAD,3336,E,N,A,-,Y,SD,NA,78,NA,R,16.131,H,NA,R,Y,4,0,1,2,A,-,03,22350,NA,N,C,C,A,A,H,-,D,D,0,NA,NA,NA,NA,Y,NA,A,07,0,0,1,0,0,0,0,0,0,-,-,33.12778854370117,-117.111572265625,SAN DIEGO,UNINCORPORATED,-117.11161041259766,33.127716064453125
92323547,2024,2024-02-26,9645,2024-02-15,850,023641,NA,4,1,7,3711,0,1,3,NA,2,023,SR-163 S/B,SR-52,1375,N,N,A,-,Y,SD,NA,163,NA,NA,9.941,H,NA,L,Y,4,0,2,3,A,-,03,22350,NA,N,C,C,A,A,H,-,A,D,0,NA,NA,NA,NA,Y,NA,A,01,0,0,2,0,0,0,0,0,0,-,-,32.845680236816406,-117.12966918945313,SAN DIEGO,SAN DIEGO,-117.1296157836914,32.845645904541016
9232357,2021,2021-03-24,3711,2021-02-11,0928,SD1305,NA,4,5,7,3711,0,0,0,NA,0,628,KETTNER BL,SASSAFRAS ST,0,NA,Y,A,-,N,NA,NA,NA,NA,NA,NA,NA,NA,NA,Y,3,0,1,2,D,-,00,NA,NA,N,D,C,A,A,H,-,A,A,0,NA,NA,NA,NA,Y,NA,-,-,0,1,0,0,0,0,0,0,0,-,-,NA,NA,SAN DIEGO,SAN DIEGO,-117.17674255371094,32.73686981201172
92324378,2024,2024-02-27,9680,2024-02-16,820,021441,NA,5,1,9,3700,0,3,5,NA,2,004,BARRETT LAKE RD,SR-94 (CAMPO RD),390,N,N,A,-,N,NA,NA,NA,NA,NA,NA,NA,NA,NA,Y,4,0,2,2,A,-,05,21460,A,N,B,C,A,A,H,-,A,D,0,NA,NA,NA,NA,Y,NA,D,22,0,0,2,0,0,0,0,0,0,-,-,32.61275100708008,-116.7065200805664,SAN DIEGO,UNINCORPORATED,-116.70652770996094,32.61274337768555
92325028,2024,2024-02-28,9650,2024-02-17,1335,021698,NA,6,1,9,3700,0,1,1,NA,2,001,I-5 N/B,CRISTIANITOS RD,0.3,S,N,A,-,Y,SD,NA,5,NA,R,71.974,H,NA,R,N,4,0,1,4,A,-,03,22350,NA,N,C,C,A,A,H,-,A,D,0,NA,NA,NA,NA,Y,NA,A,07,0,0,1,0,0,0,0,0,0,-,-,33.39167022705078,-117.59021759033205,SAN DIEGO,UNINCORPORATED,-117.59016418457033,33.391700744628906
9232615,2021,2021-04-13,3711,2021-02-25,1454,SD1137,NA,4,5,7,3711,0,0,0,NA,0,113,REGENTS RD,LUNA AV,80,N,N,A,-,N,NA,NA,NA,NA,NA,NA,NA,NA,NA,Y,3,0,1,2,A,-,08,22107,NA,N,B,C,A,A,H,-,A,D,0,NA,NA,Y,Y,Y,NA,C,02,0,1,0,0,0,0,0,0,1,-,-,NA,NA,SAN DIEGO,SAN DIEGO,-117.21575927734376,32.83146286010742
92326638,2024,2024-02-29,9645,2024-02-06,1332,019241,NA,2,1,7,3711,0,1,3,NA,2,002,SR-905,CALIENTE AVENUE,3168,E,N,B,C,Y,SD,NA,905,NA,R,7.351,H,NA,R,Y,2,0,1,2,A,-,03,22350,NA,N,E,I,A,A,H,-,A,D,0,NA,NA,NA,NA,Y,NA,A,01,1,0,0,0,0,0,0,0,0,-,-,32.56616973876953,-117.0039291381836,SAN DIEGO,SAN DIEGO,-117.00391387939452,32.56623840332031
92326840,2023,2024-02-29,9645,2023-07-23,659,015270,NA,7,1,7,3711,0,1,1,NA,2,017,INTERSTATE 15 SOUTHBOUND,STATE ROUTE-52 FREEWAY,1795,N,N,B,-,Y,SD,NA,15,NA,R,10.948,H,NA,L,Y,1,1,0,1,A,-,08,22107,NA,N,E,8,A,A,H,-,A,D,0,NA,NA,NA,NA,Y,NA,A,01,0,0,0,0,0,0,0,0,0,-,-,32.84653091430664,-117.1178970336914,SAN DIEGO,SAN DIEGO,-117.1181182861328,32.84663772583008
92326889,2024,2024-02-29,9680,2024-02-20,10,017996,NA,2,3,5,3708,0,1,1,NA,2,081,I-8 EASTBOUND,70TH STREET,1056,E,N,A,-,Y,SD,NA,8,NA,NA,9.782,H,NA,R,N,4,0,1,2,A,-,08,22107,NA,F,E,I,A,A,H,-,C,D,0,NA,NA,NA,NA,Y,NA,A,07,0,0,1,0,0,0,0,0,0,-,-,32.77267837524414,-117.04322814941406,SAN DIEGO,LA MESA,-117.0431671142578,32.77284622192383
92327821,2024,2024-03-01,9645,2024-02-17,20,022932,NA,6,3,7,3711,0,1,3,NA,2,006,SR-94 WB,SR-94 WESTBOUND,50,S,N,A,-,Y,NA,NA,NA,NA,NA,NA,NA,NA,NA,Y,2,0,4,1,A,-,08,22107,NA,N,F,I,A,A,H,-,C,D,0,NA,NA,NA,NA,Y,Y,A,01,1,2,1,0,0,0,0,0,0,-,-,32.71574020385742,-117.1196517944336,SAN DIEGO,SAN DIEGO,-117.14392852783205,32.713199615478516
92328977,2024,2024-03-04,9680,2024-02-25,1705,016694,NA,7,2,9,3700,0,3,5,NA,2,001,JULIAN AVENUE,PINO DRIVE,0,NA,Y,A,-,N,NA,NA,NA,NA,NA,NA,NA,NA,NA,N,4,0,1,2,A,-,09,21800,B,N,D,C,A,A,H,-,A,A,0,NA,NA,NA,NA,Y,NA,A,01,0,0,1,0,0,0,0,0,0,-,-,32.8568115234375,-116.90828704833984,SAN DIEGO,UNINCORPORATED,-116.90830993652344,32.85678482055664
92329069,2024,2024-03-04,9645,2024-03-01,715,019054,NA,5,1,5,3709,0,1,1,NA,2,001,I-5 N/B,MILE OF CAR WAY,1000,N,N,A,-,Y,SD,NA,5,NA,R,10.29,H,NA,R,N,4,0,1,2,A,-,03,22350,NA,N,C,C,A,A,H,-,A,D,0,NA,NA,NA,NA,Y,NA,A,01,0,0,1,0,0,0,0,0,0,-,-,32.663421630859375,-117.10919189453124,SAN DIEGO,NATIONAL CITY,-117.10919952392578,32.66341781616211
92330155,2024,2024-03-05,9645,2024-03-01,1900,023617,NA,5,2,7,3711,0,1,1,NA,2,010,I-8 W/B,LAKE MURRARY BOULEVARD,1300,W,N,A,-,Y,SD,NA,8,NA,NA,9.307,H,NA,L,N,4,0,1,2,A,-,08,22107,NA,M,B,C,A,A,H,-,D,D,0,NA,NA,NA,NA,Y,NA,-,99,0,0,1,0,0,0,0,0,0,-,-,32.7763786315918,-117.05016326904295,SAN DIEGO,SAN DIEGO,-117.05018615722656,32.776336669921875
92330461,2024,2024-03-05,9650,2024-02-21,1225,015600,NA,3,1,9,3700,0,3,5,NA,2,006,DE LUZ MURRIETA RD,DE LUZ RD,2640,E,N,B,-,N,NA,NA,NA,NA,NA,NA,NA,NA,NA,N,3,0,1,1,A,-,08,22107,NA,N,E,I,A,A,H,-,A,D,0,NA,NA,NA,NA,Y,NA,A,07,0,1,0,0,0,0,0,0,0,-,-,33.45014953613281,-117.31400299072266,SAN DIEGO,UNINCORPORATED,-117.31885528564452,33.44466018676758
92331469,2024,2024-03-15,9650,2024-02-24,1938,021935,NA,6,2,9,3700,0,3,5,NA,2,213,HORSE RANCH CREEK RD,SR-76,500,N,N,A,-,N,NA,NA,NA,NA,NA,NA,NA,NA,NA,N,4,0,1,2,A,-,03,22350,NA,F,C,C,A,A,H,-,C,A,0,NA,NA,NA,NA,Y,NA,-,99,0,0,1,0,0,0,0,0,0,-,-,33.33985900878906,-117.14797973632813,SAN DIEGO,UNINCORPORATED,-117.14746856689452,33.33785629272461
92332472,2024,2024-03-07,9680,2024-02-28,2215,021764,NA,3,3,9,3700,0,2,4,NA,1,021,DEHESA RD,SLOANE CANYON RD,1056,E,N,A,-,N,NA,NA,NA,NA,NA,NA,NA,NA,NA,Y,4,0,3,1,C,-,18,NA,NA,N,H,H,A,A,H,-,A,A,0,NA,NA,NA,NA,Y,NA,-,-,0,0,3,0,0,0,0,0,0,-,-,32.78157043457031,-116.84779357910156,SAN DIEGO,UNINCORPORATED,-116.84894561767578,32.78109359741211
92333530,2024,2024-03-08,9680,2024-02-27,1233,019555,NA,2,1,9,3700,0,1,1,NA,2,083,I-8 E/B,DUNBAR LANE,1056,E,N,A,-,Y,SD,NA,8,NA,R,25.92,H,NA,R,Y,3,0,1,4,A,-,07,21658,A,N,B,2,A,A,H,-,A,D,0,NA,NA,Y,NA,Y,NA,A,07,0,1,0,0,0,0,0,0,0,-,-,32.85662841796875,-116.81580352783205,SAN DIEGO,UNINCORPORATED,-116.81581115722656,32.85660171508789
92333723,2024,2024-03-08,9645,2024-02-21,1911,022729,NA,3,2,7,3711,0,1,1,NA,2,011,I-805 SOUTHBOUND,I-8 FREEWAY,1056,S,N,A,-,Y,SD,NA,805,NA,NA,17.243,H,NA,L,Y,2,0,1,2,A,-,03,22350,NA,N,C,C,A,A,H,-,D,D,0,NA,NA,Y,NA,Y,NA,C,02,1,0,0,0,0,0,0,0,1,-,-,32.76662063598633,-117.12883758544922,SAN DIEGO,SAN DIEGO,-117.12893676757813,32.76658630371094
92333772,2024,2024-03-08,9645,2024-02-25,1525,022729,NA,7,2,7,3711,0,1,3,NA,2,023,I-805 SOUTHBOUND,CABRILLO BRIDGE,528,N,N,A,-,Y,SD,NA,163,NA,NA,1.541,H,NA,L,N,4,0,1,3,A,-,03,22350,NA,N,C,C,A,A,H,-,A,D,0,NA,NA,NA,NA,Y,NA,A,07,0,0,1,0,0,0,0,0,0,-,-,32.733150482177734,-117.15544891357422,SAN DIEGO,SAN DIEGO,-117.15545654296876,32.73314666748047
92335176,2024,2024-03-11,9645,2024-03-06,1547,023641,NA,3,2,7,3711,0,1,1,NA,2,011,I-805 S/B,LINCOLN AVENUE,209,N,N,A,-,Y,SD,NA,805,NA,NA,16.117,H,NA,L,N,3,0,1,3,A,-,07,21658,A,N,D,C,A,A,H,-,A,D,0,NA,NA,Y,NA,Y,NA,D,22,0,1,0,0,0,0,0,0,1,-,-,32.750999450683594,-117.12364196777344,SAN DIEGO,SAN DIEGO,-117.12364959716795,32.750999450683594
92335344,2024,2024-03-11,9645,2024-03-08,1439,020623,NA,5,2,7,3711,0,1,3,NA,2,022,SR-56 E/B,CARMEL CREEK ROAD,750,E,N,A,-,Y,SD,NA,56,NA,NA,0.969,H,NA,R,N,3,0,2,2,A,-,03,22350,NA,N,C,C,A,A,H,-,A,D,0,NA,NA,NA,NA,Y,NA,A,01,0,1,1,0,0,0,0,0,0,-,-,32.93793869018555,-117.22657775878906,SAN DIEGO,SAN DIEGO,-117.22657775878906,32.93793487548828
92336140,2023,2024-03-12,9680,2023-09-23,1048,021077,NA,6,1,9,3700,0,1,3,NA,1,040,STATE ROUTE 94,ROMO ROAD,245,W,N,A,-,Y,SD,NA,94,NA,NA,31.623,H,NA,R,Y,1,1,0,1,A,-,03,22350,NA,N,E,I,A,A,H,-,A,A,0,NA,NA,Y,NA,Y,NA,C,02,0,0,0,0,0,0,0,1,0,-,-,32.62250900268555,-116.7480926513672,SAN DIEGO,UNINCORPORATED,-116.74803924560548,32.62255096435547
92336876,2024,2024-03-13,9650,2024-03-04,758,017828,NA,1,1,5,3712,0,1,3,NA,2,019,SR-78 E/B,WOODLAND PKY,1300,E,N,B,-,Y,SD,NA,78,NA,NA,14.497,H,NA,R,Y,4,0,1,3,A,-,03,22350,NA,N,C,C,A,B,H,-,A,D,0,NA,NA,NA,NA,Y,NA,A,01,0,0,1,0,0,0,0,0,0,-,-,33.136959075927734,-117.1373291015625,SAN DIEGO,SAN MARCOS,-117.13734436035156,33.13694381713867
92338079,2024,2024-03-14,9645,2024-03-06,1340,023641,NA,3,1,7,3711,0,1,1,NA,2,010,I-8 E/B,PRESIDIO PARK,1000,W,N,B,-,Y,SD,NA,8,NA,R,0.721,H,NA,R,Y,4,0,1,2,A,-,03,22350,NA,N,C,C,A,A,H,-,A,D,0,NA,NA,NA,NA,Y,NA,A,01,0,0,1,0,0,0,0,0,0,-,-,32.760231018066406,-117.19213104248048,SAN DIEGO,SAN DIEGO,-117.19212341308594,32.760257720947266
92338429,2024,2024-03-14,9645,2024-03-06,2310,022898,NA,3,3,7,3711,0,1,1,NA,2,009,I-805 SOUTHBOUND,PLAZA BOULEVARD,2640,N,N,C,-,Y,SD,NA,805,NA,NA,10.752,H,NA,L,N,3,0,1,2,A,-,07,21658,A,M,B,2,A,B,H,-,D,D,0,NA,NA,NA,NA,Y,Y,-,99,0,1,0,0,0,0,0,0,0,-,-,32.68320846557617,-117.08802795410156,SAN DIEGO,SAN DIEGO,-117.08807373046876,32.68318176269531
92339376,2024,2024-03-15,9680,2024-03-05,950,019870,NA,2,1,9,3700,0,2,4,NA,1,021,DEHESA RD,QUAIL HAVEN LN,295,S,N,A,-,N,NA,NA,NA,NA,NA,NA,NA,NA,NA,N,4,0,1,2,A,-,09,21802,A,N,F,A,A,A,H,-,A,A,0,NA,NA,Y,NA,Y,NA,A,07,0,0,1,0,0,0,0,0,1,-,-,32.78773880004883,-116.8453369140625,SAN DIEGO,UNINCORPORATED,-116.84539794921876,32.787723541259766
92339550,2024,2024-03-15,9685,2024-03-10,645,015880,NA,7,1,9,3700,0,1,S,NA,2,904,INTERSTATE 15 N/B,RAINBOW VALLEY BOULEVARD,680,S,N,A,-,Y,SD,NA,15,NA,R,53.937,H,NA,R,Y,4,0,1,1,A,-,08,22107,NA,N,F,A,A,A,H,-,B,D,0,NA,NA,NA,NA,Y,NA,A,07,0,0,1,0,0,0,0,0,0,-,-,33.42906188964844,-117.14694213867188,SAN DIEGO,UNINCORPORATED,-117.14700317382813,33.429115295410156
92340962,2024,2024-03-18,9645,2024-03-10,1950,023641,NA,7,2,7,3711,0,1,3,NA,2,020,SR-56 E/B,CARMEL VALLEY ROAD,3575,E,N,A,-,Y,SD,NA,56,NA,NA,3.806,H,NA,R,Y,3,0,4,3,A,-,01,23152,A,N,C,C,A,A,H,-,D,D,0,NA,NA,NA,NA,Y,Y,A,07,0,3,1,0,0,0,0,0,0,-,-,32.957801818847656,-117.18462371826172,SAN DIEGO,SAN DIEGO,-117.18466186523438,32.95781707763672
9234147,2021,2021-04-01,3711,2021-02-19,1620,SD7962,NA,5,5,7,3711,0,0,0,NA,0,126,LA JOLLA VILLAGE DR,VILLA LA JOLLA DR,900,E,N,A,-,N,NA,NA,NA,NA,NA,NA,NA,NA,NA,N,3,0,1,3,A,-,04,21703,NA,N,C,C,A,A,H,-,A,D,0,NA,NA,NA,NA,Y,NA,I,11,0,1,0,0,0,0,0,0,0,-,-,NA,NA,SAN DIEGO,SAN DIEGO,-117.23098754882813,32.8718376159668
9234176,2021,2021-04-02,3708,2021-02-01,1102,LM1206,NA,1,5,5,3708,0,0,0,NA,0,002,LA MESA BL,GROSSMONT BL,0,NA,Y,A,-,N,NA,NA,NA,NA,NA,NA,NA,NA,NA,Y,2,0,1,2,A,-,09,21453,C,N,A,C,A,A,H,-,A,A,0,NA,NA,NA,NA,Y,NA,A,01,1,0,0,0,0,0,0,0,0,-,-,NA,NA,SAN DIEGO,LA MESA,-117.00514221191406,32.77346420288086
92341769,2024,2024-03-19,9645,2024-03-10,1918,022729,NA,7,2,7,3711,0,1,1,NA,2,009,I-805 NORTHBOUND,IMPERIAL AVENUE,450,S,N,A,-,Y,SD,NA,805,NA,NA,12.247,H,NA,R,Y,4,0,1,4,A,-,03,22350,NA,N,C,C,A,A,H,-,D,D,0,NA,NA,NA,NA,Y,NA,A,01,0,0,1,0,0,0,0,0,0,-,-,32.702789306640625,-117.09477996826172,SAN DIEGO,SAN DIEGO,-117.09475708007813,32.702789306640625
92341801,2024,2024-03-19,9650,2024-03-09,1717,023426,NA,6,2,9,3700,0,1,3,NA,1,028,SR-76,PAUMA VALLEY DR,20,E,N,A,-,Y,SD,NA,76,NA,NA,31.31,H,NA,R,N,4,0,2,2,A,-,03,22350,NA,N,C,C,A,A,H,-,B,D,0,NA,NA,NA,NA,Y,NA,M,47,0,0,2,0,0,0,0,0,0,-,-,33.30281066894531,-116.97760772705078,SAN DIEGO,UNINCORPORATED,-116.97762298583984,33.30278778076172
9234196,2021,2021-04-05,3710,2021-02-15,2126,OC1508,NA,1,5,6,3710,0,0,0,NA,0,030,NORTH AV,AUTUMN DR,12,E,N,A,-,N,NA,NA,NA,NA,NA,NA,NA,NA,NA,Y,3,0,2,2,A,-,04,21703,NA,N,E,I,A,A,H,-,C,A,0,NA,NA,NA,NA,Y,NA,A,01,0,1,1,0,0,0,0,0,0,-,-,NA,NA,SAN DIEGO,OCEANSIDE,-117.27329254150392,33.209815979003906
92343914,2024,2024-03-21,9650,2024-03-12,1230,017328,NA,2,1,9,3700,0,2,4,NA,2,061,S. MISSION RD.,FALLBROOK ST.,30,N,N,B,-,N,NA,NA,NA,NA,NA,NA,NA,NA,NA,N,4,0,1,2,A,-,03,22350,NA,F,C,C,A,A,H,-,A,D,0,NA,NA,NA,NA,Y,NA,A,07,0,0,1,0,0,0,0,0,0,-,-,33.37689971923828,-117.25369262695313,SAN DIEGO,UNINCORPORATED,-117.25365447998048,33.37675094604492