CASE_ID,ACCIDENT_YEAR,PROC_DATE,JURIS,COLLISION_DATE,COLLISION_TIME,OFFICER_ID,REPORTING_DISTRICT,DAY_OF_WEEK,CHP_SHIFT,POPULATION,CNTY_CITY_LOC,SPECIAL_COND,BEAT_TYPE,CHP_BEAT_TYPE,CITY_DIVISION_LAPD,CHP_BEAT_CLASS,BEAT_NUMBER,PRIMARY_RD,SECONDARY_RD,DISTANCE,DIRECTION,INTERSECTION,WEATHER_1,WEATHER_2,STATE_HWY_IND,CALTRANS_COUNTY,CALTRANS_DISTRICT,STATE_ROUTE,ROUTE_SUFFIX,POSTMILE_PREFIX,POSTMILE,LOCATION_TYPE,RAMP_INTERSECTION,SIDE_OF_HWY,TOW_AWAY,COLLISION_SEVERITY,NUMBER_KILLED,NUMBER_INJURED,PARTY_COUNT,PRIMARY_COLL_FACTOR,PCF_CODE_OF_VIOL,PCF_VIOL_CATEGORY,PCF_VIOLATION,PCF_VIOL_SUBSECTION,HIT_AND_RUN,TYPE_OF_COLLISION,MVIW,PED_ACTION,ROAD_SURFACE,ROAD_COND_1,ROAD_COND_2,LIGHTING,CONTROL_DEVICE,CHP_ROAD_TYPE,PEDESTRIAN_ACCIDENT,BICYCLE_ACCIDENT,MOTORCYCLE_ACCIDENT,TRUCK_ACCIDENT,NOT_PRIVATE_PROPERTY,ALCOHOL_INVOLVED,STWD_VEHTYPE_AT_FAULT,CHP_VEHTYPE_AT_FAULT,COUNT_SEVERE_INJ,COUNT_VISIBLE_INJ,COUNT_COMPLAINT_PAIN,COUNT_PED_KILLED,COUNT_PED_INJURED,COUNT_BICYCLIST_KILLED,COUNT_BICYCLIST_INJURED,COUNT_MC_KILLED,COUNT_MC_INJURED,PRIMARY_RAMP,SECONDARY_RAMP,LATITUDE,LONGITUDE,COUNTY,CITY,POINT_X,POINT_Y
9277126,2021,2021-06-09,3711,2021-05-27,1045,SD1273,NA,4,5,7,3711,0,0,0,NA,0,822,COLLEGE AV,ACORN ST,36,N,N,A,-,N,NA,NA,NA,NA,NA,NA,NA,NA,NA,N,4,0,1,3,A,-,08,22107,NA,N,B,C,A,A,H,-,A,D,0,NA,NA,NA,NA,Y,NA,A,01,0,0,1,0,0,0,0,0,0,-,-,NA,NA,SAN DIEGO,SAN DIEGO,-117.0664291381836,32.75967788696289
9277614,2021,2021-07-14,3711,2021-06-02,2220,SD7144,NA,3,5,7,3711,0,0,0,NA,0,438,PARADISE VALLEY RD,PARADISE VALLEY RD 6800,0,NA,-,A,-,N,NA,NA,NA,NA,NA,NA,NA,NA,NA,N,3,0,1,2,A,-,11,21955,NA,M,G,B,D,A,H,-,C,A,0,Y,NA,NA,NA,Y,NA,N,60,0,1,0,0,1,0,0,0,0,-,-,NA,NA,SAN DIEGO,SAN DIEGO,-117.01075744628906,32.70462417602539
9277615,2021,2021-07-14,3711,2021-06-02,2043,SD7277,NA,3,5,7,3711,0,0,0,NA,0,611,SPORTS ARENA BL,ROSECRANS ST,327,W,N,A,-,N,NA,NA,NA,NA,NA,NA,NA,NA,NA,N,3,0,1,2,A,-,11,21950,B,N,G,B,D,A,H,-,C,D,0,Y,NA,NA,NA,Y,NA,N,60,0,1,0,0,1,0,0,0,0,-,-,NA,NA,SAN DIEGO,SAN DIEGO,-117.20588684082033,32.75187301635742
9278076,2021,2021-07-12,3705,2021-05-05,0826,EC0219,NA,3,5,5,3705,0,0,0,NA,0,001,S MARSHALL AV,PALM AV,200,S,N,A,-,N,NA,NA,NA,NA,NA,NA,NA,NA,NA,Y,3,0,4,2,A,-,09,21804,A,N,D,C,A,A,H,-,A,D,0,NA,NA,NA,NA,Y,NA,A,01,0,1,3,0,0,0,0,0,0,-,-,NA,NA,SAN DIEGO,EL CAJON,-116.97557067871094,32.790802001953125
9278699,2021,2021-06-18,3711,2021-05-31,1838,SD1232,NA,1,5,7,3711,0,0,0,NA,0,115,GOVERNOR DR,REGENTS RD,0,NA,-,B,-,N,NA,NA,NA,NA,NA,NA,NA,NA,NA,Y,4,0,1,2,A,-,08,38314,NA,N,A,C,A,A,H,-,A,A,0,NA,NA,NA,NA,Y,NA,A,01,0,0,1,0,0,0,0,0,0,-,-,NA,NA,SAN DIEGO,SAN DIEGO,-117.2168197631836,32.851539611816406
9279707,2021,2021-07-02,3711,2021-06-12,2240,SD7682,NA,6,5,7,3711,0,0,0,NA,0,623,FASHION VALLEY RD,RIVERWALK DR,0,NA,Y,A,-,N,NA,NA,NA,NA,NA,NA,NA,NA,NA,N,3,0,1,2,A,-,00,23103,A,F,G,B,E,A,H,-,C,A,0,Y,NA,NA,NA,Y,NA,A,01,0,1,0,0,1,0,0,0,0,-,-,NA,NA,SAN DIEGO,SAN DIEGO,-117.17044067382813,32.765193939208984
9280480,2021,2021-07-09,3711,2021-06-21,1541,SD7889,NA,1,5,7,3711,0,0,0,NA,0,712,WEST SAN YSIDRO BL,AVERIL RD,744,E,N,A,-,N,NA,NA,NA,NA,NA,NA,NA,NA,NA,N,3,0,1,3,A,-,03,22350,NA,N,C,C,A,A,H,-,A,B,0,NA,NA,NA,NA,Y,NA,A,01,0,1,0,0,0,0,0,0,0,-,-,NA,NA,SAN DIEGO,SAN DIEGO,-117.0519790649414,32.55553436279297
9280617,2021,2021-07-20,3711,2021-06-04,2043,HB5831,NA,5,5,7,3711,0,0,0,NA,0,504,HARBOR DR,SIGSBEE ST,1390,W,N,A,-,N,NA,NA,NA,NA,NA,NA,NA,NA,NA,N,4,0,1,2,A,-,05,21202,A,N,D,B,A,A,H,-,C,-,0,NA,Y,NA,NA,Y,NA,L,04,0,0,1,0,0,0,1,0,0,-,-,NA,NA,SAN DIEGO,SAN DIEGO,-117.1543426513672,32.70281982421875
9281440,2021,2021-09-24,3711,2021-07-11,2310,SD7826,NA,7,5,7,3711,0,0,0,NA,0,528,ALBATROSS,W HAWTHORN,0,NA,Y,A,-,N,NA,NA,NA,NA,NA,NA,NA,NA,NA,N,4,0,1,2,A,-,05,21651,B,N,D,C,A,A,H,-,C,A,0,NA,NA,NA,NA,Y,Y,A,01,0,0,1,0,0,0,0,0,0,-,-,NA,NA,SAN DIEGO,SAN DIEGO,-117.16571044921876,32.727203369140625
9281672,2021,2021-07-06,3710,2021-06-10,2049,OC1514,NA,4,5,6,3710,0,0,0,NA,0,035,CASPIAN WY,S GATE DR,70,E,N,A,-,N,NA,NA,NA,NA,NA,NA,NA,NA,NA,Y,4,0,1,2,A,-,08,22107,NA,N,C,E,A,A,H,-,C,D,0,NA,NA,NA,NA,Y,NA,D,22,0,0,1,0,0,0,0,0,0,-,-,NA,NA,SAN DIEGO,OCEANSIDE,-117.2857666015625,33.24348068237305
9282214,2021,2021-07-07,3702,2021-05-26,2250,CV1297,NA,3,5,6,3702,0,0,0,NA,0,041,SANTA VICTORIA RD,SANTA VENETIA ST,102,S,N,B,-,N,NA,NA,NA,NA,NA,NA,NA,NA,NA,N,3,0,1,1,A,-,03,22350,NA,N,A,I,A,A,H,-,C,D,0,NA,NA,Y,NA,Y,NA,C,02,0,1,0,0,0,0,0,0,1,-,-,NA,NA,SAN DIEGO,CHULA VISTA,-116.9872817993164,32.62126922607422
9282222,2021,2021-07-07,3702,2021-05-04,1154,CV1337,NA,2,5,6,3702,0,0,0,NA,0,023,E OXFORD,JOSSELYN AV,0,NA,Y,A,-,N,NA,NA,NA,NA,NA,NA,NA,NA,NA,N,4,0,1,2,A,-,09,21802,A,N,D,C,A,A,H,-,A,A,0,NA,NA,NA,NA,Y,NA,A,01,0,0,1,0,0,0,0,0,0,-,-,NA,NA,SAN DIEGO,CHULA VISTA,-117.05166625976563,32.61479568481445
9282241,2021,2021-07-13,3711,2021-06-19,2123,SD7989,NA,6,5,7,3711,0,0,0,NA,0,116,MORENA BL,FRANKFORT ST,50,W,N,A,-,N,NA,NA,NA,NA,NA,NA,NA,NA,NA,N,4,0,1,2,A,-,11,21954,A,N,G,B,D,A,D,E,E,D,0,Y,NA,NA,NA,Y,NA,N,60,0,0,1,0,1,0,0,0,0,-,-,NA,NA,SAN DIEGO,SAN DIEGO,-117.20623016357422,32.77476501464844
9282404,2021,2021-08-21,3711,2021-06-20,1048,SD7055,NA,7,5,7,3711,0,0,0,NA,0,116,WACO ST,DAKOTA ST,183,S,N,B,-,N,NA,NA,NA,NA,NA,NA,NA,NA,NA,N,3,0,2,4,A,-,01,23152,F,N,D,E,A,A,H,-,A,D,0,NA,NA,NA,NA,Y,NA,A,01,0,2,0,0,0,0,0,0,0,-,-,NA,NA,SAN DIEGO,SAN DIEGO,-117.19657135009766,32.8033447265625
9282832,2021,2021-07-20,3710,2021-06-23,0556,0C1499,NA,3,5,6,3710,0,0,0,NA,0,011,FOSTER ST,CANYON DR,0,NA,Y,C,-,N,NA,NA,NA,NA,NA,NA,NA,NA,NA,Y,4,0,1,1,A,-,03,22350,NA,N,H,J,A,B,H,-,A,A,0,NA,NA,Y,NA,Y,NA,C,02,0,0,1,0,0,0,0,0,1,-,-,NA,NA,SAN DIEGO,OCEANSIDE,-117.36187744140624,33.2027473449707
9283773,2021,2021-08-19,3711,2021-07-04,2034,SD8377,NA,7,5,7,3711,0,0,0,NA,0,526,4TH AV,CEDAR ST,31,N,N,A,-,N,NA,NA,NA,NA,NA,NA,NA,NA,NA,N,3,0,1,2,D,-,00,NA,NA,N,B,C,A,A,H,-,C,-,0,NA,NA,NA,NA,Y,NA,-,-,0,1,0,0,0,0,0,0,0,-,-,NA,NA,SAN DIEGO,SAN DIEGO,-117.1611099243164,32.72205352783203
9283829,2021,2021-09-09,3709,2021-07-02,1337,NC0506,NA,5,5,5,3709,0,0,0,NA,0,020,16TH ST,NATIONAL CITY BL,0,NA,Y,A,-,N,NA,NA,NA,NA,NA,NA,NA,NA,NA,N,4,0,1,2,A,-,12,21453,A,F,E,C,A,A,H,-,A,A,0,NA,NA,NA,NA,Y,NA,A,08,0,0,1,0,0,0,0,0,0,-,-,NA,NA,SAN DIEGO,NATIONAL CITY,-117.1042022705078,32.66893768310547
9284780,2021,2021-07-22,3711,2021-07-08,1008,SD7917,NA,4,5,7,3711,0,0,0,NA,0,627,W UNIVERSITY AV,DOVE ST,0,NA,Y,A,-,N,NA,NA,NA,NA,NA,NA,NA,NA,NA,N,4,0,1,2,D,-,00,NA,NA,N,C,C,A,A,H,-,A,A,0,NA,NA,NA,NA,Y,NA,-,-,0,0,1,0,0,0,0,0,0,-,-,NA,NA,SAN DIEGO,SAN DIEGO,-117.16864013671876,32.748966217041016
9285818,2021,2021-07-06,3711,2021-06-07,2134,SD6967,NA,1,5,7,3711,0,0,0,NA,0,313,CONVOY ST,DAGGET ST,277,N,N,A,-,N,NA,NA,NA,NA,NA,NA,NA,NA,NA,Y,4,0,1,4,A,-,03,22350,NA,M,C,C,A,A,H,-,C,D,0,NA,NA,NA,NA,Y,NA,A,01,0,0,1,0,0,0,0,0,0,-,-,NA,NA,SAN DIEGO,SAN DIEGO,-117.15522003173828,32.824337005615234
9287401,2021,2021-07-23,3710,2021-06-26,1527,OC1443,NA,6,5,6,3710,0,0,0,NA,0,021,RT 76,RANCHO DEL ORO DR,520,W,N,A,-,Y,SD,11,76,-,R,4.11,H,-,E,Y,2,0,1,2,A,-,08,22107,NA,N,B,C,A,A,H,-,A,A,0,NA,NA,Y,NA,Y,NA,C,02,1,0,0,0,0,0,0,0,1,-,-,NA,NA,SAN DIEGO,OCEANSIDE,-117.31982421875,33.22732925415039
92878203,2024,2024-07-30,9650,2024-07-22,1800,021876,NA,1,2,6,3706,0,1,1,NA,2,023,I-15 N/B,WEST VALLEY PARKWAY,90,N,N,A,-,Y,SD,NA,15,NA,R,30.678,H,NA,R,N,4,0,1,2,A,-,03,22350,NA,N,B,C,A,A,H,-,A,D,0,NA,NA,Y,NA,Y,NA,C,02,0,0,1,0,0,0,0,0,1,-,-,33.11600112915039,-117.0989990234375,SAN DIEGO,ESCONDIDO,-117.09915924072266,33.115936279296875
92878317,2024,2024-07-30,9650,2024-07-27,608,022739,NA,6,1,9,3700,0,1,1,NA,2,001,INTERSTATE 5 SOUTHBOUND,BASILONE ROAD,13200,S,N,A,-,Y,SD,NA,5,NA,R,68.823,H,NA,L,Y,4,0,1,1,A,-,08,22107,NA,N,E,I,A,A,H,-,A,D,0,NA,NA,NA,NA,Y,NA,A,01,0,0,1,0,0,0,0,0,0,-,-,33.36623001098633,-117.54586791992188,SAN DIEGO,UNINCORPORATED,-117.54579925537108,33.36630630493164
9287996,2021,2021-08-17,3711,2021-07-24,1018,SD1204,NA,6,5,7,3711,0,0,0,NA,0,614,SUNSET CLIFFS BL,SUNSET CLIFFS BL  2500,0,NA,Y,A,-,N,NA,NA,NA,NA,NA,NA,NA,NA,NA,N,4,0,1,2,A,-,06,21755,A,M,B,C,A,A,H,-,A,D,0,NA,NA,NA,NA,Y,NA,-,99,0,0,1,0,0,0,0,0,0,-,-,NA,NA,SAN DIEGO,SAN DIEGO,-117.18875122070313,32.75170135498047
9289325,2021,2021-07-22,3700,2021-06-27,0623,SD1509,NA,7,5,4,3720,0,0,0,NA,0,433,69TH ST,TARBOX ST,0,NA,Y,A,-,N,NA,NA,NA,NA,NA,NA,NA,NA,NA,N,3,0,1,1,A,-,08,22107,NA,N,E,I,A,A,H,-,A,D,0,NA,NA,NA,NA,Y,Y,A,01,0,1,0,0,0,0,0,0,0,-,-,NA,NA,SAN DIEGO,LEMON GROVE,-117.0493392944336,32.72150802612305
9289355,2021,2021-07-28,3711,2021-06-30,2109,SD7197,NA,3,5,7,3711,0,0,0,NA,0,437,S SIENA ST,WOODBINE WY,20,S,N,B,-,N,NA,NA,NA,NA,NA,NA,NA,NA,NA,N,4,0,1,2,A,-,03,22350,NA,N,C,E,A,A,-,-,C,A,0,NA,NA,NA,NA,Y,NA,A,01,0,0,1,0,0,0,0,0,0,-,-,NA,NA,SAN DIEGO,SAN DIEGO,-117.03733825683594,32.70197296142578
9289602,2021,2021-08-03,3711,2021-06-20,2000,SD7046,NA,7,5,7,3711,0,0,0,NA,0,531,BALBOA DR,JUNIPER RD,0,NA,Y,A,-,N,NA,NA,NA,NA,NA,NA,NA,NA,NA,N,4,0,1,1,C,-,18,NA,NA,N,H,J,A,A,H,-,C,D,0,NA,NA,NA,NA,Y,NA,-,-,0,0,1,0,0,0,0,0,0,-,-,NA,NA,SAN DIEGO,SAN DIEGO,-117.1581802368164,32.72928237915039
9290477,2021,2021-08-21,3711,2021-07-15,1455,SD7851,NA,4,5,7,3711,0,0,0,NA,0,931,COMMERCE AV,MIRAMAR RD,505,N,N,A,-,N,NA,NA,NA,NA,NA,NA,NA,NA,NA,N,3,0,2,2,A,-,04,21703,NA,N,B,C,A,A,H,-,A,D,0,NA,NA,NA,NA,Y,NA,A,01,0,1,1,0,0,0,0,0,0,-,-,NA,NA,SAN DIEGO,SAN DIEGO,-117.16809844970705,32.87958526611328
9290581,2021,2021-08-06,3708,2021-06-30,1509,LM1206,NA,3,5,5,3708,0,0,0,NA,0,003,PARKWAY DR,MARENGO AV,0,NA,Y,A,-,N,NA,NA,NA,NA,NA,NA,NA,NA,NA,Y,4,0,1,2,A,-,03,22350,NA,N,D,C,A,A,H,-,A,A,0,NA,NA,NA,NA,Y,NA,A,01,0,0,1,0,0,0,0,0,0,-,-,NA,NA,SAN DIEGO,LA MESA,-117.02294158935548,32.775596618652344
9291113,2021,2021-07-19,3700,2021-06-24,1630,SH3684,NA,4,5,5,3713,0,0,0,NA,0,303,EAST VISTA WY,WILLIAMSTON ST,0,NA,Y,A,-,N,NA,NA,NA,NA,NA,NA,NA,NA,NA,Y,4,0,1,2,A,-,12,21453,A,N,D,C,A,A,H,-,A,A,0,NA,NA,NA,NA,Y,NA,-,NA,0,0,1,0,0,0,0,0,0,-,-,NA,NA,SAN DIEGO,VISTA,-117.22999572753906,33.21156692504883
9291447,2021,2021-08-26,3711,2021-07-08,1320,SD5952,NA,4,5,7,3711,0,0,0,NA,0,832,FAIRMOUNT AV,EL CAJON BL,0,NA,Y,A,-,N,NA,NA,NA,NA,NA,NA,NA,NA,NA,N,3,0,1,2,A,-,03,22350,NA,N,C,C,A,A,H,-,A,A,0,NA,NA,NA,NA,Y,NA,A,01,0,1,0,0,0,0,0,0,0,-,-,NA,NA,SAN DIEGO,SAN DIEGO,-117.100830078125,32.755069732666016
9293114,2021,2021-08-26,3711,2021-07-17,0255,SD1241,NA,6,5,7,3711,0,0,0,NA,0,627,4TH AV,WALNUT AV,0,NA,Y,B,-,N,NA,NA,NA,NA,NA,NA,NA,NA,NA,N,2,0,1,1,A,-,00,23104,A,N,E,I,A,A,H,-,C,D,0,NA,NA,NA,NA,Y,NA,-,NA,1,0,0,0,0,0,0,0,0,-,-,NA,NA,SAN DIEGO,SAN DIEGO,-117.1613540649414,32.741451263427734
9296686,2021,2021-09-09,3711,2021-08-10,1008,SD7834,NA,2,5,7,3711,0,0,0,NA,0,518,30TH ST,JUNIPER ST,0,NA,N,A,-,N,NA,NA,NA,NA,NA,NA,NA,NA,NA,N,4,0,1,2,A,-,-,NA,NA,N,G,B,E,A,H,-,A,D,0,Y,NA,NA,NA,Y,NA,N,60,0,0,1,0,1,0,0,0,0,-,-,NA,NA,SAN DIEGO,SAN DIEGO,-117.1301498413086,32.729644775390625
9297117,2021,2021-10-13,3711,2021-08-11,1530,SD1513,NA,3,5,7,3711,0,0,0,NA,0,624,FLORIDA ST,HOWARD AV,0,NA,Y,A,-,N,NA,NA,NA,NA,NA,NA,NA,NA,NA,N,3,0,1,2,A,-,17,21461,A,N,D,G,A,A,H,-,A,D,0,NA,Y,NA,NA,Y,NA,L,04,0,1,0,0,0,0,1,0,0,-,-,NA,NA,SAN DIEGO,SAN DIEGO,-117.14376831054688,32.754024505615234
9297201,2021,2021-09-16,3708,2021-07-28,2240,LM1282,NA,3,5,5,3708,0,0,0,NA,0,001,70TH ST,BRUCE CT,1,S,N,A,-,N,NA,NA,NA,NA,NA,NA,NA,NA,NA,Y,4,0,1,3,A,-,08,22107,NA,N,A,E,A,A,H,-,C,D,0,NA,NA,NA,NA,Y,NA,A,01,0,0,1,0,0,0,0,0,0,-,-,NA,NA,SAN DIEGO,LA MESA,-117.0469970703125,32.760467529296875
9297218,2021,2021-08-23,3705,2021-04-24,1920,EC0383,NA,6,5,5,3705,0,0,0,NA,0,002,N 2ND ST,EAST MAIN ST,620,N,N,B,-,N,NA,NA,NA,NA,NA,NA,NA,NA,NA,Y,4,0,1,2,A,-,09,21802,B,M,D,C,A,A,H,-,C,D,0,NA,NA,NA,NA,Y,NA,A,01,0,0,1,0,0,0,0,0,0,-,-,NA,NA,SAN DIEGO,EL CAJON,-116.93586730957033,32.797245025634766
9297812,2021,2021-09-03,3711,2021-07-25,0015,SD7177,NA,7,5,7,3711,0,0,0,NA,0,322,MISSION GORGE RD,ZION AV,800,N,N,B,-,N,NA,NA,NA,NA,NA,NA,NA,NA,NA,Y,4,0,1,4,A,-,08,22107,NA,N,B,E,A,B,H,-,C,A,0,NA,NA,NA,NA,Y,Y,A,01,0,0,1,0,0,0,0,0,0,-,-,NA,NA,SAN DIEGO,SAN DIEGO,-117.0963897705078,32.79484558105469
9299181,2021,2021-09-03,3711,2021-07-31,0006,SD1294,NA,6,5,7,3711,0,0,0,NA,0,526,4TH AV,CEDAR ST,0,NA,Y,A,-,N,NA,NA,NA,NA,NA,NA,NA,NA,NA,N,3,0,1,1,A,-,17,21229,A,N,A,I,A,A,H,-,C,A,0,NA,NA,NA,NA,Y,NA,M,94,0,1,0,0,0,0,0,0,0,-,-,NA,NA,SAN DIEGO,SAN DIEGO,-117.1611099243164,32.72196578979492
9300401,2021,2021-08-18,3711,2021-07-27,1400,SD1137,NA,2,5,7,3711,0,0,0,NA,0,114,GENESEE AV,BANNOCK AV,0,NA,Y,A,-,N,NA,NA,NA,NA,NA,NA,NA,NA,NA,Y,4,0,2,2,A,-,21,22106,NA,N,C,C,A,A,H,-,A,A,0,NA,NA,NA,NA,Y,Y,A,01,0,0,2,0,0,0,0,0,0,-,-,NA,NA,SAN DIEGO,SAN DIEGO,-117.1948699951172,32.83290100097656
9300504,2021,2021-08-10,3705,2021-06-29,1011,EC0279,NA,2,5,5,3705,0,0,0,NA,0,003,MADISON AV,2ND ST,0,NA,Y,B,-,N,NA,NA,NA,NA,NA,NA,NA,NA,NA,Y,4,0,1,2,A,-,09,21453,C,N,D,C,A,A,H,-,A,A,0,NA,NA,NA,NA,Y,NA,A,01,0,0,1,0,0,0,0,0,0,-,-,NA,NA,SAN DIEGO,EL CAJON,-116.93586730957033,32.8001594543457
9301792,2021,2023-06-21,3711,2021-06-12,0006,SD6967,NA,6,5,7,3711,0,0,0,NA,0,931,MIRA MESA BL,FLANDERS DR,85,E,N,A,-,N,NA,NA,NA,NA,NA,NA,NA,NA,NA,Y,1,1,0,2,A,-,11,21954,A,N,G,B,E,A,H,-,C,D,0,Y,NA,NA,NA,Y,NA,N,60,0,0,0,1,0,0,0,0,0,-,-,NA,NA,SAN DIEGO,SAN DIEGO,-117.17685699462892,32.90668487548828
9302809,2021,2021-08-31,3711,2021-07-29,1242,SD6929,NA,4,5,7,3711,0,0,0,NA,0,124,TORREY PINES RD,HILLSIDE DR,0,NA,Y,A,-,N,NA,NA,NA,NA,NA,NA,NA,NA,NA,Y,4,0,2,2,A,-,08,22107,NA,N,D,C,A,A,H,-,A,D,0,NA,NA,NA,NA,Y,NA,A,01,0,0,2,0,0,0,0,0,0,-,-,NA,NA,SAN DIEGO,SAN DIEGO,-117.26171112060548,32.84944152832031
9302812,2021,2021-08-30,3711,2021-07-19,0130,SD1144,NA,1,5,7,3711,0,0,0,NA,0,122,FANUEL ST,GARNET AV,0,NA,Y,-,-,N,NA,NA,NA,NA,NA,NA,NA,NA,NA,N,4,0,1,2,A,-,12,21453,A,N,-,-,A,-,-,-,-,-,0,NA,NA,NA,NA,Y,NA,A,01,0,0,1,0,0,0,0,0,0,-,-,NA,NA,SAN DIEGO,SAN DIEGO,-117.2463607788086,32.79855728149414
9302970,2021,2021-08-19,3711,2021-07-21,2013,SD1004,NA,3,5,7,3711,0,0,0,NA,0,234,BERNARDO CENTER DR,BERNARDO HEIGHTS PKWY,0,NA,Y,-,-,N,NA,NA,NA,NA,NA,NA,NA,NA,NA,N,3,0,2,2,-,-,-,NA,A,N,D,C,A,A,H,-,C,A,0,NA,NA,NA,NA,Y,NA,A,01,0,1,1,0,0,0,0,0,0,-,-,NA,NA,SAN DIEGO,SAN DIEGO,-117.0766830444336,33.015140533447266
9303857,2021,2021-08-17,3711,2021-08-04,1411,SD1519,NA,3,5,7,3711,0,0,0,NA,0,112,MOUNT ALIFAN DR,MOUNT ALIFAN PL,60,W,N,A,-,N,NA,NA,NA,NA,NA,NA,NA,NA,NA,N,3,0,1,3,A,-,08,22107,NA,N,B,E,A,A,H,-,A,D,0,NA,NA,NA,NA,Y,NA,A,01,0,1,0,0,0,0,0,0,0,-,-,NA,NA,SAN DIEGO,SAN DIEGO,-117.1797103881836,32.81758117675781
9303907,2021,2021-09-30,3711,2021-08-28,1524,SD8377,NA,6,5,7,3711,0,0,0,NA,0,521,MARKET ST,15TH ST,7,E,N,A,-,N,NA,NA,NA,NA,NA,NA,NA,NA,NA,N,4,0,1,2,A,-,08,22107,NA,N,B,C,A,A,H,-,A,D,0,NA,NA,NA,NA,Y,NA,A,01,0,0,1,0,0,0,0,0,0,-,-,NA,NA,SAN DIEGO,SAN DIEGO,-117.15036010742188,32.71152877807617
9303920,2021,2021-10-07,3711,2021-08-31,2043,SD7820,NA,2,5,7,3711,0,0,0,NA,0,712,CENTER ST,E SAN YSIDRO BLVD,0,NA,Y,A,-,N,NA,NA,NA,NA,NA,NA,NA,NA,NA,N,3,0,1,2,A,-,08,22107,NA,N,A,J,A,A,H,-,C,D,0,NA,NA,NA,NA,Y,NA,-,NA,0,1,0,0,0,0,0,0,0,-,-,NA,NA,SAN DIEGO,SAN DIEGO,-117.03987121582033,32.551639556884766
9306942,2021,2021-09-07,3705,2021-06-14,1439,EC0406,NA,1,5,5,3705,0,0,0,NA,0,004,ANDOVER RD,SOUTH 2ND ST,0,NA,Y,A,-,N,NA,NA,NA,NA,NA,NA,NA,NA,NA,N,3,0,2,2,A,-,09,21802,B,N,D,C,A,A,H,-,A,D,0,NA,NA,NA,NA,Y,NA,A,01,0,1,1,0,0,0,0,0,0,-,-,NA,NA,SAN DIEGO,EL CAJON,-116.93728637695313,32.788917541503906
9307067,2021,2021-09-13,3705,2021-08-19,1205,EC0219,NA,4,5,5,3705,0,0,0,NA,0,003,E MADISON AV,4TH ST,490,E,N,A,-,N,NA,NA,NA,NA,NA,NA,NA,NA,NA,N,4,0,1,2,A,-,11,21950,B,N,G,B,D,A,H,-,A,D,0,Y,NA,NA,NA,Y,NA,N,60,0,0,1,0,1,0,0,0,0,-,-,NA,NA,SAN DIEGO,EL CAJON,-116.91654205322266,32.80017852783203
9307543,2021,2021-10-12,3703,2021-08-09,0915,1386,2,1,5,3,3703,0,0,0,NA,0,002,7TH AV,ORANGE,55,W,N,A,-,N,NA,NA,NA,NA,NA,NA,NA,NA,NA,N,2,0,1,2,A,-,17,22517,NA,N,H,G,A,A,H,-,A,D,0,NA,Y,NA,NA,Y,NA,A,01,1,0,0,0,0,0,1,0,0,-,-,32.6917610168457,-117.17649841308594,SAN DIEGO,CORONADO,-117.17759704589844,32.6902961730957
9310414,2021,2021-10-02,3711,2021-08-08,0310,SD7698,NA,7,5,7,3711,0,0,0,NA,0,521,L ST,L ST 600,0,NA,N,A,-,N,NA,NA,NA,NA,NA,NA,NA,NA,NA,N,3,0,1,1,A,-,17,22109,NA,N,H,A,A,B,H,-,C,D,0,NA,Y,NA,NA,Y,Y,L,04,0,1,0,0,0,0,1,0,0,-,-,NA,NA,SAN DIEGO,SAN DIEGO,-117.05956268310548,32.62403869628906
9310538,2021,2021-10-02,3711,2021-08-07,0001,SD8404,NA,6,5,7,3711,0,0,0,NA,0,627,6TH AV,6TH AV 3500,0,NA,N,B,-,N,NA,NA,NA,NA,NA,NA,NA,NA,NA,N,3,0,1,1,D,-,00,NA,NA,N,H,-,A,A,H,-,C,D,0,NA,NA,NA,NA,Y,NA,-,-,0,1,0,0,0,0,0,0,0,-,-,NA,NA,SAN DIEGO,SAN DIEGO,-119.5719985961914,36.02153778076172
9310579,2021,2021-09-09,3702,2021-07-20,1235,CV1087,NA,2,5,6,3702,0,0,0,NA,0,012,BROADWAY,PARK WY,350,N,N,A,-,N,NA,NA,NA,NA,NA,NA,NA,NA,NA,Y,3,0,4,4,A,-,03,22350,NA,N,C,C,A,A,H,-,A,D,0,NA,NA,NA,NA,Y,NA,I,09,0,1,3,0,0,0,0,0,0,-,-,NA,NA,SAN DIEGO,CHULA VISTA,-117.0915069580078,32.63615036010742
9310588,2021,2021-09-09,3702,2021-07-03,1721,CV1269,NA,6,5,6,3702,0,0,0,NA,0,014,EAST H ST,HILLTOP DR,2079,E,N,B,-,N,NA,NA,NA,NA,NA,NA,NA,NA,NA,N,3,0,1,2,A,-,07,21658,A,N,B,C,A,A,H,-,A,D,0,NA,NA,Y,NA,Y,NA,C,02,0,1,0,0,0,0,0,0,1,-,-,NA,NA,SAN DIEGO,CHULA VISTA,-117.0649871826172,32.6378288269043
9312303,2021,2021-09-07,3711,2021-08-21,1058,SD6953,NA,6,5,7,3711,0,0,0,NA,0,611,PACIFIC HWY,ENTERPRISE ST,663,S,N,B,-,N,NA,NA,NA,NA,NA,NA,NA,NA,NA,Y,3,0,1,1,A,-,03,22350,NA,N,H,A,A,B,H,-,A,D,0,NA,NA,Y,NA,Y,NA,C,02,0,1,0,0,0,0,0,0,1,-,-,NA,NA,SAN DIEGO,SAN DIEGO,-117.19601440429688,32.74592208862305
9314406,2021,2021-10-12,3711,2021-08-17,1726,SD6499,NA,2,5,7,3711,0,0,0,NA,0,432,IMPERIAL AV,IMPERIAL AV 5400,0,NA,N,A,-,N,NA,NA,NA,NA,NA,NA,NA,NA,NA,N,3,0,1,2,A,-,08,22107,NA,N,B,C,A,A,H,-,A,D,0,NA,NA,Y,NA,Y,NA,C,02,0,1,0,0,0,0,0,0,1,-,-,NA,NA,SAN DIEGO,SAN DIEGO,NA,NA