CASE_ID,ACCIDENT_YEAR,PROC_DATE,JURIS,COLLISION_DATE,COLLISION_TIME,OFFICER_ID,REPORTING_DISTRICT,DAY_OF_WEEK,CHP_SHIFT,POPULATION,CNTY_CITY_LOC,SPECIAL_COND,BEAT_TYPE,CHP_BEAT_TYPE,CITY_DIVISION_LAPD,CHP_BEAT_CLASS,BEAT_NUMBER,PRIMARY_RD,SECONDARY_RD,DISTANCE,DIRECTION,INTERSECTION,WEATHER_1,WEATHER_2,STATE_HWY_IND,CALTRANS_COUNTY,CALTRANS_DISTRICT,STATE_ROUTE,ROUTE_SUFFIX,POSTMILE_PREFIX,POSTMILE,LOCATION_TYPE,RAMP_INTERSECTION,SIDE_OF_HWY,TOW_AWAY,COLLISION_SEVERITY,NUMBER_KILLED,NUMBER_INJURED,PARTY_COUNT,PRIMARY_COLL_FACTOR,PCF_CODE_OF_VIOL,PCF_VIOL_CATEGORY,PCF_VIOLATION,PCF_VIOL_SUBSECTION,HIT_AND_RUN,TYPE_OF_COLLISION,MVIW,PED_ACTION,ROAD_SURFACE,ROAD_COND_1,ROAD_COND_2,LIGHTING,CONTROL_DEVICE,CHP_ROAD_TYPE,PEDESTRIAN_ACCIDENT,BICYCLE_ACCIDENT,MOTORCYCLE_ACCIDENT,TRUCK_ACCIDENT,NOT_PRIVATE_PROPERTY,ALCOHOL_INVOLVED,STWD_VEHTYPE_AT_FAULT,CHP_VEHTYPE_AT_FAULT,COUNT_SEVERE_INJ,COUNT_VISIBLE_INJ,COUNT_COMPLAINT_PAIN,COUNT_PED_KILLED,COUNT_PED_INJURED,COUNT_BICYCLIST_KILLED,COUNT_BICYCLIST_INJURED,COUNT_MC_KILLED,COUNT_MC_INJURED,PRIMARY_RAMP,SECONDARY_RAMP,LATITUDE,LONGITUDE,COUNTY,CITY,POINT_X,POINT_Y
94637789,2025,2025-04-04,9680,2025-03-23,133,023523,NA,7,3,9,3700,0,2,4,NA,1,021,WILLOW GLEN DR,CAMPBELL LN,191,E,N,A,-,N,NA,NA,NA,NA,NA,NA,NA,NA,NA,Y,3,0,1,1,A,-,01,23152,A,N,E,8,A,A,H,-,D,A,0,NA,NA,NA,NA,Y,Y,A,01,0,1,0,0,0,0,0,0,0,-,-,32.7659912109375,-116.88417053222656,SAN DIEGO,UNINCORPORATED,-116.88422393798828,32.76603317260742
94639522,2025,2025-04-07,9650,2025-04-05,750,022031,NA,6,1,5,3782,0,1,1,NA,2,007,I-5 N/B,SANTA FE DR,1800,N,N,A,-,Y,SD,NA,5,NA,R,40.978,H,NA,R,Y,3,0,2,2,A,-,01,23152,A,N,C,C,A,A,H,-,A,D,0,NA,NA,NA,NA,Y,Y,A,01,0,2,0,0,0,0,0,0,0,-,-,33.04087829589844,-117.28439331054688,SAN DIEGO,ENCINITAS,-117.28441619873048,33.040870666503906
94639715,2025,2025-04-07,9650,2025-02-03,432,023467,NA,1,3,5,3712,0,1,3,NA,2,019,SR-78 W/B,RANCHO SANTA FE RD,89,E,N,A,-,Y,SD,NA,78,NA,NA,10.634,H,NA,L,Y,1,1,0,1,C,-,18,NA,NA,N,E,H,A,A,H,-,C,D,0,NA,NA,Y,NA,Y,NA,-,-,0,0,0,0,0,0,0,1,0,-,-,33.14997100830078,-117.19792175292967,SAN DIEGO,SAN MARCOS,-117.19790649414063,33.14998245239258
94639728,2025,2025-04-07,9650,2025-01-05,1320,022739,NA,7,1,9,3700,0,3,5,NA,2,213,EAST GRADE ROAD,CRESTLINE ROAD,2640,E,N,A,-,N,NA,NA,NA,NA,NA,NA,NA,NA,NA,Y,1,2,0,2,A,-,05,21460,A,N,A,C,A,A,H,-,A,D,0,NA,NA,Y,NA,Y,NA,C,02,0,0,0,0,0,0,0,2,0,-,-,33.305999755859375,-116.85630798339844,SAN DIEGO,UNINCORPORATED,-116.85718536376952,33.30697250366211
94639816,2025,2025-04-07,9645,2025-03-31,1715,023563,NA,1,2,7,3711,0,1,1,NA,2,010,I-8 WESTBOUND,FAIRMOUNT AVE,1300,E,N,B,-,Y,SD,NA,8,NA,NA,6.542,H,NA,L,N,4,0,2,2,A,-,03,22350,NA,N,C,C,A,A,H,-,A,D,0,NA,NA,NA,NA,Y,NA,A,07,0,0,2,0,0,0,0,0,0,-,-,32.77988052368164,-117.09691619873048,SAN DIEGO,SAN DIEGO,-117.09693145751952,32.77993392944336
94640236,2025,2025-04-07,9680,2025-03-29,1125,016102,NA,6,1,9,3700,0,1,3,NA,1,041,STATE ROUTE 188 (SR-188),HUMPHRIES ROAD,30,S,N,A,-,Y,SD,NA,188,NA,NA,0.564,H,NA,R,Y,3,0,1,1,A,-,08,22107,NA,N,E,8,A,A,H,-,A,D,0,NA,NA,NA,NA,Y,NA,A,01,0,1,0,0,0,0,0,0,0,-,-,32.58246994018555,-116.63320922851563,SAN DIEGO,UNINCORPORATED,-116.6333236694336,32.5824089050293
94640807,2025,2025-04-08,9680,2025-03-29,925,024181,NA,6,1,9,3700,0,3,5,NA,2,002,HARNESS ST,SWEETWATER LN,190,W,N,A,-,N,NA,NA,NA,NA,NA,NA,NA,NA,NA,Y,4,0,1,2,A,-,21,22106,NA,N,C,C,A,A,H,-,A,D,0,NA,NA,NA,NA,Y,NA,A,08,0,0,1,0,0,0,0,0,0,-,-,32.71900939941406,-117.00640106201172,SAN DIEGO,UNINCORPORATED,-117.0063247680664,32.718971252441406
94646716,2025,2025-04-11,9680,2025-03-31,1525,024181,NA,1,2,9,3700,0,3,5,NA,2,002,FURY LN,WIEGHORST WAY,500,W,N,B,-,N,NA,NA,NA,NA,NA,NA,NA,NA,NA,Y,4,0,1,1,A,-,03,22350,NA,N,E,I,A,B,H,-,A,D,0,NA,NA,NA,NA,Y,NA,A,01,0,0,1,0,0,0,0,0,0,-,-,32.75135040283203,-116.9439697265625,SAN DIEGO,UNINCORPORATED,-116.94367980957033,32.75153350830078
94648362,2025,2025-04-22,9645,2025-04-09,940,020515,NA,3,1,7,3711,0,1,1,NA,2,005,I-5 N/B,MISSION BAY DRIVE,4277,N,N,A,-,Y,SD,NA,5,NA,R,24.762,H,NA,R,Y,4,0,2,2,A,-,08,22107,NA,N,E,8,A,A,H,-,A,D,0,NA,NA,NA,NA,Y,NA,A,07,0,0,2,0,0,0,0,0,0,-,-,32.821678161621094,-117.22866821289063,SAN DIEGO,SAN DIEGO,-117.22856903076172,32.821754455566406
94648371,2025,2025-04-14,9645,2025-04-09,840,020515,NA,3,1,7,3711,0,1,1,NA,2,010,I-8 W/B,PRESIDIO PARK,1426,E,N,A,-,Y,SD,NA,8,NA,NA,1.23,H,NA,L,Y,3,0,1,3,A,-,03,22350,NA,N,C,2,A,A,H,-,A,D,0,NA,NA,NA,NA,Y,NA,A,01,0,1,0,0,0,0,0,0,0,-,-,32.759620666503906,-117.18351745605467,SAN DIEGO,SAN DIEGO,-117.18351745605467,32.759613037109375
94648398,2025,2025-04-14,9645,2025-04-06,100,023233,NA,7,3,7,3711,0,1,1,NA,2,001,INTERSTATE 5 NORTHBOUND,PALOMAR STREET,265,S,N,A,-,Y,SD,NA,5,NA,NA,5.997,H,NA,R,Y,2,0,1,1,A,-,08,22107,NA,N,E,I,A,A,H,-,C,D,0,NA,NA,NA,NA,Y,Y,A,01,1,0,0,0,0,0,0,0,0,-,-,32.603519439697266,-117.08956146240234,SAN DIEGO,SAN DIEGO,-117.08977508544922,32.60350036621094
94648555,2025,2025-04-14,9645,2025-04-11,745,017473,NA,5,1,7,3711,0,1,3,NA,2,006,SR-94 W/B,COLLEGE GROVE WAY,2000,W,N,A,-,Y,SD,NA,94,NA,NA,7.043,H,NA,L,Y,3,0,1,1,A,-,03,22350,NA,N,F,A,A,A,H,-,A,D,0,NA,NA,Y,NA,Y,NA,C,02,0,1,0,0,0,0,0,0,1,-,-,32.734100341796875,-117.05844116210938,SAN DIEGO,SAN DIEGO,-117.0585479736328,32.73417282104492
94650521,2025,2025-04-15,9645,2025-02-11,800,018987,NA,2,1,7,3711,0,1,1,NA,2,011,I-805 NORTHBOUND,SR-15 FREEWAY,1584,S,N,A,-,Y,SD,NA,805,NA,NA,14.353,H,NA,R,N,4,0,1,2,A,-,07,21658,A,N,B,C,A,A,H,-,A,D,0,NA,NA,Y,NA,Y,NA,A,07,0,0,1,0,0,0,0,0,1,-,-,32.72990036010742,-117.10765838623048,SAN DIEGO,SAN DIEGO,-117.1076202392578,32.729957580566406
94651629,2025,2025-04-16,9650,2025-04-09,120,020348,NA,3,3,5,3782,0,1,1,NA,2,007,I-5 N/B,VIA DEL VALLE,2400,N,N,E,-,Y,SD,NA,5,NA,R,36.74,H,NA,R,N,4,0,1,1,A,-,01,23152,A,N,E,8,A,A,H,-,C,D,0,NA,NA,NA,NA,Y,Y,A,01,0,0,1,0,0,0,0,0,0,-,-,32.9864616394043,-117.25511169433594,SAN DIEGO,ENCINITAS,-117.25498962402344,32.986473083496094
94652092,2024,2025-04-16,9645,2024-07-30,2350,022845,NA,2,3,7,3711,0,1,1,NA,2,010,INTERSTATE 8 EASTBOUND,COLLEGE AVENUE,2805,E,N,A,-,Y,SD,NA,8,NA,NA,8.876,H,NA,R,Y,1,1,0,2,A,-,13,22515,A,N,G,1,A,A,H,-,D,D,0,NA,NA,NA,NA,Y,NA,A,07,0,0,0,0,0,0,0,0,0,-,-,32.77769088745117,-117.05744171142578,SAN DIEGO,SAN DIEGO,-117.05744171142578,32.7776985168457
94653046,2025,2025-04-17,9650,2025-04-10,1510,022588,NA,4,2,9,3700,0,3,5,NA,2,006,HARRIS TRL,DE LUZ RD,530,E,N,A,-,N,NA,NA,NA,NA,NA,NA,NA,NA,NA,Y,3,0,1,1,A,-,08,22107,NA,N,F,A,A,A,H,-,A,D,0,NA,NA,NA,NA,Y,NA,A,07,0,1,0,0,0,0,0,0,0,-,-,33.410621643066406,-117.26988220214844,SAN DIEGO,UNINCORPORATED,-117.27197265625,33.409088134765625
94655826,2025,2025-04-21,9650,2025-04-16,2353,020340,NA,3,3,9,3700,0,1,1,NA,2,003,INTERSTATE 5 NORTHBOUND,ALISO CREEK REST AREA,1000,S,N,A,-,Y,SD,NA,5,NA,R,58.979,H,NA,R,N,4,0,1,2,A,-,07,21658,A,N,B,C,A,A,H,-,D,D,0,NA,NA,NA,NA,Y,NA,A,07,0,0,1,0,0,0,0,0,0,-,-,33.26390075683594,-117.43099975585938,SAN DIEGO,UNINCORPORATED,-117.43096923828124,33.263916015625
9465732,2022,2023-01-04,3711,2022-11-30,1433,SD1766,NA,3,5,7,3711,0,0,0,NA,0,838,ORANGE AV,ORANGE AV 3700,0,NA,N,A,-,N,NA,NA,NA,NA,NA,NA,NA,NA,NA,Y,3,0,1,4,A,-,03,22350,NA,M,C,C,A,A,H,-,A,-,0,NA,NA,NA,NA,Y,NA,A,01,0,1,0,0,0,0,0,0,0,-,-,NA,NA,SAN DIEGO,SAN DIEGO,-117.1740951538086,32.69593811035156
94658009,2025,2025-04-22,9650,2025-04-10,1050,022588,NA,4,1,6,3710,0,3,5,NA,2,006,DE LUZ RD,HARRIS TRAIL,1500,S,N,A,-,N,NA,NA,NA,NA,NA,NA,NA,NA,NA,Y,2,0,1,1,A,-,06,21750,A,N,E,I,A,A,H,-,A,D,0,NA,NA,Y,NA,Y,NA,C,02,1,0,0,0,0,0,0,0,1,-,-,33.40795135498047,-117.26966094970705,SAN DIEGO,OCEANSIDE,-117.26962280273438,33.407691955566406
9466050,2022,2022-12-09,3700,2022-10-29,0304,SH0739,NA,6,5,4,3720,0,0,0,NA,0,602,LEMON GROVE AV,NORTH AV,0,NA,Y,A,-,N,NA,NA,NA,NA,NA,NA,NA,NA,NA,Y,4,0,1,2,A,-,03,22350,NA,N,E,I,A,A,H,-,D,D,0,NA,NA,NA,Y,Y,NA,F,26,0,0,1,0,0,0,0,0,0,-,-,NA,NA,SAN DIEGO,LEMON GROVE,-117.03118133544922,32.74457550048828
94666800,2025,2025-04-28,9645,2025-04-24,755,024355,NA,4,1,7,3711,0,1,1,NA,2,009,I-805 NB,LOGAN AVE,140,N,N,A,-,Y,SD,NA,805,NA,NA,11.867,H,NA,R,Y,4,0,1,3,A,-,03,22350,NA,N,C,C,A,A,H,-,A,D,0,NA,NA,NA,NA,Y,NA,A,01,0,0,1,0,0,0,0,0,0,-,-,32.69729995727539,-117.09481048583984,SAN DIEGO,SAN DIEGO,-117.09481048583984,32.69729995727539
94667234,2025,2025-04-28,9650,2025-04-25,40,023467,NA,5,3,5,3712,0,1,3,NA,2,019,SR-78 E/B,LAS POSAS RD,1478,W,N,A,-,Y,SD,NA,78,NA,NA,10.908,H,NA,R,Y,4,0,1,1,A,-,03,22350,NA,N,E,J,A,A,H,-,D,D,0,NA,NA,NA,NA,Y,NA,A,01,0,0,1,0,0,0,0,0,0,-,-,33.14693832397461,-117.19467926025392,SAN DIEGO,SAN MARCOS,-117.19464874267578,33.14696502685547
9467195,2023,2023-03-04,3711,2023-01-05,2105,SD6414,NA,4,5,7,3711,0,0,0,NA,0,837,HOME AV,GATEWAY DR,800,S,N,C,-,N,NA,NA,NA,NA,NA,NA,NA,NA,NA,Y,3,0,1,2,A,-,08,22107,NA,N,B,E,A,B,G,-,C,D,0,NA,NA,NA,NA,Y,NA,A,01,0,1,0,0,0,0,0,0,0,-,-,NA,NA,SAN DIEGO,SAN DIEGO,-117.10921478271484,32.7215461730957
94672424,2025,2025-05-02,9680,2025-04-21,1544,016372,NA,1,2,9,3700,0,1,3,NA,2,016,SR-67,LAKESIDE AVE,0,NA,Y,A,-,Y,SD,NA,67,NA,R,6.108,H,NA,R,N,4,0,1,2,A,-,09,21802,A,N,D,C,A,A,H,-,A,A,0,NA,NA,NA,NA,Y,NA,D,22,0,0,1,0,0,0,0,0,0,-,-,32.87187957763672,-116.923828125,SAN DIEGO,UNINCORPORATED,-116.92377471923828,32.871891021728516
94673037,2025,2025-05-02,9645,2025-04-27,30,023413,NA,7,3,7,3711,0,1,3,NA,2,023,SR-163 N/B,FRIARS ROAD,3263,N,N,A,-,Y,SD,NA,163,NA,NA,5.011,H,NA,R,Y,4,0,1,1,A,-,01,23152,F,N,E,I,A,A,H,-,C,D,0,NA,NA,NA,NA,Y,NA,A,01,0,0,1,0,0,0,0,0,0,-,-,32.7806282043457,-117.16287994384766,SAN DIEGO,SAN DIEGO,-117.16280364990234,32.78062438964844
94673084,2025,2025-05-02,9680,2025-04-22,1400,020780,NA,2,2,9,3700,0,3,5,NA,2,002,KENWOOD DRIVE,HELIX STREET,0,NA,Y,A,-,N,NA,NA,NA,NA,NA,NA,NA,NA,NA,Y,4,0,2,2,A,-,09,21800,A,N,D,C,A,A,H,-,A,A,0,NA,NA,NA,NA,Y,NA,A,07,0,0,2,0,0,0,0,0,0,-,-,32.74454879760742,-116.99884033203124,SAN DIEGO,UNINCORPORATED,-116.998779296875,32.74457550048828
94673761,2025,2025-05-05,9680,2025-03-08,2010,023492,NA,6,2,5,3708,0,1,1,NA,2,081,I-8 E/B,LAKE MURRAY BLVD,260,E,N,A,-,Y,SD,NA,8,NA,NA,9.648,H,NA,R,Y,4,0,2,3,A,-,01,23152,A,N,D,2,A,A,H,-,C,D,0,NA,NA,NA,NA,Y,Y,A,01,0,0,2,0,0,0,0,0,0,-,-,32.77373123168945,-117.0452117919922,SAN DIEGO,LA MESA,-117.04522705078124,32.773704528808594
9467520,2023,2023-02-17,3711,2023-01-20,1845,SD1806,NA,5,5,7,3711,0,0,0,NA,0,313,CONVOY ST,CLAIREMONT MESA BL,0,NA,Y,-,-,N,NA,NA,NA,NA,NA,NA,NA,NA,NA,Y,4,0,1,2,A,-,12,21453,A,N,A,C,A,A,H,-,-,A,0,NA,NA,NA,NA,Y,NA,A,01,0,0,1,0,0,0,0,0,0,-,-,NA,NA,SAN DIEGO,SAN DIEGO,-117.15328216552734,32.83274841308594
9467536,2023,2023-02-22,3711,2023-01-11,1406,SD1269,NA,3,5,7,3711,0,0,0,NA,0,124,TORREY PINES RD,AMALFI ST,0,NA,Y,A,-,N,NA,NA,NA,NA,NA,NA,NA,NA,NA,N,4,0,1,2,A,-,03,22350,NA,N,D,G,A,A,H,-,A,D,0,NA,Y,NA,NA,Y,NA,A,01,0,0,1,0,0,0,1,0,0,-,-,NA,NA,SAN DIEGO,SAN DIEGO,-117.2639617919922,32.84843444824219
9467559,2023,2023-03-03,3711,2023-01-08,150,SD7808,NA,7,5,7,3711,0,0,0,NA,0,937,CARMEL VALLEY RD,BLACK MOUNTAIN RD,1275,S,N,A,-,N,NA,NA,NA,NA,NA,NA,NA,NA,NA,Y,3,0,1,1,A,-,03,22350,NA,N,E,I,A,A,H,-,C,D,0,NA,NA,NA,NA,Y,Y,A,01,0,1,0,0,0,0,0,0,0,-,-,NA,NA,SAN DIEGO,SAN DIEGO,-117.13511657714844,32.98286437988281
94675600,2025,2025-05-05,9650,2025-04-29,1250,017392,NA,2,1,9,3700,0,3,5,NA,2,070,DEL DIOS HIGHWAY,LUNA DE MIEL,0,NA,Y,A,-,Y,NA,NA,NA,NA,NA,NA,NA,NA,NA,N,3,0,1,2,A,-,09,21802,A,N,D,C,A,A,H,-,A,A,0,NA,NA,NA,NA,Y,NA,D,22,0,1,0,0,0,0,0,0,0,-,-,33.034610748291016,-117.1727294921875,SAN DIEGO,UNINCORPORATED,-117.17267608642578,33.03462600708008
9467950,2022,2023-01-13,3705,2022-11-09,0640,EC0425,NA,3,5,5,3705,0,0,0,NA,0,002,BROADWAY,GRAVES AV,10,E,N,A,-,N,NA,NA,NA,NA,NA,NA,NA,NA,NA,Y,4,0,3,2,A,-,09,21453,C,N,D,C,A,A,H,-,C,A,0,NA,NA,NA,NA,Y,NA,A,01,0,0,3,0,0,0,0,0,0,-,-,NA,NA,SAN DIEGO,EL CAJON,-116.96035766601563,32.80778121948242
9467961,2022,2023-01-04,3709,2022-12-04,0430,NC0542,NA,7,5,5,3709,0,0,0,NA,0,021,EAST PLAZA BL,E PLAZA BL 1735,0,NA,-,A,-,N,NA,NA,NA,NA,NA,NA,NA,NA,NA,Y,4,0,1,1,A,-,01,23152,A,M,A,I,A,A,H,-,C,D,0,NA,NA,NA,NA,Y,Y,A,01,0,0,1,0,0,0,0,0,0,-,-,32.67665100097656,-117.08685302734376,SAN DIEGO,NATIONAL CITY,-117.10619354248048,32.67412185668945
94679824,2025,2025-05-08,9650,2025-05-07,2159,020343,NA,3,2,9,3700,0,3,5,NA,2,191,HARMONY GROVE RD,VIA AMBIENTE,795,W,N,A,-,N,NA,NA,NA,NA,NA,NA,NA,NA,NA,Y,2,0,1,1,A,-,03,22350,NA,N,F,I,A,A,H,-,D,D,0,NA,NA,Y,NA,Y,NA,-,-,1,0,0,0,0,0,0,0,1,-,-,33.07579040527344,-117.16177368164063,SAN DIEGO,UNINCORPORATED,-117.16487121582033,33.073150634765625
94681879,2025,2025-05-09,9680,2025-04-29,1625,020116,NA,2,2,5,3708,0,1,1,NA,2,081,I-8 W/B,SEVERIN DR,950,E,N,A,-,Y,SD,NA,8,NA,NA,12.84,H,NA,L,Y,3,0,1,2,A,-,03,22350,NA,N,C,C,A,A,H,-,A,D,0,NA,NA,NA,NA,Y,NA,D,22,0,1,0,0,0,0,0,0,0,-,-,32.77935028076172,-116.99392700195313,SAN DIEGO,LA MESA,-116.99392700195313,32.77933883666992
9468189,2022,2023-01-23,3710,2022-06-29,0534,OC1526,NA,3,5,6,3710,0,0,0,NA,0,006,RT 76,NORTH COAST HWY,97,E,N,A,-,N,NA,NA,NA,NA,NA,NA,NA,NA,NA,Y,3,0,1,1,A,-,03,22350,NA,N,E,B,A,A,H,-,A,D,0,NA,NA,Y,NA,Y,NA,C,02,0,1,0,0,0,0,0,0,1,WF,-,NA,NA,SAN DIEGO,OCEANSIDE,-117.3839111328125,33.201690673828125
94685924,2025,2025-05-13,9645,2025-05-13,1055,016156,NA,2,1,7,3711,0,1,1,NA,2,010,I-8 W/B,PRESIDIO PARK O/C,1478,W,N,B,-,Y,SD,NA,8,NA,R,0.663,H,NA,L,Y,3,0,1,2,A,-,03,22350,NA,N,C,C,A,A,H,-,A,D,0,NA,NA,NA,NA,Y,NA,A,01,0,1,0,0,0,0,0,0,0,-,-,32.76068878173828,-117.19306182861328,SAN DIEGO,SAN DIEGO,-117.19307708740234,32.7606201171875
94689411,2024,2025-05-15,9680,2024-06-03,1257,018697,NA,1,1,9,3700,0,3,5,NA,2,002,FURY LN,WIEGHORST WAY,13,N,N,A,-,N,NA,NA,NA,NA,NA,NA,NA,NA,NA,Y,4,0,2,4,A,-,01,23152,A,N,A,C,A,A,H,-,A,A,0,NA,NA,NA,NA,Y,Y,A,01,0,0,2,0,0,0,0,0,0,-,-,32.75130844116211,-116.9423370361328,SAN DIEGO,UNINCORPORATED,-116.94219207763672,32.751220703125
94691862,2025,2025-05-19,9645,2025-05-15,840,017139,NA,4,1,7,3711,0,1,3,NA,2,006,SR-94 W/B,32ND ST U/C,100,E,N,A,-,Y,SD,NA,94,NA,NA,2.71,H,NA,L,N,4,0,1,2,A,-,03,22350,NA,N,C,C,A,A,H,-,A,A,0,NA,NA,NA,NA,Y,NA,A,07,0,0,1,0,0,0,0,0,0,-,-,32.71495819091797,-117.12580871582033,SAN DIEGO,SAN DIEGO,-117.12579345703124,32.71492004394531
94695438,2025,2025-05-21,9650,2025-05-12,1410,019270,NA,1,2,9,3700,0,3,5,NA,2,006,LIVE OAK PARK RD,RECHE RD,80,N,N,A,-,N,NA,NA,NA,NA,NA,NA,NA,NA,NA,N,4,0,1,2,A,-,09,21804,A,N,D,C,A,A,H,-,A,D,0,NA,NA,NA,NA,Y,NA,E,22,0,0,1,0,0,0,0,0,0,-,-,33.3674201965332,-117.20828247070313,SAN DIEGO,UNINCORPORATED,-117.208251953125,33.36703872680664
9470035,2023,2023-09-21,3711,2023-08-29,1248,SD6863,NA,2,5,7,3711,0,0,0,NA,0,615,TALBOT ST,CANON ST,0,NA,Y,A,-,N,NA,NA,NA,NA,NA,NA,NA,NA,NA,N,4,0,1,3,A,-,12,21453,A,N,A,C,A,A,H,-,A,A,0,NA,NA,NA,NA,Y,NA,A,08,0,0,1,0,0,0,0,0,0,-,-,NA,NA,SAN DIEGO,SAN DIEGO,-117.24368286132813,32.72229766845703
94701995,2025,2025-05-27,9645,2025-05-20,540,022845,NA,2,3,7,3711,0,1,3,NA,1,004,SR-75 W/B,HARBOR DRIVE,57,W,N,A,-,Y,SD,NA,75,NA,R,21.938,H,NA,L,N,3,0,1,2,A,-,03,22350,NA,N,C,C,A,A,H,-,D,D,0,NA,NA,NA,NA,Y,NA,A,01,0,1,0,0,0,0,0,0,0,-,-,32.69731903076172,-117.14610290527344,SAN DIEGO,SAN DIEGO,-117.14598846435548,32.69725036621094
94702244,2025,2025-05-27,9680,2025-05-15,1705,023436,NA,4,2,9,3700,0,2,4,NA,1,010,WOODSIDE AVE,RIVERVIEW AVE,0,NA,Y,A,-,N,NA,NA,NA,NA,NA,NA,NA,NA,NA,Y,3,0,1,2,A,-,12,21453,A,N,D,C,A,A,H,-,A,A,0,NA,NA,NA,NA,Y,NA,D,22,0,1,0,0,0,0,0,0,0,-,-,32.855228424072266,-116.93711090087892,SAN DIEGO,UNINCORPORATED,-116.9370574951172,32.85527420043945
9470356,2023,2023-09-19,3711,2023-08-25,1100,SD1569,NA,5,5,7,3711,0,0,0,NA,0,234,CAMINO DEL NORTE,CAMINO DEL NORTE 15300,0,NA,-,A,-,N,NA,NA,NA,NA,NA,NA,NA,NA,NA,N,3,0,1,2,A,-,10,21950,A,N,B,G,A,A,H,-,A,A,0,NA,Y,NA,NA,Y,NA,-,NA,0,1,0,0,0,0,1,0,0,-,-,NA,NA,SAN DIEGO,SAN DIEGO,NA,NA
94703903,2025,2025-05-28,9645,2025-05-20,225,021470,NA,2,3,7,3711,0,1,1,NA,2,001,I-5 NORTHBOUND,SR-905,100,N,N,A,-,Y,NA,NA,NA,NA,NA,NA,NA,NA,NA,Y,4,0,1,2,A,-,03,22350,NA,N,C,C,A,A,H,-,C,D,0,NA,NA,NA,NA,Y,NA,A,01,0,0,1,0,0,0,0,0,0,-,-,32.58518981933594,-117.07395935058594,SAN DIEGO,SAN DIEGO,-117.07324981689452,32.56523132324219
94704187,2024,2025-05-28,9680,2024-10-18,1658,017928,NA,5,2,9,3700,0,1,3,NA,1,052,STATE ROUTE 78,OLD JULIAN HIGHWAY,165,W,N,A,-,Y,SD,NA,78,NA,NA,45.129,H,NA,R,Y,1,1,0,2,A,-,01,23152,G,N,A,C,A,A,H,-,A,D,0,NA,NA,Y,NA,Y,Y,-,-,0,0,0,0,0,0,0,1,0,-,-,33.06538009643555,-116.74736785888672,SAN DIEGO,UNINCORPORATED,-116.74736785888672,33.065391540527344
94705239,2025,2025-05-29,9645,2025-05-22,1640,022506,NA,4,2,7,3711,0,1,1,NA,2,007,INTERSTATE-5 N/B,NOBEL DRIVE,3907,S,N,A,-,Y,SD,NA,5,NA,R,27.411,H,NA,R,Y,3,0,4,2,A,-,03,22350,NA,N,C,C,A,A,H,-,A,D,0,NA,NA,NA,NA,Y,NA,A,07,0,1,3,0,0,0,0,0,0,-,-,32.857391357421875,-117.2305908203125,SAN DIEGO,SAN DIEGO,-117.2305145263672,32.85737991333008
94705368,2025,2025-05-29,9645,2025-05-24,1155,017473,NA,6,1,7,3711,0,1,1,NA,2,010,I-8 W/B,TEXAS ST.,100,E,N,A,-,Y,SD,NA,8,NA,NA,3.923,H,NA,L,Y,3,0,1,3,A,-,03,22350,NA,N,C,C,A,A,H,-,A,D,0,NA,NA,NA,NA,Y,NA,A,07,0,1,0,0,0,0,0,0,0,-,-,32.77022933959961,-117.13948059082033,SAN DIEGO,SAN DIEGO,-117.13943481445313,32.77010726928711
94705643,2025,2025-05-29,9650,2025-05-25,1235,022480,NA,7,1,5,3713,0,1,3,NA,2,017,STATE ROUTE 78,VISTA VILLAGE DR,0,NA,Y,A,-,Y,NA,NA,NA,NA,NA,NA,NA,NA,NA,N,3,0,1,2,A,-,21,22106,NA,N,G,B,B,A,H,-,A,A,0,Y,NA,NA,NA,Y,NA,A,01,0,1,0,0,1,0,0,0,0,-,-,33.19535827636719,-117.24944305419922,SAN DIEGO,VISTA,-117.2502212524414,33.19480895996094
9470611,2023,2023-10-23,3700,2023-09-01,1555,SH3910,NA,5,5,5,3712,0,0,0,NA,0,355,GRAND AV,SOUTH PACIFIC ST,0,NA,Y,B,-,N,NA,NA,NA,NA,NA,NA,NA,NA,NA,Y,3,0,6,2,A,-,09,21801,A,N,D,C,A,A,H,-,A,D,0,NA,NA,NA,NA,Y,NA,A,01,0,1,5,0,0,0,0,0,0,-,-,NA,NA,SAN DIEGO,SAN MARCOS,-117.19597625732422,33.144508361816406