CASE_ID,ACCIDENT_YEAR,PROC_DATE,JURIS,COLLISION_DATE,COLLISION_TIME,OFFICER_ID,REPORTING_DISTRICT,DAY_OF_WEEK,CHP_SHIFT,POPULATION,CNTY_CITY_LOC,SPECIAL_COND,BEAT_TYPE,CHP_BEAT_TYPE,CITY_DIVISION_LAPD,CHP_BEAT_CLASS,BEAT_NUMBER,PRIMARY_RD,SECONDARY_RD,DISTANCE,DIRECTION,INTERSECTION,WEATHER_1,WEATHER_2,STATE_HWY_IND,CALTRANS_COUNTY,CALTRANS_DISTRICT,STATE_ROUTE,ROUTE_SUFFIX,POSTMILE_PREFIX,POSTMILE,LOCATION_TYPE,RAMP_INTERSECTION,SIDE_OF_HWY,TOW_AWAY,COLLISION_SEVERITY,NUMBER_KILLED,NUMBER_INJURED,PARTY_COUNT,PRIMARY_COLL_FACTOR,PCF_CODE_OF_VIOL,PCF_VIOL_CATEGORY,PCF_VIOLATION,PCF_VIOL_SUBSECTION,HIT_AND_RUN,TYPE_OF_COLLISION,MVIW,PED_ACTION,ROAD_SURFACE,ROAD_COND_1,ROAD_COND_2,LIGHTING,CONTROL_DEVICE,CHP_ROAD_TYPE,PEDESTRIAN_ACCIDENT,BICYCLE_ACCIDENT,MOTORCYCLE_ACCIDENT,TRUCK_ACCIDENT,NOT_PRIVATE_PROPERTY,ALCOHOL_INVOLVED,STWD_VEHTYPE_AT_FAULT,CHP_VEHTYPE_AT_FAULT,COUNT_SEVERE_INJ,COUNT_VISIBLE_INJ,COUNT_COMPLAINT_PAIN,COUNT_PED_KILLED,COUNT_PED_INJURED,COUNT_BICYCLIST_KILLED,COUNT_BICYCLIST_INJURED,COUNT_MC_KILLED,COUNT_MC_INJURED,PRIMARY_RAMP,SECONDARY_RAMP,LATITUDE,LONGITUDE,COUNTY,CITY,POINT_X,POINT_Y
9689712,2024,2024-06-06,3702,2024-04-11,1540,CV1515,NA,4,5,6,3702,0,0,0,NA,0,021,BAY BL,MARINA PKWY,485,S,N,A,-,N,NA,NA,NA,NA,NA,NA,NA,NA,NA,Y,4,0,4,3,A,-,03,22350,NA,N,C,E,A,A,H,-,A,D,0,NA,NA,NA,NA,Y,NA,A,01,0,0,4,0,0,0,0,0,0,-,-,NA,NA,SAN DIEGO,CHULA VISTA,-117.09391021728516,32.62078857421875
9690494,2024,2024-06-21,3711,2024-04-20,1433,SD6461,NA,6,5,7,3711,0,0,0,NA,0,115,NOBEL DRIVE,JUDICIAL DR,100,W,N,A,-,N,NA,NA,NA,NA,NA,NA,NA,NA,NA,N,4,0,1,2,A,-,08,22107,NA,N,B,C,A,A,H,-,A,D,0,NA,NA,NA,NA,Y,NA,A,07,0,0,1,0,0,0,0,0,0,-,-,NA,NA,SAN DIEGO,SAN DIEGO,-117.19747924804688,32.86719512939453
9690508,2024,2024-06-21,3711,2024-04-18,1941,SD1611,NA,4,5,7,3711,0,0,0,NA,0,444,MARKET ST,GATEWAY CENTER WY,0,NA,Y,A,-,N,NA,NA,NA,NA,NA,NA,NA,NA,NA,N,3,0,1,2,A,-,03,22350,NA,M,G,C,A,A,H,-,C,D,0,NA,NA,NA,NA,Y,NA,A,01,0,1,0,0,0,0,0,0,0,-,-,NA,NA,SAN DIEGO,SAN DIEGO,-117.11215209960938,32.71147918701172
9691352,2024,2024-04-13,3700,2024-03-17,832,SH3319,NA,7,5,5,3712,0,0,0,NA,0,357,NORTH TWIN OAKS VALLEY DR,SAN MARCOS  BL,340,S,N,A,-,N,NA,NA,NA,NA,NA,NA,NA,NA,NA,Y,4,0,1,3,A,-,09,21453,C,N,D,C,A,A,H,-,A,A,0,NA,NA,NA,NA,Y,NA,A,01,0,0,1,0,0,0,0,0,0,-,-,NA,NA,SAN DIEGO,SAN MARCOS,-117.16392517089844,33.140201568603516
9691590,2024,2024-05-14,3702,2024-03-25,1010,CV1504,NA,1,5,6,3702,0,0,0,NA,0,014,BONITA RD,RT 805,0,NA,Y,A,-,Y,SD,11,805,-,-,7.713,R,4,S,Y,3,0,1,2,A,-,12,21453,A,F,B,C,A,A,H,-,A,A,0,NA,NA,NA,NA,Y,NA,A,07,0,1,0,0,0,0,0,0,0,-,-,NA,NA,SAN DIEGO,CHULA VISTA,-117.06048583984376,32.64729690551758
9691594,2024,2024-05-09,3702,2024-03-24,2130,CV1533,NA,7,5,6,3702,0,0,0,NA,0,014,BONITA RD,RT 805,0,NA,Y,B,-,Y,SD,11,805,-,-,7.955,R,4,N,Y,4,0,1,2,A,-,12,21453,A,N,D,C,A,A,H,-,C,A,0,NA,NA,NA,NA,Y,NA,A,07,0,0,1,0,0,0,0,0,0,-,-,NA,NA,SAN DIEGO,CHULA VISTA,-117.06349182128906,32.64935302734375
9691767,2024,2024-06-03,3711,2024-03-31,100,SD1988,NA,7,5,7,3711,0,0,0,NA,0,524,F STREET,7TH AV,105,E,N,A,F,N,NA,NA,NA,NA,NA,NA,NA,NA,NA,N,4,0,1,2,A,-,08,22107,NA,M,B,C,A,A,H,-,C,A,0,NA,NA,NA,NA,Y,NA,-,99,0,0,1,0,0,0,0,0,0,-,-,NA,NA,SAN DIEGO,SAN DIEGO,-117.15796661376952,32.7136344909668
9691771,2024,2024-05-15,3711,2024-03-30,220,SD8404,NA,6,5,7,3711,0,0,0,NA,0,614,NIMITZ BL,WEST POINT LOMA BL,0,NA,Y,B,-,N,NA,NA,NA,NA,NA,NA,NA,NA,NA,Y,4,0,1,2,A,-,12,21453,A,M,D,C,A,A,H,-,C,A,0,NA,NA,NA,NA,Y,NA,A,01,0,0,1,0,0,0,0,0,0,-,-,NA,NA,SAN DIEGO,SAN DIEGO,-117.23612213134766,32.751243591308594
9692494,2024,2024-06-26,3711,2024-04-30,924,SD1648,NA,2,5,7,3711,0,0,0,NA,0,821,MATARO DR,ARAGON DR,435,N,-,A,-,N,NA,NA,NA,NA,NA,NA,NA,NA,NA,Y,4,0,1,2,B,-,22,NA,NA,N,A,E,A,A,H,-,A,D,0,NA,NA,NA,NA,Y,NA,A,01,0,0,1,0,0,0,0,0,0,-,-,NA,NA,SAN DIEGO,SAN DIEGO,-117.05729675292967,32.76142883300781
9692495,2024,2024-07-11,3711,2024-05-02,945,SD7759,NA,4,5,7,3711,0,0,0,NA,0,122,MISSION BL,MISSION BL 4400,0,NA,-,A,-,N,NA,NA,NA,NA,NA,NA,NA,NA,NA,N,4,0,1,2,A,-,08,22107,NA,M,D,C,A,A,H,-,A,-,0,NA,NA,NA,NA,Y,Y,A,07,0,0,1,0,0,0,0,0,0,-,-,NA,NA,SAN DIEGO,SAN DIEGO,-117.23729705810548,33.25777053833008
9692658,2024,2024-07-10,3711,2024-05-01,2500,SD6176,NA,3,5,7,3711,0,0,0,NA,0,452,63RD ST,IMPERIAL AV,528,S,N,A,-,N,NA,NA,NA,NA,NA,NA,NA,NA,NA,N,3,0,1,2,A,-,08,22107,NA,M,G,B,E,A,H,-,A,D,0,Y,NA,NA,NA,Y,NA,-,NA,0,1,0,0,1,0,0,0,0,-,-,NA,NA,SAN DIEGO,SAN DIEGO,-117.0623779296875,32.708621978759766
9692673,2024,2024-07-10,3711,2024-05-02,1040,SD7984,NA,4,5,7,3711,0,0,0,NA,0,831,EUCLID AV,EL CAJON BL,37,S,N,A,-,N,NA,NA,NA,NA,NA,NA,NA,NA,NA,N,4,0,1,2,A,-,21,22106,NA,M,C,C,A,A,H,-,A,A,0,NA,NA,NA,NA,Y,NA,-,NA,0,0,1,0,0,0,0,0,0,-,-,NA,NA,SAN DIEGO,SAN DIEGO,-117.09220886230467,32.75593948364258
9692815,2024,2024-09-05,3711,2024-05-01,934,SD7247,NA,3,5,7,3711,0,0,0,NA,0,937,CAMINO DEL SUR,CASEY GLEN,0,NA,Y,A,-,N,NA,NA,NA,NA,NA,NA,NA,NA,NA,Y,3,0,2,2,A,-,08,22107,NA,N,D,C,A,A,H,-,A,A,0,NA,NA,NA,NA,Y,NA,A,01,0,2,0,0,0,0,0,0,0,-,-,NA,NA,SAN DIEGO,SAN DIEGO,-117.1417999267578,33.021514892578125
9693132,2024,2024-05-31,3711,2024-04-24,1930,SD1226,NA,3,5,7,3711,0,0,0,NA,0,832,UNIVERSITY AV,41ST ST,60,W,N,A,-,N,NA,NA,NA,NA,NA,NA,NA,NA,NA,N,4,0,2,2,A,-,08,22107,NA,N,A,C,A,A,H,-,C,D,0,NA,NA,NA,NA,Y,NA,A,01,0,0,2,0,0,0,0,0,0,-,-,NA,NA,SAN DIEGO,SAN DIEGO,-117.1071319580078,32.749691009521484
9693211,2024,2024-07-16,3711,2024-05-08,655,SD5985,NA,3,5,7,3711,0,0,0,NA,0,511,MAIN ST,SOUTH 32ND ST,200,W,N,B,-,N,NA,NA,NA,NA,NA,NA,NA,NA,NA,N,3,0,1,1,A,-,03,22350,NA,N,F,A,A,A,H,-,A,D,0,NA,NA,Y,NA,Y,NA,C,02,0,1,0,0,0,0,0,0,1,-,-,NA,NA,SAN DIEGO,SAN DIEGO,-117.12583160400392,32.692726135253906
9693231,2024,2024-05-31,3711,2024-04-30,1712,SD1985,NA,2,5,7,3711,0,0,0,NA,0,838,UNIVERSITY AV,UNIVERSITY AV 3425,0,NA,Y,A,-,N,NA,NA,NA,NA,NA,NA,NA,NA,NA,N,3,0,1,2,B,-,22,NA,NA,N,B,C,A,A,H,-,A,D,0,NA,NA,Y,NA,Y,Y,A,01,0,1,0,0,0,0,0,0,1,-,-,NA,NA,SAN DIEGO,SAN DIEGO,-117.16390228271484,32.74827194213867
9695374,2024,2024-06-21,3711,2024-04-13,1,SD1837,NA,6,5,7,3711,0,0,0,NA,0,722,CORONADO AV,SATURN BL,0,NA,Y,A,-,N,NA,NA,NA,NA,NA,NA,NA,NA,NA,N,4,0,1,2,A,-,12,21453,A,N,B,C,A,A,H,-,C,A,0,NA,NA,NA,NA,Y,NA,A,01,0,0,1,0,0,0,0,0,0,-,-,NA,NA,SAN DIEGO,SAN DIEGO,-117.09273529052734,32.576499938964844
9695376,2024,2024-06-21,3711,2024-04-11,1640,SD8404,NA,4,5,7,3711,0,0,0,NA,0,613,LYTTON ST,ROSECRANS ST,20,E,N,A,-,N,NA,NA,NA,NA,NA,NA,NA,NA,NA,N,4,0,1,2,A,-,03,22350,NA,M,C,C,A,A,H,-,A,A,0,NA,NA,NA,NA,Y,NA,-,99,0,0,1,0,0,0,0,0,0,-,-,NA,NA,SAN DIEGO,SAN DIEGO,-117.21254730224608,32.74428939819336
9696014,2024,2024-06-27,3711,2024-04-07,1953,SD1703,NA,7,5,7,3711,0,0,0,NA,0,934,DEL MAR HEIGHTS RD,PASEO PL,19,W,N,A,-,N,NA,NA,NA,NA,NA,NA,NA,NA,NA,Y,4,0,3,3,A,-,12,21453,A,N,D,C,A,A,H,-,C,A,0,NA,NA,NA,NA,Y,NA,A,01,0,0,3,0,0,0,0,0,0,-,-,NA,NA,SAN DIEGO,SAN DIEGO,-117.23673248291016,32.95282745361328
9696660,2024,2024-06-21,3709,2024-04-09,1141,NC0541,NA,2,5,5,3709,0,0,0,NA,0,021,EAST PLAZA BL,EAST PLAZA BL 1900,0,NA,N,A,-,N,NA,NA,NA,NA,NA,NA,NA,NA,NA,N,4,0,1,2,A,-,03,22350,NA,N,C,C,A,A,H,-,A,A,0,NA,NA,NA,NA,Y,NA,A,01,0,0,1,0,0,0,0,0,0,-,-,NA,NA,SAN DIEGO,NATIONAL CITY,-117.10619354248048,32.67412185668945
9696912,2024,2024-07-03,3710,2024-04-10,1453,OC1521,NA,3,5,6,3710,0,0,0,NA,0,021,FRAZEE RD,RAWHIDE WY,98,W,N,A,-,N,NA,NA,NA,NA,NA,NA,NA,NA,NA,Y,4,0,1,2,A,-,08,22107,NA,N,C,E,A,A,D,-,A,D,0,NA,NA,NA,NA,Y,NA,A,01,0,0,1,0,0,0,0,0,0,-,-,NA,NA,SAN DIEGO,OCEANSIDE,-117.31092834472656,33.23563766479492
9697106,2024,2024-06-25,3711,2024-04-23,1631,SD6000,NA,2,5,7,3711,0,0,0,NA,0,814,ARTHUR AVE,MANSFIELD ST 5000,9,E,N,A,-,N,NA,NA,NA,NA,NA,NA,NA,NA,NA,Y,4,0,1,1,A,-,03,22350,NA,N,E,I,A,A,H,-,A,D,0,NA,NA,NA,NA,Y,Y,A,07,0,0,1,0,0,0,0,0,0,-,-,NA,NA,SAN DIEGO,SAN DIEGO,-117.11824035644533,32.7690315246582
9697322,2024,2024-09-20,3700,2024-03-25,1218,SH3606,NA,1,5,5,3712,0,0,0,NA,0,355,RANCHO SANTA FE RD,RT 78,0,NA,Y,A,-,Y,SD,11,78,-,-,10.451,R,4,E,N,4,0,1,3,A,-,09,21453,B,N,B,C,A,A,H,-,A,A,0,NA,NA,NA,Y,Y,NA,A,01,0,0,1,0,0,0,0,0,0,-,EF,NA,NA,SAN DIEGO,SAN MARCOS,-117.20025634765624,33.15166473388672
9697475,2024,2024-06-21,3700,2024-04-18,1745,SH0844,NA,4,5,5,3713,0,0,0,NA,0,301,NORTH SANTA FE AV,TAYLOR ST,60,S,N,A,-,N,NA,NA,NA,NA,NA,NA,NA,NA,NA,N,4,0,1,2,A,-,03,22350,NA,N,C,C,A,A,H,-,A,A,0,NA,NA,NA,NA,Y,NA,A,01,0,0,1,0,0,0,0,0,0,-,-,NA,NA,SAN DIEGO,VISTA,-117.24787902832033,33.229026794433594
9697981,2024,2024-08-30,3711,2024-04-15,913,SD5654,NA,1,5,7,3711,0,0,0,NA,0,613,CATALINA BL,CATALINA BL 2100,0,NA,Y,A,-,N,NA,NA,NA,NA,NA,NA,NA,NA,NA,N,3,0,1,2,A,-,03,22350,NA,N,B,G,A,A,H,-,A,A,0,NA,Y,NA,Y,Y,NA,L,04,0,1,0,0,0,0,1,0,0,-,-,NA,NA,SAN DIEGO,SAN DIEGO,-117.24591827392578,32.720977783203125
9698099,2024,2024-06-25,3700,2024-03-14,5,SH3384,NA,4,5,5,3781,0,0,0,NA,0,513,TOWN CENTER PKWY,MISSION GORGE RD,453,N,N,B,-,N,NA,NA,NA,NA,NA,NA,NA,NA,NA,Y,3,0,1,1,A,-,03,22350,NA,N,E,I,A,A,H,-,C,D,0,NA,NA,Y,NA,Y,NA,C,02,0,1,0,0,0,0,0,0,1,-,-,NA,NA,SAN DIEGO,SANTEE,-116.98853302001952,32.840003967285156
9698121,2024,2024-07-11,3711,2024-05-05,304,SD7520,NA,7,5,7,3711,0,0,0,NA,0,514,MARKET ST,19TH STREET,0,NA,Y,A,-,N,NA,NA,NA,NA,NA,NA,NA,NA,NA,Y,4,0,2,2,A,-,12,21453,A,M,D,C,A,A,H,-,C,A,0,NA,NA,NA,NA,Y,Y,A,01,0,0,2,0,0,0,0,0,0,-,-,NA,NA,SAN DIEGO,SAN DIEGO,-117.14675903320313,32.711544036865234
9698343,2024,2024-08-01,3711,2024-05-06,1725,SD1139,NA,1,5,7,3711,0,0,0,NA,0,124,NOBEL DR,LA JOLLA VILLAGE SQUARE DR,120,W,N,A,-,N,NA,NA,NA,NA,NA,NA,NA,NA,NA,N,3,0,1,2,A,-,11,21950,B,N,G,B,D,A,H,-,A,D,0,Y,NA,NA,NA,Y,NA,N,60,0,1,0,0,1,0,0,0,0,-,-,NA,NA,SAN DIEGO,SAN DIEGO,-117.2316665649414,32.867855072021484
9698778,2024,2024-06-18,3711,2024-04-20,2126,SD1684,NA,6,5,7,3711,0,0,0,NA,0,432,DIVISION ST,PARADISE RD,117,E,N,A,-,N,NA,NA,NA,NA,NA,NA,NA,NA,NA,N,4,0,1,2,D,-,00,NA,NA,N,G,B,D,A,H,-,D,D,0,Y,NA,NA,NA,Y,NA,-,-,0,0,1,0,1,0,0,0,0,-,-,NA,NA,SAN DIEGO,SAN DIEGO,-117.07528686523438,32.69229507446289
9699160,2024,2024-05-21,3700,2024-02-09,1605,SH0817,NA,5,5,5,3712,0,0,0,NA,0,360,QUAIL HILL DR,MC MAHR DR,190,E,N,B,-,N,NA,NA,NA,NA,NA,NA,NA,NA,NA,Y,2,0,2,2,A,-,05,21650,NA,N,A,C,A,B,H,-,A,D,0,NA,NA,Y,NA,Y,NA,C,02,1,0,1,0,0,0,0,0,1,-,-,NA,NA,SAN DIEGO,SAN MARCOS,-117.18978118896484,33.123687744140625
9699839,2024,2024-06-04,3700,2024-03-17,1456,SH0739,NA,7,5,4,3720,0,0,0,NA,0,602,LEMON GROVE AV,GOLDEN AV,60,W,N,A,-,N,NA,NA,NA,NA,NA,NA,NA,NA,NA,N,4,0,1,2,A,-,09,21801,A,N,D,C,A,A,-,-,A,D,0,NA,NA,NA,NA,Y,NA,A,01,0,0,1,0,0,0,0,0,0,-,-,NA,NA,SAN DIEGO,LEMON GROVE,-117.03067016601563,32.7418098449707
9700576,2024,2024-06-21,3700,2024-04-09,703,SH1147,NA,2,5,5,3782,0,0,0,NA,0,212,LEUCADIA BL,SAXONY RD,0,NA,Y,A,-,N,NA,NA,NA,NA,NA,NA,NA,NA,NA,N,3,0,3,2,A,-,09,21802,B,N,D,C,A,A,H,-,A,A,0,NA,NA,NA,NA,Y,NA,A,01,0,1,2,0,0,0,0,0,0,-,-,NA,NA,SAN DIEGO,ENCINITAS,-117.28546905517578,33.065242767333984
9700590,2024,2024-06-13,3702,2024-04-30,1309,CV1555,NA,2,5,6,3702,0,0,0,NA,0,014,CORTE MARIA AV,E ST,0,NA,Y,A,-,N,NA,NA,NA,NA,NA,NA,NA,NA,NA,Y,2,0,2,2,A,-,09,21802,A,N,D,C,A,A,H,-,A,D,0,NA,NA,Y,NA,Y,NA,A,07,1,1,0,0,0,0,0,0,1,-,-,NA,NA,SAN DIEGO,CHULA VISTA,-117.07145690917967,32.64751052856445
9700954,2024,2024-08-01,3708,2024-05-11,1532,LM1302,NA,6,5,5,3708,0,0,0,NA,0,001,UNIVERSITY AV,LA MESA BL,0,NA,Y,A,-,N,NA,NA,NA,NA,NA,NA,NA,NA,NA,N,4,0,1,2,A,-,00,21650,A,N,G,J,A,A,H,-,A,A,0,NA,NA,NA,NA,Y,NA,-,NA,0,0,1,0,0,0,0,0,0,-,-,NA,NA,SAN DIEGO,LA MESA,-117.02645874023438,32.764930725097656
9702095,2024,2024-06-11,3700,2024-04-17,1557,SH0811,NA,3,5,3,3783,0,0,0,NA,0,273,S HWY 101,LOMAS SANTA FE DR,0,NA,Y,A,-,N,NA,NA,NA,NA,NA,NA,NA,NA,NA,Y,4,0,2,2,A,-,03,22350,NA,N,C,C,A,A,H,-,A,A,0,NA,NA,NA,NA,Y,NA,A,01,0,0,2,0,0,0,0,0,0,-,-,NA,NA,SAN DIEGO,SOLANA BEACH,-117.27169036865234,32.99190139770508
9702248,2024,2024-07-09,3702,2024-06-13,825,CV1521,NA,4,5,6,3702,0,0,0,NA,0,011,E ST,E ST 700 BLK,83,S,N,A,-,N,NA,NA,NA,NA,NA,NA,NA,NA,NA,N,4,0,1,2,A,-,21,22106,NA,N,G,B,B,A,H,-,A,A,0,Y,NA,NA,NA,Y,NA,A,07,0,0,1,0,1,0,0,0,0,-,-,NA,NA,SAN DIEGO,CHULA VISTA,-117.2939453125,33.04462814331055
9702374,2024,2024-07-09,3711,2024-06-09,1446,SD7707,NA,7,5,7,3711,0,0,0,NA,0,522,PACIFIC HWY,G ST,42,W,N,A,-,N,NA,NA,NA,NA,NA,NA,NA,NA,NA,N,4,0,5,5,A,-,03,22350,NA,N,C,C,A,A,H,-,A,B,0,NA,NA,NA,NA,Y,NA,A,01,0,0,5,0,0,0,0,0,0,-,-,NA,NA,SAN DIEGO,SAN DIEGO,-117.17104339599608,32.712520599365234
9702643,2024,2024-08-12,3708,2024-05-21,1606,LM1284,NA,2,5,5,3708,0,0,0,NA,0,002,GOLONDRINA DR,BANCRAFT DR,5,S,N,A,-,N,NA,NA,NA,NA,NA,NA,NA,NA,NA,Y,3,0,1,1,A,-,03,22350,NA,N,H,J,A,A,G,-,A,D,0,NA,NA,Y,NA,Y,NA,C,02,0,1,0,0,0,0,0,0,1,-,-,NA,NA,SAN DIEGO,LA MESA,-117.00142669677734,32.76401901245117
9703894,2024,2024-08-28,3709,2024-06-06,155,NC0525,NA,4,5,5,3709,0,0,0,NA,0,023,SWEETWATER RD,RT 805,0,NA,Y,A,-,Y,SD,11,805,-,-,9.232,R,4,N,Y,4,0,2,2,A,-,04,21703,NA,N,C,C,A,A,H,-,C,A,0,NA,NA,NA,NA,Y,NA,A,01,0,0,2,0,0,0,0,0,0,-,-,NA,NA,SAN DIEGO,NATIONAL CITY,-117.07840728759766,32.662940979003906
9706374,2024,2024-07-11,3711,2024-05-28,1420,SD1785,NA,2,5,7,3711,0,0,0,NA,0,124,RT 52,REGENTS RD,0,NA,N,A,-,Y,SD,11,52,-,-,1.16,R,1,E,N,4,0,1,2,D,-,00,NA,NA,N,C,C,A,A,H,-,A,-,0,NA,NA,NA,NA,Y,NA,-,-,0,0,1,0,0,0,0,0,0,EF,-,NA,NA,SAN DIEGO,SAN DIEGO,-117.22064208984376,32.8404655456543
9706429,2024,2024-06-26,3708,2024-04-24,1019,LM1206,NA,3,5,5,3708,0,0,0,NA,0,001,MASSACHUSETTS AV,BLACKTON DR,0,NA,Y,A,-,N,NA,NA,NA,NA,NA,NA,NA,NA,NA,Y,2,0,1,2,A,-,01,23152,G,N,A,C,A,A,H,-,A,D,0,NA,NA,NA,NA,Y,Y,A,01,1,0,0,0,0,0,0,0,0,-,-,NA,NA,SAN DIEGO,LA MESA,-117.0434112548828,32.75334167480469
9706512,2024,2024-07-15,3711,2024-06-25,1837,SD7227,NA,2,5,7,3711,0,0,0,NA,0,234,BERNARDO DR,RT 15,0,NA,Y,A,-,N,NA,NA,NA,NA,NA,NA,NA,NA,NA,N,3,0,1,2,A,-,03,22350,NA,N,B,C,A,A,H,-,A,A,0,NA,NA,NA,NA,Y,NA,A,01,0,1,0,0,0,0,0,0,0,-,SF,NA,NA,SAN DIEGO,SAN DIEGO,NA,NA
9706516,2024,2024-08-07,3711,2024-06-22,1423,SD4310,NA,6,5,7,3711,0,0,0,NA,0,524,A ST,11TH AV,0,NA,Y,A,-,Y,SD,11,163,-,-,0.531,I,5,N,Y,4,0,1,2,A,-,12,21453,A,N,D,C,A,A,H,-,A,A,0,NA,NA,NA,NA,Y,NA,A,01,0,0,1,0,0,0,0,0,0,-,-,NA,NA,SAN DIEGO,SAN DIEGO,-117.1547393798828,32.7188835144043
9706753,2024,2024-07-08,3702,2024-05-09,1942,CV0967,NA,4,5,6,3702,0,0,0,NA,0,012,BROADWAY,I ST,555,N,N,A,-,N,NA,NA,NA,NA,NA,NA,NA,NA,NA,N,3,0,1,2,A,-,11,21954,A,N,G,B,D,A,H,-,C,D,0,Y,NA,NA,NA,Y,NA,N,60,0,1,0,0,1,0,0,0,0,-,-,NA,NA,SAN DIEGO,CHULA VISTA,-117.0886688232422,32.62893295288086
9706790,2024,2024-07-03,3711,2024-05-09,2343,SD1917,NA,4,5,7,3711,0,0,0,NA,0,116,BALBOA AV,MORAGA AV,149,S,N,A,-,N,NA,NA,NA,NA,NA,NA,NA,NA,NA,Y,3,0,1,1,A,-,08,22107,NA,N,F,I,A,A,H,-,C,A,0,NA,NA,NA,NA,Y,NA,A,01,0,1,0,0,0,0,0,0,0,-,-,NA,NA,SAN DIEGO,SAN DIEGO,-117.21099853515624,32.8077507019043
9706827,2024,2024-07-16,3711,2024-05-15,1750,SD6629,NA,3,5,7,3711,0,0,0,NA,0,441,S WEST ST,IMPERIAL AV,15,N,N,A,-,N,NA,NA,NA,NA,NA,NA,NA,NA,NA,N,4,0,1,2,A,-,04,21703,NA,N,C,C,A,A,H,-,A,A,0,NA,NA,NA,NA,Y,NA,A,01,0,0,1,0,0,0,0,0,0,-,-,NA,NA,SAN DIEGO,SAN DIEGO,-117.0969009399414,32.70415115356445
9706865,2024,2024-07-03,3702,2024-05-14,1623,CV1533,NA,2,5,6,3702,0,0,0,NA,0,031,BONITA RD,ALLEN SCHOOL RD,394,W,N,B,-,N,NA,NA,NA,NA,NA,NA,NA,NA,NA,Y,4,0,1,1,A,-,17,21229,A,N,E,I,A,A,H,-,A,D,0,NA,NA,Y,NA,Y,NA,C,03,0,0,1,0,0,0,0,0,1,-,-,NA,NA,SAN DIEGO,CHULA VISTA,-117.03765106201172,32.65986633300781
9706868,2024,2024-07-08,3702,2024-05-07,2155,CV1502,NA,2,5,6,3702,0,0,0,NA,0,022,OXFORD ST,HILLTOP DR,0,NA,Y,A,-,N,NA,NA,NA,NA,NA,NA,NA,NA,NA,Y,3,0,3,5,A,-,12,21453,A,F,D,C,A,A,H,-,C,A,0,NA,NA,NA,NA,Y,NA,A,01,0,1,2,0,0,0,0,0,0,-,-,NA,NA,SAN DIEGO,CHULA VISTA,-117.0555419921875,32.613643646240234
9707253,2024,2024-07-23,3711,2024-05-28,2029,SD7682,NA,2,5,7,3711,0,0,0,NA,0,446,IMPERIAL AV,47TH ST,0,NA,Y,A,-,N,NA,NA,NA,NA,NA,NA,NA,NA,NA,Y,4,0,3,2,A,-,03,22350,NA,N,D,C,A,A,H,-,C,A,0,NA,NA,NA,NA,Y,NA,A,01,0,0,3,0,0,0,0,0,0,-,-,NA,NA,SAN DIEGO,SAN DIEGO,-117.09369659423828,32.70414733886719
9707470,2024,2024-08-15,3711,2024-06-08,907,SD1626,NA,6,5,7,3711,0,0,0,NA,0,813,30TH ST,HOWARD AVE,226,S,N,A,-,N,NA,NA,NA,NA,NA,NA,NA,NA,NA,N,3,0,1,2,A,-,08,22102,NA,N,D,C,A,A,H,-,A,D,0,NA,NA,Y,NA,Y,NA,A,01,0,1,0,0,0,0,0,0,1,-,-,NA,NA,SAN DIEGO,SAN DIEGO,-117.13020324707033,32.75345230102539
9708717,2024,2024-07-15,3700,2024-05-07,1557,SH3684,NA,2,5,5,3713,0,0,0,NA,0,303,EAST VISTA WY,MEADOW LAKE DR,356,N,N,A,-,N,NA,NA,NA,NA,NA,NA,NA,NA,NA,N,3,0,3,2,A,-,09,21804,A,N,D,C,A,A,H,-,A,A,0,NA,NA,NA,NA,Y,NA,A,01,0,1,2,0,0,0,0,0,0,-,-,NA,NA,SAN DIEGO,VISTA,-117.22875213623048,33.21292495727539
9710979,2024,2024-08-21,3708,2024-07-08,1431,LM8313,NA,1,5,5,3708,0,0,0,NA,0,003,FLETCHER PKWY,BALTIMORE DR,0,NA,Y,A,-,N,NA,NA,NA,NA,NA,NA,NA,NA,NA,Y,4,0,2,2,A,-,09,21453,C,N,A,C,A,A,H,-,A,A,0,NA,NA,NA,NA,Y,NA,A,01,0,0,2,0,0,0,0,0,0,-,-,NA,NA,SAN DIEGO,LA MESA,-117.02743530273438,32.773868560791016
9711301,2024,2024-09-09,3708,2024-07-29,1048,LM8305,NA,1,5,5,3708,0,0,0,NA,0,002,GROSSMONT BL,RT 125,47,E,N,A,-,Y,SD,11,125,-,R,15.345,R,4,S,Y,4,0,3,2,A,-,03,22350,NA,N,C,C,A,A,H,-,B,A,0,NA,NA,NA,NA,Y,NA,A,07,0,0,3,0,0,0,0,0,0,-,SF,NA,NA,SAN DIEGO,LA MESA,-117.00349426269533,32.77655792236328
9711501,2024,2024-08-23,3700,2024-07-04,912,SH7085,NA,4,5,5,3713,0,0,0,NA,0,307,VALLEY DR,FIRESIDE LN,147,N,N,A,-,N,NA,NA,NA,NA,NA,NA,NA,NA,NA,Y,4,0,1,1,A,-,08,22107,NA,N,E,I,A,A,H,-,A,D,0,NA,NA,NA,NA,Y,NA,A,01,0,0,1,0,0,0,0,0,0,-,-,NA,NA,SAN DIEGO,VISTA,-117.21331787109376,33.192413330078125
9712884,2024,2024-08-15,3711,2024-06-12,320,AS1593,NA,3,5,7,3711,0,0,0,NA,0,243,MIRAMAR RD,CLAYTON DR,0,NA,Y,B,-,N,NA,NA,NA,NA,NA,NA,NA,NA,NA,Y,2,0,1,1,A,-,03,22350,NA,N,F,A,A,A,H,-,C,A,0,NA,NA,Y,NA,Y,Y,C,02,1,0,0,0,0,0,0,0,1,-,-,NA,NA,SAN DIEGO,SAN DIEGO,-117.1309814453125,32.89370346069336