CASE_ID,ACCIDENT_YEAR,PROC_DATE,JURIS,COLLISION_DATE,COLLISION_TIME,OFFICER_ID,REPORTING_DISTRICT,DAY_OF_WEEK,CHP_SHIFT,POPULATION,CNTY_CITY_LOC,SPECIAL_COND,BEAT_TYPE,CHP_BEAT_TYPE,CITY_DIVISION_LAPD,CHP_BEAT_CLASS,BEAT_NUMBER,PRIMARY_RD,SECONDARY_RD,DISTANCE,DIRECTION,INTERSECTION,WEATHER_1,WEATHER_2,STATE_HWY_IND,CALTRANS_COUNTY,CALTRANS_DISTRICT,STATE_ROUTE,ROUTE_SUFFIX,POSTMILE_PREFIX,POSTMILE,LOCATION_TYPE,RAMP_INTERSECTION,SIDE_OF_HWY,TOW_AWAY,COLLISION_SEVERITY,NUMBER_KILLED,NUMBER_INJURED,PARTY_COUNT,PRIMARY_COLL_FACTOR,PCF_CODE_OF_VIOL,PCF_VIOL_CATEGORY,PCF_VIOLATION,PCF_VIOL_SUBSECTION,HIT_AND_RUN,TYPE_OF_COLLISION,MVIW,PED_ACTION,ROAD_SURFACE,ROAD_COND_1,ROAD_COND_2,LIGHTING,CONTROL_DEVICE,CHP_ROAD_TYPE,PEDESTRIAN_ACCIDENT,BICYCLE_ACCIDENT,MOTORCYCLE_ACCIDENT,TRUCK_ACCIDENT,NOT_PRIVATE_PROPERTY,ALCOHOL_INVOLVED,STWD_VEHTYPE_AT_FAULT,CHP_VEHTYPE_AT_FAULT,COUNT_SEVERE_INJ,COUNT_VISIBLE_INJ,COUNT_COMPLAINT_PAIN,COUNT_PED_KILLED,COUNT_PED_INJURED,COUNT_BICYCLIST_KILLED,COUNT_BICYCLIST_INJURED,COUNT_MC_KILLED,COUNT_MC_INJURED,PRIMARY_RAMP,SECONDARY_RAMP,LATITUDE,LONGITUDE,COUNTY,CITY,POINT_X,POINT_Y
9712934,2024,2024-08-27,3711,2024-06-16,219,SD7335,NA,7,5,7,3711,0,0,0,NA,0,124,LA JOLLA SCENIC DR,SOLEDAD MOUNTAIN RD,63,N,N,A,-,N,NA,NA,NA,NA,NA,NA,NA,NA,NA,Y,3,0,5,4,A,-,08,22107,NA,N,C,E,A,A,H,-,C,D,0,NA,NA,NA,NA,Y,Y,A,01,0,3,2,0,0,0,0,0,0,-,-,NA,NA,SAN DIEGO,SAN DIEGO,-117.2488250732422,32.835201263427734
9713114,2024,2024-08-27,3711,2024-06-15,1405,SD1847,NA,6,5,7,3711,0,0,0,NA,0,113,BALBOA AV,BALBOA AV 3900,0,NA,Y,A,-,N,NA,NA,NA,NA,NA,NA,NA,NA,NA,N,4,0,1,2,A,-,03,22350,NA,N,C,C,A,A,H,-,A,D,0,NA,NA,NA,NA,Y,NA,D,22,0,0,1,0,0,0,0,0,0,-,-,NA,NA,SAN DIEGO,SAN DIEGO,-117.23413848876952,32.79947280883789
9713948,2024,2024-08-06,3709,2024-06-18,537,NC0521,NA,2,5,5,3709,0,0,0,NA,0,024,NATIONAL CITY BL,W 35TH ST,0,NA,Y,A,-,N,NA,NA,NA,NA,NA,NA,NA,NA,NA,N,4,0,1,2,A,-,09,21453,C,N,G,G,A,A,H,-,A,A,0,NA,Y,NA,NA,Y,NA,A,01,0,0,1,0,0,0,1,0,0,-,-,NA,NA,SAN DIEGO,NATIONAL CITY,-117.09696197509766,32.650291442871094
9713997,2024,2024-08-07,3711,2024-06-27,1811,SD7708,NA,4,5,7,3711,0,0,0,NA,0,628,WEST WASHINGTON ST,HAWK ST,0,NA,Y,A,-,N,NA,NA,NA,NA,NA,NA,NA,NA,NA,Y,3,0,2,2,A,-,03,22350,NA,M,A,E,A,A,H,-,A,D,0,NA,NA,NA,NA,Y,Y,A,01,0,1,1,0,0,0,0,0,0,-,-,NA,NA,SAN DIEGO,SAN DIEGO,-117.17230987548828,32.74977493286133
9714018,2024,2024-08-08,3711,2024-06-24,2323,SD7826,NA,1,5,7,3711,0,0,0,NA,0,517,26TH ST,RUSS BL,25,S,N,A,-,N,NA,NA,NA,NA,NA,NA,NA,NA,NA,N,4,0,1,3,A,-,01,23152,B,N,C,C,A,A,H,-,C,D,0,NA,NA,NA,NA,Y,Y,A,01,0,0,1,0,0,0,0,0,0,-,-,NA,NA,SAN DIEGO,SAN DIEGO,-117.1382293701172,32.71935272216797
9714022,2024,2024-10-04,3711,2024-06-19,1507,SD6564,NA,3,5,7,3711,0,0,0,NA,0,123,SEA WORLD DR,RT 5,0,NA,Y,A,-,Y,SD,11,5,-,R,20.701,R,4,S,N,3,0,1,2,-,-,-,NA,NA,N,B,C,A,A,H,-,A,A,0,NA,NA,Y,NA,Y,NA,A,01,0,1,0,0,0,0,0,0,1,-,SO,NA,NA,SAN DIEGO,SAN DIEGO,-117.20635223388672,32.7682991027832
9714023,2024,2024-09-20,3711,2024-06-15,1448,SD6104,NA,6,5,7,3711,0,0,0,NA,0,114,GENESEE AV,RT 52,0,NA,Y,A,-,Y,SD,11,52,-,-,2.656,R,4,E,Y,4,0,1,3,A,-,09,21453,C,N,D,C,A,A,D,-,A,A,0,NA,NA,NA,NA,Y,NA,A,01,0,0,1,0,0,0,0,0,0,-,WO,NA,NA,SAN DIEGO,SAN DIEGO,-117.1968994140625,32.84563064575195
9714244,2024,2024-08-16,3711,2024-06-29,1947,SD1362,NA,6,5,7,3711,0,0,0,NA,0,242,LIPSCOMB DR,COAST LN,80,E,N,A,-,N,NA,NA,NA,NA,NA,NA,NA,NA,NA,N,3,0,1,1,A,-,03,22350,NA,N,H,J,A,A,H,-,B,D,0,NA,NA,Y,NA,Y,NA,O,05,0,1,0,0,0,0,0,0,1,-,-,NA,NA,SAN DIEGO,SAN DIEGO,NA,NA
9715497,2024,2024-08-20,3711,2024-07-29,123,SD6969,NA,1,5,7,3711,0,0,0,NA,0,432,IMPERIAL AV,54TH ST,81,E,N,A,-,N,NA,NA,NA,NA,NA,NA,NA,NA,NA,Y,3,0,2,2,A,-,01,23153,A,N,C,C,A,A,H,-,C,A,0,NA,NA,NA,NA,Y,Y,A,01,0,1,1,0,0,0,0,0,0,-,-,NA,NA,SAN DIEGO,SAN DIEGO,-117.07852935791016,32.7071418762207
9716225,2024,2024-08-20,3710,2024-06-05,2208,OC1543,NA,3,5,6,3710,0,0,0,NA,0,026,VISTA WY,SNEAD DR,20,W,N,A,-,N,NA,NA,NA,NA,NA,NA,NA,NA,NA,Y,3,0,2,2,A,-,09,21802,A,N,D,C,A,A,H,-,C,A,0,NA,NA,NA,NA,Y,NA,D,22,0,1,1,0,0,0,0,0,0,-,-,NA,NA,SAN DIEGO,OCEANSIDE,-117.31950378417967,33.18185043334961
9717036,2024,2024-07-31,3702,2024-06-27,1059,CV1333,NA,4,5,6,3702,0,0,0,NA,0,013,BROADWAY,J ST,142,S,N,A,-,N,NA,NA,NA,NA,NA,NA,NA,NA,NA,N,4,0,1,2,A,-,21,22106,NA,N,C,C,A,A,H,-,A,A,0,NA,NA,NA,NA,Y,NA,A,01,0,0,1,0,0,0,0,0,0,-,-,NA,NA,SAN DIEGO,CHULA VISTA,-117.0866241455078,32.6236572265625
9718208,2024,2024-08-06,3710,2024-07-25,2033,OC1478,NA,4,5,6,3710,0,0,0,NA,0,009,SOUTH COAST HWY,WHALEY ST,73,N,N,A,-,N,NA,NA,NA,NA,NA,NA,NA,NA,NA,Y,4,0,1,2,A,-,01,23152,A,N,D,E,A,A,H,-,C,D,0,NA,NA,NA,NA,Y,Y,-,NA,0,0,1,0,0,0,0,0,0,-,-,NA,NA,SAN DIEGO,OCEANSIDE,-117.36370849609376,33.177005767822266
9718947,2024,2024-08-08,3705,2024-05-05,920,EC0407,NA,7,5,5,3705,0,0,0,NA,0,004,E CHASE AV,S MOLLISON AVE,70,E,N,B,-,N,NA,NA,NA,NA,NA,NA,NA,NA,NA,N,4,0,1,2,A,-,03,22350,NA,N,C,C,A,A,H,-,A,D,0,NA,NA,NA,NA,Y,NA,A,07,0,0,1,0,0,0,0,0,0,-,-,NA,NA,SAN DIEGO,EL CAJON,-116.95071411132813,32.780391693115234
9719089,2024,2024-08-23,3710,2024-07-19,1435,OC1565,NA,5,5,6,3710,0,0,0,NA,0,007,SOUTH MYERS ST,ASH ST,0,NA,Y,A,-,N,NA,NA,NA,NA,NA,NA,NA,NA,NA,Y,4,0,1,4,A,-,09,21800,B,N,D,C,A,A,H,-,A,D,0,NA,NA,NA,Y,Y,NA,A,01,0,0,1,0,0,0,0,0,0,-,-,NA,NA,SAN DIEGO,OCEANSIDE,-117.3772430419922,33.18833541870117
9719302,2024,2024-08-08,3705,2024-05-03,1045,EC0431,NA,5,5,5,3705,0,0,0,NA,0,003,EAST MAIN ST,OAKDALE AVE,0,NA,Y,A,-,N,NA,NA,NA,NA,NA,NA,NA,NA,NA,Y,4,0,2,2,A,-,12,21453,A,N,D,C,A,A,H,-,A,A,0,NA,NA,NA,NA,Y,NA,A,07,0,0,2,0,0,0,0,0,0,-,-,NA,NA,SAN DIEGO,EL CAJON,-116.92855834960938,32.80205535888672
9719663,2024,2024-09-10,3711,2024-07-11,1654,SD1531,NA,4,5,7,3711,0,0,0,NA,0,124,N TORREY PINES,CALLAN RD,7920,N,N,A,-,N,NA,NA,NA,NA,NA,NA,NA,NA,NA,N,3,0,1,1,A,-,08,22107,NA,N,F,J,A,A,H,-,A,D,0,NA,NA,NA,NA,Y,NA,A,01,0,1,0,0,0,0,0,0,0,-,-,NA,NA,SAN DIEGO,SAN DIEGO,-117.25278472900392,32.923641204833984
9719680,2024,2024-08-22,3702,2024-07-10,1640,CV1525,NA,3,5,6,3702,0,0,0,NA,0,042,OTAY LAKES RD,WUESTE RD,68,W,N,A,-,N,NA,NA,NA,NA,NA,NA,NA,NA,NA,Y,4,0,1,2,A,-,03,22350,NA,N,C,C,A,A,H,-,A,D,0,NA,NA,NA,NA,Y,NA,A,01,0,0,1,0,0,0,0,0,0,-,-,NA,NA,SAN DIEGO,CHULA VISTA,-116.93614196777344,32.64333724975586
9719711,2024,2024-09-11,3711,2024-07-23,2356,SD1815,NA,2,5,7,3711,0,0,0,NA,0,243,MIRAMAR RD,RT 15,0,NA,Y,A,-,Y,SD,11,15,-,M,14.515,R,4,S,Y,4,0,1,1,A,-,08,22107,NA,N,E,I,A,A,H,-,C,A,0,NA,NA,Y,NA,Y,Y,C,02,0,0,1,0,0,0,0,0,1,-,SF,NA,NA,SAN DIEGO,SAN DIEGO,-117.11642456054688,32.89642333984375
9719732,2024,2024-08-21,3709,2024-07-06,1152,NC0558,NA,6,5,5,3709,0,0,0,NA,0,024,MILE OF CARS,HOOVER AV,0,NA,Y,A,-,N,NA,NA,NA,NA,NA,NA,NA,NA,NA,N,3,0,1,2,A,-,09,21804,A,N,G,G,A,A,H,-,A,A,0,NA,Y,NA,NA,Y,NA,L,04,0,1,0,0,0,0,1,0,0,-,-,NA,NA,SAN DIEGO,NATIONAL CITY,NA,NA
9719793,2024,2024-09-06,3711,2024-07-21,1939,SD1456,NA,7,5,7,3711,0,0,0,NA,0,241,CARROLL CANYON RD,CARROLL CANYON RD 9860,0,NA,Y,A,-,N,NA,NA,NA,NA,NA,NA,NA,NA,NA,Y,3,0,3,2,A,-,17,21208,B,M,D,C,A,A,H,-,B,A,0,NA,NA,NA,NA,Y,NA,-,99,0,1,2,0,0,0,0,0,0,-,-,NA,NA,SAN DIEGO,SAN DIEGO,-117.18517303466795,32.89204025268555
9719800,2024,2024-08-23,3711,2024-07-14,2115,SD1642,NA,7,5,7,3711,0,0,0,NA,0,122,GARNET AV,DAWES ST,0,NA,Y,A,-,N,NA,NA,NA,NA,NA,NA,NA,NA,NA,N,3,0,1,2,A,-,21,22106,NA,N,C,G,A,A,H,-,C,D,0,NA,Y,NA,NA,Y,NA,A,01,0,1,0,0,0,0,1,0,0,-,-,NA,NA,SAN DIEGO,SAN DIEGO,-117.25000762939452,32.79774475097656
9719804,2024,2024-08-21,3711,2024-07-13,1335,SD1328,NA,6,5,7,3711,0,0,0,NA,0,315,QUALCOMM WY,CAMINO DEL RIO N,0,NA,Y,A,-,N,NA,NA,NA,NA,NA,NA,NA,NA,NA,N,3,0,3,2,A,-,03,22350,NA,N,D,C,A,A,H,-,A,A,0,NA,NA,NA,NA,Y,NA,A,01,0,2,1,0,0,0,0,0,0,-,-,NA,NA,SAN DIEGO,SAN DIEGO,-117.14019012451172,32.77202224731445
9719807,2024,2024-08-21,3711,2024-07-13,2349,SD1631,NA,6,5,7,3711,0,0,0,NA,0,126,LA JOLLA VILLAGE DR,LA JOLLA VILLAGE DR 2926,0,NA,-,A,-,N,NA,NA,NA,NA,NA,NA,NA,NA,NA,Y,3,0,2,1,A,-,03,22350,NA,N,E,J,A,A,H,-,C,A,0,NA,NA,NA,NA,Y,NA,-,NA,0,2,0,0,0,0,0,0,0,-,-,NA,NA,SAN DIEGO,SAN DIEGO,-117.2041015625,32.87456130981445
9719991,2024,2024-08-07,3711,2024-06-29,217,SD7991,NA,6,5,7,3711,0,0,0,NA,0,324,COWLES MOUNTAIN BL,NAVAJO RD,0,NA,Y,A,-,N,NA,NA,NA,NA,NA,NA,NA,NA,NA,N,3,0,1,1,B,-,22,NA,NA,N,E,I,A,A,H,-,C,A,0,NA,NA,NA,NA,Y,NA,A,01,0,1,0,0,0,0,0,0,0,-,-,NA,NA,SAN DIEGO,SAN DIEGO,-117.0253448486328,32.803138732910156
9720052,2024,2024-09-12,3711,2024-07-06,1400,SD1967,NA,6,5,7,3711,0,0,0,NA,0,613,WEST POINT LOMA BL,GROTON ST,17,E,N,A,-,N,NA,NA,NA,NA,NA,NA,NA,NA,NA,N,3,0,1,2,A,-,03,22350,NA,N,D,G,A,A,H,-,A,A,0,NA,Y,NA,NA,Y,NA,L,04,0,1,0,0,0,0,1,0,0,-,-,NA,NA,SAN DIEGO,SAN DIEGO,-117.22188568115234,32.754356384277344
9720056,2024,2024-09-12,3711,2024-07-03,2050,SD1567,NA,3,5,7,3711,0,0,0,NA,0,712,BIBLER DR,CAMINO DE LA PLZ,50,E,N,A,B,N,NA,NA,NA,NA,NA,NA,NA,NA,NA,N,4,0,1,2,A,-,03,22350,NA,M,G,G,A,A,H,-,C,D,0,NA,Y,NA,NA,Y,NA,-,99,0,0,1,0,0,0,1,0,0,-,-,NA,NA,SAN DIEGO,SAN DIEGO,-117.05475616455078,32.54905319213867
9720068,2024,2024-08-23,3711,2024-07-02,1525,SD1692,NA,2,5,7,3711,0,0,0,NA,0,311,MISSION VILLAGE DR,RONDA AV,0,NA,Y,A,-,N,NA,NA,NA,NA,NA,NA,NA,NA,NA,N,3,0,1,2,A,-,09,21800,A,N,D,G,A,A,H,-,A,D,0,NA,Y,NA,NA,Y,NA,A,01,0,1,0,0,0,0,1,0,0,-,-,NA,NA,SAN DIEGO,SAN DIEGO,-117.12272644042967,32.792606353759766
9720181,2024,2024-08-28,3709,2024-07-12,410,NC0557,NA,5,5,5,3709,0,0,0,NA,0,021,EAST PLAZA BL,RT 805,0,NA,N,A,-,Y,SD,11,805,-,-,10.456,R,4,N,Y,2,0,2,2,A,-,12,21453,A,N,A,C,A,A,H,-,C,A,0,NA,NA,NA,NA,Y,NA,A,01,1,0,1,0,0,0,0,0,0,-,-,NA,NA,SAN DIEGO,NATIONAL CITY,-117.08561706542967,32.67942810058594
9720581,2024,2024-08-27,3709,2024-07-15,1119,NC0566,NA,1,5,5,3709,0,0,0,NA,0,023,SWEEWATER RD,SWEETWATER RD 1700,0,NA,-,A,-,N,NA,NA,NA,NA,NA,NA,NA,NA,NA,Y,4,0,2,2,A,-,08,22107,NA,N,D,C,A,A,H,-,A,D,0,NA,NA,NA,NA,Y,NA,A,01,0,0,2,0,0,0,0,0,0,-,-,NA,NA,SAN DIEGO,NATIONAL CITY,-117.01821899414063,32.7439079284668
9720645,2024,2024-08-07,3705,2024-06-05,753,EC0419,NA,3,5,5,3705,0,0,0,NA,0,004,E LEXINGON AV,S LINCOLN AVE,0,NA,Y,A,-,N,NA,NA,NA,NA,NA,NA,NA,NA,NA,N,4,0,1,2,A,-,03,22350,NA,F,G,B,B,A,H,-,C,A,0,Y,NA,NA,NA,Y,NA,-,99,0,0,1,0,1,0,0,0,0,-,-,NA,NA,SAN DIEGO,EL CAJON,-116.95368957519533,32.792724609375
9720906,2024,2024-08-12,3709,2024-06-12,1706,NC0543,NA,3,5,5,3709,0,0,0,NA,0,023,GROVE ST,EAST 16TH ST,0,NA,-,A,-,N,NA,NA,NA,NA,NA,NA,NA,NA,NA,Y,3,0,1,2,A,-,09,21802,A,N,D,C,A,A,H,-,A,A,0,NA,NA,NA,NA,Y,NA,A,01,0,1,0,0,0,0,0,0,0,-,-,NA,NA,SAN DIEGO,NATIONAL CITY,-117.0823974609375,32.675048828125
9721021,2024,2024-08-26,3710,2024-07-31,1106,OC1535,NA,3,5,6,3710,0,0,0,NA,0,028,MESA DR,AVENIDA DE LA PLATA,0,NA,Y,A,-,N,NA,NA,NA,NA,NA,NA,NA,NA,NA,N,3,0,1,2,A,-,12,21453,A,N,D,C,A,A,H,-,A,A,0,NA,NA,NA,NA,Y,NA,A,01,0,1,0,0,0,0,0,0,0,-,-,NA,NA,SAN DIEGO,OCEANSIDE,-117.28695678710938,33.227359771728516
9721325,2024,2024-08-28,3711,2024-07-23,751,SD1042,NA,2,5,7,3711,0,0,0,NA,0,612,CADIZ ST,SAINT CHARLES ST,0,NA,Y,A,-,N,NA,NA,NA,NA,NA,NA,NA,NA,NA,N,3,0,1,2,A,-,11,21950,B,N,D,B,D,A,H,-,A,A,0,Y,NA,NA,NA,Y,NA,N,60,0,1,0,0,1,0,0,0,0,-,-,NA,NA,SAN DIEGO,SAN DIEGO,-117.2099609375,32.74382781982422
9721760,2024,2024-08-21,3700,2024-07-23,1624,SH3319,NA,2,5,5,3712,0,0,0,NA,0,356,DESCANSO AV,N LAS POSAS,691,W,N,A,-,N,NA,NA,NA,NA,NA,NA,NA,NA,NA,N,3,0,1,2,A,-,09,21804,A,N,D,C,A,A,H,-,A,D,0,NA,NA,NA,Y,Y,NA,F,26,0,1,0,0,0,0,0,0,0,-,-,NA,NA,SAN DIEGO,SAN MARCOS,-117.1923370361328,33.14665985107422
9722102,2024,2024-09-16,3708,2024-08-25,1742,LM1259,NA,7,5,5,3708,0,0,0,NA,0,002,LEMON AV,GARFIELD ST,0,NA,Y,A,-,N,NA,NA,NA,NA,NA,NA,NA,NA,NA,N,4,0,1,2,A,-,12,22450,A,N,D,C,A,A,H,-,A,D,0,NA,NA,NA,NA,Y,NA,A,01,0,0,1,0,0,0,0,0,0,-,-,NA,NA,SAN DIEGO,LA MESA,-117.005859375,32.7682991027832
9722281,2024,2024-09-16,3705,2024-06-27,2045,EC0438,NA,4,5,5,3705,0,0,0,NA,0,001,PALM AV,MARSHALL AV,0,NA,Y,A,-,N,NA,NA,NA,NA,NA,NA,NA,NA,NA,N,3,0,1,2,A,-,12,21453,A,N,E,G,A,A,H,-,C,A,0,NA,Y,NA,NA,Y,NA,L,04,0,1,0,0,0,0,1,0,0,-,-,NA,NA,SAN DIEGO,EL CAJON,-116.97557067871094,32.79134750366211
9724440,2024,2024-08-20,3711,2024-07-05,1735,SD7649,NA,5,5,7,3711,0,0,0,NA,0,233,CARMEL MOUNTAIN RD,PENASQUITOS DR,0,NA,Y,A,-,N,NA,NA,NA,NA,NA,NA,NA,NA,NA,N,4,0,2,2,A,-,03,22350,NA,N,H,C,A,A,H,-,A,A,0,NA,NA,NA,NA,Y,NA,A,01,0,0,2,0,0,0,0,0,0,-,-,NA,NA,SAN DIEGO,SAN DIEGO,-117.09037017822266,32.97751235961914
9724807,2024,2024-08-19,3711,2024-07-29,2308,SD1992,NA,1,5,7,3711,0,0,0,NA,0,114,CLAIRMONT MESA BLVD,CLAIRMONT MESA BLVD (5050),0,NA,Y,A,-,N,NA,NA,NA,NA,NA,NA,NA,NA,NA,N,3,0,1,6,A,-,08,22107,NA,N,B,C,A,A,H,-,C,D,0,NA,NA,NA,NA,Y,NA,A,01,0,1,0,0,0,0,0,0,0,-,-,NA,NA,SAN DIEGO,SAN DIEGO,NA,NA
9724838,2024,2024-09-11,3711,2024-07-19,1615,SD1456,NA,5,5,7,3711,0,0,0,NA,0,242,MERCY RD,MERCY RD (9812),0,NA,Y,B,-,N,NA,NA,NA,NA,NA,NA,NA,NA,NA,N,4,0,2,2,A,-,21,22106,NA,N,D,C,A,A,H,-,A,D,0,NA,NA,NA,NA,Y,NA,A,01,0,0,2,0,0,0,0,0,0,-,-,NA,NA,SAN DIEGO,SAN DIEGO,NA,NA
9725796,2024,2024-09-03,3711,2024-08-07,2110,SD1850,NA,3,5,7,3711,0,0,0,NA,0,821,EL CAJON BL,ROLANDO BL,0,NA,Y,A,-,N,NA,NA,NA,NA,NA,NA,NA,NA,NA,Y,4,0,1,2,A,-,09,21801,B,N,B,C,A,A,H,-,C,A,0,NA,NA,NA,NA,Y,Y,A,01,0,0,1,0,0,0,0,0,0,-,-,NA,NA,SAN DIEGO,SAN DIEGO,-117.057373046875,32.76700210571289
9726287,2024,2024-09-03,3711,2024-08-03,1415,SD1305,NA,6,5,7,3711,0,0,0,NA,0,511,HARBOR DR,BELT ST,0,NA,Y,A,-,N,NA,NA,NA,NA,NA,NA,NA,NA,NA,N,3,0,1,2,A,-,17,21208,B,N,H,G,A,A,H,-,A,D,0,NA,Y,NA,NA,Y,NA,L,04,0,1,0,0,0,0,1,0,0,-,-,NA,NA,SAN DIEGO,SAN DIEGO,NA,NA
9726320,2024,2024-08-30,3711,2024-08-04,226,SD7290,NA,7,5,7,3711,0,0,0,NA,0,325,MISSION MONTANA DR,MISSION GORGE RD,16,W,N,A,-,N,NA,NA,NA,NA,NA,NA,NA,NA,NA,Y,4,0,1,3,A,-,03,22350,NA,N,E,E,A,A,H,-,C,D,0,NA,NA,NA,NA,Y,Y,A,01,0,0,1,0,0,0,0,0,0,-,-,NA,NA,SAN DIEGO,SAN DIEGO,-117.06617736816406,32.81187057495117
9726403,2024,2024-08-30,3711,2024-08-04,1919,SD1548,NA,7,5,7,3711,0,0,0,NA,0,114,CLAIREMONT MESA BL,LONGFORD ST,150,W,N,A,B,N,NA,NA,NA,NA,NA,NA,NA,NA,NA,N,3,0,1,1,A,-,03,22350,NA,N,H,A,A,A,H,-,A,D,0,NA,NA,Y,NA,Y,NA,C,02,0,1,0,0,0,0,0,0,1,-,-,NA,NA,SAN DIEGO,SAN DIEGO,-117.18318939208984,32.834381103515625
9726416,2024,2024-09-09,3711,2024-08-10,1707,SD2001,NA,6,5,7,3711,0,0,0,NA,0,627,VERMONT ST,ESSEX ST,150,S,N,A,-,N,NA,NA,NA,NA,NA,NA,NA,NA,NA,Y,3,0,1,2,A,-,08,38314,NA,N,C,E,A,A,H,-,A,D,0,NA,NA,NA,NA,Y,Y,A,01,0,1,0,0,0,0,0,0,0,-,-,NA,NA,SAN DIEGO,SAN DIEGO,-117.15341949462892,32.74700927734375
9727005,2024,2024-12-18,3711,2024-11-26,1100,SD1835,NA,2,5,7,3711,0,0,0,NA,0,437,SOUTH WOODMAN ST,ALTA VIEW DR,0,NA,Y,A,-,N,NA,NA,NA,NA,NA,NA,NA,NA,NA,Y,3,0,1,3,A,-,09,21802,B,N,B,C,A,A,H,-,A,A,0,NA,NA,NA,NA,Y,NA,A,01,0,1,0,0,0,0,0,0,0,-,-,NA,NA,SAN DIEGO,SAN DIEGO,-117.04036712646484,32.67584228515625
9727798,2024,2024-08-22,3700,2024-04-28,1705,SH0323,NA,7,5,5,3712,0,0,0,NA,0,350,SAN MARCOS BL,GRAND AV,32,W,N,A,-,N,NA,NA,NA,NA,NA,NA,NA,NA,NA,N,4,0,1,2,A,-,03,22350,NA,N,C,C,A,A,H,-,A,A,0,NA,NA,NA,NA,Y,NA,A,01,0,0,1,0,0,0,0,0,0,-,-,NA,NA,SAN DIEGO,SAN MARCOS,-117.17919158935548,33.137203216552734
9728070,2024,2024-08-26,3711,2024-07-21,2031,SD6969,NA,7,5,7,3711,0,0,0,NA,0,122,GRAND AV,KENDALL ST,0,NA,Y,B,-,N,NA,NA,NA,NA,NA,NA,NA,NA,NA,Y,2,0,2,2,A,-,09,21801,B,N,D,C,A,A,H,-,C,D,0,NA,NA,Y,NA,Y,Y,C,02,1,0,1,0,0,0,0,0,1,-,-,NA,NA,SAN DIEGO,SAN DIEGO,-117.2365951538086,32.798736572265625
9728091,2024,2024-08-29,3711,2024-08-19,1600,SD2012,NA,1,5,7,3711,0,0,0,NA,0,713,BRITANNIA BL,BRITANNIA BL 1600,0,NA,N,A,-,N,NA,NA,NA,NA,NA,NA,NA,NA,NA,N,4,0,1,2,A,-,08,22107,NA,M,B,C,A,A,H,-,A,A,0,NA,NA,NA,NA,Y,NA,A,01,0,0,1,0,0,0,0,0,0,-,-,NA,NA,SAN DIEGO,SAN DIEGO,-116.9797821044922,32.54875183105469
9728094,2024,2024-09-03,3711,2024-08-19,822,SD1301,NA,1,5,7,3711,0,0,0,NA,0,722,SATURN BL,PALM AV,0,NA,Y,A,-,N,NA,NA,NA,NA,NA,NA,NA,NA,NA,Y,4,0,1,2,A,-,12,21453,A,N,D,C,A,A,H,-,A,A,0,NA,NA,NA,NA,Y,NA,A,01,0,0,1,0,0,0,0,0,0,-,-,NA,NA,SAN DIEGO,SAN DIEGO,-117.09262847900392,32.583744049072266
9728732,2024,2024-08-30,3711,2024-08-19,2000,SD8323,NA,1,5,7,3711,0,0,0,NA,0,821,UNIVERSITY AV,COLLEGE AV,0,NA,Y,A,-,N,NA,NA,NA,NA,NA,NA,NA,NA,NA,N,4,0,1,2,A,-,03,22350,NA,M,A,C,A,A,H,-,C,A,0,NA,NA,NA,NA,Y,Y,-,99,0,0,1,0,0,0,0,0,0,-,-,NA,NA,SAN DIEGO,SAN DIEGO,-117.06448364257813,32.752864837646484
9729146,2024,2024-09-09,3708,2024-07-26,1910,IM1283,NA,5,5,5,3708,0,0,0,NA,0,004,JACKSON DR,FLETCHER PKWY,0,NA,Y,A,-,N,NA,NA,NA,NA,NA,NA,NA,NA,NA,Y,4,0,3,2,A,-,12,21453,A,N,D,C,A,A,H,-,A,A,0,NA,NA,NA,NA,Y,NA,A,01,0,0,3,0,0,0,0,0,0,-,-,NA,NA,SAN DIEGO,LA MESA,-117.0182647705078,32.77762222290039
9729292,2024,2024-09-05,3705,2024-05-16,507,EC0371,NA,4,5,5,3705,0,0,0,NA,0,002,N MAGNOLIA AV,E MADISON AV,0,NA,Y,A,-,N,NA,NA,NA,NA,NA,NA,NA,NA,NA,Y,4,0,2,2,D,-,00,NA,NA,N,D,C,A,A,H,-,B,A,0,NA,NA,NA,NA,Y,NA,-,-,0,0,2,0,0,0,0,0,0,-,-,NA,NA,SAN DIEGO,EL CAJON,-116.96237182617188,32.80086898803711
9729654,2024,2024-09-12,3705,2024-06-12,37,EC0448,NA,3,5,5,3705,0,0,0,NA,0,002,S MOLLISON,E MAIN,0,NA,Y,A,-,N,NA,NA,NA,NA,NA,NA,NA,NA,NA,Y,4,0,1,2,A,-,12,21453,A,M,D,C,A,A,H,-,C,D,0,NA,NA,NA,NA,Y,NA,D,22,0,0,1,0,0,0,0,0,0,-,-,NA,NA,SAN DIEGO,EL CAJON,-116.95098114013672,32.79494857788086
9729819,2024,2024-09-10,3711,2024-08-29,1515,SD1693,NA,4,5,7,3711,0,0,0,NA,0,115,GARNET AV,GARNET AV 2949,0,NA,-,A,-,N,NA,NA,NA,NA,NA,NA,NA,NA,NA,N,4,0,1,3,A,-,04,21703,NA,N,-,-,A,A,H,-,A,-,0,NA,NA,NA,NA,Y,NA,A,01,0,0,1,0,0,0,0,0,0,-,-,NA,NA,SAN DIEGO,SAN DIEGO,-117.21725463867188,32.80641174316406
9729820,2024,2024-09-18,3706,2024-08-29,1404,SD1604,NA,4,5,6,3706,0,0,0,NA,0,235,SAN PASQUAL VALLEY RD,"SAN PASQUAL VALLEY RD, 19225",0,NA,Y,A,-,N,NA,NA,NA,NA,NA,NA,NA,NA,NA,N,3,0,1,2,A,-,08,22107,NA,N,A,C,A,A,H,-,A,D,0,NA,NA,Y,NA,Y,NA,C,02,0,1,0,0,0,0,0,0,1,-,-,NA,NA,SAN DIEGO,ESCONDIDO,-117.02098846435548,33.09775924682617
9729856,2024,2024-09-11,3711,2024-08-17,1530,SD6999,NA,6,5,7,3711,0,0,0,NA,0,123,EAST MISSION BAY DR,EAST MISSION BAY DR 2100,0,NA,-,A,-,N,NA,NA,NA,NA,NA,NA,NA,NA,NA,N,3,0,1,3,A,-,03,22350,NA,N,C,C,A,A,H,-,A,D,0,NA,NA,NA,NA,Y,Y,A,01,0,1,0,0,0,0,0,0,0,-,-,NA,NA,SAN DIEGO,SAN DIEGO,-117.21102905273438,32.79828643798828