CASE_ID,ACCIDENT_YEAR,PROC_DATE,JURIS,COLLISION_DATE,COLLISION_TIME,OFFICER_ID,REPORTING_DISTRICT,DAY_OF_WEEK,CHP_SHIFT,POPULATION,CNTY_CITY_LOC,SPECIAL_COND,BEAT_TYPE,CHP_BEAT_TYPE,CITY_DIVISION_LAPD,CHP_BEAT_CLASS,BEAT_NUMBER,PRIMARY_RD,SECONDARY_RD,DISTANCE,DIRECTION,INTERSECTION,WEATHER_1,WEATHER_2,STATE_HWY_IND,CALTRANS_COUNTY,CALTRANS_DISTRICT,STATE_ROUTE,ROUTE_SUFFIX,POSTMILE_PREFIX,POSTMILE,LOCATION_TYPE,RAMP_INTERSECTION,SIDE_OF_HWY,TOW_AWAY,COLLISION_SEVERITY,NUMBER_KILLED,NUMBER_INJURED,PARTY_COUNT,PRIMARY_COLL_FACTOR,PCF_CODE_OF_VIOL,PCF_VIOL_CATEGORY,PCF_VIOLATION,PCF_VIOL_SUBSECTION,HIT_AND_RUN,TYPE_OF_COLLISION,MVIW,PED_ACTION,ROAD_SURFACE,ROAD_COND_1,ROAD_COND_2,LIGHTING,CONTROL_DEVICE,CHP_ROAD_TYPE,PEDESTRIAN_ACCIDENT,BICYCLE_ACCIDENT,MOTORCYCLE_ACCIDENT,TRUCK_ACCIDENT,NOT_PRIVATE_PROPERTY,ALCOHOL_INVOLVED,STWD_VEHTYPE_AT_FAULT,CHP_VEHTYPE_AT_FAULT,COUNT_SEVERE_INJ,COUNT_VISIBLE_INJ,COUNT_COMPLAINT_PAIN,COUNT_PED_KILLED,COUNT_PED_INJURED,COUNT_BICYCLIST_KILLED,COUNT_BICYCLIST_INJURED,COUNT_MC_KILLED,COUNT_MC_INJURED,PRIMARY_RAMP,SECONDARY_RAMP,LATITUDE,LONGITUDE,COUNTY,CITY,POINT_X,POINT_Y
6560184,2014,2014-08-21,3711,2014-07-07,2020,6104,NA,1,5,7,3711,0,0,0,NA,0,611,ROSECRANS ST,MIDWAY DR,180,S,N,A,-,N,NA,NA,NA,NA,NA,NA,NA,NA,NA,NA,4,0,3,2,A,-,04,21703,NA,N,C,C,A,A,H,-,C,D,0,NA,NA,NA,NA,Y,NA,-,NA,0,0,3,0,0,0,0,0,0,-,-,NA,NA,SAN DIEGO,SAN DIEGO,-117.20651153,32.74930016
6560188,2014,2014-08-21,3711,2014-07-06,2059,7145,NA,7,5,7,3711,0,0,0,NA,0,115,NOBEL DR,COSTA VERDE DR,14,W,N,A,-,N,NA,NA,NA,NA,NA,NA,NA,NA,NA,N,4,0,1,2,A,-,10,21950,A,N,G,B,B,A,H,-,C,A,0,Y,NA,NA,NA,Y,NA,-,NA,0,0,1,0,1,0,0,0,0,-,-,NA,NA,SAN DIEGO,SAN DIEGO,-117.2165927,32.86662314
6560190,2014,2014-08-26,3711,2014-07-02,2010,6635,NA,3,5,7,3711,0,0,0,NA,0,931,CAMINO SANTA FE,GOLDEN GLEN,220,S,N,A,-,N,NA,NA,NA,NA,NA,NA,NA,NA,NA,NA,3,0,1,1,A,-,03,22350,NA,N,B,I,A,-,H,-,B,D,0,NA,NA,NA,NA,Y,NA,A,01,0,1,0,0,0,0,0,0,0,-,-,NA,NA,SAN DIEGO,SAN DIEGO,-117.17766769,32.9154924
6560580,2014,2014-08-13,3708,2014-06-30,1026,1210,400,1,5,5,3708,0,0,0,NA,0,002,LEMON AV,BANCROFT DR,116,E,N,A,-,N,NA,NA,NA,NA,NA,NA,NA,NA,NA,N,4,0,1,2,A,-,09,21801,A,N,D,C,A,A,H,-,A,D,0,NA,NA,Y,NA,Y,NA,C,03,0,0,1,0,0,0,0,0,1,-,-,NA,NA,SAN DIEGO,LA MESA,-117.00063428,32.76824701
6563401,2014,2015-02-13,9645,2014-06-28,2045,18250,NA,6,2,7,3711,0,1,1,NA,2,010,RT 8,MISSION CITY PKWY,286,W,N,A,-,Y,SD,11,8,-,-,4.82,H,-,E,Y,2,0,1,1,A,-,08,22107,NA,N,E,I,A,A,H,-,D,D,1,NA,NA,NA,NA,Y,NA,D,22,1,0,0,0,0,0,0,0,0,-,-,32.77445,-117.12573,SAN DIEGO,SAN DIEGO,-117.12517755,32.7745313
6564238,2014,2014-08-23,3711,2014-06-17,0037,3792,3711,2,5,7,3711,0,0,0,NA,0,434,SAN VINCENTE ST,ENCINITAS AV,61,W,N,A,-,N,NA,NA,NA,NA,NA,NA,NA,NA,NA,Y,3,0,1,2,A,-,08,22107,NA,N,C,E,A,A,H,-,C,D,0,NA,NA,NA,NA,Y,NA,J,48,0,1,0,0,0,0,0,0,0,-,-,NA,NA,SAN DIEGO,SAN DIEGO,-117.02550888,32.71207576
6566773,2014,2016-01-05,9680,2014-07-02,2148,019555,NA,3,2,9,3700,0,3,5,NA,2,002,APPLE ST,CAPISTRANO AV,211,W,N,A,-,N,NA,NA,NA,NA,NA,NA,NA,NA,NA,Y,3,0,1,2,A,-,01,23152,A,N,A,E,A,A,H,-,D,D,0,NA,NA,NA,NA,Y,Y,A,07,0,1,0,0,0,0,0,0,0,-,-,32.71486,-116.99112,SAN DIEGO,UNINCORPORATED,-116.99107358,32.71483
6566781,2014,2016-05-16,9680,2014-07-04,0710,018152,NA,5,1,9,3700,0,1,3,NA,1,022,JAMACHA RD,RT 125,0,NA,Y,A,-,Y,SD,11,125,-,-,10.442,R,4,S,Y,4,0,2,2,A,-,12,21453,A,N,D,C,A,A,H,-,A,A,1,NA,NA,NA,NA,Y,NA,A,01,0,0,2,0,0,0,0,0,0,-,-,32.71464,-117.01514,SAN DIEGO,UNINCORPORATED,-117.01339486,32.71176083
6566995,2014,2016-05-21,9680,2014-07-17,0550,015733,NA,4,3,9,3700,0,1,3,NA,1,090,RT 78,RANCHO VILLA RD,2587,E,N,B,-,Y,SD,11,78,-,-,32.51,H,-,W,Y,3,0,1,1,A,-,03,22350,NA,N,E,I,A,A,H,-,B,D,0,NA,NA,NA,NA,Y,NA,A,01,0,1,0,0,0,0,0,0,0,-,-,33.06994,-116.89335,SAN DIEGO,UNINCORPORATED,-116.89362222,33.070031
6568609,2014,2014-08-07,3701,2014-06-27,1720,CB5433,679,5,5,5,3701,0,0,0,NA,0,006,PALOMAR AIRPORT RD,EL CAMINO REAL,144,W,N,A,-,N,NA,NA,NA,NA,NA,NA,NA,NA,NA,Y,4,0,1,2,A,-,09,21453,B,N,C,C,A,A,H,-,A,A,0,NA,NA,Y,NA,Y,NA,A,01,0,0,1,0,0,0,0,0,1,-,-,NA,NA,SAN DIEGO,CARLSBAD,-117.2674024,33.12953646
6568870,2014,2014-08-26,3706,2014-07-13,0202,ES0454,NA,7,5,6,3706,0,0,0,NA,0,045,OAK VIEW WY,KAUANA LOA DR,123,N,N,A,-,N,NA,NA,NA,NA,NA,NA,NA,NA,NA,Y,4,0,1,2,A,-,01,23152,A,M,A,E,A,A,H,-,C,D,0,NA,NA,NA,NA,Y,Y,D,22,0,0,1,0,0,0,0,0,0,-,-,NA,NA,SAN DIEGO,ESCONDIDO,-117.12384265,33.11290681
6570827,2014,2014-08-28,3711,2014-07-18,0036,6398,L,5,5,7,3711,0,0,0,NA,0,437,PARADISE VALLEY RD,DEEP DELL RD,0,NA,Y,A,-,N,NA,NA,NA,NA,NA,NA,NA,NA,NA,Y,4,0,2,2,A,-,03,22350,NA,M,C,C,A,A,H,-,C,A,0,NA,NA,NA,NA,Y,NA,-,NA,0,0,2,0,0,0,0,0,0,-,-,NA,NA,SAN DIEGO,SAN DIEGO,-117.02935013,32.69542005
6571253,2014,2016-05-21,9650,2014-07-10,1844,017743,NA,4,2,6,3710,0,1,3,NA,2,015,RT 78,COLLEGE BL,4224,W,N,A,-,Y,SD,11,78,-,-,2.52,H,-,E,N,4,0,1,2,A,-,03,22350,NA,N,C,C,A,A,H,-,A,D,1,NA,NA,NA,NA,Y,NA,A,01,0,0,1,0,0,0,0,0,0,-,-,33.17969,-117.30959,SAN DIEGO,OCEANSIDE,-117.30973218,33.17972931
6572843,2014,2014-09-03,3711,2014-07-23,0853,5114,NA,3,5,7,3711,0,0,0,NA,0,243,MIRAMAR RD,DOWDY DR,20,E,N,A,-,N,NA,NA,NA,NA,NA,NA,NA,NA,NA,N,3,0,1,2,A,-,03,22350,NA,N,C,C,A,A,H,-,A,A,0,NA,NA,NA,NA,Y,NA,-,NA,0,1,0,0,0,0,0,0,0,-,-,NA,NA,SAN DIEGO,SAN DIEGO,-117.14543636,32.88825088
6576563,2014,2016-01-05,9680,2014-07-17,1916,019407,NA,4,2,9,3700,0,2,4,NA,1,026,JAMACHA BL,LAMPLIGHTER VILLAGE DR,0,NA,Y,A,-,N,NA,NA,NA,NA,NA,NA,NA,NA,NA,Y,4,0,1,2,A,-,09,21802,A,N,D,C,A,A,H,-,A,A,0,NA,NA,NA,NA,Y,NA,A,07,0,0,1,0,0,0,0,0,0,-,-,32.72969,-116.96176,SAN DIEGO,UNINCORPORATED,-116.96178012,32.72969011
6576587,2014,2016-05-21,9680,2014-07-20,0205,019936,NA,7,3,4,3720,0,1,3,NA,2,027,RT 94,MASSACHUSETTS AV,2112,W,N,A,-,Y,SD,11,94,-,-,7.92,H,-,E,Y,3,0,3,1,A,-,01,23152,A,N,F,A,A,A,H,-,C,D,1,NA,NA,NA,NA,Y,Y,A,07,0,2,1,0,0,0,0,0,0,-,-,32.74296,-117.04904,SAN DIEGO,LEMON GROVE,-117.04844938,32.74340445
6577451,2014,2014-08-19,3702,2014-07-15,1449,CV0984,NA,2,5,6,3702,0,0,0,NA,0,021,PALOMAR ST,INDUSTRIAL BL,222,E,N,A,-,N,NA,NA,NA,NA,NA,NA,NA,NA,NA,N,4,0,1,2,A,-,06,21754,NA,N,B,G,A,A,H,-,A,D,0,NA,Y,NA,NA,Y,NA,L,04,0,0,1,0,0,0,1,0,0,-,-,NA,NA,SAN DIEGO,CHULA VISTA,-117.08489535,32.60386843
6577990,2014,2014-08-19,3700,2014-06-20,1615,SH7366,NA,5,5,4,3707,0,0,0,NA,0,703,PALM AV,5TH ST,27,E,N,A,-,N,NA,NA,NA,NA,NA,NA,NA,NA,NA,Y,3,0,2,1,A,-,08,22107,NA,N,E,J,A,A,H,-,A,D,0,NA,NA,NA,NA,Y,Y,A,01,0,2,0,0,0,0,0,0,0,-,-,NA,NA,SAN DIEGO,IMPERIAL BEACH,-117.12228477,32.58392165
6578413,2014,2016-05-21,3700,2014-07-20,1435,SH2439,NA,7,5,5,3713,0,0,0,NA,0,314,CIVIC CENTER DR,RT 78,0,NA,Y,A,-,Y,SD,11,78,-,-,7.064,R,4,W,Y,4,0,1,2,A,-,12,21453,A,N,C,A,A,A,H,-,A,A,0,NA,NA,NA,NA,Y,NA,D,22,0,0,1,0,0,0,0,0,0,-,-,NA,NA,SAN DIEGO,VISTA,-117.237626,33.188244160000004
6580014,2014,2016-05-21,9645,2014-08-19,0840,15698,NA,2,1,7,3711,0,1,1,NA,2,011,RT 805,FEDERAL BL,184,N,N,A,-,Y,SD,11,805,-,-,13.65,H,-,S,Y,3,0,1,3,A,-,08,22107,NA,N,C,E,A,A,D,-,A,D,1,NA,NA,NA,NA,Y,NA,A,01,0,1,0,0,0,0,0,0,0,-,-,32.72171,-117.10354,SAN DIEGO,SAN DIEGO,-117.10288591,32.72117311
6580143,2014,2016-05-21,9645,2014-09-04,1545,18587,NA,4,2,7,3711,0,1,1,NA,2,003,RT 5,B ST,350,S,N,A,-,Y,SD,11,5,-,R,15.23,H,-,S,Y,4,0,1,5,A,-,03,22350,NA,N,C,C,A,A,H,-,A,D,1,NA,NA,NA,Y,Y,NA,A,01,0,0,1,0,0,0,0,0,0,-,-,32.71755,-117.14799,SAN DIEGO,SAN DIEGO,-117.14779665,32.71645593
6580601,2014,2014-09-02,3711,2014-07-21,1830,6402,NA,1,5,7,3711,0,0,0,NA,0,521,17TH ST,MARKET ST,141,S,N,A,-,N,NA,NA,NA,NA,NA,NA,NA,NA,NA,Y,4,0,1,2,A,-,03,22350,NA,N,E,E,A,A,H,-,-,D,0,NA,NA,NA,NA,Y,NA,-,NA,0,0,1,0,0,0,0,0,0,-,-,NA,NA,SAN DIEGO,SAN DIEGO,-117.14854646,32.71115376
6580608,2014,2014-09-02,3711,2014-07-20,0826,7095,NA,7,5,7,3711,0,0,0,NA,0,723,25TH ST,25TH ST 1100,0,NA,N,B,-,N,NA,NA,NA,NA,NA,NA,NA,NA,NA,Y,4,0,1,2,A,-,01,23152,A,N,B,C,A,A,H,-,A,D,0,NA,NA,NA,NA,Y,Y,-,NA,0,0,1,0,0,0,0,0,0,-,-,NA,NA,SAN DIEGO,SAN DIEGO,-117.07974493,32.57641348
6580698,2014,2016-01-05,3711,2014-07-24,1229,7117,NA,4,5,7,3711,0,0,0,NA,0,231,TED WILLIAMS PKWY,RT 15,101,E,N,A,-,N,NA,NA,NA,NA,NA,NA,NA,NA,NA,Y,4,0,1,2,A,-,09,21453,B,N,C,C,A,A,H,-,A,A,0,NA,NA,NA,NA,Y,NA,-,NA,0,0,1,0,0,0,0,0,0,-,NF,NA,NA,SAN DIEGO,SAN DIEGO,-117.09549375,32.96459971
6580951,2014,2015-09-24,3705,2014-05-24,2019,EC0329,NA,6,5,5,3705,0,0,0,NA,0,007,NORTH MOLLISON,PEACH,88,S,N,A,-,N,NA,NA,NA,NA,NA,NA,NA,NA,NA,N,2,0,1,2,A,-,11,21954,A,N,G,B,D,A,H,-,D,D,0,Y,NA,NA,NA,Y,Y,N,60,1,0,0,0,1,0,0,0,0,-,-,NA,NA,SAN DIEGO,EL CAJON,-116.95098,32.806339
6581512,2014,2014-08-19,3701,2014-07-22,0915,5303,119,2,5,5,3701,0,0,0,NA,0,008,EL CAMINIO REAL,LEVANTE ST,0,NA,Y,A,-,N,NA,NA,NA,NA,NA,NA,NA,NA,NA,Y,3,0,1,2,A,-,12,21453,A,N,D,C,A,A,H,-,A,A,0,NA,NA,NA,Y,Y,NA,A,01,0,1,0,0,0,0,0,0,0,-,-,NA,NA,SAN DIEGO,CARLSBAD,-117.26569011,33.07842006
6581838,2014,2014-08-12,3700,2014-06-29,1515,SH5381,NA,7,5,4,3780,0,0,0,NA,0,416,SCRIPPS POWAY PKWY,KIRKHAM RD,260,W,N,A,-,N,NA,NA,NA,NA,NA,NA,NA,NA,NA,Y,4,0,2,2,A,-,03,22350,NA,N,C,C,A,A,H,-,A,A,0,NA,NA,NA,NA,Y,NA,-,NA,0,0,2,0,0,0,0,0,0,-,-,NA,NA,SAN DIEGO,POWAY,-117.05173678,32.93931909
6582015,2014,2014-09-16,3711,2014-08-20,1302,5589,3711,3,5,7,3711,0,0,0,NA,0,122,GENESEE AV,MT ALIFAN,0,NA,Y,A,-,N,NA,NA,NA,NA,NA,NA,NA,NA,NA,Y,4,0,3,4,A,-,12,21453,A,N,D,C,A,A,H,-,A,A,0,NA,NA,NA,NA,Y,NA,I,10,0,0,3,0,0,0,0,0,0,-,-,NA,NA,SAN DIEGO,SAN DIEGO,-117.18091006,32.81726012
6582381,2014,2014-08-27,3711,2014-07-22,1906,7015,WESTE,2,5,7,3711,0,0,0,NA,0,627,RICHMOND ST,ESSEX ST,0,NA,Y,A,-,N,NA,NA,NA,NA,NA,NA,NA,NA,NA,N,4,0,1,2,A,-,09,21802,A,N,B,C,A,A,H,-,A,D,0,NA,NA,NA,NA,Y,NA,-,-,0,0,1,0,0,0,0,0,0,-,-,NA,NA,SAN DIEGO,SAN DIEGO,-117.15122007,32.74744008
6582399,2014,2014-08-18,3711,2014-07-31,1756,4523,NA,4,5,7,3711,0,0,0,NA,0,124,LA JOLLA SHORES DR,LA JOLLA SHORES LN,1056,E,N,A,-,N,NA,NA,NA,NA,NA,NA,NA,NA,NA,N,3,0,1,2,A,-,08,22107,NA,N,B,G,A,A,H,-,A,D,0,NA,Y,NA,NA,Y,NA,L,04,0,1,0,0,0,0,1,0,0,-,-,NA,NA,SAN DIEGO,SAN DIEGO,-117.24912707,32.86911508
6582745,2014,2014-09-15,3701,2014-08-02,0148,5444,2,6,5,5,3701,0,0,0,NA,0,001,GRAND AV,HARDING ST,0,NA,Y,A,-,N,NA,NA,NA,NA,NA,NA,NA,NA,NA,N,4,0,1,1,A,-,03,22350,NA,N,H,A,A,A,H,-,C,D,0,NA,NA,Y,NA,Y,NA,C,02,0,0,1,0,0,0,0,0,1,-,-,NA,NA,SAN DIEGO,CARLSBAD,-117.34549004,33.16303
6585989,2014,2014-08-18,3702,2014-07-12,0740,CV0928,NA,6,5,6,3702,0,0,0,NA,0,024,TELEGRAPH CANYON RD,PASSEO LADERA,1884,E,N,A,-,N,NA,NA,NA,NA,NA,NA,NA,NA,NA,N,3,0,2,2,A,-,08,22107,NA,N,B,G,A,A,H,-,A,D,0,NA,Y,NA,NA,Y,NA,L,04,0,2,0,0,0,0,2,0,0,-,-,NA,NA,SAN DIEGO,CHULA VISTA,-117.0144859,32.62381375
6586013,2014,2014-08-18,3702,2014-07-30,1243,CV0777,NA,3,5,6,3702,0,0,0,NA,0,032,OTAY LAKES RD,WOODS DR,1132,E,N,A,-,N,NA,NA,NA,NA,NA,NA,NA,NA,NA,N,4,0,1,1,A,-,03,22350,NA,N,F,A,A,A,H,-,A,D,0,NA,NA,Y,NA,Y,NA,C,02,0,0,1,0,0,0,0,0,1,-,-,NA,NA,SAN DIEGO,CHULA VISTA,-116.94182569,32.64424839
6587464,2014,2014-09-04,3711,2014-08-04,1505,4654,NA,1,5,7,3711,0,0,0,NA,0,327,COLLEGE AV,PONTIAC ST,225,S,N,A,-,N,NA,NA,NA,NA,NA,NA,NA,NA,NA,Y,4,0,3,2,A,-,08,22107,NA,N,B,C,A,A,H,-,A,D,0,NA,NA,NA,NA,Y,NA,-,NA,0,0,3,0,0,0,0,0,0,-,-,NA,NA,SAN DIEGO,SAN DIEGO,-117.06811426,32.76788287
6587499,2014,2014-09-04,3711,2014-08-01,1743,4849,NA,5,5,7,3711,0,0,0,NA,0,512,32ND ST,IMPERIAL AV,0,NA,Y,A,-,N,NA,NA,NA,NA,NA,NA,NA,NA,NA,Y,3,0,2,3,A,-,09,21801,A,N,D,C,A,A,H,-,A,D,0,NA,NA,NA,NA,Y,NA,-,NA,0,2,0,0,0,0,0,0,0,-,-,NA,NA,SAN DIEGO,SAN DIEGO,-117.12521004,32.70645008
6588054,2014,2016-01-05,9680,2014-08-01,2235,020105,NA,5,3,9,3700,0,3,5,NA,2,001,PARAISO AV,BIRCH ST,15,S,N,A,-,N,NA,NA,NA,NA,NA,NA,NA,NA,NA,Y,4,0,2,1,A,-,03,22350,NA,N,E,J,A,A,H,-,D,D,0,NA,NA,NA,NA,Y,NA,A,07,0,0,2,0,0,0,0,0,0,-,-,32.71661,-116.99637,SAN DIEGO,UNINCORPORATED,-116.99623046,32.71663892
6588512,2014,2014-08-21,3700,2014-04-30,1525,SH2659,NA,3,5,5,3713,0,0,0,NA,0,312,HACIENDA DR,EMERALD DR,0,NA,Y,A,-,N,NA,NA,NA,NA,NA,NA,NA,NA,NA,Y,4,0,1,2,A,-,08,22107,NA,F,D,C,A,A,H,-,A,A,0,NA,NA,NA,NA,Y,NA,A,01,0,0,1,0,0,0,0,0,0,-,-,NA,NA,SAN DIEGO,VISTA,-117.27956005,33.18658012
6589748,2014,2014-09-05,3711,2014-08-11,1924,5918,NA,1,5,7,3711,0,0,0,NA,0,411,OCEAN VIEW BL,OLIVEWOOD TER,90,W,N,A,-,N,NA,NA,NA,NA,NA,NA,NA,NA,NA,N,4,0,2,2,A,-,08,22107,NA,N,B,C,A,A,H,-,A,A,0,NA,NA,NA,NA,Y,NA,-,NA,0,0,2,0,0,0,0,0,0,-,-,NA,NA,SAN DIEGO,SAN DIEGO,-117.11576156,32.70125779
6589935,2014,2016-01-05,3711,2014-07-04,2129,6621,SANDI,5,5,7,3711,0,0,0,NA,0,123,E MISSION BAY,E MISSION BAY  1700,200,W,N,A,-,N,NA,NA,NA,NA,NA,NA,NA,NA,NA,N,4,0,1,2,A,-,10,21950,A,N,-,B,C,A,H,-,C,A,0,Y,NA,NA,NA,Y,NA,-,NA,0,0,1,0,1,0,0,0,0,-,-,NA,NA,SAN DIEGO,SAN DIEGO,NA,NA
6591923,2014,2016-05-17,9645,2014-08-07,0544,018936,NA,4,3,6,3702,0,1,1,NA,2,009,RT 805,ORANGE AV,350,N,N,A,-,Y,SD,11,805,-,-,4.587,R,1,N,N,4,0,1,2,A,-,03,22350,NA,N,C,C,A,A,H,-,A,D,1,NA,NA,NA,NA,Y,NA,A,01,0,0,1,0,0,0,0,0,0,FR,-,32.60698,-117.03545,SAN DIEGO,CHULA VISTA,-117.03617817,32.60831457
6592281,2014,2016-01-05,9645,2014-07-20,1530,17678,NA,7,2,7,3711,0,1,1,NA,2,001,RT 5,SAN YSIDRO PORT OF ENTRY,400,N,N,A,-,N,NA,NA,NA,NA,NA,NA,NA,NA,NA,Y,4,0,1,2,A,-,07,21658,A,N,D,C,A,A,D,-,A,D,0,NA,NA,Y,NA,Y,NA,A,01,0,0,1,0,0,0,0,0,1,-,-,32.54235,-117.03034,SAN DIEGO,SAN DIEGO,-117.03021705,32.54288653
6592340,2014,2016-05-21,9680,2014-07-27,1548,019729,NA,7,2,9,3700,0,1,3,NA,1,090,RT 67,MUSSEY GRADE RD,0,NA,Y,A,-,Y,SD,11,67,-,R,20.873,I,5,N,Y,2,0,1,1,A,-,01,23152,A,N,F,A,A,A,H,-,A,D,0,NA,NA,NA,NA,Y,Y,A,07,1,0,0,0,0,0,0,0,0,-,-,33.00889,-116.91474,SAN DIEGO,UNINCORPORATED,-116.91500181,33.008946
6595837,2014,2014-09-05,3709,2014-08-06,1344,424,SOUTH,3,5,5,3709,0,0,0,NA,0,024,HIGHLAND AV,RT 54,355,N,N,A,-,N,NA,NA,NA,NA,NA,NA,NA,NA,NA,Y,4,0,1,3,A,-,03,22350,NA,N,C,D,A,A,H,-,A,A,0,NA,NA,NA,NA,Y,NA,-,NA,0,0,1,0,0,0,0,0,0,-,EF,NA,NA,SAN DIEGO,NATIONAL CITY,-117.0905275,32.65709403
6595858,2014,2016-05-24,9645,2014-08-15,1154,15676,NA,5,1,7,3711,0,1,1,NA,2,010,RT 8,RT 5,100,E,N,A,-,Y,SD,11,8,-,R,0.22,H,-,W,Y,4,0,1,2,A,-,03,22350,NA,N,C,C,A,A,H,-,A,D,0,NA,NA,NA,NA,Y,NA,A,01,0,0,1,0,0,0,0,0,0,-,-,32.75987,-117.20111,SAN DIEGO,SAN DIEGO,-117.20061823,32.75981827
6599049,2014,2016-05-24,9680,2014-08-15,1225,017928,NA,5,1,9,3700,0,1,3,NA,1,091,RT 78,7TH ST,0,NA,Y,A,-,Y,SD,11,78,-,-,35.85,I,5,W,Y,4,0,2,3,A,-,12,21453,A,N,D,C,A,A,H,-,A,A,0,NA,NA,NA,NA,Y,NA,A,01,0,0,2,0,0,0,0,0,0,-,-,33.04661,-116.86391,SAN DIEGO,UNINCORPORATED,-116.86390727,33.04459339
6600885,2014,2016-05-25,9650,2014-08-06,1207,015758,NA,3,1,5,3701,0,1,1,NA,2,005,RT 5,LA COSTA AV,7002,N,N,A,-,Y,SD,11,5,-,R,44.2,H,-,S,Y,4,0,1,2,A,-,03,22350,NA,N,C,C,A,A,H,-,A,D,1,NA,NA,NA,NA,Y,NA,A,01,0,0,1,0,0,0,0,0,0,-,-,33.08604,-117.29923,SAN DIEGO,CARLSBAD,-117.29928229,33.08586309
6601129,2014,2014-09-04,3711,2014-08-19,0659,6718,NA,2,5,7,3711,0,0,0,NA,0,234,BERNARDO CENTER DR,BERNARDO HEIGHTS PKWY,30,E,N,B,-,N,NA,NA,NA,NA,NA,NA,NA,NA,NA,Y,4,0,1,2,A,-,-,NA,NA,N,-,C,A,A,H,-,A,A,0,NA,NA,NA,NA,Y,NA,-,NA,0,0,1,0,0,0,0,0,0,-,-,NA,NA,SAN DIEGO,SAN DIEGO,-117.07664885,33.01521787
6601655,2014,2014-09-09,3701,2014-08-13,1323,5363,81,3,5,5,3701,0,0,0,NA,0,006,PALOMAR AIRPORT RD,GATEWAY RD,30,E,N,A,-,N,NA,NA,NA,NA,NA,NA,NA,NA,NA,Y,4,0,3,3,A,-,03,22350,NA,N,C,C,A,A,H,-,A,A,0,NA,NA,NA,NA,Y,NA,A,01,0,0,3,0,0,0,0,0,0,-,-,NA,NA,SAN DIEGO,CARLSBAD,-117.24834384,33.12987442
6601737,2014,2014-09-10,3711,2014-08-19,1013,5450,NA,2,5,7,3711,0,0,0,NA,0,122,FANUAL ST,MISSOURI ST,0,NA,Y,A,-,N,NA,NA,NA,NA,NA,NA,NA,NA,NA,Y,4,0,1,2,A,-,09,21802,A,N,B,C,A,A,H,-,A,D,0,NA,NA,NA,NA,Y,NA,A,07,0,0,1,0,0,0,0,0,0,-,-,NA,NA,SAN DIEGO,SAN DIEGO,-117.24748007,32.80225006
6601757,2014,2014-09-10,3711,2014-08-20,1706,5985,NA,3,5,7,3711,0,0,0,NA,0,524,B ST,4TH AV,0,NA,Y,A,-,N,NA,NA,NA,NA,NA,NA,NA,NA,NA,N,4,0,1,2,A,-,10,21950,A,N,G,B,B,A,H,-,A,A,0,Y,NA,NA,NA,Y,NA,A,01,0,0,1,0,1,0,0,0,0,-,-,NA,NA,SAN DIEGO,SAN DIEGO,-117.16108001,32.71779006
6602188,2014,2016-05-24,3703,2014-08-02,1705,1137,NA,6,5,3,3703,0,0,0,NA,0,002,ORANGE AV,8TH ST,23,S,N,C,-,Y,SD,11,75,-,-,19.15,H,-,S,Y,4,0,2,3,A,-,03,22350,NA,N,C,C,A,B,H,-,A,D,0,NA,NA,NA,NA,Y,NA,A,08,0,0,2,0,0,0,0,0,0,-,-,NA,NA,SAN DIEGO,CORONADO,-117.17837769,32.68867733
6603661,2014,2016-05-16,9645,2014-08-18,1620,016816,NA,1,2,7,3711,0,1,3,NA,2,023,RT 163,ASH ST,300,N,N,A,-,Y,SD,11,163,-,-,0.67,H,-,N,Y,4,0,4,3,A,-,03,22350,NA,N,C,C,A,A,H,-,A,D,1,NA,NA,NA,NA,Y,NA,A,01,0,0,4,0,0,0,0,0,0,-,-,32.72061,-117.15474,SAN DIEGO,SAN DIEGO,-117.15475612,32.72073773
6605471,2014,2016-05-21,9650,2014-08-13,1030,017263,NA,3,1,6,3706,0,1,3,NA,2,019,RT 78,NORDAHL RD,1310,E,N,A,-,Y,SD,11,78,-,R,15.74,H,-,E,Y,3,0,2,1,A,-,07,21658,A,N,E,I,A,A,H,-,A,D,1,NA,NA,NA,NA,Y,NA,A,01,0,1,1,0,0,0,0,0,0,-,-,33.13033,-117.11779,SAN DIEGO,ESCONDIDO,-117.11761436,33.13029668
6606122,2014,2015-12-29,9680,2014-05-28,0623,15008,NA,3,1,9,3700,0,2,4,NA,1,096,WARNOCK DR,SAN VICENTE RD,1056,W,N,A,-,N,NA,NA,NA,NA,NA,NA,NA,NA,NA,Y,1,1,0,2,A,-,09,21804,A,N,D,G,A,A,H,-,A,D,0,NA,Y,NA,NA,Y,NA,L,04,0,0,0,0,0,1,0,0,0,-,-,33.01487,-116.877,SAN DIEGO,UNINCORPORATED,-116.8699621,33.01484348
6606168,2014,2014-12-03,9650,2014-05-26,0445,19765,NA,1,3,9,3700,0,1,3,NA,2,065,RT 76,OLD HWY 395,1131,W,N,A,-,Y,SD,11,76,-,R,16.81,H,-,W,Y,1,1,2,1,A,-,01,23152,E,N,E,I,A,A,H,-,D,D,0,NA,NA,NA,NA,Y,NA,A,01,1,1,0,0,0,0,0,0,0,-,-,33.32574,-117.16514,SAN DIEGO,UNINCORPORATED,-117.16499195,33.32582483
6606886,2014,2014-09-19,3706,2014-08-12,1004,ES0374,NA,2,5,6,3706,0,0,0,NA,0,052,VALLEY PKWY,GRAPE,0,NA,Y,A,-,N,NA,NA,NA,NA,NA,NA,NA,NA,NA,Y,4,0,1,2,A,-,09,21804,A,N,D,C,A,A,H,-,A,D,0,NA,NA,NA,NA,Y,NA,A,01,0,0,1,0,0,0,0,0,0,-,-,NA,NA,SAN DIEGO,ESCONDIDO,-117.07534007,33.12664011
6609257,2014,2016-05-28,9645,2014-08-25,0740,020857,NA,1,1,7,3711,0,1,1,NA,2,010,RT 8,COLLEGE AV,2000,W,N,A,-,Y,SD,11,8,-,-,7.96,H,-,E,Y,3,0,1,2,A,-,08,22107,NA,N,E,I,A,A,H,-,A,D,1,NA,NA,NA,NA,Y,NA,A,07,0,1,0,0,0,0,0,0,0,-,-,32.77957,-117.07877,SAN DIEGO,SAN DIEGO,-117.0728417,32.77916333