CASE_ID,ACCIDENT_YEAR,PROC_DATE,JURIS,COLLISION_DATE,COLLISION_TIME,OFFICER_ID,REPORTING_DISTRICT,DAY_OF_WEEK,CHP_SHIFT,POPULATION,CNTY_CITY_LOC,SPECIAL_COND,BEAT_TYPE,CHP_BEAT_TYPE,CITY_DIVISION_LAPD,CHP_BEAT_CLASS,BEAT_NUMBER,PRIMARY_RD,SECONDARY_RD,DISTANCE,DIRECTION,INTERSECTION,WEATHER_1,WEATHER_2,STATE_HWY_IND,CALTRANS_COUNTY,CALTRANS_DISTRICT,STATE_ROUTE,ROUTE_SUFFIX,POSTMILE_PREFIX,POSTMILE,LOCATION_TYPE,RAMP_INTERSECTION,SIDE_OF_HWY,TOW_AWAY,COLLISION_SEVERITY,NUMBER_KILLED,NUMBER_INJURED,PARTY_COUNT,PRIMARY_COLL_FACTOR,PCF_CODE_OF_VIOL,PCF_VIOL_CATEGORY,PCF_VIOLATION,PCF_VIOL_SUBSECTION,HIT_AND_RUN,TYPE_OF_COLLISION,MVIW,PED_ACTION,ROAD_SURFACE,ROAD_COND_1,ROAD_COND_2,LIGHTING,CONTROL_DEVICE,CHP_ROAD_TYPE,PEDESTRIAN_ACCIDENT,BICYCLE_ACCIDENT,MOTORCYCLE_ACCIDENT,TRUCK_ACCIDENT,NOT_PRIVATE_PROPERTY,ALCOHOL_INVOLVED,STWD_VEHTYPE_AT_FAULT,CHP_VEHTYPE_AT_FAULT,COUNT_SEVERE_INJ,COUNT_VISIBLE_INJ,COUNT_COMPLAINT_PAIN,COUNT_PED_KILLED,COUNT_PED_INJURED,COUNT_BICYCLIST_KILLED,COUNT_BICYCLIST_INJURED,COUNT_MC_KILLED,COUNT_MC_INJURED,PRIMARY_RAMP,SECONDARY_RAMP,LATITUDE,LONGITUDE,COUNTY,CITY,POINT_X,POINT_Y
6700709,2014,2014-12-08,9650,2014-10-30,0700,17994,NA,4,1,5,3713,0,1,3,NA,2,017,RT 78,VISTA VILLAGE DR,2640,E,N,A,-,Y,NA,NA,78,NA,NA,NA,NA,NA,NA,Y,3,0,2,3,A,-,04,21703,NA,N,C,C,A,A,H,-,A,D,0,NA,NA,NA,NA,Y,NA,A,01,0,1,1,0,0,0,0,0,0,-,-,33.19249,-117.24536,SAN DIEGO,VISTA,-117.24533081,33.19254248
6700986,2014,2016-05-25,9645,2014-10-30,1820,018801,NA,4,2,7,3711,0,1,3,NA,2,023,RT 163,GENESEE,1584,S,N,A,-,Y,SD,11,163,-,-,5.5,H,-,S,N,4,0,1,3,A,-,03,22350,NA,N,C,C,A,A,H,-,D,D,1,NA,NA,NA,NA,Y,NA,A,01,0,0,1,0,0,0,0,0,0,-,-,32.78519,-117.1617,SAN DIEGO,SAN DIEGO,-117.16070292,32.78744638
6700990,2014,2016-06-18,9645,2014-10-23,2125,020301,NA,4,2,9,3700,0,1,3,NA,2,008,RT 54,WOODMAN ST,500,W,N,A,-,Y,SD,11,54,-,-,4.12,H,-,E,Y,3,0,1,2,A,-,08,22107,NA,N,C,E,A,A,H,-,C,D,1,NA,NA,NA,NA,Y,NA,A,01,0,1,0,0,0,0,0,0,0,-,-,32.67179,-117.04055,SAN DIEGO,UNINCORPORATED,-117.0401648,32.67216622
6701932,2014,2014-11-26,3710,2014-10-20,1654,OC1404,NA,1,5,6,3710,0,0,0,NA,0,033,RT 76,N SANTA FE,35,W,N,A,-,Y,NA,NA,NA,NA,NA,NA,NA,NA,NA,Y,4,0,1,1,A,-,03,22350,NA,N,F,A,A,A,H,-,A,A,0,NA,NA,Y,NA,Y,NA,C,02,0,0,1,0,0,0,0,0,1,-,-,NA,NA,SAN DIEGO,OCEANSIDE,-117.28172807,33.24608097
6702402,2014,2014-12-08,3709,2014-10-14,1156,448,NA,2,5,5,3709,0,0,0,NA,0,024,NATIONAL CITY BL,28TH ST,187,S,N,A,-,N,NA,NA,NA,NA,NA,NA,NA,NA,NA,Y,4,0,1,3,A,-,08,22107,NA,N,C,C,A,A,H,-,A,B,0,NA,NA,NA,NA,Y,NA,A,01,0,0,1,0,0,0,0,0,0,-,-,NA,NA,SAN DIEGO,NATIONAL CITY,-117.10001901,32.65807392
6702470,2014,2014-12-08,3709,2014-10-25,0416,347,NA,6,5,5,3709,0,0,0,NA,0,021,EAST 8TH ST,HIGHLAND AV,0,NA,Y,A,-,N,NA,NA,NA,NA,NA,NA,NA,NA,NA,N,3,0,1,2,A,-,08,22107,NA,F,D,G,A,A,D,-,C,A,0,NA,Y,NA,NA,Y,NA,A,01,0,1,0,0,0,0,1,0,0,-,-,NA,NA,SAN DIEGO,NATIONAL CITY,-117.09875009,32.67813007
6703572,2014,2015-01-09,9645,2014-11-06,1922,13784,NA,4,2,7,3711,0,1,1,NA,2,007,RT 5,RT 805,2236,N,N,A,-,Y,NA,NA,NA,NA,NA,NA,NA,NA,NA,Y,4,0,1,3,A,-,03,22350,NA,N,C,C,A,A,H,-,D,D,0,NA,NA,NA,NA,Y,NA,A,08,0,0,1,0,0,0,0,0,0,-,-,NA,NA,SAN DIEGO,SAN DIEGO,-117.23135042,32.9157476
6703584,2014,2016-05-24,9645,2014-11-04,1720,017499,NA,2,2,7,3711,0,1,1,NA,2,001,RT 5,CORONADO AV,1200,N,N,A,-,Y,SD,11,5,-,-,4.268,R,1,S,Y,4,0,2,2,A,-,04,21703,NA,N,C,C,A,A,H,-,B,D,1,NA,NA,NA,NA,Y,NA,A,01,0,0,2,0,0,0,0,0,0,TO,-,NA,NA,SAN DIEGO,SAN DIEGO,-117.08507764,32.57894061
6703698,2014,2015-01-08,9645,2014-11-04,1814,015580,NA,2,2,7,3711,0,1,1,NA,2,007,RT 5,CARMEL MOUNTAIN RD,3696,S,N,A,-,Y,NA,NA,5,NA,NA,NA,NA,NA,NA,N,4,0,1,2,A,-,03,22350,NA,N,C,C,A,A,H,-,C,D,0,NA,NA,NA,NA,Y,NA,A,01,0,0,1,0,0,0,0,0,0,-,-,32.91213,-117.22825,SAN DIEGO,SAN DIEGO,-117.22847806,32.9119886
6703722,2014,2015-01-08,3711,2014-11-06,0545,7036,NORTH,4,5,7,3711,0,0,0,NA,0,931,MIRA MESA BL,VISTA SORRENTO,0,NA,Y,A,-,N,NA,NA,NA,NA,NA,NA,NA,NA,NA,Y,4,0,1,2,A,-,09,21453,B,N,D,C,A,A,H,-,B,A,0,NA,NA,NA,NA,Y,NA,-,NA,0,0,1,0,0,0,0,0,0,-,-,NA,NA,SAN DIEGO,SAN DIEGO,-117.20510006,32.89130003
6703894,2014,2016-03-22,9645,2014-11-01,2356,019496,NA,6,3,7,3711,0,1,1,NA,2,010,RT 8,SPORTS ARENA BL,20,W,N,C,-,Y,NA,NA,8,NA,NA,NA,NA,NA,NA,Y,3,0,2,4,A,-,08,22107,NA,N,E,I,A,B,H,-,D,D,0,NA,NA,NA,NA,Y,NA,D,22,0,1,1,0,0,0,0,0,0,-,-,32.75672,-117.22307,SAN DIEGO,SAN DIEGO,-117.22306562,32.75689601
6704514,2014,2016-02-24,3711,2014-11-05,1900,6825,NA,3,5,7,3711,0,0,0,NA,0,243,MIRAMAR RD,CAMINO RUIZ,1056,W,N,A,-,N,NA,NA,NA,NA,NA,NA,NA,NA,NA,Y,4,0,1,2,A,-,09,21801,A,N,D,C,A,A,H,-,C,D,0,NA,NA,NA,NA,Y,NA,-,NA,0,0,1,0,0,0,0,0,0,-,-,NA,NA,SAN DIEGO,SAN DIEGO,-117.13703003,32.89309269
6705686,2014,2014-11-24,3706,2014-09-16,1815,ES0466,NA,2,5,6,3706,0,0,0,NA,0,054,N MIDWAY DR,GRAND AV,415,N,N,A,-,N,NA,NA,NA,NA,NA,NA,NA,NA,NA,N,4,0,1,2,A,-,10,21952,NA,F,G,B,F,A,H,-,E,D,0,Y,NA,NA,NA,Y,NA,A,01,0,0,1,0,1,0,0,0,0,-,-,NA,NA,SAN DIEGO,ESCONDIDO,-117.05036817,33.13534726
6706033,2014,2015-01-08,9645,2014-11-03,0925,19410,NA,1,1,7,3711,0,1,1,NA,2,005,RT 5,BALBOA AV,900,N,N,A,-,Y,NA,NA,5,NA,NA,NA,NA,NA,NA,NA,4,0,1,1,A,-,08,22107,NA,N,E,I,A,A,H,-,A,D,0,NA,NA,NA,NA,Y,NA,A,01,0,0,1,0,0,0,0,0,0,-,-,32.80883,-117.2172,SAN DIEGO,SAN DIEGO,-117.2173142,32.80873553
6706121,2014,2014-12-03,3711,2014-10-10,2035,3815,NA,5,5,7,3711,0,0,0,NA,0,934,TORREY HILLS PK,10TH AV,0,NA,-,A,-,N,NA,NA,NA,NA,NA,NA,NA,NA,NA,N,2,0,1,1,A,-,08,22107,NA,N,E,I,A,A,H,-,C,D,0,NA,Y,NA,NA,Y,NA,L,04,1,0,0,0,0,0,1,0,0,-,-,NA,NA,SAN DIEGO,SAN DIEGO,NA,NA
6707134,2014,2015-01-07,3710,2014-11-10,1540,OC1274,NA,1,5,6,3710,0,0,0,NA,0,021,RT 76,DOUGLAS DR,100,W,N,A,-,Y,NA,NA,NA,NA,NA,NA,NA,NA,NA,N,4,0,1,2,A,-,03,22350,NA,N,C,C,A,A,H,-,A,A,0,NA,NA,NA,NA,Y,NA,A,01,0,0,1,0,0,0,0,0,0,-,-,NA,NA,SAN DIEGO,OCEANSIDE,-117.32626837,33.22569115
6707302,2014,2016-04-07,9650,2014-10-26,1950,016026,NA,7,2,5,3712,0,1,3,NA,2,019,RT 78,SAN MARCOS BL,40,E,N,A,-,Y,NA,NA,78,NA,NA,NA,NA,NA,NA,Y,4,0,4,2,A,-,08,22107,NA,N,B,C,A,A,H,-,C,D,0,NA,NA,NA,NA,Y,NA,A,01,0,0,4,0,0,0,0,0,0,-,-,33.13795,-117.17614,SAN DIEGO,SAN MARCOS,-117.17617138,33.13786353
6707335,2014,2014-12-03,9650,2014-10-18,1830,016490,NA,6,2,9,3700,0,3,5,NA,2,006,AMMUNITION RD,ALTURAS RD,288,E,N,A,-,N,NA,NA,NA,NA,NA,NA,NA,NA,NA,N,3,0,1,2,A,-,05,21202,A,N,B,G,A,A,H,-,C,D,0,NA,Y,NA,NA,Y,NA,L,04,0,1,0,0,0,0,1,0,0,-,-,33.37112,-117.2572,SAN DIEGO,UNINCORPORATED,-117.25698726,33.3711721
6710934,2014,2015-01-08,3711,2014-11-07,0740,6666,SANDI,5,5,7,3711,0,0,0,NA,0,124,TORREY PINES RD,TORREY PINES RD 2200,0,NA,N,A,-,N,NA,NA,NA,NA,NA,NA,NA,NA,NA,Y,4,0,1,2,A,-,09,21804,A,N,D,C,A,A,H,-,A,D,0,NA,NA,NA,NA,Y,NA,-,NA,0,0,1,0,0,0,0,0,0,-,-,NA,NA,SAN DIEGO,SAN DIEGO,-117.25519627,32.85030213
6711505,2014,2015-01-12,9645,2014-11-15,1552,018697,NA,6,2,7,3711,0,1,1,NA,2,005,RT 5,RT 52,162,S,N,B,-,Y,NA,NA,5,NA,NA,NA,NA,NA,NA,Y,3,0,1,1,A,-,08,22107,NA,N,F,A,A,A,H,-,A,D,0,NA,NA,Y,NA,Y,NA,C,02,0,1,0,0,0,0,0,0,1,TO,-,32.83722,-117.23354,SAN DIEGO,SAN DIEGO,-117.23415677,32.83694083
6711692,2014,2015-01-12,9645,2014-11-12,1620,016816,NA,3,2,7,3711,0,1,1,NA,2,011,RT 805,RT 8,1056,S,N,A,-,Y,NA,NA,805,NA,NA,NA,NA,NA,NA,Y,4,0,1,2,A,-,03,22350,NA,N,C,C,A,A,H,-,A,D,0,NA,NA,NA,NA,Y,NA,A,07,0,0,1,0,0,0,0,0,0,-,-,32.76508,-117.12824,SAN DIEGO,SAN DIEGO,-117.128206,32.76509419
6713039,2014,2015-01-06,9680,2014-10-31,2115,19794,NA,5,2,9,3700,0,2,4,NA,1,018,LOS COCHES RD,RODEO DR,0,NA,Y,B,C,N,NA,NA,NA,NA,NA,NA,NA,NA,NA,Y,4,0,2,2,A,-,08,22107,NA,N,D,C,A,B,H,-,C,D,0,NA,NA,NA,NA,Y,NA,A,08,0,0,2,0,0,0,0,0,0,-,-,32.8461,-116.91671,SAN DIEGO,UNINCORPORATED,-116.91672009,32.84612008
6713845,2014,2016-06-11,9650,2014-11-02,1019,016103,NA,7,1,9,3700,0,1,1,NA,2,003,RT 5,LAS PULGAS CANYON RD,15840,N,N,A,-,Y,SD,11,5,-,R,65.1,H,-,N,N,4,0,1,2,A,-,03,22350,NA,N,C,C,A,A,H,-,A,D,1,NA,NA,NA,NA,Y,NA,A,01,0,0,1,0,0,0,0,0,0,-,-,33.33071,-117.49462,SAN DIEGO,UNINCORPORATED,-117.49602615,33.33159521
6714563,2014,2015-01-13,3710,2014-11-04,1445,OC1355,NA,2,5,6,3710,0,0,0,NA,0,022,MADISON,TYLER ST,172,W,N,A,-,N,NA,NA,NA,NA,NA,NA,NA,NA,NA,N,4,0,1,2,A,-,03,22350,NA,N,C,E,A,A,H,-,A,D,0,NA,NA,NA,NA,Y,NA,A,01,0,0,1,0,0,0,0,0,0,-,-,NA,NA,SAN DIEGO,OCEANSIDE,-117.2928666,33.24995152
6716885,2014,2015-01-12,9645,2014-11-18,0955,014461,NA,2,1,7,3711,0,1,1,NA,2,015,RT 805,ORANGE AV,100,N,N,A,-,Y,NA,NA,805,NA,NA,NA,NA,NA,NA,N,4,0,2,2,A,-,03,22350,NA,N,C,C,A,A,H,-,A,D,0,NA,NA,NA,NA,Y,NA,A,07,0,0,2,0,0,0,0,0,0,-,-,32.75393,-117.1245,SAN DIEGO,SAN DIEGO,-117.12461668,32.75389694
6717385,2014,2015-01-09,3700,2014-11-14,2124,SH7146,NA,5,5,5,3712,0,0,0,NA,0,360,WEST SAN MARCOS BL,GRAND AV,100,E,N,A,-,N,NA,NA,NA,NA,NA,NA,NA,NA,NA,Y,4,0,2,3,A,-,03,22350,NA,N,C,C,A,A,H,-,C,D,0,NA,NA,NA,NA,Y,NA,A,01,0,0,2,0,0,0,0,0,0,-,-,NA,NA,SAN DIEGO,SAN MARCOS,-117.17877924,33.13731178
6718819,2014,2015-01-13,3711,2014-11-18,2211,6842,NA,2,5,7,3711,0,0,0,NA,0,114,CLAIREMONT MESA BL,CLAIREMONT DR,225,W,N,B,-,N,NA,NA,NA,NA,NA,NA,NA,NA,NA,Y,4,0,2,2,A,-,09,21804,A,N,C,C,A,A,H,-,C,D,0,NA,NA,NA,NA,Y,Y,-,NA,0,0,2,0,0,0,0,0,0,-,-,NA,NA,SAN DIEGO,SAN DIEGO,-117.20688006,32.82771
6719271,2014,2015-01-16,9650,2014-11-14,1640,018321,NA,5,2,9,3700,0,2,4,NA,2,061,SOUTH MISSION RD,CLEMMENS LN,0,NA,Y,A,-,N,NA,NA,NA,NA,NA,NA,NA,NA,NA,N,3,0,1,2,A,-,10,21950,A,N,G,B,B,A,H,-,A,A,0,Y,NA,NA,NA,Y,NA,D,22,0,1,0,0,1,0,0,0,0,-,-,33.36924,-117.25103,SAN DIEGO,UNINCORPORATED,-117.25104005,33.36933006
6721271,2014,2015-01-09,3706,2014-11-17,1445,ES0475,NA,1,5,6,3706,0,0,0,NA,0,052,FIG ST,E GRAND AV,0,NA,Y,A,-,N,NA,NA,NA,NA,NA,NA,NA,NA,NA,N,3,0,1,2,A,-,09,21804,A,N,D,G,A,A,H,-,A,D,0,NA,Y,NA,NA,Y,NA,A,01,0,1,0,0,0,0,1,0,0,-,-,NA,NA,SAN DIEGO,ESCONDIDO,-117.07289008,33.12492003
6721832,2014,2015-01-13,3711,2014-11-21,0802,7025,NA,5,5,7,3711,0,0,0,NA,0,313,MURPHY CANYON RD,CLAIREMONT MESA BL,3168,S,N,B,-,N,NA,NA,NA,NA,NA,NA,NA,NA,NA,N,3,0,1,3,A,-,21,22106,NA,N,C,B,E,A,H,-,A,D,0,Y,NA,NA,NA,Y,NA,-,NA,0,1,0,0,1,0,0,0,0,-,-,NA,NA,SAN DIEGO,SAN DIEGO,-117.11914504,32.82466906
6723614,2014,2015-01-15,3700,2014-11-08,1020,SH2439,NA,6,5,5,3713,0,0,0,NA,0,302,EAST VISTA WY,WARMLANDS AV,670,S,N,A,-,N,NA,NA,NA,NA,NA,NA,NA,NA,NA,Y,4,0,1,2,A,-,09,21801,A,N,D,C,A,A,H,-,A,D,0,NA,NA,NA,NA,Y,NA,A,01,0,0,1,0,0,0,0,0,0,-,-,NA,NA,SAN DIEGO,VISTA,-117.22617248,33.23138467
6724016,2014,2015-01-13,9645,2014-11-10,1600,16766,NA,1,2,7,3711,0,1,1,NA,2,017,RT 15,RT 52,2640,N,N,A,-,Y,NA,NA,15,NA,NA,NA,NA,NA,NA,N,4,0,1,2,A,-,03,22350,NA,N,C,C,A,A,H,-,A,D,0,NA,NA,NA,NA,Y,NA,A,01,0,0,1,0,0,0,0,0,0,-,-,32.8482,-117.11784,SAN DIEGO,SAN DIEGO,-117.1173297,32.84795712
6727860,2014,2015-01-15,3710,2014-11-29,1851,OC1405,NA,6,5,6,3710,0,0,0,NA,0,007,SOUTH COAST HWY,TOPEKA ST,0,NA,Y,A,-,N,NA,NA,NA,NA,NA,NA,NA,NA,NA,N,4,0,1,2,A,-,11,21950,B,N,G,B,D,A,H,-,C,D,0,Y,NA,NA,NA,Y,NA,N,60,0,0,1,0,1,0,0,0,0,-,-,NA,NA,SAN DIEGO,OCEANSIDE,-117.37807006,33.19416011
6727970,2014,2015-01-15,3711,2014-11-25,1105,4491,NA,2,5,7,3711,0,0,0,NA,0,433,65TH,HERRICK,50,S,N,A,-,N,NA,NA,NA,NA,NA,NA,NA,NA,NA,N,4,0,1,2,A,-,21,22106,NA,N,G,B,E,A,H,-,A,D,0,Y,NA,NA,NA,Y,NA,-,NA,0,0,1,0,1,0,0,0,0,-,-,NA,NA,SAN DIEGO,SAN DIEGO,-117.05807483,32.71128312
6727973,2014,2015-01-14,3711,2014-11-30,1212,5985,NA,7,5,7,3711,0,0,0,NA,0,524,E ST,7TH AV,20,E,N,A,-,N,NA,NA,NA,NA,NA,NA,NA,NA,NA,N,3,0,1,1,C,-,18,NA,NA,N,H,A,A,A,H,-,A,D,0,NA,Y,NA,NA,Y,NA,-,-,0,1,0,0,0,0,1,0,0,-,-,NA,NA,SAN DIEGO,SAN DIEGO,-117.15827519,32.71468
6727982,2014,2015-01-22,3711,2014-11-27,0655,6957,NA,4,5,7,3711,0,0,0,NA,0,122,FORTUNA AV,HAINES ST,18,W,N,A,-,N,NA,NA,NA,NA,NA,NA,NA,NA,NA,N,4,0,1,1,A,-,03,22350,NA,N,H,-,A,A,A,B,A,D,0,NA,NA,NA,NA,Y,NA,-,NA,0,0,1,0,0,0,0,0,0,-,-,NA,NA,SAN DIEGO,SAN DIEGO,-117.24050681,32.79191864
6727986,2014,2015-01-15,3711,2014-11-26,1303,7083,NA,3,5,7,3711,0,0,0,NA,0,315,MISSION CENTER RD,HAZARD CENTER,404,S,N,A,-,N,NA,NA,NA,NA,NA,NA,NA,NA,NA,Y,4,0,1,2,A,-,03,22350,NA,N,C,C,A,A,H,-,A,A,0,NA,NA,NA,NA,Y,NA,A,01,0,0,1,0,0,0,0,0,0,-,-,NA,NA,SAN DIEGO,SAN DIEGO,-117.15445955,32.76974794
6729769,2014,2015-03-07,9645,2014-11-27,1205,14625,NA,4,1,6,3702,0,1,1,NA,2,009,RT 805,PALOMAR ST,800,N,N,A,-,Y,NA,NA,805,NA,NA,NA,NA,NA,NA,Y,4,0,1,2,A,-,03,22350,NA,N,C,C,A,A,C,-,A,D,0,NA,NA,NA,NA,Y,NA,A,08,0,0,1,0,0,0,0,0,0,-,-,32.61731,-117.0387,SAN DIEGO,CHULA VISTA,-117.03879215,32.61727493
6729879,2014,2015-01-13,9645,2014-11-20,1820,20541,NA,4,2,7,3711,0,1,1,NA,2,009,RT 805,IMPERIAL AV,300,S,N,A,-,Y,NA,NA,805,NA,NA,NA,NA,NA,NA,N,4,0,2,2,A,-,03,22350,NA,N,C,C,A,A,H,-,D,D,0,NA,NA,NA,NA,Y,NA,A,01,0,0,2,0,0,0,0,0,0,-,-,32.70272,-117.09532,SAN DIEGO,SAN DIEGO,-117.0950243,32.70274124
6730633,2014,2015-01-16,3706,2014-11-11,0928,ES0153,NA,2,5,6,3706,0,0,0,NA,0,041,RINCON AV,CONWAY DR,0,NA,Y,A,-,N,NA,NA,NA,NA,NA,NA,NA,NA,NA,Y,4,0,1,2,A,-,09,21802,A,N,D,C,A,A,H,-,A,D,0,NA,NA,NA,NA,Y,NA,A,01,0,0,1,0,0,0,0,0,0,-,-,NA,NA,SAN DIEGO,ESCONDIDO,-117.08394007,33.16469008
6730963,2014,2015-01-20,3710,2014-11-26,1430,OC1311,NA,3,5,6,3710,0,0,0,NA,0,012,RT 78,EL CAMINO REAL,200,E,N,A,-,Y,NA,NA,NA,NA,NA,NA,NA,NA,NA,N,4,0,1,2,A,-,03,22350,NA,N,C,C,A,A,H,-,A,A,0,NA,NA,NA,NA,Y,NA,A,01,0,0,1,0,0,0,0,0,0,EO,-,NA,NA,SAN DIEGO,OCEANSIDE,-117.32630409,33.18189249
6731020,2014,2015-01-20,3705,2014-11-26,2210,EC0163,NA,3,5,5,3705,0,0,0,NA,0,009,JAMACHA,LEXINGTON,456,N,N,A,-,N,NA,NA,NA,NA,NA,NA,NA,NA,NA,Y,2,0,1,2,A,-,01,23152,A,N,C,E,A,A,H,-,C,D,0,NA,NA,NA,NA,Y,Y,A,01,1,0,0,0,0,0,0,0,0,-,-,NA,NA,SAN DIEGO,EL CAJON,-116.93466854,32.7933903
6731032,2014,2015-01-20,3705,2014-11-08,1600,EC0338,NA,6,5,5,3705,0,0,0,NA,0,008,W CHASE,ESTES,40,W,N,A,-,N,NA,NA,NA,NA,NA,NA,NA,NA,NA,Y,4,0,1,2,A,-,09,21804,A,N,D,C,A,A,H,-,A,D,0,NA,NA,NA,NA,Y,NA,A,01,0,0,1,0,0,0,0,0,0,-,-,NA,NA,SAN DIEGO,EL CAJON,-116.9667394,32.78040719
6731701,2014,2016-02-24,3711,2014-12-05,1655,4663,NA,5,5,7,3711,0,0,0,NA,0,241,POMERADO RD,RT 15,528,E,N,A,-,N,NA,NA,NA,NA,NA,NA,NA,NA,NA,Y,4,0,1,2,A,-,03,22350,NA,N,C,C,A,A,H,-,C,D,0,NA,NA,NA,NA,Y,NA,-,NA,0,0,1,0,0,0,0,0,0,-,-,NA,NA,SAN DIEGO,SAN DIEGO,-117.11334707,32.8935111
6731802,2014,2015-01-22,3711,2014-11-29,0828,6774,SANDI,6,5,7,3711,0,0,0,NA,0,813,33RD ST,LANDIS ST,56,N,N,A,-,N,NA,NA,NA,NA,NA,NA,NA,NA,NA,N,2,0,1,2,A,-,21,22106,NA,N,G,B,E,A,H,-,A,D,0,Y,NA,NA,NA,Y,NA,A,07,1,0,0,0,1,0,0,0,0,-,-,NA,NA,SAN DIEGO,SAN DIEGO,-117.12284,32.7457234
6731885,2014,2015-02-17,3711,2014-12-05,1015,6284,839,5,5,7,3711,0,0,0,NA,0,NA,UNIVERSITY AV,CHEROKEE,3,W,N,B,-,N,NA,NA,NA,NA,NA,NA,NA,NA,NA,N,4,0,1,2,A,-,05,21650,1,N,D,G,A,A,H,-,A,D,0,NA,Y,NA,NA,Y,NA,L,04,0,0,1,0,0,0,1,0,0,-,-,NA,NA,SAN DIEGO,SAN DIEGO,-117.11434972,32.74972016
6731889,2014,2015-01-30,3711,2014-12-05,1712,7070,SANDI,5,5,7,3711,0,0,0,NA,0,712,DAIRY MART RD,WEST SAN YSIDRO BL,352,W,N,A,-,N,NA,NA,NA,NA,NA,NA,NA,NA,NA,Y,4,0,1,3,A,-,03,22350,NA,N,C,C,A,A,H,-,C,A,0,NA,NA,NA,NA,Y,NA,-,NA,0,0,1,0,0,0,0,0,0,-,-,NA,NA,SAN DIEGO,SAN DIEGO,-117.06241,32.55963
6732676,2014,2015-02-04,3711,2014-12-03,0706,5678,SAN D,3,5,7,3711,0,0,0,NA,0,446,47TH ST,CASTANA ST,0,NA,Y,B,C,N,NA,NA,NA,NA,NA,NA,NA,NA,NA,N,4,0,1,2,A,-,09,21804,A,N,D,C,A,B,H,-,A,D,0,NA,NA,NA,NA,Y,NA,-,NA,0,0,1,0,0,0,0,0,0,-,-,NA,NA,SAN DIEGO,SAN DIEGO,-117.09363011,32.70667002
6732700,2014,2015-02-17,3711,2014-12-02,1649,6532,NA,2,5,7,3711,0,0,0,NA,0,623,TAYLOR ST,PRESIDIO DR,120,E,N,B,C,N,NA,NA,NA,NA,NA,NA,NA,NA,NA,N,4,0,1,2,D,-,00,NA,NA,N,B,C,A,B,G,-,C,D,0,NA,NA,NA,NA,Y,NA,-,-,0,0,1,0,0,0,0,0,0,-,-,NA,NA,SAN DIEGO,SAN DIEGO,-117.19641525,32.75940947
6733801,2014,2015-02-10,9650,2014-12-03,1050,12120,NA,3,1,6,3710,0,1,1,NA,2,005,RT 5,RT 78,300,N,N,C,-,Y,NA,NA,NA,NA,NA,NA,NA,NA,NA,Y,4,0,1,2,A,-,03,22350,NA,N,B,C,A,B,H,-,A,D,0,NA,NA,NA,NA,Y,NA,A,01,0,0,1,0,0,0,0,0,0,-,-,NA,NA,SAN DIEGO,OCEANSIDE,-117.3519809,33.17765893
6736548,2014,2014-12-23,3700,2014-07-02,0819,SH0084,NA,3,5,5,3781,0,0,0,NA,0,519,MAGNOLIA AV,ROCKVILLE ST,219,N,N,A,-,N,NA,NA,NA,NA,NA,NA,NA,NA,NA,Y,3,0,1,1,C,-,18,NA,NA,N,H,H,A,A,H,-,A,D,0,NA,NA,Y,NA,Y,NA,-,-,0,1,0,0,0,0,0,0,1,-,-,NA,NA,SAN DIEGO,SANTEE,-116.96669448,32.83739582
6737495,2014,2015-01-29,3711,2014-11-27,1635,7187,NA,4,5,7,3711,0,0,0,NA,0,889,SWIFT AV,LANDIS ST,300,N,N,A,-,N,NA,NA,NA,NA,NA,NA,NA,NA,NA,N,3,0,2,1,A,-,03,22350,NA,N,H,J,A,A,H,-,B,D,0,NA,NA,NA,NA,Y,Y,-,NA,0,2,0,0,0,0,0,0,0,-,-,NA,NA,SAN DIEGO,SAN DIEGO,-117.11929,32.74745082
6737913,2014,2016-05-25,9645,2014-12-02,1605,017804,NA,2,2,7,3711,0,1,3,NA,2,023,RT 163,RICHMOND ST,300,S,N,C,-,Y,SD,11,163,-,-,1.74,H,-,S,N,4,0,1,2,A,-,03,22350,NA,N,C,C,A,B,H,-,B,D,1,NA,NA,NA,NA,Y,NA,A,01,0,0,1,0,0,0,0,0,0,-,-,32.73538,-117.15614,SAN DIEGO,SAN DIEGO,-117.15602695,32.73591283
6738349,2014,2015-01-20,9680,2014-11-21,0800,018152,NA,5,1,9,3700,0,3,5,NA,2,002,JAMACHA RD,RT 125,15,E,N,A,-,Y,NA,NA,NA,NA,NA,NA,NA,NA,NA,N,4,0,1,2,A,-,03,22350,NA,N,C,C,A,A,H,-,A,A,0,NA,NA,NA,NA,Y,NA,A,07,0,0,1,0,0,0,0,0,0,-,-,32.71485,-117.01349,SAN DIEGO,UNINCORPORATED,-117.0144514,32.71475
6738379,2014,2016-02-23,3708,2014-11-19,1141,LM8233,NA,3,5,5,3708,0,0,0,NA,0,001,CYPRESS ST,LA MESA BL,143,E,N,A,-,N,NA,NA,NA,NA,NA,NA,NA,NA,NA,N,3,0,1,2,A,-,09,21804,A,N,C,C,A,A,H,-,A,D,0,NA,NA,NA,NA,Y,NA,A,01,0,1,0,0,0,0,0,0,0,-,-,NA,NA,SAN DIEGO,LA MESA,-117.01636,32.76618
6738998,2014,2015-01-16,3711,2014-11-22,1627,6146,NA,6,5,7,3711,0,0,0,NA,0,232,CARMEL MOUNTAIN RD,HIGHLAND RANCH RD,395,S,N,A,-,N,NA,NA,NA,NA,NA,NA,NA,NA,NA,Y,4,0,2,3,A,-,03,22350,NA,N,C,C,A,A,H,-,A,D,0,NA,NA,NA,NA,Y,NA,A,07,0,0,2,0,0,0,0,0,0,-,-,NA,NA,SAN DIEGO,SAN DIEGO,-117.07684983,32.98207062
6739497,2014,2015-03-26,3711,2014-11-21,1430,4507,SANDI,5,5,7,3711,0,0,0,NA,0,124,LA JOLLA VILLAGE DR,RT 5,0,NA,Y,A,-,Y,NA,NA,NA,NA,NA,NA,NA,NA,NA,Y,4,0,1,2,A,-,12,21453,A,N,D,C,A,A,H,-,A,A,0,NA,NA,NA,NA,Y,NA,-,NA,0,0,1,0,0,0,0,0,0,-,SF,NA,NA,SAN DIEGO,SAN DIEGO,-117.22934,32.872