CASE_ID,ACCIDENT_YEAR,PROC_DATE,JURIS,COLLISION_DATE,COLLISION_TIME,OFFICER_ID,REPORTING_DISTRICT,DAY_OF_WEEK,CHP_SHIFT,POPULATION,CNTY_CITY_LOC,SPECIAL_COND,BEAT_TYPE,CHP_BEAT_TYPE,CITY_DIVISION_LAPD,CHP_BEAT_CLASS,BEAT_NUMBER,PRIMARY_RD,SECONDARY_RD,DISTANCE,DIRECTION,INTERSECTION,WEATHER_1,WEATHER_2,STATE_HWY_IND,CALTRANS_COUNTY,CALTRANS_DISTRICT,STATE_ROUTE,ROUTE_SUFFIX,POSTMILE_PREFIX,POSTMILE,LOCATION_TYPE,RAMP_INTERSECTION,SIDE_OF_HWY,TOW_AWAY,COLLISION_SEVERITY,NUMBER_KILLED,NUMBER_INJURED,PARTY_COUNT,PRIMARY_COLL_FACTOR,PCF_CODE_OF_VIOL,PCF_VIOL_CATEGORY,PCF_VIOLATION,PCF_VIOL_SUBSECTION,HIT_AND_RUN,TYPE_OF_COLLISION,MVIW,PED_ACTION,ROAD_SURFACE,ROAD_COND_1,ROAD_COND_2,LIGHTING,CONTROL_DEVICE,CHP_ROAD_TYPE,PEDESTRIAN_ACCIDENT,BICYCLE_ACCIDENT,MOTORCYCLE_ACCIDENT,TRUCK_ACCIDENT,NOT_PRIVATE_PROPERTY,ALCOHOL_INVOLVED,STWD_VEHTYPE_AT_FAULT,CHP_VEHTYPE_AT_FAULT,COUNT_SEVERE_INJ,COUNT_VISIBLE_INJ,COUNT_COMPLAINT_PAIN,COUNT_PED_KILLED,COUNT_PED_INJURED,COUNT_BICYCLIST_KILLED,COUNT_BICYCLIST_INJURED,COUNT_MC_KILLED,COUNT_MC_INJURED,PRIMARY_RAMP,SECONDARY_RAMP,LATITUDE,LONGITUDE,COUNTY,CITY,POINT_X,POINT_Y
6865411,2015,2015-04-10,3705,2015-03-01,1539,EC0279,NA,7,5,5,3705,0,0,0,NA,0,009,WASHINGTON,3RD ST,464,E,N,C,-,N,NA,NA,NA,NA,NA,NA,NA,NA,NA,Y,4,0,3,2,A,-,08,22100,B,N,D,C,A,B,H,-,A,-,0,NA,NA,NA,NA,Y,NA,A,01,0,0,3,0,0,0,0,0,0,-,-,NA,NA,SAN DIEGO,EL CAJON,-116.92558857,32.78719
6865529,2015,2015-04-17,3711,2015-03-28,2058,5600,NA,6,5,7,3711,0,0,0,NA,0,243,KEARNY VILLA RD,KEARNY MESA RD,100,S,N,A,-,N,NA,NA,NA,NA,NA,NA,NA,NA,NA,N,4,0,1,2,A,-,03,22350,NA,N,C,C,A,A,H,-,C,D,0,NA,NA,NA,NA,Y,NA,A,01,0,0,1,0,0,0,0,0,0,-,-,NA,NA,SAN DIEGO,SAN DIEGO,-117.11826557,32.89119364
6865533,2015,2015-04-22,3711,2015-04-01,0202,5985,NA,3,5,7,3711,0,0,0,NA,0,321,FRIARS RD,RANCHO MISSION RD,0,NA,Y,A,-,N,NA,NA,NA,NA,NA,NA,NA,NA,NA,Y,3,0,1,2,A,-,09,21453,C,N,D,C,A,A,H,-,C,A,0,NA,NA,NA,NA,Y,Y,A,07,0,1,0,0,0,0,0,0,0,-,-,NA,NA,SAN DIEGO,SAN DIEGO,-117.10877,32.78939004
6865739,2015,2015-04-09,3705,2015-03-13,0949,EC0295,NA,5,5,5,3705,0,0,0,NA,0,007,BROADWAY,BALLANTYNE,0,NA,Y,A,-,N,NA,NA,NA,NA,NA,NA,NA,NA,NA,Y,3,0,2,2,A,-,12,21453,A,N,D,C,A,A,H,-,A,A,0,NA,NA,NA,NA,Y,NA,A,08,0,1,1,0,0,0,0,0,0,-,-,NA,NA,SAN DIEGO,EL CAJON,-116.9581401,32.8076801
6868830,2015,2015-04-14,3705,2015-01-12,2125,EC0328,NA,1,5,5,3705,0,0,0,NA,0,009,N 3RD,MELODY,3,N,N,A,-,N,NA,NA,NA,NA,NA,NA,NA,NA,NA,N,4,0,1,1,B,-,22,NA,NA,N,H,A,A,A,H,-,C,D,0,NA,Y,NA,NA,Y,NA,L,04,0,0,1,0,0,0,1,0,0,-,-,NA,NA,SAN DIEGO,EL CAJON,-116.92692006,32.79644822
6869396,2015,2015-04-09,9650,2015-03-19,1815,15803,NA,4,2,9,3700,0,3,5,NA,2,231,SUMMIT DR,MARY LN,5280,E,N,A,-,N,NA,NA,NA,NA,NA,NA,NA,NA,NA,Y,4,0,1,1,A,-,08,22107,NA,N,E,I,A,A,H,-,A,D,0,NA,NA,NA,NA,Y,NA,A,01,0,0,1,0,0,0,0,0,0,-,-,33.09403,-117.03431,SAN DIEGO,UNINCORPORATED,-117.03095507,33.096646990000004
6869397,2015,2015-04-08,3711,2015-03-19,1550,7155,NA,4,5,7,3711,0,0,0,NA,0,821,70TH ST,COLONY RD,0,NA,Y,-,-,N,NA,NA,NA,NA,NA,NA,NA,NA,NA,N,3,0,1,2,A,-,11,21954,A,N,G,B,D,-,-,-,-,D,0,Y,NA,NA,NA,Y,NA,N,60,0,1,0,0,1,0,0,0,0,-,-,NA,NA,SAN DIEGO,SAN DIEGO,-117.04678003,32.76599006
6869437,2015,2015-04-08,3711,2015-03-22,1245,6058,NA,7,5,7,3711,0,0,0,NA,0,122,GARNET AV,JEWELL ST,3,E,N,A,-,N,NA,NA,NA,NA,NA,NA,NA,NA,NA,Y,3,0,1,3,A,-,06,21755,NA,N,B,C,A,A,H,-,A,D,0,NA,NA,NA,NA,Y,NA,-,NA,0,1,0,0,0,0,0,0,0,-,-,NA,NA,SAN DIEGO,SAN DIEGO,-117.23896056,32.80020199
6869595,2015,2016-10-07,9645,2015-03-13,1520,17953,NA,5,2,7,3711,0,1,1,NA,2,007,RT 5,GENESEE AV,150,N,N,A,-,Y,SD,11,5,-,R,29.628,R,1,N,Y,4,0,1,2,A,-,03,22350,NA,N,C,C,A,A,H,-,A,A,1,NA,NA,NA,NA,Y,NA,A,01,0,0,1,0,0,0,0,0,0,FR,-,32.88754,-117.22683,SAN DIEGO,SAN DIEGO,-117.2274082,32.88946519
6869644,2015,2015-04-09,3708,2015-03-16,1430,LM1217,NA,1,5,5,3708,0,0,0,NA,0,002,JACKSON DR,LEMON AV,0,NA,Y,A,-,N,NA,NA,NA,NA,NA,NA,NA,NA,NA,N,4,0,1,2,A,-,11,21954,A,N,G,B,D,A,H,-,A,D,0,Y,NA,NA,NA,Y,NA,N,60,0,0,1,0,1,0,0,0,0,-,-,NA,NA,SAN DIEGO,LA MESA,-117.00653,32.7683
6869967,2015,2016-10-26,9680,2015-03-23,1545,19870,NA,1,2,9,3700,0,1,3,NA,1,040,RT 94,BARRETT LAKE RD,141,W,N,A,-,Y,SD,11,94,-,-,34.52,H,-,W,Y,4,0,1,2,A,-,03,22350,NA,N,C,C,A,A,H,-,A,D,0,NA,NA,NA,Y,Y,NA,G,25,0,0,1,0,0,0,0,0,0,-,-,32.6119,-116.70759,SAN DIEGO,UNINCORPORATED,-116.70794731,32.6121556
6870407,2015,2015-04-14,3701,2015-03-13,1135,5392,111,5,5,5,3701,0,0,0,NA,0,008,LA COSTA AV,CADENCIA ST,0,NA,Y,A,-,N,NA,NA,NA,NA,NA,NA,NA,NA,NA,Y,4,0,2,3,A,-,00,23153,F,N,D,C,A,A,H,-,A,A,0,NA,NA,NA,NA,Y,Y,A,07,0,0,2,0,0,0,0,0,0,-,-,NA,NA,SAN DIEGO,CARLSBAD,-117.23924003,33.08615002
6870644,2015,2015-04-28,3706,2015-03-27,0753,ES0388,NA,5,5,6,3706,0,0,0,NA,0,052,GRAND AV,ORANGE ST,0,NA,Y,A,-,N,NA,NA,NA,NA,NA,NA,NA,NA,NA,Y,3,0,2,3,A,-,03,22350,NA,N,C,C,A,A,H,-,A,D,0,NA,NA,NA,Y,Y,NA,D,22,0,1,1,0,0,0,0,0,0,-,-,NA,NA,SAN DIEGO,ESCONDIDO,-117.08552002,33.1196101
6871350,2015,2015-04-22,3710,2015-03-16,0425,OC1283,NA,1,5,6,3710,0,0,0,NA,0,007,MISSION AV,N NEVADA AV,50,E,N,A,-,N,NA,NA,NA,NA,NA,NA,NA,NA,NA,N,3,0,1,2,A,-,09,21801,A,N,H,G,A,A,H,-,C,D,0,NA,Y,NA,NA,Y,NA,D,22,0,1,0,0,0,0,1,0,0,-,-,NA,NA,SAN DIEGO,OCEANSIDE,-117.37712537,33.19733719
6872003,2015,2015-04-16,3700,2015-01-08,1830,SH3137,NA,4,5,5,3713,0,0,0,NA,0,317,SYCAMORE AV,GREEN OAK RD,0,NA,Y,A,-,N,NA,NA,NA,NA,NA,NA,NA,NA,NA,Y,3,0,1,2,A,-,12,21453,A,N,D,C,A,A,H,-,C,A,0,NA,NA,NA,NA,Y,NA,A,01,0,1,0,0,0,0,0,0,0,-,-,NA,NA,SAN DIEGO,VISTA,-117.2234101,33.15745003
6872317,2015,2016-09-28,9680,2015-03-20,1855,19384,NA,5,2,5,3708,0,1,3,NA,2,028,RT 125,AMAYA DR,0,NA,Y,A,-,Y,SD,11,125,-,-,18.731,R,4,N,Y,3,0,1,2,A,-,03,22350,NA,N,F,A,A,A,H,-,C,A,1,NA,NA,Y,NA,Y,NA,C,02,0,1,0,0,0,0,0,0,1,FR,-,32.78689,-117.00451,SAN DIEGO,LA MESA,-117.00635728,32.78911101
6875924,2015,2016-04-07,3711,2015-03-21,1635,6465,NA,6,5,7,3711,0,0,0,NA,0,313,BALBOA,VIEWRIDGE,0,NA,Y,A,-,N,NA,NA,NA,NA,NA,NA,NA,NA,NA,Y,3,0,2,2,A,-,12,21453,A,N,-,C,A,A,H,-,A,A,0,NA,NA,NA,NA,Y,NA,-,NA,0,1,1,0,0,0,0,0,0,-,-,NA,NA,SAN DIEGO,SAN DIEGO,-117.12496011,32.82243004
6876869,2015,2015-04-27,3705,2015-03-25,1340,EC0292,NA,3,5,5,3705,0,0,0,NA,0,007,3RD ST,PEACH,38,S,N,A,-,N,NA,NA,NA,NA,NA,NA,NA,NA,NA,Y,4,0,2,2,A,-,03,22350,NA,N,C,C,A,A,H,-,A,D,0,NA,NA,NA,NA,Y,NA,A,01,0,0,2,0,0,0,0,0,0,-,-,NA,NA,SAN DIEGO,EL CAJON,-116.92694,32.80630593
6877395,2015,2015-04-16,3709,2015-03-16,0717,470,NA,1,5,5,3709,0,0,0,NA,0,023,EAST 30TH ST,EAST 30TH ST 900 BLK,0,NA,-,A,-,N,NA,NA,NA,NA,NA,NA,NA,NA,NA,Y,4,0,2,2,A,-,08,22107,NA,N,D,C,A,A,H,-,A,D,0,NA,NA,NA,NA,Y,NA,A,01,0,0,2,0,0,0,0,0,0,-,-,NA,NA,SAN DIEGO,NATIONAL CITY,NA,NA
6877419,2015,2016-10-07,9645,2015-03-27,1125,014461,NA,5,1,7,3711,0,1,1,NA,2,007,RT 5,VIA DE LA VALLE,2640,S,N,A,-,Y,SD,11,5,-,R,35.77,H,-,N,Y,4,0,1,2,A,-,03,22350,NA,N,C,C,A,A,H,-,A,D,1,NA,NA,NA,NA,Y,NA,A,01,0,0,1,0,0,0,0,0,0,-,-,NA,NA,SAN DIEGO,SAN DIEGO,-117.25036114,32.9729835
6879624,2015,2015-04-22,3702,2015-03-21,1505,CV1099,NA,6,5,6,3702,0,0,0,NA,0,032,SWEETWATER RD,WILLOW ST,0,NA,Y,A,-,N,NA,NA,NA,NA,NA,NA,NA,NA,NA,Y,4,0,2,2,A,-,03,22350,NA,N,C,C,A,A,H,-,A,A,0,NA,NA,NA,NA,Y,NA,A,01,0,0,2,0,0,0,0,0,0,-,-,NA,NA,SAN DIEGO,CHULA VISTA,-117.04380012,32.66001006
6879825,2015,2015-04-20,3702,2015-04-04,0157,CV1081,NA,6,5,6,3702,0,0,0,NA,0,014,HILLTOP DR,TELEGRAPH CANYON RD,0,NA,Y,A,-,N,NA,NA,NA,NA,NA,NA,NA,NA,NA,Y,2,0,1,1,A,-,01,23152,F,N,A,I,A,A,H,-,C,A,0,NA,NA,NA,NA,Y,Y,A,01,1,0,0,0,0,0,0,0,0,-,-,NA,NA,SAN DIEGO,CHULA VISTA,-117.06059006,32.62798003
6879927,2015,2016-10-18,9650,2015-03-28,1335,15531,NA,6,1,5,3782,0,1,1,NA,2,007,RT 5,BIRMINGHAM DR,1584,S,N,A,-,Y,SD,11,5,-,R,39.53,H,-,N,Y,3,0,1,4,A,-,03,22350,NA,N,C,C,A,A,H,-,A,D,1,NA,NA,NA,NA,Y,NA,A,01,0,1,0,0,0,0,0,0,0,-,-,33.02038,-117.27285,SAN DIEGO,ENCINITAS,-117.27327767,33.02207663
6881437,2015,2016-09-06,9645,2015-03-27,0632,018344,NA,5,1,6,3702,0,1,1,NA,2,001,RT 5,E ST,2640,N,N,A,-,Y,SD,11,5,-,-,9.14,H,-,N,Y,3,0,1,2,A,-,03,22350,NA,N,B,C,A,A,H,-,A,D,1,NA,NA,Y,NA,Y,NA,C,02,0,1,0,0,0,0,0,0,1,-,-,32.64668,-117.10244,SAN DIEGO,CHULA VISTA,-117.1026603,32.64759673
6881447,2015,2016-04-07,3700,2015-03-24,2337,SH0059,NA,2,5,5,3713,0,0,0,NA,0,308,WEST VISTA WY,COOPER AV,309,W,N,A,-,N,NA,NA,NA,NA,NA,NA,NA,NA,NA,N,2,0,1,2,D,-,00,NA,NA,F,G,B,E,A,H,-,C,A,0,Y,NA,NA,NA,Y,NA,-,-,1,0,0,0,1,0,0,0,0,-,-,NA,NA,SAN DIEGO,VISTA,-117.26214618,33.19452145
6881534,2015,2015-04-27,3706,2015-03-28,2240,ES0484,NA,6,5,6,3706,0,0,0,NA,0,054,VALLEY PKWY,HARDING ST,4,E,N,A,-,N,NA,NA,NA,NA,NA,NA,NA,NA,NA,N,3,0,1,2,D,-,00,NA,NA,M,C,C,A,A,H,-,C,A,0,NA,NA,NA,NA,Y,NA,-,-,0,1,0,0,0,0,0,0,0,-,-,NA,NA,SAN DIEGO,ESCONDIDO,-117.06355861,33.1320753
6881708,2015,2015-04-22,9680,2015-03-19,1845,019794,NA,4,2,9,3700,0,3,5,NA,2,001,E BRADLEY AV,GRAVES AV,325,E,N,A,-,N,NA,NA,NA,NA,NA,NA,NA,NA,NA,N,4,0,2,2,A,-,03,22350,NA,N,C,C,A,A,H,-,B,D,0,NA,NA,NA,NA,Y,NA,A,01,0,0,2,0,0,0,0,0,0,-,-,32.81914,-116.9576,SAN DIEGO,UNINCORPORATED,-116.95790602,32.81911
6882366,2015,2016-11-17,9645,2015-04-04,1949,019496,NA,6,2,7,3711,0,1,1,NA,2,001,RT 5,CORONADO AV,1000,N,N,A,-,Y,SD,11,5,-,-,4.34,H,-,S,Y,4,0,2,2,A,-,03,22350,NA,N,C,C,A,A,H,-,D,D,1,NA,NA,NA,NA,Y,NA,A,01,0,0,2,0,0,0,0,0,0,-,-,32.58006,-117.08615,SAN DIEGO,SAN DIEGO,-117.08582238,32.57974833
6882619,2015,2015-04-23,3710,2015-02-28,1701,OC0652,NA,6,5,6,3710,0,0,0,NA,0,011,EL CAMINIO REAL,MISSION AV,289,S,N,B,-,N,NA,NA,NA,NA,NA,NA,NA,NA,NA,N,4,0,1,2,A,-,03,22350,NA,N,C,C,A,A,H,-,A,A,0,NA,NA,NA,NA,Y,NA,A,01,0,0,1,0,0,0,0,0,0,-,-,NA,NA,SAN DIEGO,OCEANSIDE,-117.3311922,33.22508529
6883954,2015,2015-04-21,3711,2015-04-06,0650,7029,NA,1,5,7,3711,0,0,0,NA,0,823,UNIVERSITY,58TH ST,0,NA,Y,B,-,N,NA,NA,NA,NA,NA,NA,NA,NA,NA,Y,4,0,1,2,A,-,12,21453,A,N,D,C,A,A,H,-,A,A,0,NA,NA,NA,NA,Y,NA,-,NA,0,0,1,0,0,0,0,0,0,-,-,NA,NA,SAN DIEGO,SAN DIEGO,-117.07287002,32.74914003
6886140,2015,2015-04-29,3711,2015-04-13,0815,3667,NA,1,5,7,3711,0,0,0,NA,0,624,ADAMS AV,PANORAMA DR,101,W,N,A,-,N,NA,NA,NA,NA,NA,NA,NA,NA,NA,N,4,0,1,2,A,-,21,22106,NA,N,B,G,A,A,H,-,A,D,0,NA,Y,NA,NA,Y,NA,A,01,0,0,1,0,0,0,1,0,0,-,-,NA,NA,SAN DIEGO,SAN DIEGO,-117.14279823,32.7626089
6886565,2015,2015-06-10,3711,2015-04-09,2100,7125,SD,4,5,7,3711,0,0,0,NA,0,827,UNIVERSITY AV,SHILOH RD,22,W,N,A,-,N,NA,NA,NA,NA,NA,NA,NA,NA,NA,N,3,0,1,2,A,-,08,22107,NA,N,H,G,A,A,H,-,C,D,0,NA,Y,NA,NA,Y,NA,L,04,0,1,0,0,0,0,1,0,0,-,-,NA,NA,SAN DIEGO,SAN DIEGO,-117.08160131,32.74908059
6887203,2015,2015-05-02,9645,2015-04-12,2325,020857,NA,7,3,9,3700,0,3,5,NA,2,018,SWEETWATER RD,VALLEY RD,500,E,N,A,-,N,NA,NA,NA,NA,NA,NA,NA,NA,NA,Y,4,0,2,2,A,-,09,21804,A,N,D,C,A,A,H,-,C,D,0,NA,NA,NA,NA,Y,NA,A,01,0,0,2,0,0,0,0,0,0,-,-,32.6609,-117.0493,SAN DIEGO,UNINCORPORATED,-117.06855329,32.66075804
6887446,2015,2016-11-17,9645,2015-04-17,0105,016864,NA,5,3,7,3711,0,1,1,NA,2,001,RT 5,CAMINO DE LA PLAZA,900,N,N,A,-,Y,SD,11,5,-,R,0.48,H,-,N,N,2,0,1,1,A,-,08,22107,NA,N,F,A,A,A,H,-,E,D,1,NA,NA,Y,NA,Y,NA,C,02,1,0,0,0,0,0,0,0,1,-,-,32.54641,-117.0349,SAN DIEGO,SAN DIEGO,-117.03493283,32.54608297
6887497,2015,2016-12-01,9645,2015-04-14,0830,14909,NA,2,1,7,3711,0,1,1,NA,2,010,RT 8,MORENA BL,300,E,N,A,-,Y,SD,11,8,-,R,0.64,H,-,W,Y,4,0,1,2,A,-,07,21658,A,N,B,C,A,A,H,-,A,D,1,NA,NA,NA,NA,Y,NA,A,01,0,0,1,0,0,0,0,0,0,-,-,32.7607,-117.1957,SAN DIEGO,SAN DIEGO,-117.19349195,32.76067962
6887538,2015,2016-12-10,9650,2015-04-06,0040,19191,NA,1,3,5,3712,0,1,3,NA,2,019,RT 78,NORDAHL RD,800,W,N,A,-,Y,SD,11,78,-,-,15.24,H,-,E,Y,3,0,1,1,A,-,08,22107,NA,N,E,I,A,A,H,-,D,D,1,NA,NA,NA,NA,Y,NA,A,01,0,1,0,0,0,0,0,0,0,-,-,33.13366,-117.12507,SAN DIEGO,SAN MARCOS,-117.12531082,33.13370799
6887548,2015,2016-11-10,9650,2015-04-09,2010,12835,NA,4,2,9,3700,0,1,1,NA,2,001,RT 5,SAN ONOFRE INSPECTION FACILITY,5280,S,N,A,-,Y,SD,11,5,-,R,66.36,H,-,N,Y,4,0,1,3,A,-,03,22350,NA,N,C,C,A,A,H,-,D,D,1,NA,NA,NA,NA,Y,NA,A,01,0,0,1,0,0,0,0,0,0,-,-,33.3437,-117.51236,SAN DIEGO,UNINCORPORATED,-117.5124442,33.34353186
6887611,2015,2015-04-29,3711,2015-04-10,1548,5198,NA,5,5,7,3711,0,0,0,NA,0,234,WEST BERNARDO RD,RANCHO BERNARDO RECREATION CENTER,455,N,N,A,-,N,NA,NA,NA,NA,NA,NA,NA,NA,NA,N,3,0,2,2,A,-,09,21801,A,N,D,C,A,A,H,-,A,D,0,NA,NA,NA,NA,Y,NA,A,01,0,1,1,0,0,0,0,0,0,-,-,NA,NA,SAN DIEGO,SAN DIEGO,-117.076242,33.051461
6887739,2015,2015-04-27,3711,2015-04-04,1120,6715,NA,6,5,7,3711,0,0,0,NA,0,624,FLORIDA ST,MEADE AV,264,S,N,A,-,N,NA,NA,NA,NA,NA,NA,NA,NA,NA,Y,4,0,1,3,A,-,08,22107,NA,N,A,E,A,A,H,-,A,D,0,NA,NA,NA,NA,Y,NA,-,NA,0,0,1,0,0,0,0,0,0,-,-,NA,NA,SAN DIEGO,SAN DIEGO,-117.14377613,32.75649682
6887742,2015,2015-04-27,3711,2015-04-09,1722,6366,NA,4,5,7,3711,0,0,0,NA,0,313,BALBOA AV,CONVOY ST,0,NA,Y,A,-,N,NA,NA,NA,NA,NA,NA,NA,NA,NA,Y,4,0,1,2,A,-,12,21453,A,M,D,C,A,A,H,-,A,A,0,NA,NA,Y,NA,Y,NA,-,99,0,0,1,0,0,0,0,0,1,-,-,NA,NA,SAN DIEGO,SAN DIEGO,-117.15509012,32.82175011
6888723,2015,2015-05-02,3700,2015-02-23,1722,SH7552,NA,1,5,4,3707,0,0,0,NA,0,702,10TH ST,PALM AV,0,NA,Y,A,-,N,NA,NA,NA,NA,NA,NA,NA,NA,NA,N,4,0,1,2,A,-,05,21650,1,N,D,G,A,A,H,-,A,A,0,NA,Y,NA,NA,Y,NA,L,04,0,0,1,0,0,0,1,0,0,-,-,NA,NA,SAN DIEGO,IMPERIAL BEACH,-117.11183008,32.58397011
6888732,2015,2015-05-04,3711,2015-02-05,1441,6366,NA,4,5,7,3711,0,0,0,NA,0,312,CLAIREMONT MESA BL,RUEDA DR,0,NA,Y,A,-,N,NA,NA,NA,NA,NA,NA,NA,NA,NA,Y,2,0,2,2,A,-,09,21804,A,N,D,C,A,A,H,-,A,D,0,NA,NA,NA,NA,Y,NA,A,07,1,1,0,0,0,0,0,0,0,-,-,NA,NA,SAN DIEGO,SAN DIEGO,-117.07913007,32.82543005
6889164,2015,2015-05-07,3710,2015-04-07,1100,OC1410,NA,2,5,6,3710,0,0,0,NA,0,033,COLLEGE BL,FRAZEE RD,0,NA,Y,A,-,N,NA,NA,NA,NA,NA,NA,NA,NA,NA,Y,4,0,2,2,A,-,12,21453,A,N,B,C,A,A,H,-,A,A,0,NA,NA,NA,NA,Y,NA,D,22,0,0,2,0,0,0,0,0,0,-,-,NA,NA,SAN DIEGO,OCEANSIDE,-117.29286001,33.23694007
6889367,2015,2015-04-25,3706,2015-04-07,1258,ES0417,NA,2,5,6,3706,0,0,0,NA,0,042,VALLEY PKWY,FIG ST,0,NA,Y,A,-,N,NA,NA,NA,NA,NA,NA,NA,NA,NA,Y,4,0,1,2,A,-,09,21801,A,N,D,C,A,A,H,-,A,A,0,NA,NA,NA,NA,Y,NA,A,01,0,0,1,0,0,0,0,0,0,-,-,NA,NA,SAN DIEGO,ESCONDIDO,-117.07392002,33.12729008
6889588,2015,2016-12-19,3710,2015-04-04,1310,0878,NA,6,5,6,3710,0,0,0,NA,0,022,RT 76,GUAJOME LAKE RD,40,E,N,A,-,Y,SD,11,76,-,R,7.19,H,-,W,Y,4,0,1,2,A,-,04,21703,NA,N,C,C,A,A,H,-,A,A,0,NA,NA,NA,NA,Y,NA,A,01,0,0,1,0,0,0,0,0,0,-,-,NA,NA,SAN DIEGO,OCEANSIDE,-117.2741343,33.24855045
6890734,2015,2015-05-02,3702,2015-04-04,1139,CV1080,NA,6,5,6,3702,0,0,0,NA,0,042,OTAY LAKES RD,LA MEDIA RD,0,NA,Y,A,-,N,NA,NA,NA,NA,NA,NA,NA,NA,NA,Y,4,0,1,2,A,-,12,21453,A,N,D,C,A,A,H,-,A,A,0,NA,NA,NA,NA,Y,NA,D,22,0,0,1,0,0,0,0,0,0,-,-,NA,NA,SAN DIEGO,CHULA VISTA,-116.99024013,32.63873007
6891041,2015,2015-04-27,3702,2015-03-27,1219,CV1098,NA,5,5,6,3702,0,0,0,NA,0,031,EAST H ST,TIERRA DEL REY,62,E,N,A,-,N,NA,NA,NA,NA,NA,NA,NA,NA,NA,N,4,0,1,2,A,-,03,22350,NA,N,C,C,A,A,H,-,A,A,0,NA,NA,NA,NA,Y,NA,A,01,0,0,1,0,0,0,0,0,0,-,-,NA,NA,SAN DIEGO,CHULA VISTA,-117.02041975,32.63598128
6894527,2015,2015-07-08,3711,2015-04-16,1734,6276,NA,4,5,7,3711,0,0,0,NA,0,529,LAUREL ST,3RD AV,26,E,N,A,-,N,NA,NA,NA,NA,NA,NA,NA,NA,NA,Y,4,0,1,3,A,-,03,22350,NA,N,C,C,A,A,H,-,A,A,0,NA,NA,NA,NA,Y,NA,-,NA,0,0,1,0,0,0,0,0,0,-,-,NA,NA,SAN DIEGO,SAN DIEGO,-117.16201574,32.73137094
6894614,2015,2015-05-22,3711,2015-04-19,0245,6887,NA,7,5,7,3711,0,0,0,NA,0,447,47TH ST,BEECH ST,210,S,N,-,-,N,NA,NA,NA,NA,NA,NA,NA,NA,NA,NA,4,0,1,2,A,-,08,22107,NA,N,A,D,A,A,-,-,C,D,0,NA,NA,NA,NA,Y,NA,-,NA,0,0,1,0,0,0,0,0,0,-,-,NA,NA,SAN DIEGO,SAN DIEGO,-117.09355,32.71953478
6896273,2015,2016-12-13,9645,2015-04-24,1208,18393,NA,5,1,7,3711,0,1,1,NA,2,009,RT 805,DIVISION ST,400,S,N,B,-,Y,SD,11,805,-,-,11.06,H,-,S,Y,4,0,2,2,A,-,03,22350,NA,N,C,C,A,B,H,-,A,D,1,NA,NA,NA,NA,Y,NA,D,22,0,0,2,0,0,0,0,0,0,-,-,32.68507,-117.09044,SAN DIEGO,SAN DIEGO,-117.09173952,32.68625197
6896734,2015,2016-11-19,9680,2015-04-26,1620,017928,NA,7,2,9,3700,0,1,3,NA,1,091,RT 78,WEEKEND VILLA RD,5280,W,N,A,-,Y,SD,11,78,-,-,31.97,H,-,E,Y,3,0,3,2,A,-,05,21460,A,N,A,C,A,A,H,-,A,A,0,NA,NA,NA,NA,Y,NA,D,22,0,1,2,0,0,0,0,0,0,-,-,33.07226,-116.9017,SAN DIEGO,UNINCORPORATED,-116.90217388,33.07249082
6896886,2015,2016-11-03,9680,2015-04-27,0010,015766,NA,1,3,9,3700,0,1,1,NA,2,086,RT 8,KITCHEN CREEK RD,6336,E,N,A,-,Y,SD,11,8,-,R,51.72,H,-,W,Y,4,0,1,1,A,-,08,22107,NA,N,E,I,A,A,H,-,D,D,1,NA,NA,NA,NA,Y,NA,A,01,0,0,1,0,0,0,0,0,0,-,-,32.72366,-116.44885,SAN DIEGO,UNINCORPORATED,-116.47269405,32.71977858
6896953,2015,2016-11-19,9680,2015-04-27,1435,018152,NA,1,2,4,3720,0,1,3,NA,2,027,RT 94,GROVE ST,720,E,N,A,-,Y,SD,11,94,-,-,9.4,H,-,W,Y,3,0,1,2,A,-,07,21658,A,N,F,A,A,A,H,-,A,D,1,NA,NA,Y,NA,Y,NA,A,07,0,1,0,0,0,0,0,0,1,-,-,32.74708,-117.02433,SAN DIEGO,LEMON GROVE,-117.02418019,32.74705419
6896974,2015,2015-05-19,9650,2015-04-25,2135,019191,NA,6,2,9,3700,0,3,5,NA,2,213,PALA TEMECULA RD,PALA MISSION RD,3.1,N,N,B,-,N,NA,NA,NA,NA,NA,NA,NA,NA,NA,Y,4,0,1,2,A,-,05,21460,A,N,D,C,A,B,H,-,C,D,0,NA,NA,NA,NA,Y,NA,A,01,0,0,1,0,0,0,0,0,0,-,-,NA,NA,SAN DIEGO,UNINCORPORATED,-117.07552099,33.36524845
6897083,2015,2016-11-19,9645,2015-04-18,1510,017499,NA,6,2,7,3711,0,1,3,NA,2,006,RT 94,KELTON RD,2300,E,N,A,-,Y,SD,11,94,-,-,6.16,H,-,E,Y,3,0,1,1,A,-,08,22107,NA,N,F,A,A,A,H,-,A,D,1,NA,NA,Y,NA,Y,NA,C,02,0,1,0,0,0,0,0,0,1,-,-,32.72615,-117.07256,SAN DIEGO,SAN DIEGO,-117.07126497,32.72712968
6897326,2015,2015-05-12,9680,2015-04-14,1940,019870,NA,2,2,9,3700,0,3,5,NA,2,002,FELICITA AV,PIEDMONT ST,0,NA,Y,A,-,N,NA,NA,NA,NA,NA,NA,NA,NA,NA,N,4,0,1,2,A,-,10,21954,B,N,G,B,D,A,H,-,C,A,0,Y,NA,NA,NA,Y,NA,A,01,0,0,1,0,1,0,0,0,0,-,-,32.71358,-117.00073,SAN DIEGO,UNINCORPORATED,-117.00076011,32.71347008
6902012,2015,2015-05-18,3700,2015-03-28,0411,SH4791,NA,6,5,5,3782,0,0,0,NA,0,214,LEUCADIA BL,HYMETTUS AV,0,NA,Y,A,-,N,NA,NA,NA,NA,NA,NA,NA,NA,NA,Y,4,0,1,1,A,-,03,22350,NA,N,E,I,A,A,H,-,C,D,0,NA,NA,NA,NA,Y,NA,D,22,0,0,1,0,0,0,0,0,0,-,-,NA,NA,SAN DIEGO,ENCINITAS,-117.29617013,33.06471002