CASE_ID,ACCIDENT_YEAR,PROC_DATE,JURIS,COLLISION_DATE,COLLISION_TIME,OFFICER_ID,REPORTING_DISTRICT,DAY_OF_WEEK,CHP_SHIFT,POPULATION,CNTY_CITY_LOC,SPECIAL_COND,BEAT_TYPE,CHP_BEAT_TYPE,CITY_DIVISION_LAPD,CHP_BEAT_CLASS,BEAT_NUMBER,PRIMARY_RD,SECONDARY_RD,DISTANCE,DIRECTION,INTERSECTION,WEATHER_1,WEATHER_2,STATE_HWY_IND,CALTRANS_COUNTY,CALTRANS_DISTRICT,STATE_ROUTE,ROUTE_SUFFIX,POSTMILE_PREFIX,POSTMILE,LOCATION_TYPE,RAMP_INTERSECTION,SIDE_OF_HWY,TOW_AWAY,COLLISION_SEVERITY,NUMBER_KILLED,NUMBER_INJURED,PARTY_COUNT,PRIMARY_COLL_FACTOR,PCF_CODE_OF_VIOL,PCF_VIOL_CATEGORY,PCF_VIOLATION,PCF_VIOL_SUBSECTION,HIT_AND_RUN,TYPE_OF_COLLISION,MVIW,PED_ACTION,ROAD_SURFACE,ROAD_COND_1,ROAD_COND_2,LIGHTING,CONTROL_DEVICE,CHP_ROAD_TYPE,PEDESTRIAN_ACCIDENT,BICYCLE_ACCIDENT,MOTORCYCLE_ACCIDENT,TRUCK_ACCIDENT,NOT_PRIVATE_PROPERTY,ALCOHOL_INVOLVED,STWD_VEHTYPE_AT_FAULT,CHP_VEHTYPE_AT_FAULT,COUNT_SEVERE_INJ,COUNT_VISIBLE_INJ,COUNT_COMPLAINT_PAIN,COUNT_PED_KILLED,COUNT_PED_INJURED,COUNT_BICYCLIST_KILLED,COUNT_BICYCLIST_INJURED,COUNT_MC_KILLED,COUNT_MC_INJURED,PRIMARY_RAMP,SECONDARY_RAMP,LATITUDE,LONGITUDE,COUNTY,CITY,POINT_X,POINT_Y
7041383,2015,2015-09-03,3708,2015-05-12,1600,LM1217,NA,2,5,5,3708,0,0,0,NA,0,002,UNIVERSITY AV,SPRING ST,0,NA,Y,A,-,N,NA,NA,NA,NA,NA,NA,NA,NA,NA,N,4,0,1,3,A,-,03,22350,NA,N,C,C,A,A,H,-,A,A,0,NA,NA,NA,NA,Y,NA,A,01,0,0,1,0,0,0,0,0,0,-,-,NA,NA,SAN DIEGO,LA MESA,-117.02173012,32.76741012
7041434,2015,2015-09-08,9680,2015-08-07,2030,18356,NA,5,2,9,3700,0,2,4,NA,1,025,SWEETWATER RD,SAINT GEORGE SAINT,0,NA,Y,A,-,N,NA,NA,NA,NA,NA,NA,NA,NA,NA,Y,4,0,2,2,A,-,03,22350,NA,N,D,C,A,A,H,-,C,A,0,NA,NA,NA,NA,Y,NA,A,01,0,0,2,0,0,0,0,0,0,-,-,32.71215,-117.01266,SAN DIEGO,UNINCORPORATED,-117.01267,32.71218
7042940,2015,2015-09-02,3711,2015-08-05,1130,4491,NA,3,5,7,3711,0,0,0,NA,0,623,HOTEL CIRCLE PL,HOTEL CIRCLE,528,W,N,A,-,N,NA,NA,NA,NA,NA,NA,NA,NA,NA,N,3,0,1,2,A,-,11,21954,A,N,G,B,D,A,H,-,A,D,0,Y,NA,NA,NA,Y,NA,N,60,0,1,0,0,1,0,0,0,0,-,-,NA,NA,SAN DIEGO,SAN DIEGO,-117.18833797,32.75994888
7043007,2015,2015-09-21,3711,2015-08-15,1715,4892,NA,6,5,7,3711,0,0,0,NA,0,613,POINSETTA DR,CHATSWORTH BL,117,W,N,A,-,N,NA,NA,NA,NA,NA,NA,NA,NA,NA,N,3,0,1,2,A,-,06,21755,NA,N,B,C,A,A,H,-,A,D,0,NA,NA,NA,NA,Y,NA,-,NA,0,1,0,0,0,0,0,0,0,-,-,NA,NA,SAN DIEGO,SAN DIEGO,-117.22906344,32.73905361
7043733,2015,2017-01-28,9645,2015-08-03,1515,20066,NA,1,2,7,3711,0,1,3,NA,2,006,RT 94,32ND ST,1500,E,N,A,-,Y,SD,11,94,-,-,2.89,H,-,E,Y,4,0,2,4,A,-,08,22107,NA,M,D,C,A,A,H,-,A,D,1,NA,NA,NA,NA,Y,NA,A,01,0,0,2,0,0,0,0,0,0,-,-,32.71503,-117.1247,SAN DIEGO,SAN DIEGO,-117.12259346,32.715563
7043741,2015,2017-01-14,9645,2015-08-13,0950,18393,NA,4,1,5,3709,0,1,1,NA,2,001,RT 5,MILE OF CARS WY,400,N,N,A,-,Y,SD,11,5,-,R,10.14,H,-,N,Y,3,0,1,1,A,-,08,22107,NA,N,F,A,A,A,H,-,A,D,1,NA,NA,NA,NA,Y,NA,A,01,0,1,0,0,0,0,0,0,0,-,-,32.66131,-117.10849,SAN DIEGO,NATIONAL CITY,-117.1083379,32.66130054
7043858,2015,2015-09-04,3711,2015-08-07,2056,5051,NA,5,5,7,3711,0,0,0,NA,0,0825,FAIRMOUNT AV,MONTEZUMA RD,990,N,N,B,-,N,NA,NA,NA,NA,NA,NA,NA,NA,NA,Y,3,0,1,1,A,-,03,22350,NA,N,E,I,A,A,H,-,C,D,0,NA,NA,NA,NA,Y,NA,A,01,0,1,0,0,0,0,0,0,0,-,-,NA,NA,SAN DIEGO,SAN DIEGO,-117.09839769,32.77493555
7044405,2015,2015-09-08,3710,2015-08-13,1555,OC1274,NA,4,5,6,3710,0,0,0,NA,0,022,RT 76,MELROSE DR,1560,W,N,A,-,N,NA,NA,NA,NA,NA,NA,NA,NA,NA,Y,3,0,2,4,A,-,03,22350,NA,F,C,C,A,A,H,-,A,A,0,NA,NA,NA,NA,Y,NA,-,NA,0,1,1,0,0,0,0,0,0,-,-,NA,NA,SAN DIEGO,OCEANSIDE,-117.26990328,33.25004436
7044798,2015,2017-01-28,9680,2015-08-10,1332,20343,NA,1,1,9,3700,0,1,3,NA,1,024,RT 94,AVOCADO BL,600,E,N,A,-,Y,SD,11,94,-,-,13.44,H,-,W,Y,3,0,4,2,A,-,03,22350,NA,N,C,C,A,A,H,-,A,D,0,NA,NA,NA,Y,Y,NA,G,25,0,1,3,0,0,0,0,0,0,-,-,32.74567,-116.96178,SAN DIEGO,UNINCORPORATED,-116.96347034,32.74516749
7045835,2015,2016-12-19,9645,2015-05-28,1830,016816,NA,4,2,7,3711,0,1,3,NA,2,023,RT 163,FRIARS RD,200,S,N,A,-,Y,SD,11,163,-,-,4.33,H,-,S,Y,4,0,1,4,A,-,03,22350,NA,N,C,C,A,A,H,-,B,D,1,NA,NA,NA,NA,Y,NA,A,01,0,0,1,0,0,0,0,0,0,-,-,32.76905,-117.16206,SAN DIEGO,SAN DIEGO,-117.16159699,32.77106945
7048050,2015,2015-09-21,3700,2015-07-16,0425,SH5620,NA,4,5,4,3780,0,0,0,NA,0,410,POMERADO RD,TWIN PEAKS RD,0,NA,Y,A,-,N,NA,NA,NA,NA,NA,NA,NA,NA,NA,Y,4,0,1,2,A,-,12,21453,A,N,D,C,A,A,H,-,C,A,0,NA,NA,NA,NA,Y,NA,A,01,0,0,1,0,0,0,0,0,0,-,-,NA,NA,SAN DIEGO,POWAY,-117.06196005,32.98347004
7048441,2015,2015-09-11,3706,2015-08-20,0415,ES0466,NA,4,5,6,3706,0,0,0,NA,0,052,11TH AV,ESCONDIDO BL,134,E,N,A,-,N,NA,NA,NA,NA,NA,NA,NA,NA,NA,Y,3,0,1,3,A,-,03,22350,NA,N,B,E,A,A,H,-,C,D,0,NA,NA,NA,NA,Y,NA,A,07,0,1,0,0,0,0,0,0,0,-,-,NA,NA,SAN DIEGO,ESCONDIDO,-117.07743727,33.11148057
7049547,2015,2015-09-17,3711,2015-08-10,0655,159,NA,1,5,7,3711,0,0,0,NA,0,242,BLACK MOUNTAIN RD,MIRAMAR COLLEGE DRIVEWAY,0,NA,Y,B,-,N,NA,NA,NA,NA,NA,NA,NA,NA,NA,N,3,0,2,2,A,-,12,21453,A,N,D,C,A,A,H,-,A,A,0,NA,NA,NA,NA,Y,NA,D,22,0,1,1,0,0,0,0,0,0,-,-,NA,NA,SAN DIEGO,SAN DIEGO,-117.12416989,32.90942006
7050069,2015,2015-12-30,3711,2015-08-24,1727,7179,NA,1,5,7,3711,0,0,0,NA,0,512,SOUTH 28TH ST,MARCY AV,0,NA,Y,A,-,NA,NA,NA,NA,NA,NA,NA,NA,NA,NA,NA,4,0,1,2,A,-,09,21804,A,N,G,B,D,A,H,-,A,D,0,Y,NA,NA,NA,Y,NA,N,60,0,0,1,0,1,0,0,0,0,-,-,NA,NA,SAN DIEGO,SAN DIEGO,-117.13382005,32.69754009
7050258,2015,2017-01-10,9645,2015-08-13,1743,019410,NA,4,2,7,3711,0,1,3,NA,2,023,RT 163,GENESEE AV,550,N,N,A,-,Y,SD,11,163,-,-,6.04,H,-,S,N,4,0,1,3,A,-,03,22350,NA,N,C,C,A,A,H,-,A,D,1,NA,NA,NA,NA,Y,NA,A,01,0,0,1,0,0,0,0,0,0,-,-,NA,NA,SAN DIEGO,SAN DIEGO,-117.15795904,32.79492552
7052778,2015,2016-07-19,3705,2015-07-21,1748,EC0289,NA,2,5,5,3705,0,0,0,NA,0,010,MADISON,COMPTON,14,W,N,A,-,N,NA,NA,NA,NA,NA,NA,NA,NA,NA,N,4,0,3,2,A,-,03,22350,NA,N,C,C,A,A,H,-,A,A,0,NA,NA,NA,NA,Y,NA,A,01,0,0,3,0,0,0,0,0,0,-,-,NA,NA,SAN DIEGO,EL CAJON,-116.9650654,32.80069
7052812,2015,2015-09-26,3711,2015-08-05,0650,6560,NA,3,5,7,3711,0,0,0,NA,0,627,W ROBINSON AV,FRONT ST,20,E,N,A,-,N,NA,NA,NA,NA,NA,NA,NA,NA,NA,Y,3,0,2,2,A,-,09,21801,A,N,B,C,A,A,H,-,A,D,0,NA,NA,NA,NA,Y,NA,-,NA,0,1,1,0,0,0,0,0,0,-,-,NA,NA,SAN DIEGO,SAN DIEGO,-117.16493518,32.74690114
7053123,2015,2015-09-23,3711,2015-08-29,1946,5046,NA,6,5,7,3711,0,0,0,NA,0,613,NIMITZ BL,ATASCADERO DR,0,NA,Y,A,-,N,NA,NA,NA,NA,NA,NA,NA,NA,NA,Y,3,0,1,1,A,-,08,22107,NA,N,E,I,A,A,H,-,A,A,0,NA,NA,NA,NA,Y,NA,A,01,0,1,0,0,0,0,0,0,0,-,-,NA,NA,SAN DIEGO,SAN DIEGO,-117.23161013000001,32.73943002
7053151,2015,2015-09-24,3711,2015-08-28,1345,6025,NA,5,5,7,3711,0,0,0,NA,0,721,CORONADO AV,14TH ST,42,E,N,A,-,N,NA,NA,NA,NA,NA,NA,NA,NA,NA,N,4,0,1,2,A,-,03,22350,NA,N,C,C,A,-,H,-,A,D,0,NA,NA,NA,NA,Y,Y,-,-,0,0,1,0,0,0,0,0,0,-,-,NA,NA,SAN DIEGO,SAN DIEGO,-117.10337412,32.57652
7054035,2015,2017-01-24,9645,2015-08-25,1520,18697,NA,2,2,7,3711,0,1,1,NA,2,009,RT 805,RT 94,82,S,N,B,-,Y,SD,11,805,-,-,13.33,H,-,S,Y,4,0,1,3,A,-,03,22350,NA,N,C,C,A,A,H,-,A,D,1,NA,NA,NA,NA,Y,NA,A,01,0,0,1,0,0,0,0,0,0,-,-,32.71843,-117.10272,SAN DIEGO,SAN DIEGO,-117.10299241,32.71635886
7054062,2015,2016-12-22,9680,2015-08-26,1620,16981,NA,3,2,9,3700,0,1,1,NA,2,085,RT 8,SUNRISE HWY,3168,E,N,C,-,Y,SD,11,8,-,R,45.57,H,-,E,Y,4,0,2,2,A,-,03,22350,NA,N,C,C,A,B,H,-,A,D,1,NA,NA,NA,NA,Y,NA,A,01,0,0,2,0,0,0,0,0,0,-,-,32.80459,-116.50295,SAN DIEGO,UNINCORPORATED,-116.50294001,32.80459923
7054066,2015,2017-01-11,9645,2015-08-20,1850,18987,NA,4,2,7,3711,0,1,1,NA,2,005,RT 5,GILMAN DR,40,S,N,A,-,Y,SD,11,5,-,R,26.78,H,-,S,N,4,0,1,2,A,-,02,22400,A,N,C,C,A,A,H,-,A,D,1,NA,NA,NA,NA,Y,NA,A,01,0,0,1,0,0,0,0,0,0,-,-,32.84939,-117.23542,SAN DIEGO,SAN DIEGO,-117.23544542,32.84931223
7054253,2015,2017-01-14,9645,2015-08-31,1455,17498,NA,1,2,7,3711,0,1,1,NA,2,007,RT 5,DEL MAR HEIGHTS RD,3168,N,N,A,-,Y,SD,11,5,-,R,34.73,H,-,N,Y,4,0,3,5,A,-,03,22350,NA,N,C,C,A,A,H,-,A,D,1,NA,NA,NA,NA,Y,NA,A,01,0,0,3,0,0,0,0,0,0,-,-,32.96591,-117.24758,SAN DIEGO,SAN DIEGO,-117.24520055,32.95862395
7054412,2015,2017-01-14,9650,2015-09-10,0817,017012,NA,4,1,6,3706,0,1,1,NA,2,023,RT 15,9TH AV,1320,N,N,A,-,Y,SD,11,15,-,R,30.38,H,-,N,Y,3,0,2,4,A,-,07,21658,A,N,B,C,A,A,H,-,A,D,1,NA,NA,NA,NA,Y,NA,A,01,0,2,0,0,0,0,0,0,0,-,-,33.11118,-117.09627,SAN DIEGO,ESCONDIDO,-117.09694585,33.11221558
7054482,2015,2017-01-24,9645,2015-08-29,1015,14922,NA,6,1,7,3711,0,1,1,NA,2,009,RT 805,GREENWOOD RR,60,S,N,A,-,Y,SD,11,805,-,-,12.61,H,-,S,Y,4,0,1,3,A,-,03,22350,NA,M,C,C,A,A,H,-,A,D,1,NA,NA,NA,NA,Y,NA,A,01,0,0,1,0,0,0,0,0,0,-,-,32.70768,-117.09737,SAN DIEGO,SAN DIEGO,-117.0971693,32.70756072
7054483,2015,2016-07-19,9645,2015-08-21,2048,18095,NA,5,2,7,3711,0,3,5,NA,2,024,DOVE CANYON RD,CAMINO SAN BERNARDO,0,NA,Y,A,-,N,NA,NA,NA,NA,NA,NA,NA,NA,NA,Y,4,0,1,2,A,-,12,21453,A,N,D,C,A,A,H,-,C,A,0,NA,NA,NA,NA,Y,NA,A,01,0,0,1,0,0,0,0,0,0,-,-,33.01017,-117.11153,SAN DIEGO,SAN DIEGO,-117.11156006,33.01021009
7054615,2015,2017-01-24,9645,2015-07-19,0545,15494,NA,7,3,7,3711,0,1,1,NA,2,011,RT 805,AERO DR,270,S,N,A,-,Y,SD,11,805,-,-,20.454,R,2,N,Y,3,0,1,1,A,-,01,23152,A,N,F,A,A,A,H,-,A,D,1,NA,NA,NA,NA,Y,Y,A,01,0,1,0,0,0,0,0,0,0,TO,-,35.80977,-117.15203,SAN DIEGO,SAN DIEGO,-117.15170524,32.80705461
7055476,2015,2017-01-24,9645,2015-09-15,0755,014669,NA,2,1,7,3711,0,1,1,NA,2,015,RT 805,RT 52,375,S,N,C,-,Y,SD,11,805,-,-,23.51,H,-,N,N,4,0,1,2,A,-,03,22350,NA,N,C,C,A,B,H,-,A,D,1,NA,NA,Y,NA,Y,NA,C,02,0,0,1,0,0,0,0,0,1,-,-,32.84652,-117.17731,SAN DIEGO,SAN DIEGO,-117.17677342,32.84568089
7055990,2015,2016-12-21,9645,2015-09-10,0735,16061,NA,4,1,7,3711,0,1,1,NA,2,010,RT 8,PRESIDIO PARK,250,W,N,A,-,Y,SD,11,8,-,R,0.9,H,-,W,Y,3,0,1,4,A,-,03,22350,NA,N,C,C,A,A,H,-,A,D,1,NA,NA,NA,NA,Y,NA,A,01,0,1,0,0,0,0,0,0,0,-,-,32.76018,-117.1898,SAN DIEGO,SAN DIEGO,-117.1890718,32.75997233
7056128,2015,2015-09-30,9650,2015-09-08,0830,015600,NA,2,1,9,3700,0,3,5,NA,2,006,E ALVARADO ST,LIVE OAK PARK RD,1056,W,N,A,-,N,NA,NA,NA,NA,NA,NA,NA,NA,NA,Y,4,0,1,2,A,-,05,21460,A,N,B,C,A,A,H,-,A,D,0,NA,NA,NA,NA,Y,NA,A,07,0,0,1,0,0,0,0,0,0,-,-,33.31379,-117.22391,SAN DIEGO,UNINCORPORATED,-117.21295904,33.38013
7058500,2015,2015-10-10,3709,2015-09-24,2315,480,3709,4,5,5,3709,0,0,0,NA,0,021,PALM AV,EAST 16TH ST,0,NA,Y,A,-,N,NA,NA,NA,NA,NA,NA,NA,NA,NA,Y,3,0,2,2,A,-,09,21801,A,N,D,C,A,A,H,-,C,A,0,NA,NA,NA,NA,Y,NA,A,01,0,1,1,0,0,0,0,0,0,-,-,NA,NA,SAN DIEGO,NATIONAL CITY,-117.08784005,32.67351006
7059424,2015,2015-10-08,9680,2015-08-26,1210,14631,NA,3,1,9,3700,0,3,5,NA,2,001,SCRIPPS POWAY PKWY,SYCAMORE CANYON RD,1056,E,N,A,-,N,NA,NA,NA,NA,NA,NA,NA,NA,NA,Y,4,0,1,2,A,-,07,21658,A,F,E,I,A,A,H,-,A,D,0,NA,NA,NA,NA,Y,NA,D,22,0,0,1,0,0,0,0,0,0,-,-,32.9488,-116.99434,SAN DIEGO,UNINCORPORATED,-117.00037233,32.94765093
7059465,2015,2016-08-10,3708,2015-10-30,0530,LM1254,NA,5,5,5,3708,0,0,0,NA,0,004,PRIMROSE DR,AMAYA DR,0,NA,Y,A,-,N,NA,NA,NA,NA,NA,NA,NA,NA,NA,N,3,0,1,2,A,-,12,22450,A,N,D,C,A,A,H,-,C,D,0,NA,NA,Y,NA,Y,NA,C,02,0,1,0,0,0,0,0,0,1,-,-,NA,NA,SAN DIEGO,LA MESA,-116.98954012,32.78995012
7060080,2015,2017-01-14,9680,2015-09-15,1331,18583,NA,2,1,5,3708,0,1,1,NA,2,081,RT 8,RT 125,528,W,N,C,-,Y,SD,11,8,-,-,12.59,H,-,W,Y,4,0,1,2,A,-,03,22350,NA,N,C,C,A,B,H,-,A,A,1,NA,NA,NA,NA,Y,NA,D,22,0,0,1,0,0,0,0,0,0,-,-,32.77703,-117.0033,SAN DIEGO,LA MESA,-116.99819025,32.77946572
7060304,2015,2016-12-19,3710,2015-06-27,1515,OC1412,NA,6,5,6,3710,0,0,0,NA,0,010,RT 75,BENET RD,600,E,N,A,-,Y,SD,11,76,-,R,1.88,H,-,E,Y,3,0,1,2,A,-,04,21703,NA,N,C,C,A,A,H,-,A,A,0,NA,NA,Y,NA,Y,NA,C,02,0,1,0,0,0,0,0,0,1,-,-,NA,NA,SAN DIEGO,OCEANSIDE,-117.35548098,33.21517326
7060697,2015,2015-10-12,3702,2015-09-01,1633,CV0935,NA,2,5,6,3702,0,0,0,NA,0,021,OXFORD ST,BROADWAY,900,W,N,A,-,N,NA,NA,NA,NA,NA,NA,NA,NA,NA,N,4,0,1,2,A,-,10,21952,NA,N,G,B,E,A,D,-,A,D,0,Y,NA,NA,NA,Y,Y,A,08,0,0,1,0,1,0,0,0,0,-,-,NA,NA,SAN DIEGO,CHULA VISTA,-117.0828342,32.60599194
7061430,2015,2017-01-12,9645,2015-09-18,1920,19257,NA,5,2,7,3711,0,1,1,NA,2,005,RT 5,SEA WORLD DR,1400,S,N,A,-,Y,SD,11,5,-,R,20.69,H,-,N,Y,3,0,1,2,A,-,08,22107,NA,N,E,I,A,A,H,-,C,D,1,NA,NA,NA,NA,Y,NA,A,07,0,1,0,0,0,0,0,0,0,-,-,32.7628,-117.2046,SAN DIEGO,SAN DIEGO,-117.20603631,32.76812917
7061701,2015,2017-01-24,9645,2015-09-20,1200,18118,NA,7,1,7,3711,0,1,1,NA,2,009,RT 805,IMPERIAL AV,1000,S,N,A,-,Y,SD,11,805,-,-,12.15,H,-,N,Y,4,0,3,2,A,-,03,22350,NA,N,C,C,A,A,H,-,A,D,1,NA,NA,NA,NA,Y,NA,A,01,0,0,3,0,0,0,0,0,0,-,-,32.70217,-117.09455,SAN DIEGO,SAN DIEGO,-117.09473876,32.70145311
7063545,2015,2015-11-12,3700,2015-09-22,1800,SH0742,NA,2,5,4,3780,0,0,0,NA,0,409,POMERADO RD,GLEN OAK RD,0,NA,Y,A,-,N,NA,NA,NA,NA,NA,NA,NA,NA,NA,Y,4,0,1,1,A,-,08,22107,NA,N,E,I,A,A,H,-,A,A,0,NA,NA,NA,NA,Y,NA,A,08,0,0,1,0,0,0,0,0,0,-,-,NA,NA,SAN DIEGO,POWAY,-117.06245009,32.97363009
7063905,2015,2016-08-10,3706,2015-11-01,0444,ES0485,NA,7,5,6,3706,0,0,0,NA,0,041,N ESCONDIDO BL,W LINCOLN AV,0,NA,Y,-,-,N,NA,NA,NA,NA,NA,NA,NA,NA,NA,Y,4,0,1,2,A,-,01,23153,A,N,-,-,A,-,-,-,-,-,0,NA,NA,NA,NA,Y,Y,A,01,0,0,1,0,0,0,0,0,0,-,-,NA,NA,SAN DIEGO,ESCONDIDO,-117.09086009,33.13248009
7064202,2015,2015-11-10,3711,2015-10-27,1640,4527,NA,2,5,7,3711,0,0,0,NA,0,526,BEECH,BEECH 100,18,N,N,A,-,N,NA,NA,NA,NA,NA,NA,NA,NA,NA,N,4,0,1,2,A,-,08,22107,NA,N,-,C,A,A,H,-,A,A,0,NA,NA,NA,NA,Y,NA,-,-,0,0,1,0,0,0,0,0,0,-,-,NA,NA,SAN DIEGO,SAN DIEGO,NA,NA
7064564,2015,2015-09-22,9650,2015-09-03,1530,17743,NA,4,2,9,3700,0,3,5,NA,1,160,OLD RIVER RD,RT 76,100,N,N,A,-,N,NA,NA,NA,NA,NA,NA,NA,NA,NA,N,3,0,1,2,A,-,08,22107,NA,N,F,A,A,A,H,-,A,D,0,NA,NA,Y,NA,Y,NA,A,01,0,1,0,0,0,0,0,0,1,-,-,33.25955,-117.23688,SAN DIEGO,UNINCORPORATED,-117.23765856,33.25814451
7064911,2015,2015-09-17,9650,2015-08-02,2105,17994,NA,7,2,9,3700,0,2,4,NA,1,027,VALLEY CENTER RD,BANBURY DR,5280,S,N,A,-,N,NA,NA,NA,NA,NA,NA,NA,NA,NA,Y,3,0,1,1,A,-,01,23152,A,N,E,I,A,A,H,-,D,D,0,NA,NA,NA,NA,Y,NA,A,01,0,1,0,0,0,0,0,0,0,-,-,33.19178,-117.03098,SAN DIEGO,UNINCORPORATED,-117.03125628,33.19043158
7065695,2015,2015-09-17,9680,2015-08-28,1505,20625,NA,5,2,9,3700,0,2,4,NA,1,026,JAMACHA RD,FELICITA AV,150,E,N,A,-,N,NA,NA,NA,NA,NA,NA,NA,NA,NA,Y,4,0,1,2,A,-,03,22350,NA,N,C,C,A,A,H,-,A,A,0,NA,NA,NA,NA,Y,NA,A,07,0,0,1,0,0,0,0,0,0,-,-,32.71488,-117.00034,SAN DIEGO,UNINCORPORATED,-117.00027408,32.71488512
7065743,2015,2017-01-14,9645,2015-08-31,1810,017499,NA,1,2,7,3711,0,1,1,NA,2,001,RT 5,PALM AV,600,N,N,A,-,Y,SD,11,5,-,-,4.804,R,2,N,Y,3,0,2,2,A,-,01,23152,A,N,C,C,A,A,H,-,A,D,1,NA,NA,NA,NA,Y,Y,A,01,0,1,1,0,0,0,0,0,0,-,-,32.58783,-117.08758,SAN DIEGO,SAN DIEGO,-117.0874674,32.58635775
7066159,2015,2017-01-11,9645,2015-07-29,0945,015046,9645,3,1,7,3711,0,1,1,NA,2,007,RT 5,VOIGHT DR,373,S,N,A,-,Y,SD,11,5,-,R,29.16,H,-,S,Y,3,0,1,4,A,-,03,22350,NA,N,C,C,A,A,H,-,A,D,1,NA,NA,NA,NA,Y,NA,A,01,0,1,0,0,0,0,0,0,0,-,-,32.88277,-117.22837,SAN DIEGO,SAN DIEGO,-117.22832266,32.88267694
7066281,2015,2015-09-22,3711,2015-09-01,1635,6913,SANDI,2,5,7,3711,0,0,0,NA,0,521,16TH ST,BROADWAY,0,NA,Y,A,-,N,NA,NA,NA,NA,NA,NA,NA,NA,NA,Y,4,0,2,2,A,-,09,21801,A,N,D,C,A,A,-,-,A,A,0,NA,NA,NA,NA,Y,NA,-,NA,0,0,2,0,0,0,0,0,0,-,-,NA,NA,SAN DIEGO,SAN DIEGO,-117.14947003,32.71575011
7066354,2015,2017-01-21,9650,2015-08-30,1220,15788,NA,7,1,9,3700,0,1,1,NA,2,001,RT 5,BASILONE RD,18480,S,N,A,-,Y,SD,11,5,-,R,67.88,H,-,N,N,4,0,1,3,A,-,03,22350,NA,N,C,C,A,A,H,-,A,D,1,NA,NA,NA,NA,Y,NA,A,01,0,0,1,0,0,0,0,0,0,-,-,33.35303,-117.5254,SAN DIEGO,UNINCORPORATED,-117.53263236,33.35758846
7066728,2015,2016-07-19,3710,2015-07-17,1935,OC0754,NA,5,5,6,3710,0,0,0,NA,0,006,COAST HWY,NEPTUNE WY,53,N,N,B,-,N,NA,NA,NA,NA,NA,NA,NA,NA,NA,Y,2,0,1,1,A,-,03,22350,NA,N,E,I,A,A,H,-,B,A,0,NA,NA,Y,NA,Y,Y,C,02,1,0,0,0,0,0,0,0,1,-,-,NA,NA,SAN DIEGO,OCEANSIDE,-117.38392213,33.20111284
7066749,2015,2015-09-22,3711,2015-09-10,2223,5718,NA,4,5,7,3711,0,0,0,NA,0,233,CARMEL MOUNTAIN RD,FREEPORT RD,600,E,N,A,-,N,NA,NA,NA,NA,NA,NA,NA,NA,NA,Y,4,0,1,1,A,-,08,22107,NA,N,F,I,A,A,H,-,D,D,0,NA,NA,NA,NA,Y,NA,-,NA,0,0,1,0,0,0,0,0,0,-,-,NA,NA,SAN DIEGO,SAN DIEGO,-117.10884001,32.96090811
7067214,2015,2017-01-10,9650,2015-09-08,1545,015531,NA,2,2,5,3713,0,1,3,NA,2,017,RT 78,SYCAMORE AV,900,W,N,A,-,Y,SD,11,78,-,-,8.81,H,-,W,Y,4,0,2,2,A,-,03,22350,NA,N,C,C,A,A,H,-,A,D,1,NA,NA,NA,NA,Y,NA,A,07,0,0,2,0,0,0,0,0,0,-,-,33.16803,-117.21553,SAN DIEGO,VISTA,-117.21839497,33.16948002
7067253,2015,2015-09-28,3711,2015-09-07,1047,6324,NA,1,5,7,3711,0,0,0,NA,0,113,MORENA DR,COSTCO DRIVEWAY,265,N,N,A,-,N,NA,NA,NA,NA,NA,NA,NA,NA,NA,Y,3,0,3,2,A,-,08,22100,NA,N,D,C,A,A,H,-,A,D,0,NA,NA,NA,NA,Y,NA,-,NA,0,1,2,0,0,0,0,0,0,-,-,NA,NA,SAN DIEGO,SAN DIEGO,-117.22542644,32.82085564
7067257,2015,2015-09-28,3711,2015-09-06,2328,6166,3711,7,5,7,3711,0,0,0,NA,0,433,60TH ST,60TH ST 1100,0,W,N,A,-,N,NA,NA,NA,NA,NA,NA,NA,NA,NA,Y,4,0,2,2,A,-,17,22109,NA,N,A,I,A,A,H,-,C,D,0,NA,NA,NA,NA,Y,NA,-,NA,0,0,2,0,0,0,0,0,0,-,-,NA,NA,SAN DIEGO,SAN DIEGO,-117.06800759,32.71666973
7067524,2015,2015-09-24,3711,2015-09-03,1927,6906,NA,4,5,7,3711,0,0,0,NA,0,521,G ST,PARK,24,E,N,A,-,N,NA,NA,NA,NA,NA,NA,NA,NA,NA,Y,3,0,3,2,A,-,12,21453,A,N,D,C,A,A,H,-,C,A,0,NA,NA,NA,NA,Y,NA,-,NA,0,1,2,0,0,0,0,0,0,-,-,NA,NA,SAN DIEGO,SAN DIEGO,-117.15368223,32.71261
7067577,2015,2015-09-25,3706,2015-09-04,1232,ES0453,NA,5,5,6,3706,0,0,0,NA,0,052,GRAND AV,ELM ST,0,NA,Y,A,-,N,NA,NA,NA,NA,NA,NA,NA,NA,NA,Y,4,0,3,2,A,-,09,21802,A,N,D,C,A,A,H,-,A,A,0,NA,NA,NA,NA,Y,NA,A,01,0,0,3,0,0,0,0,0,0,-,-,NA,NA,SAN DIEGO,ESCONDIDO,-117.07141011,33.12539009
7068443,2015,2015-09-23,3711,2015-09-14,1850,7014,NA,1,5,7,3711,0,0,0,NA,0,712,SAN YSIDRO BL,VIRGINIA AV,0,NA,Y,A,-,N,NA,NA,NA,NA,NA,NA,NA,NA,NA,N,4,0,1,2,A,-,09,21804,A,N,G,B,E,A,H,-,A,D,0,Y,NA,NA,NA,Y,NA,-,NA,0,0,1,0,1,0,0,0,0,-,-,NA,NA,SAN DIEGO,SAN DIEGO,-117.03643011,32.55003005
7069001,2015,2015-09-23,3711,2015-09-10,2150,6146,NA,4,5,7,3711,0,0,0,NA,0,233,PASEO ALDABRA,PASEO ALDABRA 13800,5,S,N,A,-,N,NA,NA,NA,NA,NA,NA,NA,NA,NA,Y,3,0,1,2,A,-,08,22107,NA,N,B,E,A,A,H,-,C,D,0,NA,NA,NA,NA,Y,Y,A,01,0,1,0,0,0,0,0,0,0,-,-,NA,NA,SAN DIEGO,SAN DIEGO,NA,NA