CASE_ID,ACCIDENT_YEAR,PROC_DATE,JURIS,COLLISION_DATE,COLLISION_TIME,OFFICER_ID,REPORTING_DISTRICT,DAY_OF_WEEK,CHP_SHIFT,POPULATION,CNTY_CITY_LOC,SPECIAL_COND,BEAT_TYPE,CHP_BEAT_TYPE,CITY_DIVISION_LAPD,CHP_BEAT_CLASS,BEAT_NUMBER,PRIMARY_RD,SECONDARY_RD,DISTANCE,DIRECTION,INTERSECTION,WEATHER_1,WEATHER_2,STATE_HWY_IND,CALTRANS_COUNTY,CALTRANS_DISTRICT,STATE_ROUTE,ROUTE_SUFFIX,POSTMILE_PREFIX,POSTMILE,LOCATION_TYPE,RAMP_INTERSECTION,SIDE_OF_HWY,TOW_AWAY,COLLISION_SEVERITY,NUMBER_KILLED,NUMBER_INJURED,PARTY_COUNT,PRIMARY_COLL_FACTOR,PCF_CODE_OF_VIOL,PCF_VIOL_CATEGORY,PCF_VIOLATION,PCF_VIOL_SUBSECTION,HIT_AND_RUN,TYPE_OF_COLLISION,MVIW,PED_ACTION,ROAD_SURFACE,ROAD_COND_1,ROAD_COND_2,LIGHTING,CONTROL_DEVICE,CHP_ROAD_TYPE,PEDESTRIAN_ACCIDENT,BICYCLE_ACCIDENT,MOTORCYCLE_ACCIDENT,TRUCK_ACCIDENT,NOT_PRIVATE_PROPERTY,ALCOHOL_INVOLVED,STWD_VEHTYPE_AT_FAULT,CHP_VEHTYPE_AT_FAULT,COUNT_SEVERE_INJ,COUNT_VISIBLE_INJ,COUNT_COMPLAINT_PAIN,COUNT_PED_KILLED,COUNT_PED_INJURED,COUNT_BICYCLIST_KILLED,COUNT_BICYCLIST_INJURED,COUNT_MC_KILLED,COUNT_MC_INJURED,PRIMARY_RAMP,SECONDARY_RAMP,LATITUDE,LONGITUDE,COUNTY,CITY,POINT_X,POINT_Y
7165630,2016,2016-01-25,3711,2016-01-09,1905,6628,NA,6,5,7,3711,0,0,0,NA,0,512,S 30TH ST,MARCY AV,2900,NA,N,A,-,N,NA,NA,NA,NA,NA,NA,NA,NA,NA,Y,3,0,2,2,A,-,08,22107,NA,N,A,C,A,B,H,-,C,D,0,NA,NA,NA,NA,Y,NA,-,NA,0,1,1,0,0,0,0,0,0,-,-,NA,NA,SAN DIEGO,SAN DIEGO,-117.12949005,32.69756009
7168514,2016,2016-01-29,3710,2016-01-08,1420,OC1274,NA,5,5,6,3710,0,0,0,NA,0,023,MELROSE,RANCHO ROSE,0,NA,Y,A,-,N,NA,NA,NA,NA,NA,NA,NA,NA,NA,Y,4,0,4,3,A,-,12,21453,A,N,D,C,A,A,H,-,A,A,0,NA,NA,NA,NA,Y,NA,D,22,0,0,4,0,0,0,0,0,0,-,-,NA,NA,SAN DIEGO,OCEANSIDE,-117.26357006,33.25001004
7170186,2016,2016-02-03,3711,2016-01-21,0625,6394,NA,4,5,7,3711,0,0,0,NA,0,324,EAST LAKE DR,LAKE ANGELICA,170,N,N,E,-,N,NA,NA,NA,NA,NA,NA,NA,NA,NA,Y,3,0,1,2,A,-,08,22107,NA,N,C,E,A,A,H,-,B,D,0,NA,NA,NA,NA,Y,NA,-,NA,0,1,0,0,0,0,0,0,0,-,-,NA,NA,SAN DIEGO,SAN DIEGO,NA,NA
7170194,2016,2016-02-03,3711,2016-01-24,2030,5417,NA,7,5,7,3711,0,0,0,NA,0,114,CLAIREMONT MESA BL,MORAGA AV,756,E,N,A,-,N,NA,NA,NA,NA,NA,NA,NA,NA,NA,Y,3,0,1,3,A,-,03,22350,A,N,D,C,A,A,H,-,C,D,0,NA,NA,NA,NA,Y,Y,A,01,0,1,0,0,0,0,0,0,0,-,-,NA,NA,SAN DIEGO,SAN DIEGO,-117.21099286,32.82784938
7170405,2016,2016-02-03,3706,2016-01-25,0108,ES0468,NA,1,5,6,3706,0,0,0,NA,0,046,E WASHINGTON AV,WEATHERBY AV,291,E,N,A,-,N,NA,NA,NA,NA,NA,NA,NA,NA,NA,Y,3,0,1,3,A,-,01,23152,A,M,B,C,A,A,H,-,C,D,0,NA,NA,NA,NA,Y,Y,A,01,0,1,0,0,0,0,0,0,0,-,-,NA,NA,SAN DIEGO,ESCONDIDO,-117.05152756,33.14348976
7170443,2016,2016-08-24,3700,2016-01-07,2357,SH0236,NA,4,5,5,3713,0,0,0,NA,0,308,WEST VISTA WY,NORTH MELROSE DR,0,NA,Y,B,-,N,NA,NA,NA,NA,NA,NA,NA,NA,NA,Y,3,0,1,1,A,-,01,23152,B,N,E,I,A,B,H,-,C,A,0,NA,NA,NA,NA,Y,Y,-,NA,0,1,0,0,0,0,0,0,0,-,-,NA,NA,SAN DIEGO,VISTA,-117.25467001,33.19553008
7171363,2016,2016-02-02,3702,2016-01-14,1715,CV1099,NA,4,5,6,3702,0,0,0,NA,0,022,PALOMAR ST,TOBIAS DR,0,NA,Y,A,-,N,NA,NA,NA,NA,NA,NA,NA,NA,NA,Y,4,0,2,2,A,-,09,21801,A,N,B,C,A,A,D,-,B,D,0,NA,NA,NA,NA,Y,NA,A,01,0,0,2,0,0,0,0,0,0,-,-,NA,NA,SAN DIEGO,CHULA VISTA,-117.05621003,32.60964002
7171391,2016,2016-02-01,3702,2016-01-05,2132,CV1053,NA,2,5,6,3702,0,0,0,NA,0,012,H ST,OAKLAWN AV,4,W,N,B,-,N,NA,NA,NA,NA,NA,NA,NA,NA,NA,N,4,0,1,2,A,-,03,22350,NA,F,G,B,B,B,H,-,C,D,0,Y,NA,NA,NA,Y,NA,A,01,0,0,1,0,1,0,0,0,0,-,-,NA,NA,SAN DIEGO,CHULA VISTA,-117.09265225,32.63006646
7171395,2016,2016-02-02,3702,2016-01-25,2213,CV1079,NA,1,5,6,3702,0,0,0,NA,0,023,OLYMPIC PKWY,BRANDYWINE AV,12,E,N,A,-,N,NA,NA,NA,NA,NA,NA,NA,NA,NA,Y,4,0,1,2,A,-,03,22350,NA,N,C,C,A,A,H,-,D,D,0,NA,NA,NA,NA,Y,NA,A,01,0,0,1,0,0,0,0,0,0,-,-,NA,NA,SAN DIEGO,CHULA VISTA,-117.02798276,32.60836931
7172481,2016,2016-02-02,3711,2016-01-21,1300,7104,NA,4,5,7,3711,0,0,0,NA,0,231,SPRINGHURST DR,ALPINE TER,174,S,N,A,-,N,NA,NA,NA,NA,NA,NA,NA,NA,NA,NA,4,0,1,1,A,-,03,22350,A,N,E,I,A,A,H,-,A,D,0,NA,NA,NA,NA,Y,NA,-,NA,0,0,1,0,0,0,0,0,0,-,-,NA,NA,SAN DIEGO,SAN DIEGO,-117.07407947,32.93977255
7172491,2016,2016-02-02,3711,2016-01-19,0810,7274,NA,2,5,7,3711,0,0,0,NA,0,627,1ST AV,PENNSYLVANIA AV,700,W,N,A,-,N,NA,NA,NA,NA,NA,NA,NA,NA,NA,N,4,0,1,2,A,-,08,22107,NA,N,B,C,A,A,H,-,A,D,0,NA,NA,NA,NA,Y,Y,-,NA,0,0,1,0,0,0,0,0,0,-,-,NA,NA,SAN DIEGO,SAN DIEGO,-117.16386,32.74511
7176103,2015,2016-02-08,3710,2015-12-21,1023,OC1374,NA,1,5,6,3710,0,0,0,NA,0,030,THUNDER DR,MORNINGSIDE DR,22,S,N,A,-,N,NA,NA,NA,NA,NA,NA,NA,NA,NA,Y,4,0,1,2,A,-,03,22350,NA,N,C,C,A,A,H,-,A,A,0,NA,NA,NA,NA,Y,NA,A,01,0,0,1,0,0,0,0,0,0,-,-,NA,NA,SAN DIEGO,OCEANSIDE,-117.28822,33.18989973
7176595,2016,2016-02-03,3711,2016-01-21,2255,6887,NA,4,5,7,3711,0,0,0,NA,0,444,MARKET ST,36TH ST,5,E,N,A,-,N,NA,NA,NA,NA,NA,NA,NA,NA,NA,N,3,0,2,3,A,-,10,21950,A,M,-,B,B,A,H,-,C,A,0,Y,NA,NA,NA,Y,NA,-,NA,0,2,0,0,2,0,0,0,0,-,-,NA,NA,SAN DIEGO,SAN DIEGO,-117.1165538,32.71154979
7176672,2016,2016-02-04,3711,2016-01-04,1502,6768,NA,1,5,7,3711,0,0,0,NA,0,832,UNIVERSITY AV,FAIRMOUNT AV,20,W,N,B,-,N,NA,NA,NA,NA,NA,NA,NA,NA,NA,N,4,0,2,2,A,-,01,23153,NA,N,C,C,A,B,H,-,A,A,0,NA,NA,Y,NA,Y,NA,C,02,0,0,2,0,0,0,0,0,1,-,-,NA,NA,SAN DIEGO,SAN DIEGO,-117.10096481,32.74960116
7176794,2016,2016-02-17,3706,2016-01-21,2125,ES0477,NA,4,5,6,3706,0,0,0,NA,0,054,MIDWAY DR,EAST VALLEY PKWY,500,S,N,A,-,N,NA,NA,NA,NA,NA,NA,NA,NA,NA,N,4,0,1,2,A,-,10,21952,NA,N,G,B,D,A,H,-,C,D,0,Y,NA,NA,NA,Y,NA,D,22,0,0,1,0,1,0,0,0,0,-,-,NA,NA,SAN DIEGO,ESCONDIDO,-117.05101372,33.13631559
7177028,2016,2016-02-08,3706,2016-01-26,1658,318,ESCON,2,5,6,3706,0,0,0,NA,0,054,GRAND AV,GREENVIEW,0,NA,Y,A,-,N,NA,NA,NA,NA,NA,NA,NA,NA,NA,N,3,0,1,2,A,-,03,22350,NA,N,B,G,A,A,H,-,A,D,0,NA,Y,NA,NA,Y,NA,A,01,0,1,0,0,0,0,1,0,0,-,-,NA,NA,SAN DIEGO,ESCONDIDO,-117.05605013,33.13139008
7177168,2016,2016-02-26,3701,2016-01-21,0601,5474,53,4,5,5,3701,0,0,0,NA,0,005,FARADAY AV,WHIPTAIL LOOP,45,W,N,E,-,N,NA,NA,NA,NA,NA,NA,NA,NA,NA,Y,3,0,1,1,A,-,08,22107,NA,N,E,I,A,A,H,-,C,D,0,NA,NA,NA,NA,Y,NA,A,01,0,1,0,0,0,0,0,0,0,-,-,33.13908,-117.24992,SAN DIEGO,CARLSBAD,-117.25521636,33.1386761
7177230,2016,2016-02-09,3701,2016-01-25,1832,5210,1,1,5,5,3701,0,0,0,NA,0,001,STATE ST,CARLSBAD BL,46,E,N,A,-,N,NA,NA,NA,NA,NA,NA,NA,NA,NA,N,4,0,1,1,A,-,03,22350,NA,N,B,I,A,A,H,-,C,D,0,NA,NA,Y,NA,Y,NA,C,03,0,0,1,0,0,0,0,0,1,-,-,NA,NA,SAN DIEGO,CARLSBAD,-117.35419124,33.16570074
7178209,2016,2016-08-24,3711,2016-01-29,1032,7161,NA,5,5,7,3711,0,0,0,NA,0,721,CORONADO AV,THERMAL AV,0,NA,Y,A,-,N,NA,NA,NA,NA,NA,NA,NA,NA,NA,NA,3,0,2,2,A,-,09,21801,A,N,A,C,A,A,H,-,A,A,0,NA,NA,NA,NA,Y,NA,-,-,0,1,1,0,0,0,0,0,0,-,-,NA,NA,SAN DIEGO,SAN DIEGO,-117.09705012,32.57651011
7178694,2016,2016-02-18,3711,2016-02-02,1900,7349,NA,2,5,7,3711,0,0,0,NA,0,937,DEER RIDGE RD,CAMINO SAN BERNARDO,0,NA,Y,A,-,N,NA,NA,NA,NA,NA,NA,NA,NA,NA,Y,4,0,3,2,A,-,09,21802,A,N,D,C,A,A,H,-,C,D,0,NA,NA,NA,NA,Y,NA,A,01,0,0,3,0,0,0,0,0,0,-,-,NA,NA,SAN DIEGO,SAN DIEGO,-117.11984005,33.01055004
7180068,2015,2016-02-16,3705,2015-11-17,1732,EC0301,NA,2,5,5,3705,0,0,0,NA,0,009,E MADISON AV,1ST ST,359,E,N,A,-,N,NA,NA,NA,NA,NA,NA,NA,NA,NA,Y,4,0,7,3,A,-,03,22350,NA,N,C,C,A,A,H,-,A,D,0,NA,NA,NA,NA,Y,NA,A,01,0,0,7,0,0,0,0,0,0,-,-,NA,NA,SAN DIEGO,EL CAJON,-116.9434459,32.80014
7183384,2015,2016-02-16,3705,2015-09-18,1815,EC0324,NA,5,5,5,3705,0,0,0,NA,0,009,SOUTH ANZA,EAST WASHINGTON,10,S,N,A,-,N,NA,NA,NA,NA,NA,NA,NA,NA,NA,N,4,0,1,2,A,-,08,22107,NA,F,B,C,A,A,H,-,A,A,0,NA,NA,NA,NA,Y,NA,A,01,0,0,1,0,0,0,0,0,0,-,-,NA,NA,SAN DIEGO,EL CAJON,-116.94819036,32.78762262
7183404,2015,2016-02-16,3705,2015-10-29,1541,EC0295,NA,4,5,5,3705,0,0,0,NA,0,008,WEST WASHINGTON,GROSSMONT AV,14,W,N,A,-,N,NA,NA,NA,NA,NA,NA,NA,NA,NA,Y,4,0,1,3,A,-,08,22107,NA,N,D,C,A,A,H,-,A,D,0,NA,NA,NA,NA,Y,NA,A,01,0,0,1,0,0,0,0,0,0,-,-,NA,NA,SAN DIEGO,EL CAJON,-116.97413539,32.78766
7183440,2015,2016-02-24,3705,2015-10-31,1926,EC0337,NA,6,5,5,3705,0,0,0,NA,0,008,W CHASE,LEMON,10,E,N,A,-,N,NA,NA,NA,NA,NA,NA,NA,NA,NA,Y,4,0,1,2,A,-,08,22107,NA,N,D,C,A,A,H,-,C,A,0,NA,NA,NA,NA,Y,Y,D,22,0,0,1,0,0,0,0,0,0,-,-,NA,NA,SAN DIEGO,EL CAJON,-116.97301759,32.78041932
7183449,2015,2016-02-16,3705,2015-10-04,1727,EC0357,NA,7,5,5,3705,0,0,0,NA,0,009,SOUTH MOLLISON AV,EAST MAIN,0,NA,Y,C,-,N,NA,NA,NA,NA,NA,NA,NA,NA,NA,Y,4,0,1,2,A,-,09,21801,A,N,D,C,A,B,H,-,B,D,0,NA,NA,NA,NA,Y,NA,A,01,0,0,1,0,0,0,0,0,0,-,-,NA,NA,SAN DIEGO,EL CAJON,-116.95098007,32.79495007
7183658,2016,2016-02-18,3706,2016-01-29,1645,318,ESCON,5,5,6,3706,0,0,0,NA,0,052,GRAND AV,ORANGE ST,0,NA,Y,A,-,N,NA,NA,NA,NA,NA,NA,NA,NA,NA,Y,4,0,1,2,A,-,09,21802,A,N,D,C,A,A,H,-,A,D,0,NA,NA,NA,NA,Y,NA,A,01,0,0,1,0,0,0,0,0,0,-,-,NA,NA,SAN DIEGO,ESCONDIDO,-117.08552002,33.1196101
7183670,2016,2016-02-18,3710,2016-01-31,1426,OC0828,NA,7,5,6,3710,0,0,0,NA,0,008,S COAST,EUCALYPTUS,174,S,N,A,-,N,NA,NA,NA,NA,NA,NA,NA,NA,NA,N,4,0,1,2,C,-,18,NA,NA,N,H,J,A,A,H,-,A,A,0,NA,NA,NA,NA,Y,NA,-,-,0,0,1,0,0,0,0,0,0,-,-,NA,NA,SAN DIEGO,OCEANSIDE,-117.37024269,33.1847707
7183874,2016,2016-02-18,3706,2016-02-01,1441,322,ESCON,1,5,6,3706,0,0,0,NA,0,043,MORNING VIEW DR,LINCOLN AV,160,N,N,A,-,N,NA,NA,NA,NA,NA,NA,NA,NA,NA,Y,3,0,1,3,A,-,21,22106,NA,N,B,C,A,A,H,-,A,D,0,NA,NA,NA,NA,Y,NA,A,01,0,1,0,0,0,0,0,0,0,-,-,33.13151,-117.09438,SAN DIEGO,ESCONDIDO,-117.09460529,33.13181813
7184503,2016,2016-02-19,3711,2016-02-08,1814,6511,NA,1,5,7,3711,0,0,0,NA,0,111,ASHFORD ST,ASHFORD ST 4100,0,NA,Y,A,-,N,NA,NA,NA,NA,NA,NA,NA,NA,NA,N,3,0,1,2,A,-,03,22350,NA,M,B,B,E,A,H,-,C,D,0,Y,NA,NA,NA,Y,Y,-,NA,0,1,0,0,1,0,0,0,0,-,-,NA,NA,SAN DIEGO,SAN DIEGO,-117.16192871,32.81767963
7184554,2016,2016-02-19,3711,2016-02-09,1809,7293,NA,2,5,7,3711,0,0,0,NA,0,01N,DERRICK DR,GENESEE AV,0,NA,Y,A,-,N,NA,NA,NA,NA,NA,NA,NA,NA,NA,N,4,0,1,2,A,-,10,21950,A,N,B,B,B,A,H,-,C,A,0,Y,NA,NA,NA,Y,NA,-,NA,0,0,1,0,1,0,0,0,0,-,-,NA,NA,SAN DIEGO,SAN DIEGO,-117.18409001,32.82289009
7187095,2016,2016-02-26,3711,2016-02-13,1041,6044,3711,6,5,7,3711,0,0,0,NA,0,122,EMERALD ST,JEWELL ST,6,W,N,A,-,N,NA,NA,NA,NA,NA,NA,NA,NA,NA,N,4,0,1,2,A,-,10,21950,A,N,G,B,D,A,H,-,A,A,0,Y,NA,NA,NA,Y,NA,-,NA,0,0,1,0,1,0,0,0,0,-,-,NA,NA,SAN DIEGO,SAN DIEGO,-117.2396,32.80213
7187103,2016,2016-02-26,3711,2016-02-11,1655,5627,NA,4,5,7,3711,0,0,0,NA,0,122,GRAND AV,LAMONT ST,6,W,N,A,-,N,NA,NA,NA,NA,NA,NA,NA,NA,NA,N,3,0,1,2,A,-,12,21453,A,N,D,G,A,A,H,-,A,A,0,NA,Y,NA,NA,Y,NA,-,NA,0,1,0,0,0,0,1,0,0,-,-,NA,NA,SAN DIEGO,SAN DIEGO,-117.23481798,32.79918371
7187505,2016,2016-03-10,3700,2016-01-04,0940,SH7478,NA,1,5,4,3780,0,0,0,NA,0,416,POMERADO RD,METATE LN,0,NA,Y,B,-,N,NA,NA,NA,NA,NA,NA,NA,NA,NA,N,4,0,1,2,A,-,12,21453,A,N,D,C,A,B,H,-,A,A,0,NA,NA,NA,NA,Y,NA,A,01,0,0,1,0,0,0,0,0,0,-,-,NA,NA,SAN DIEGO,POWAY,-117.06284013,32.94748005
7189993,2016,2016-08-24,3708,2016-01-27,1648,LM1167,NA,3,5,5,3708,0,0,0,NA,0,003,FLETCHER PKWY,BALTIMORE DR,0,NA,Y,A,-,N,NA,NA,NA,NA,NA,NA,NA,NA,NA,N,4,0,1,2,A,-,12,21453,A,N,D,C,A,A,H,-,A,A,0,NA,NA,NA,NA,Y,NA,A,01,0,0,1,0,0,0,0,0,0,-,-,NA,NA,SAN DIEGO,LA MESA,-117.02743011,32.7740301
7190065,2016,2018-09-25,3709,2016-02-15,2151,474,NA,1,5,5,3709,0,0,0,NA,0,020,NATIONAL CITY BL,ROOSEVELT AV,15,E,N,A,-,N,NA,NA,NA,NA,NA,NA,NA,NA,NA,Y,1,1,0,1,A,-,08,22107,NA,N,E,I,A,A,H,-,C,D,0,NA,NA,NA,NA,Y,Y,A,01,0,0,0,0,0,0,0,0,0,-,-,NA,NA,SAN DIEGO,NATIONAL CITY,-117.11050537,32.68211377
7190491,2016,2016-10-14,3711,2016-09-27,1212,5985,NA,2,5,7,3711,0,0,0,NA,0,529,5TH AV,HAWTHORN ST,0,NA,Y,A,-,N,NA,NA,NA,NA,NA,NA,NA,NA,NA,N,1,1,0,2,A,-,10,21950,A,N,G,B,B,A,H,-,A,D,0,Y,NA,NA,NA,Y,NA,A,07,0,0,0,1,0,0,0,0,0,-,-,NA,NA,SAN DIEGO,SAN DIEGO,-117.1602701,32.72717012
7190611,2016,2016-12-07,3711,2016-10-25,0019,4310,NA,2,5,7,3711,0,0,0,NA,0,124,OLIVETAS AV,OLIVETAS AV 7400,64,W,N,A,-,N,NA,NA,NA,NA,NA,NA,NA,NA,NA,Y,1,1,1,2,A,-,08,22107,NA,N,E,I,A,A,H,-,C,D,0,NA,NA,NA,NA,Y,NA,A,01,0,0,1,0,0,0,0,0,0,-,-,NA,NA,SAN DIEGO,SAN DIEGO,NA,NA
7191585,2016,2016-08-24,3706,2016-02-09,0832,223,ESCON,2,5,6,3706,0,0,0,NA,0,045,CENTRE CITY PKWY,VALLEY PKWY,480,N,N,A,-,N,NA,NA,NA,NA,NA,NA,NA,NA,NA,Y,4,0,1,2,A,-,03,22350,NA,N,C,-,A,A,H,-,A,D,0,NA,NA,NA,NA,Y,NA,A,01,0,0,1,0,0,0,0,0,0,-,-,33.12005,-117.08725,SAN DIEGO,ESCONDIDO,-117.08798872,33.12116727
7191602,2016,2016-03-09,3700,2016-01-26,1455,SH0169,NA,2,5,5,3712,0,0,0,NA,0,352,NORTH TWIN OAKS VALLEY DR,CASSOU RD,261,N,N,A,-,N,NA,NA,NA,NA,NA,NA,NA,NA,NA,N,4,0,2,2,A,-,03,22350,NA,N,C,C,A,A,H,-,A,D,0,NA,NA,NA,NA,Y,NA,D,22,0,0,2,0,0,0,0,0,0,-,-,NA,NA,SAN DIEGO,SAN MARCOS,-117.15718952,33.17986882
7191609,2016,2016-03-09,3705,2016-01-29,1719,EC0295,NA,5,5,5,3705,0,0,0,NA,0,007,N MOLLISON,E MADISON,261,N,N,A,-,N,NA,NA,NA,NA,NA,NA,NA,NA,NA,Y,4,0,1,2,A,-,03,22350,NA,N,C,C,A,A,H,-,A,D,0,NA,NA,NA,NA,Y,NA,D,22,0,0,1,0,0,0,0,0,0,-,-,NA,NA,SAN DIEGO,EL CAJON,-116.95097576,32.80086477
7191613,2016,2016-03-11,3705,2016-02-03,0732,EC0344,NA,3,5,5,3705,0,0,0,NA,0,009,E LEXINGTON AV,S IVORY AV,0,NA,Y,A,-,N,NA,NA,NA,NA,NA,NA,NA,NA,NA,Y,4,0,4,3,A,-,03,22350,NA,N,C,C,A,A,H,-,A,D,0,NA,NA,NA,NA,Y,NA,A,01,0,0,4,0,0,0,0,0,0,-,-,NA,NA,SAN DIEGO,EL CAJON,-116.93296006,32.79270011
7194634,2016,2016-03-03,3711,2016-02-14,1642,4495,NA,7,5,7,3711,0,0,0,NA,0,512,SOUTH 28TH ST,LOGAN AV,0,NA,Y,A,-,N,NA,NA,NA,NA,NA,NA,NA,NA,NA,N,3,0,2,3,A,-,10,21950,A,N,G,B,B,A,H,-,A,A,0,Y,NA,NA,NA,Y,NA,A,01,0,2,0,0,2,0,0,0,0,-,-,NA,NA,SAN DIEGO,SAN DIEGO,-117.13382012,32.69696008
7195987,2016,2016-08-24,3700,2016-01-25,1754,SH2292,NA,1,5,5,3782,0,0,0,NA,0,206,QUAIL GARDENS RD,RANCH RD,0,NA,Y,A,-,N,NA,NA,NA,NA,NA,NA,NA,NA,NA,Y,4,0,2,1,A,-,03,22350,NA,N,E,I,A,A,H,-,C,D,0,NA,NA,NA,NA,Y,NA,A,01,0,0,2,0,0,0,0,0,0,-,-,NA,NA,SAN DIEGO,ENCINITAS,-117.27629008,33.07490009
7196193,2016,2016-03-09,3711,2016-02-20,0407,4576,NA,6,5,7,3711,0,0,0,NA,0,437,PARADISE VALLEY RD,DEEP DELL RD,440,E,N,A,-,N,NA,NA,NA,NA,NA,NA,NA,NA,NA,Y,3,0,2,5,A,-,08,22107,NA,N,B,E,A,A,H,-,C,D,0,NA,NA,NA,NA,Y,Y,A,01,0,1,1,0,0,0,0,0,0,-,-,NA,NA,SAN DIEGO,SAN DIEGO,-117.02818433,32.69611342
7196685,2016,2017-02-10,3706,2016-01-14,2240,ES0461,NA,4,5,6,3706,0,0,0,NA,0,043,EL NORTE PKWY,RT 15,17,E,N,A,-,Y,SD,11,15,-,R,32.663,R,4,S,Y,2,0,1,1,A,-,01,23152,A,N,E,I,A,A,H,-,C,A,0,NA,NA,NA,NA,Y,NA,A,01,1,0,0,0,0,0,0,0,0,-,-,NA,NA,SAN DIEGO,ESCONDIDO,-117.10480835,33.14393248
7196689,2016,2016-03-09,3700,2016-01-30,0110,SH2560,NA,6,5,5,3713,0,0,0,NA,0,314,SOUTH SANTA FE AV,CIVIC CENTER DR,0,NA,Y,A,-,N,NA,NA,NA,NA,NA,NA,NA,NA,NA,Y,4,0,2,2,A,-,12,21453,A,N,D,D,A,A,H,-,C,A,0,NA,NA,NA,NA,Y,NA,A,01,0,0,2,0,0,0,0,0,0,-,-,NA,NA,SAN DIEGO,VISTA,-117.23434005,33.19388011
7198855,2016,2016-03-11,3711,2016-02-27,0949,7255,SD,6,5,7,3711,0,0,0,NA,0,613,CATALINA BL,ALICE ST,54,N,N,A,-,N,NA,NA,NA,NA,NA,NA,NA,NA,NA,N,3,0,1,1,C,-,18,NA,NA,N,E,A,A,A,B,-,A,D,0,NA,Y,NA,NA,Y,NA,-,-,0,1,0,0,0,0,1,0,0,-,-,NA,NA,SAN DIEGO,SAN DIEGO,-117.23620475,32.74129738
7199187,2016,2016-03-10,3710,2016-02-12,1436,OC0652,NA,5,5,6,3710,0,0,0,NA,0,011,MISSION AV,FOUSSAT RD,96,E,N,A,-,N,NA,NA,NA,NA,NA,NA,NA,NA,NA,Y,3,0,4,4,A,-,01,23152,A,N,C,C,A,A,H,-,A,A,0,NA,NA,NA,NA,Y,Y,A,01,0,2,2,0,0,0,0,0,0,-,-,NA,NA,SAN DIEGO,OCEANSIDE,-117.34304708,33.21710581
7199226,2016,2016-03-11,3711,2016-02-12,0705,6774,NA,5,5,7,3711,0,0,0,NA,0,511,HARBOR DR,CESAR E CHAVEZ PKWY,12,N,N,A,-,N,NA,NA,NA,NA,NA,NA,NA,NA,NA,Y,2,0,1,2,A,-,11,21453,D,F,G,B,B,A,H,-,A,A,0,Y,NA,NA,NA,Y,NA,N,60,1,0,0,0,1,0,0,0,0,-,-,NA,NA,SAN DIEGO,SAN DIEGO,-117.14749014,32.69823076
7199521,2015,2016-03-28,3700,2015-10-23,1958,SH2560,NA,5,5,5,3713,0,0,0,NA,0,305,W BOBIER DR,DORSEY ST,181,E,N,A,-,N,NA,NA,NA,NA,NA,NA,NA,NA,NA,Y,1,1,0,2,A,-,11,21954,A,N,G,B,D,A,H,-,C,D,0,Y,NA,NA,NA,Y,Y,N,60,0,0,0,1,0,0,0,0,0,-,-,NA,NA,SAN DIEGO,VISTA,-117.24803005,33.22114266
7200128,2017,2017-06-06,3700,2017-03-04,2351,SH0327,NA,6,5,5,3712,0,0,0,NA,0,352,BORDEN RD,FULTON RD,339,E,N,B,-,N,NA,NA,NA,NA,NA,NA,NA,NA,NA,Y,1,1,0,1,A,-,03,22350,NA,N,F,A,A,A,H,-,C,D,0,NA,NA,Y,NA,Y,NA,C,02,0,0,0,0,0,0,0,1,0,-,-,NA,NA,SAN DIEGO,SAN MARCOS,-117.14277148,33.15235529
7202572,2016,2016-03-11,3705,2016-02-21,1548,EC0353,NA,7,5,5,3705,0,0,0,NA,0,006,EL CAJON BL,MARSHALL AV,0,NA,Y,A,-,N,NA,NA,NA,NA,NA,NA,NA,NA,NA,Y,4,0,1,2,A,-,12,21453,A,N,D,D,A,A,H,-,A,A,0,NA,NA,NA,NA,Y,NA,A,01,0,0,1,0,0,0,0,0,0,-,-,NA,NA,SAN DIEGO,EL CAJON,-116.97486012,32.78781009
7202860,2015,2016-03-16,3700,2015-11-08,1727,SH7710,NA,7,5,5,3781,0,0,0,NA,0,510,CARLTON OAKS BL,CARLTON OAKS BL 9451,10,N,N,A,-,N,NA,NA,NA,NA,NA,NA,NA,NA,NA,Y,3,0,1,3,A,-,01,23152,E,M,E,E,A,A,H,-,D,D,0,NA,NA,NA,NA,Y,NA,A,01,0,1,0,0,0,0,0,0,0,-,-,NA,NA,SAN DIEGO,SANTEE,-116.992119,32.848113
7204804,2016,2016-03-11,3710,2016-02-27,2020,OC1344,NA,6,5,6,3710,0,0,0,NA,0,028,MESA DR,COLLEGE BL,177,W,N,A,-,N,NA,NA,NA,NA,NA,NA,NA,NA,NA,Y,3,0,1,1,A,-,03,22350,NA,N,F,I,A,A,H,-,C,A,0,NA,NA,NA,NA,Y,NA,A,01,0,1,0,0,0,0,0,0,0,-,-,NA,NA,SAN DIEGO,OCEANSIDE,-117.29309059,33.22498416
7204831,2016,2016-03-11,3702,2016-02-02,1509,CV1110,NA,2,5,6,3702,0,0,0,NA,0,023,E OXFORD ST,MONSERATE AV,210,W,N,A,-,N,NA,NA,NA,NA,NA,NA,NA,NA,NA,Y,4,0,1,3,A,-,03,22350,NA,N,C,E,A,A,H,-,A,D,0,NA,NA,NA,Y,Y,NA,A,01,0,0,1,0,0,0,0,0,0,-,-,NA,NA,SAN DIEGO,CHULA VISTA,-117.048466,32.61569128
7204842,2016,2016-03-11,3705,2016-02-26,1224,EC0344,NA,5,5,5,3705,0,0,0,NA,0,008,MAGNOLIA,LINDELL,37,N,N,A,-,N,NA,NA,NA,NA,NA,NA,NA,NA,NA,N,4,0,1,2,A,-,03,22350,NA,N,C,C,A,A,H,-,A,D,0,NA,NA,NA,NA,Y,NA,D,22,0,0,1,0,0,0,0,0,0,-,-,NA,NA,SAN DIEGO,EL CAJON,-116.96230945,32.78592133
7207388,2015,2016-03-23,3702,2015-12-22,1116,CV1031,NA,2,5,6,3702,0,0,0,NA,0,042,OLYMPIC PKWY,TOWN CENTER DR,50,E,N,C,-,N,NA,NA,NA,NA,NA,NA,NA,NA,NA,N,4,0,1,2,B,-,22,NA,NA,N,D,C,A,B,H,-,A,D,0,NA,NA,NA,NA,Y,NA,A,07,0,0,1,0,0,0,0,0,0,-,-,NA,NA,SAN DIEGO,CHULA VISTA,-116.96733145,32.62849682
7207390,2016,2016-05-06,3706,2016-03-06,1432,223,ESCON,7,5,6,3706,0,0,0,NA,0,044,MISSION AV,MILLS ST,0,NA,Y,A,-,N,NA,NA,NA,NA,NA,NA,NA,NA,NA,N,4,0,1,2,A,-,03,22350,NA,N,C,C,A,A,H,-,A,D,0,NA,NA,NA,Y,Y,NA,G,26,0,0,1,0,0,0,0,0,0,-,-,NA,NA,SAN DIEGO,ESCONDIDO,-117.06482005,33.13941001