CASE_ID,ACCIDENT_YEAR,PROC_DATE,JURIS,COLLISION_DATE,COLLISION_TIME,OFFICER_ID,REPORTING_DISTRICT,DAY_OF_WEEK,CHP_SHIFT,POPULATION,CNTY_CITY_LOC,SPECIAL_COND,BEAT_TYPE,CHP_BEAT_TYPE,CITY_DIVISION_LAPD,CHP_BEAT_CLASS,BEAT_NUMBER,PRIMARY_RD,SECONDARY_RD,DISTANCE,DIRECTION,INTERSECTION,WEATHER_1,WEATHER_2,STATE_HWY_IND,CALTRANS_COUNTY,CALTRANS_DISTRICT,STATE_ROUTE,ROUTE_SUFFIX,POSTMILE_PREFIX,POSTMILE,LOCATION_TYPE,RAMP_INTERSECTION,SIDE_OF_HWY,TOW_AWAY,COLLISION_SEVERITY,NUMBER_KILLED,NUMBER_INJURED,PARTY_COUNT,PRIMARY_COLL_FACTOR,PCF_CODE_OF_VIOL,PCF_VIOL_CATEGORY,PCF_VIOLATION,PCF_VIOL_SUBSECTION,HIT_AND_RUN,TYPE_OF_COLLISION,MVIW,PED_ACTION,ROAD_SURFACE,ROAD_COND_1,ROAD_COND_2,LIGHTING,CONTROL_DEVICE,CHP_ROAD_TYPE,PEDESTRIAN_ACCIDENT,BICYCLE_ACCIDENT,MOTORCYCLE_ACCIDENT,TRUCK_ACCIDENT,NOT_PRIVATE_PROPERTY,ALCOHOL_INVOLVED,STWD_VEHTYPE_AT_FAULT,CHP_VEHTYPE_AT_FAULT,COUNT_SEVERE_INJ,COUNT_VISIBLE_INJ,COUNT_COMPLAINT_PAIN,COUNT_PED_KILLED,COUNT_PED_INJURED,COUNT_BICYCLIST_KILLED,COUNT_BICYCLIST_INJURED,COUNT_MC_KILLED,COUNT_MC_INJURED,PRIMARY_RAMP,SECONDARY_RAMP,LATITUDE,LONGITUDE,COUNTY,CITY,POINT_X,POINT_Y
8650826,2018,2018-10-11,3711,2018-07-29,2155,6588,NA,7,5,7,3711,0,0,0,NA,0,721,PALM AV,PALM AV 1800,0,NA,Y,A,-,N,NA,NA,NA,NA,NA,NA,NA,NA,NA,N,4,0,1,2,A,-,03,22350,A,N,C,C,A,A,H,-,C,A,0,NA,NA,NA,NA,Y,NA,A,01,0,0,1,0,0,0,0,0,0,-,-,NA,NA,SAN DIEGO,SAN DIEGO,-117.09488869,32.58392615
8653478,2018,2018-07-09,3711,2018-06-24,0025,5388,NA,7,5,7,3711,0,0,0,NA,0,613,TENNYSON ST,NIMITZ BL,135,W,N,A,-,N,NA,NA,NA,NA,NA,NA,NA,NA,NA,Y,3,0,1,2,A,-,08,22107,NA,N,C,E,A,A,H,-,C,D,0,NA,NA,NA,NA,Y,Y,-,NA,0,1,0,0,0,0,0,0,0,-,-,NA,NA,SAN DIEGO,SAN DIEGO,-117.23201751708984,32.739723205566406
8654299,2018,2018-07-11,3711,2018-06-18,2147,7697,NA,1,5,7,3711,0,0,0,NA,0,612,POINSETTIA DR,DOLEANDER DR,0,NA,Y,A,-,N,NA,NA,NA,NA,NA,NA,NA,NA,NA,N,4,0,1,1,D,-,00,NA,NA,M,G,B,D,A,H,-,D,A,0,Y,NA,NA,NA,Y,NA,-,-,0,0,1,0,1,0,0,0,0,-,-,NA,NA,SAN DIEGO,SAN DIEGO,-117.22277988,32.74846003
8654479,2018,2018-07-17,3711,2018-06-26,1323,7463,NA,2,5,7,3711,0,0,0,NA,0,116,MORENA BL,ASHTON ST,15,S,N,A,-,N,NA,NA,NA,NA,NA,NA,NA,NA,NA,N,4,0,2,2,A,-,09,21803,A,N,-,D,A,A,H,-,A,-,0,NA,NA,NA,NA,Y,NA,A,01,0,0,2,0,0,0,0,0,0,-,-,NA,NA,SAN DIEGO,SAN DIEGO,-117.20726776123048,32.78171920776367
8654564,2018,2018-07-16,3705,2018-04-02,2002,EC0344,NA,1,5,5,3705,0,0,0,NA,0,003,WASHINGTON,WATERLOO,0,NA,Y,B,-,N,NA,NA,NA,NA,NA,NA,NA,NA,NA,N,2,0,1,2,A,-,11,21950,B,N,G,B,B,A,H,-,C,D,0,Y,NA,NA,NA,Y,NA,N,60,1,0,0,0,1,0,0,0,0,-,-,NA,NA,SAN DIEGO,EL CAJON,-116.9221420288086,32.78718948364258
8655090,2018,2018-08-06,3705,2018-06-27,1115,EC0219,NA,3,5,5,3705,0,0,0,NA,0,004,CHASE AV,AVOCADO AV,312,W,N,A,-,N,NA,NA,NA,NA,NA,NA,NA,NA,NA,Y,4,0,1,2,A,-,09,21804,A,N,D,C,A,A,H,-,A,A,0,NA,NA,NA,NA,Y,NA,A,01,0,0,1,0,0,0,0,0,0,-,-,NA,NA,SAN DIEGO,EL CAJON,-116.95883178710938,32.780399322509766
8655536,2018,2018-07-05,3711,2018-06-22,1428,4656,SAN D,5,5,7,3711,0,0,0,NA,0,611,SPORTS ARENA BL,CAMINO DEL RIO W,470,W,N,A,-,N,NA,NA,NA,NA,NA,NA,NA,NA,NA,N,2,0,1,1,A,-,03,22350,NA,N,F,-,A,A,H,-,A,D,0,NA,NA,Y,NA,Y,NA,C,06,1,0,0,0,0,0,0,0,1,-,-,NA,NA,SAN DIEGO,SAN DIEGO,-117.20626068115234,32.75210952758789
8657054,2018,2018-09-21,3702,2018-07-20,2500,CV1164,NA,5,5,6,3702,0,0,0,NA,0,024,EAST ORANGE AV,MELROSE AV,252,E,N,A,-,N,NA,NA,NA,NA,NA,NA,NA,NA,NA,Y,4,0,1,3,A,-,21,22106,NA,N,C,C,A,A,H,-,C,D,0,NA,NA,NA,NA,Y,NA,A,07,0,0,1,0,0,0,0,0,0,-,-,NA,NA,SAN DIEGO,CHULA VISTA,-117.038330078125,32.60513687133789
8657078,2018,2018-09-21,3702,2018-07-16,2247,CV1086,NA,1,5,6,3702,0,0,0,NA,0,041,OLYMPIC PKWY,HERITAGE RD,3600,W,N,A,-,N,NA,NA,NA,NA,NA,NA,NA,NA,NA,Y,3,0,2,1,A,-,03,22350,NA,N,F,I,A,A,H,-,C,D,0,NA,NA,NA,NA,Y,NA,A,01,0,2,0,0,0,0,0,0,0,-,-,NA,NA,SAN DIEGO,CHULA VISTA,-117.01177215576172,32.61170959472656
8657208,2018,2018-09-12,3702,2018-06-16,1910,CV1114,NA,6,5,6,3702,0,0,0,NA,0,042,EASTLAKE PKWY,CORTE VISTA,40,N,N,A,-,N,NA,NA,NA,NA,NA,NA,NA,NA,NA,Y,4,0,1,2,A,-,09,21800,A,N,B,C,A,A,H,-,B,A,0,NA,NA,Y,NA,Y,NA,A,01,0,0,1,0,0,0,0,0,1,-,-,NA,NA,SAN DIEGO,CHULA VISTA,-116.96730041503906,32.633235931396484
8657228,2018,2018-09-12,3702,2018-06-28,2133,CV1156,NA,4,5,6,3702,0,0,0,NA,0,013,BROADWAY,K ST,0,NA,Y,A,-,N,NA,NA,NA,NA,NA,NA,NA,NA,NA,Y,4,0,1,2,A,-,09,21801,A,N,A,C,A,A,H,-,C,A,0,NA,NA,NA,NA,Y,NA,A,01,0,0,1,0,0,0,0,0,0,-,-,NA,NA,SAN DIEGO,CHULA VISTA,-117.08541107177734,32.62059020996094
8657542,2018,2018-10-10,3706,2018-07-17,1522,362,ESCON,2,5,6,3706,0,0,0,NA,0,043,BENNETT AV,BITTERROOT CT,52,S,N,A,-,N,NA,NA,NA,NA,NA,NA,NA,NA,NA,N,4,0,1,2,A,-,08,22100,B,N,D,C,A,A,H,-,A,D,0,NA,NA,NA,NA,Y,NA,A,01,0,0,1,0,0,0,0,0,0,-,-,33.150421142578125,-117.1220703125,SAN DIEGO,ESCONDIDO,-117.12203979492188,33.1501579284668
8659893,2018,2018-07-23,3706,2018-06-05,0510,515,ESCON,2,5,6,3706,0,0,0,NA,0,044,ASH ST,WASHINGTON AV,0,NA,Y,A,-,N,NA,NA,78,NA,NA,NA,NA,NA,NA,Y,4,0,1,1,A,-,03,22350,NA,N,E,I,A,A,H,-,B,A,0,NA,NA,NA,NA,Y,NA,A,01,0,0,1,0,0,0,0,0,0,-,-,33.13309097290039,-117.06803894042967,SAN DIEGO,ESCONDIDO,-117.06803131103516,33.133079528808594
8659927,2018,2018-07-19,3711,2018-07-01,0900,4300,SAN D,7,5,7,3711,0,0,0,NA,0,522,FRONT ST,WEST B ST,0,NA,Y,A,-,N,NA,NA,NA,NA,NA,NA,NA,NA,NA,Y,3,0,1,2,A,-,12,21453,A,N,D,C,A,A,H,-,A,A,0,NA,NA,NA,NA,Y,NA,-,NA,0,1,0,0,0,0,0,0,0,-,-,NA,NA,SAN DIEGO,SAN DIEGO,-117.16471862792967,32.71778106689453
8660364,2018,2018-07-31,3711,2018-07-02,1449,7260,NA,1,5,7,3711,0,0,0,NA,0,327,COLLEGE AV,COLLEGE AV 5000,0,NA,N,A,-,N,NA,NA,NA,NA,NA,NA,NA,NA,NA,Y,3,0,2,2,A,-,09,21804,A,N,B,C,A,A,H,-,A,D,0,NA,NA,NA,NA,Y,NA,-,NA,0,1,1,0,0,0,0,0,0,-,-,NA,NA,SAN DIEGO,SAN DIEGO,-117.0686388,32.76871084
8660368,2018,2018-07-26,3711,2018-07-01,1932,7824,NA,7,5,7,3711,0,0,0,NA,0,826,54TH ST,EL CAJON BL,0,NA,Y,A,-,N,NA,NA,NA,NA,NA,NA,NA,NA,NA,Y,4,0,4,2,A,-,09,21453,C,N,D,C,A,A,H,-,A,A,0,NA,NA,NA,NA,Y,NA,A,08,0,0,4,0,0,0,0,0,0,-,-,NA,NA,SAN DIEGO,SAN DIEGO,-117.07935333251952,32.75783920288086
8660501,2018,2018-07-20,3706,2018-06-22,1901,449,ESCON,5,5,6,3706,0,0,0,NA,0,053,CENTRE CITY PKWY,CITRACADO PKWY,0,NA,Y,A,-,N,NA,NA,NA,NA,NA,NA,NA,NA,NA,Y,3,0,3,2,A,-,01,23152,A,N,A,C,A,A,H,-,B,A,0,NA,NA,NA,NA,Y,Y,A,07,0,2,1,0,0,0,0,0,0,-,-,33.09067916870117,-117.0727310180664,SAN DIEGO,ESCONDIDO,-117.07308959960938,33.09077072143555
8660808,2018,2018-07-30,3706,2018-06-23,2308,484,ESCON,6,5,6,3706,0,0,0,NA,0,042,LINCOLN AV,FIG ST,10,E,N,A,-,N,NA,NA,NA,NA,NA,NA,NA,NA,NA,Y,4,0,2,2,A,-,09,21800,D,N,D,C,A,A,H,-,C,B,0,NA,NA,NA,NA,Y,NA,A,01,0,0,2,0,0,0,0,0,0,-,-,33.13631057739258,-117.07877349853516,SAN DIEGO,ESCONDIDO,-117.07871246337892,33.13627243041992
8661082,2018,2018-07-16,3711,2018-06-17,0211,7462,NA,7,5,7,3711,0,0,0,NA,0,523,MARKET ST,5TH AV,0,NA,Y,A,-,N,NA,NA,NA,NA,NA,NA,NA,NA,NA,N,3,0,1,2,A,-,10,21950,A,N,G,B,B,A,H,-,C,A,0,Y,NA,NA,NA,Y,Y,A,01,0,1,0,0,1,0,0,0,0,-,-,NA,NA,SAN DIEGO,SAN DIEGO,-117.16014862060548,32.71149826049805
8664778,2018,2018-07-30,3711,2018-07-08,1009,7341,NA,7,5,7,3711,0,0,0,NA,0,122,SOLEDAD MOUNTAIN RD,SOLEDAD RANCHO RD,0,NA,Y,A,-,N,NA,NA,NA,NA,NA,NA,NA,NA,NA,Y,4,0,1,2,A,-,21,22106,NA,N,D,C,A,A,H,-,A,D,0,NA,NA,NA,NA,Y,NA,-,NA,0,0,1,0,0,0,0,0,0,-,-,NA,NA,SAN DIEGO,SAN DIEGO,-117.23423767089844,32.815059661865234
8666459,2018,2018-08-29,3711,2018-07-16,1748,7702,NA,1,5,7,3711,0,0,0,NA,0,113,LUNA AV,GALLATIN WY,49,W,N,A,-,N,NA,NA,NA,NA,NA,NA,NA,NA,NA,N,4,0,1,2,A,-,03,22350,NA,N,C,E,A,A,H,-,A,D,0,NA,NA,NA,NA,Y,Y,A,01,0,0,1,0,0,0,0,0,0,-,-,NA,NA,SAN DIEGO,SAN DIEGO,-117.22284698486328,32.83466339111328
8666467,2018,2018-08-08,3711,2018-07-07,2350,7776,NA,6,5,7,3711,0,0,0,NA,0,122,MISSION BL,HORNBLEND ST,0,NA,Y,A,-,N,NA,NA,NA,NA,NA,NA,NA,NA,NA,N,4,0,1,2,A,-,09,21800,A,N,D,C,A,A,H,-,C,D,0,NA,NA,NA,NA,Y,NA,A,01,0,0,1,0,0,0,0,0,0,-,-,NA,NA,SAN DIEGO,SAN DIEGO,-117.25521850585938,32.79566192626953
8668435,2018,2018-08-02,3706,2018-07-11,0822,374,ESCON,3,5,6,3706,0,0,0,NA,0,042,VALLEY PKWY,FIG ST,0,NA,Y,A,-,N,NA,NA,NA,NA,NA,NA,NA,NA,NA,Y,4,0,2,2,A,-,12,21453,A,N,D,C,A,A,H,-,A,A,0,NA,NA,NA,NA,Y,NA,A,01,0,0,2,0,0,0,0,0,0,-,-,33.12730026245117,-117.07407379150392,SAN DIEGO,ESCONDIDO,-117.07392120361328,33.127288818359375
8669115,2018,2018-08-15,3711,2018-06-05,0836,6718,NA,2,5,7,3711,0,0,0,NA,0,234,RANCHO BERNARDO RD,WEST BERNARDO DR,51,W,N,A,-,N,NA,NA,NA,NA,NA,NA,NA,NA,NA,Y,4,0,1,2,A,-,12,21453,A,N,A,C,A,A,H,-,A,A,0,NA,NA,NA,NA,Y,NA,A,01,0,0,1,0,0,0,0,0,0,-,-,NA,NA,SAN DIEGO,SAN DIEGO,-117.0822982788086,33.02395248413086
8669232,2018,2018-08-14,3711,2018-07-22,1436,8861,NA,7,5,7,3711,0,0,0,NA,0,614,VOLTAIRE ST,EBERS ST,8,E,N,A,-,N,NA,NA,NA,NA,NA,NA,NA,NA,NA,Y,3,0,6,2,A,-,09,21801,A,N,A,C,A,A,H,-,A,A,0,NA,NA,NA,NA,Y,NA,A,01,0,6,0,0,0,0,0,0,0,-,-,NA,NA,SAN DIEGO,SAN DIEGO,-117.24137115478516,32.748817443847656
8669337,2018,2018-08-14,3711,2018-07-20,0235,8447,NA,5,5,7,3711,0,0,0,NA,0,723,PALM AV,TWINING AV,150,W,N,A,-,N,NA,NA,NA,NA,NA,NA,NA,NA,NA,Y,4,0,1,2,A,-,08,22107,NA,M,-,E,A,A,H,-,C,D,0,NA,NA,NA,NA,Y,NA,-,NA,0,0,1,0,0,0,0,0,0,-,-,NA,NA,SAN DIEGO,SAN DIEGO,-117.0458526611328,32.58381652832031
8669489,2018,2018-08-30,3700,2018-06-20,2139,SH7709,NA,3,5,4,3780,0,0,0,NA,0,410,TWIN PEAKS RD,COMMUNITY RD,0,NA,Y,A,-,N,NA,NA,NA,NA,NA,NA,NA,NA,NA,Y,3,0,1,2,A,-,12,21453,A,N,D,C,A,A,H,-,C,A,0,NA,NA,NA,NA,Y,NA,A,01,0,1,0,0,0,0,0,0,0,-,-,NA,NA,SAN DIEGO,POWAY,-117.04083251953124,32.974788665771484
8669894,2018,2018-08-27,3706,2018-07-20,2048,487,ESCON,5,5,6,3706,0,0,0,NA,0,044,EL NORTE PKWY,CONWAY DR,105,W,N,A,-,N,NA,NA,NA,NA,NA,NA,NA,NA,NA,Y,4,0,1,3,A,-,01,23152,A,N,C,C,A,A,H,-,C,A,0,NA,NA,NA,NA,Y,Y,A,01,0,0,1,0,0,0,0,0,0,-,-,33.14598083496094,-117.07362365722656,SAN DIEGO,ESCONDIDO,-117.07400512695313,33.14584732055664
8672320,2018,2018-08-21,3711,2018-07-05,0743,7341,NA,4,5,7,3711,0,0,0,NA,0,126,NORTH TORREY PINES RD,GENESEE AV,0,NA,Y,A,-,N,NA,NA,NA,NA,NA,NA,NA,NA,NA,Y,4,0,4,2,A,-,12,21453,A,N,D,C,A,A,H,-,A,A,0,NA,NA,NA,NA,Y,NA,A,01,0,0,4,0,0,0,0,0,0,-,-,NA,NA,SAN DIEGO,SAN DIEGO,-117.24034881591795,32.89173889160156
8673536,2018,2018-08-10,3711,2018-06-26,0718,HB6055,NA,2,5,7,3711,0,0,0,NA,0,504,WEST LAUREL ST,NORTH HARBOR DR,0,NA,Y,B,-,N,NA,NA,NA,NA,NA,NA,NA,NA,NA,Y,3,0,1,1,A,-,08,22107,NA,N,F,C,A,A,H,-,A,A,0,NA,NA,Y,NA,Y,NA,C,02,0,1,0,0,0,0,0,0,1,-,-,NA,NA,SAN DIEGO,SAN DIEGO,-117.17742156982422,32.7277717590332
8673886,2018,2018-10-10,3711,2018-07-25,0207,6616,SANDI,3,5,7,3711,0,0,0,NA,0,523,5TH AV,G ST,5,N,N,A,-,N,NA,NA,NA,NA,NA,NA,NA,NA,NA,N,4,0,1,2,A,-,10,21950,A,N,G,B,B,A,H,-,C,A,0,Y,NA,NA,NA,Y,NA,A,01,0,0,1,0,1,0,0,0,0,-,-,NA,NA,SAN DIEGO,SAN DIEGO,-117.16014099121094,32.71258544921875
8676132,2018,2018-10-24,3711,2018-08-11,1708,7646,NA,6,5,7,3711,0,0,0,NA,0,521,IMPERIAL AV,16TH ST,9,W,N,A,-,N,NA,NA,NA,NA,NA,NA,NA,NA,NA,N,3,0,1,2,A,-,12,21453,A,N,D,G,A,A,H,-,A,A,0,NA,Y,NA,NA,Y,NA,L,04,0,1,0,0,0,0,1,0,0,-,-,NA,NA,SAN DIEGO,SAN DIEGO,-117.14948272705078,32.70627975463867
8677507,2018,2018-10-15,3711,2018-08-05,1715,6986,NA,7,5,7,3711,0,0,0,NA,0,834,CENTRAL AV,DWIGHT ST,0,NA,Y,A,-,N,NA,NA,NA,NA,NA,NA,NA,NA,NA,N,4,0,1,2,A,-,09,21802,A,N,D,C,A,A,H,-,A,D,0,NA,NA,NA,NA,Y,NA,-,NA,0,0,1,0,0,0,0,0,0,-,-,NA,NA,SAN DIEGO,SAN DIEGO,-117.10823059082033,32.74406051635742
8677845,2018,2018-10-02,3700,2018-07-31,2000,SH0327,NA,2,5,5,3712,0,0,0,NA,0,351,NORTH LAS POSAS RD,PALM RD,508,N,N,A,-,N,NA,NA,NA,NA,NA,NA,NA,NA,NA,Y,3,0,1,2,A,-,01,23152,A,M,C,C,A,A,H,-,C,D,0,NA,NA,NA,NA,Y,Y,A,01,0,1,0,0,0,0,0,0,0,-,-,NA,NA,SAN DIEGO,SAN MARCOS,-117.18917846679688,33.151241302490234
8679073,2018,2018-08-30,3711,2018-07-23,0822,8192,NA,1,5,7,3711,0,0,0,NA,0,832,UNIVERSITY AV,MARLBOROUGH AV,0,NA,Y,A,-,N,NA,NA,NA,NA,NA,NA,NA,NA,NA,Y,4,0,2,2,A,-,09,21453,B,N,D,C,A,A,H,-,A,A,0,NA,NA,NA,NA,Y,NA,A,01,0,0,2,0,0,0,0,0,0,-,-,NA,NA,SAN DIEGO,SAN DIEGO,-117.1056900024414,32.74967956542969
8684639,2018,2018-09-18,3701,2018-08-13,1357,CB5339,NA,1,5,5,3701,0,0,0,NA,0,006,PALOMAR AIRPORT RD,AVIARA PKWY,0,NA,Y,A,-,N,NA,NA,NA,NA,NA,NA,NA,NA,NA,Y,3,0,1,2,A,-,00,21463,A,N,D,C,A,A,H,-,A,A,0,NA,NA,NA,NA,Y,NA,A,01,0,1,0,0,0,0,0,0,0,-,-,NA,NA,SAN DIEGO,CARLSBAD,-117.30171966552734,33.124019622802734
8684835,2018,2018-10-04,3711,2018-07-29,0952,7546,NA,7,5,7,3711,0,0,0,NA,0,832,UNIVERSITY AV,VAN DYKE AV,0,NA,Y,A,-,N,NA,NA,NA,NA,NA,NA,NA,NA,NA,Y,4,0,1,2,A,-,12,21453,A,M,D,C,A,A,H,-,A,A,0,NA,NA,NA,NA,Y,NA,A,01,0,0,1,0,0,0,0,0,0,-,-,NA,NA,SAN DIEGO,SAN DIEGO,-117.10320281982422,32.74966049194336
8685385,2018,2018-10-08,3711,2018-08-12,1541,6176,NA,7,5,7,3711,0,0,0,NA,0,446,IMPERIAL AV,47TH ST,42,E,N,A,-,N,NA,NA,NA,NA,NA,NA,NA,NA,NA,Y,3,0,2,2,A,-,12,21453,A,N,D,C,A,A,H,-,A,A,0,NA,NA,NA,NA,Y,NA,D,22,0,1,1,0,0,0,0,0,0,-,-,NA,NA,SAN DIEGO,SAN DIEGO,-117.09356689453124,32.70415115356445
8686187,2018,2018-10-15,3700,2018-08-13,0758,SH0021,NA,1,5,5,3713,0,0,0,NA,0,308,SANTA CLARA DR,HACKAMORE RD,5,S,N,A,-,N,NA,NA,NA,NA,NA,NA,NA,NA,NA,Y,4,0,1,1,A,-,05,21650,NA,N,E,I,A,A,H,-,A,D,0,NA,NA,NA,NA,Y,NA,A,01,0,0,1,0,0,0,0,0,0,-,-,NA,NA,SAN DIEGO,VISTA,-117.26593017578124,33.19489669799805
8686215,2018,2018-10-15,3702,2018-08-13,0246,CV1107,NA,1,5,6,3702,0,0,0,NA,0,031,TELEGRAPH CANYON RD,PASEO DEL REY,18,W,N,A,-,N,NA,NA,NA,NA,NA,NA,NA,NA,NA,Y,3,0,1,1,A,-,01,23152,A,N,E,I,A,A,H,-,C,A,0,NA,NA,NA,NA,Y,Y,A,08,0,1,0,0,0,0,0,0,0,-,-,NA,NA,SAN DIEGO,CHULA VISTA,-117.03433990478516,32.62752914428711
8686261,2018,2018-09-07,3700,2018-07-29,0751,SH0284,NA,7,5,5,3713,0,0,0,NA,0,305,WEST LOS ANGELES DR,AVE DE BENITO JUAREZ,124,E,N,A,-,N,NA,NA,NA,NA,NA,NA,NA,NA,NA,Y,4,0,1,4,A,-,05,21650,NA,N,F,E,A,A,H,-,A,D,0,NA,NA,NA,NA,Y,NA,A,01,0,0,1,0,0,0,0,0,0,-,-,NA,NA,SAN DIEGO,VISTA,-117.24792749,33.21243748
8686309,2018,2018-09-10,3702,2018-07-04,1345,CV1233,NA,3,5,6,3702,0,0,0,NA,0,014,4TH AV,E ST,0,NA,Y,A,-,N,NA,NA,NA,NA,NA,NA,NA,NA,NA,Y,4,0,1,2,A,-,09,21453,C,N,D,C,A,A,H,-,A,A,0,NA,NA,NA,NA,Y,NA,A,01,0,0,1,0,0,0,0,0,0,-,-,NA,NA,SAN DIEGO,CHULA VISTA,-117.08531951904295,32.643619537353516
8688370,2018,2018-09-12,3700,2018-08-21,1600,SH7182,NA,2,5,5,3712,0,0,0,NA,0,359,WEST SAN MARCOS BL,KNIGHTS REALM,114,W,N,A,-,N,NA,NA,NA,NA,NA,NA,NA,NA,NA,N,4,0,2,2,A,-,03,22350,NA,N,C,C,A,A,H,-,A,A,0,NA,NA,NA,NA,Y,NA,D,22,0,0,2,0,0,0,0,0,0,-,-,NA,NA,SAN DIEGO,SAN MARCOS,-117.20523071289063,33.13142013549805
8688575,2018,2018-09-14,3711,2018-08-22,1422,7758,N3,3,5,7,3711,0,0,0,NA,0,111,BALBOA AV,MOUNT ALIFAN DR,320,E,N,A,-,N,NA,NA,NA,NA,NA,NA,NA,NA,NA,Y,4,0,1,2,A,-,03,22350,NA,N,C,C,A,A,H,-,A,A,0,NA,NA,NA,NA,Y,NA,A,07,0,0,1,0,0,0,0,0,0,-,-,NA,NA,SAN DIEGO,SAN DIEGO,-117.17510223388672,32.82023620605469
8688634,2018,2018-09-14,3711,2018-08-04,1905,7485,NA,6,5,7,3711,0,0,0,NA,0,521,G ST,14TH ST,72,E,N,A,-,N,NA,NA,NA,NA,NA,NA,NA,NA,NA,Y,3,0,1,3,C,-,18,NA,NA,N,C,E,A,A,H,-,A,A,0,NA,NA,NA,NA,Y,NA,-,-,0,1,0,0,0,0,0,0,0,-,-,NA,NA,SAN DIEGO,SAN DIEGO,-117.15168762207033,32.71261215209961
8688810,2018,2018-10-24,3710,2018-08-06,1345,OC1311,010,1,5,6,3710,0,0,0,NA,0,004,RT 76,LORETTA ST,935,E,N,A,-,Y,SD,11,76,-,R,0.67,H,-,E,Y,4,0,2,2,A,-,03,22350,NA,N,C,C,A,A,H,-,A,D,0,NA,NA,NA,NA,Y,NA,A,07,0,0,2,0,0,0,0,0,0,-,-,33.209999084472656,-117.37799835205078,SAN DIEGO,OCEANSIDE,-117.37535858154295,33.21186828613281
8689699,2018,2018-09-13,3711,2018-08-18,1920,7764,NA,6,5,7,3711,0,0,0,NA,0,813,ARIZONA,UNIVERSITY,3,N,N,A,-,N,NA,NA,NA,NA,NA,NA,NA,NA,NA,N,3,0,1,2,A,-,05,21651,B,N,D,G,A,A,H,-,B,D,0,NA,Y,NA,NA,Y,NA,L,04,0,1,0,0,0,0,1,0,0,-,-,NA,NA,SAN DIEGO,SAN DIEGO,-117.13787078857422,32.748451232910156
8690467,2018,2018-10-08,3711,2018-08-18,2200,7669,NA,6,5,7,3711,0,0,0,NA,0,315,FRIARS RD,FENTON PKWY,0,NA,Y,A,-,N,NA,NA,NA,NA,NA,NA,NA,NA,NA,Y,3,0,2,2,A,-,12,21453,A,N,D,C,A,A,H,-,C,A,0,NA,NA,NA,NA,Y,NA,-,NA,0,1,1,0,0,0,0,0,0,-,-,NA,NA,SAN DIEGO,SAN DIEGO,-117.13327026367188,32.77973175048828
8690827,2018,2018-09-24,3711,2018-09-07,2013,7201,NA,5,5,7,3711,0,0,0,NA,0,313,SHAWLINE ST,CLAIREMONT MESA BL,560,S,N,A,-,N,NA,NA,NA,NA,NA,NA,NA,NA,NA,N,3,0,1,2,A,-,09,21802,A,M,D,C,A,A,H,-,C,A,0,NA,NA,NA,NA,Y,Y,A,01,0,1,0,0,0,0,0,0,0,-,-,NA,NA,SAN DIEGO,SAN DIEGO,-117.163818359375,32.83111572265625
8693373,2018,2018-10-16,3700,2018-05-31,0710,SH0141,NA,4,5,5,3712,0,0,0,NA,0,357,WOODLAND PKWY,RANCHEROS DR,0,NA,Y,B,-,N,NA,NA,NA,NA,NA,NA,NA,NA,NA,N,4,0,1,2,C,-,18,NA,NA,N,A,C,A,A,H,-,A,A,0,NA,NA,NA,NA,Y,NA,-,-,0,0,1,0,0,0,0,0,0,-,-,NA,NA,SAN DIEGO,SAN MARCOS,-117.14060974121094,33.13943099975586
8693932,2018,2018-09-10,3700,2018-07-09,0838,SH3098,NA,1,5,4,3780,0,0,0,NA,0,415,POWAY RD,COMMUNITY RD,0,NA,Y,A,-,N,NA,NA,NA,NA,NA,NA,NA,NA,NA,Y,4,0,1,2,A,-,12,21453,A,N,D,C,A,A,H,-,A,A,0,NA,NA,NA,NA,Y,NA,A,07,0,0,1,0,0,0,0,0,0,-,-,NA,NA,SAN DIEGO,POWAY,-117.04080963134766,32.95637893676758
8694564,2018,2018-09-25,3706,2018-08-23,0734,374,ESCON,4,5,6,3706,0,0,0,NA,0,044,MIDWAY DR,VIA VENETO,30,S,N,A,-,N,NA,NA,NA,NA,NA,NA,NA,NA,NA,Y,4,0,4,4,A,-,03,22350,NA,N,C,C,A,A,H,-,A,D,0,NA,NA,NA,NA,Y,NA,A,07,0,0,4,0,0,0,0,0,0,-,-,33.143470764160156,-117.0553970336914,SAN DIEGO,ESCONDIDO,-117.05536651611328,33.143272399902344
8694588,2018,2018-09-25,3705,2018-08-25,0903,EC0346,NA,6,5,5,3705,0,0,0,NA,0,002,BROADWAY,GRAVES AV,0,NA,Y,A,-,N,NA,NA,NA,NA,NA,NA,NA,NA,NA,Y,3,0,1,2,A,-,12,21453,A,N,D,C,A,A,H,-,A,A,0,NA,NA,NA,NA,Y,NA,A,01,0,1,0,0,0,0,0,0,0,-,-,NA,NA,SAN DIEGO,EL CAJON,-116.96038818359376,32.80778121948242
8694596,2018,2018-09-25,3705,2018-08-09,2133,EC0281,NA,4,5,5,3705,0,0,0,NA,0,001,MARSHALL,FESLER,226,N,N,A,-,N,NA,NA,NA,NA,NA,NA,NA,NA,NA,N,4,0,1,2,A,-,11,21956,A,N,G,B,E,A,H,-,D,D,0,Y,NA,NA,NA,Y,Y,N,60,0,0,1,0,1,0,0,0,0,-,-,NA,NA,SAN DIEGO,EL CAJON,-116.97563934326172,32.80937957763672
8694634,2018,2018-09-28,3706,2018-08-26,1514,318,ESCON,7,5,6,3706,0,0,0,NA,0,052,9TH AV,ESCONDIDO BL,0,NA,Y,A,-,N,NA,NA,NA,NA,NA,NA,NA,NA,NA,Y,3,0,1,2,A,-,09,21801,A,N,A,C,A,A,H,-,A,A,0,NA,NA,NA,NA,Y,NA,A,01,0,1,0,0,0,0,0,0,0,-,-,33.11309814453125,-117.07911682128906,SAN DIEGO,ESCONDIDO,-117.0791015625,33.11310958862305