CASE_ID,ACCIDENT_YEAR,PROC_DATE,JURIS,COLLISION_DATE,COLLISION_TIME,OFFICER_ID,REPORTING_DISTRICT,DAY_OF_WEEK,CHP_SHIFT,POPULATION,CNTY_CITY_LOC,SPECIAL_COND,BEAT_TYPE,CHP_BEAT_TYPE,CITY_DIVISION_LAPD,CHP_BEAT_CLASS,BEAT_NUMBER,PRIMARY_RD,SECONDARY_RD,DISTANCE,DIRECTION,INTERSECTION,WEATHER_1,WEATHER_2,STATE_HWY_IND,CALTRANS_COUNTY,CALTRANS_DISTRICT,STATE_ROUTE,ROUTE_SUFFIX,POSTMILE_PREFIX,POSTMILE,LOCATION_TYPE,RAMP_INTERSECTION,SIDE_OF_HWY,TOW_AWAY,COLLISION_SEVERITY,NUMBER_KILLED,NUMBER_INJURED,PARTY_COUNT,PRIMARY_COLL_FACTOR,PCF_CODE_OF_VIOL,PCF_VIOL_CATEGORY,PCF_VIOLATION,PCF_VIOL_SUBSECTION,HIT_AND_RUN,TYPE_OF_COLLISION,MVIW,PED_ACTION,ROAD_SURFACE,ROAD_COND_1,ROAD_COND_2,LIGHTING,CONTROL_DEVICE,CHP_ROAD_TYPE,PEDESTRIAN_ACCIDENT,BICYCLE_ACCIDENT,MOTORCYCLE_ACCIDENT,TRUCK_ACCIDENT,NOT_PRIVATE_PROPERTY,ALCOHOL_INVOLVED,STWD_VEHTYPE_AT_FAULT,CHP_VEHTYPE_AT_FAULT,COUNT_SEVERE_INJ,COUNT_VISIBLE_INJ,COUNT_COMPLAINT_PAIN,COUNT_PED_KILLED,COUNT_PED_INJURED,COUNT_BICYCLIST_KILLED,COUNT_BICYCLIST_INJURED,COUNT_MC_KILLED,COUNT_MC_INJURED,PRIMARY_RAMP,SECONDARY_RAMP,LATITUDE,LONGITUDE,COUNTY,CITY,POINT_X,POINT_Y
90231133,2016,2016-07-27,9645,2016-07-12,1113,015847,NA,2,1,7,3711,0,1,1,NA,2,003,I-5 S/B,SIXTH AVE.,528,S,N,A,-,Y,NA,NA,5,NA,NA,NA,NA,NA,S,N,4,0,1,3,A,-,07,21658,A,N,B,C,A,A,H,-,A,D,0,NA,NA,NA,NA,Y,NA,A,01,0,0,1,0,0,0,0,0,0,-,-,32.72302,-117.15876,SAN DIEGO,SAN DIEGO,-117.15881804,32.7231686
90231176,2016,2016-07-27,9645,2016-07-12,1655,018950,NA,2,2,7,3711,0,1,1,NA,2,019,I-15 N/B,BERNARDO CENTER DRIVE U/C,1056,S,N,A,-,Y,NA,NA,15,NA,NA,NA,NA,NA,N,N,4,0,1,3,A,-,03,22350,NA,N,C,C,A,A,H,-,A,D,0,NA,NA,NA,NA,Y,NA,A,01,0,0,1,0,0,0,0,0,0,-,-,33.00862,-117.07998,SAN DIEGO,SAN DIEGO,-117.08013943,33.00863779
9023126,2019,2020-01-24,3710,2019-09-16,1800,OC1466,NA,1,5,6,3710,0,0,0,NA,0,028,COLLEGE BL,AZTEC ST,0,NA,Y,A,-,N,NA,NA,NA,NA,NA,NA,NA,NA,NA,N,4,0,1,2,A,-,-,NA,NA,F,G,B,F,A,H,-,A,A,0,Y,NA,NA,NA,Y,Y,-,-,0,0,1,0,1,0,0,0,0,-,-,NA,NA,SAN DIEGO,OCEANSIDE,-117.28529357910156,33.2109489440918
90233765,2016,2016-08-01,9680,2016-07-20,2255,016822,NA,3,3,9,3700,0,2,4,NA,1,095,SAN VICENTE ROAD,WARNOCK DR.,5,S,N,A,-,N,NA,NA,NA,NA,NA,NA,NA,NA,NA,Y,3,0,2,2,A,-,09,21453,C,N,A,C,A,A,H,-,C,A,0,NA,NA,NA,NA,Y,Y,A,01,0,1,1,0,0,0,0,0,0,-,-,33.0146,-116.86659,SAN DIEGO,UNINCORPORATED,-116.86653004,33.01480631
90233824,2016,2016-08-01,9680,2016-07-20,1400,019270,NA,3,2,5,3708,0,1,1,NA,2,081,I-8 W/B TO GROSSMONT CENTER ROAD,SR-125 N/B,210,E,N,A,-,Y,NA,NA,8,NA,NA,NA,R,NA,W,Y,4,0,1,1,A,-,08,22107,NA,N,E,I,A,A,H,-,A,D,0,NA,NA,NA,NA,Y,NA,A,01,0,0,1,0,0,0,0,0,0,-,-,32.77836,-117.00281,SAN DIEGO,LA MESA,-117.00281,32.77836
90233888,2016,2016-08-01,9645,2016-07-27,0850,015270,NA,3,1,7,3711,0,1,1,NA,2,015,I-805 NORTHBOUND,SR-163,1584,N,N,A,-,Y,NA,NA,805,NA,NA,NA,NA,NA,N,N,4,0,1,3,A,-,03,22350,NA,N,C,C,A,A,H,-,A,D,0,NA,NA,NA,NA,Y,NA,A,01,0,0,1,0,0,0,0,0,0,-,-,32.81331,-117.15719,SAN DIEGO,SAN DIEGO,-117.15705493,32.81343673
90234184,2016,2016-08-01,9650,2016-07-27,0640,013696,NA,3,1,9,3700,0,1,1,NA,2,021,I-15 S/B,W. LILAC ROAD O/C,1584,N,N,A,-,Y,NA,NA,15,NA,NA,NA,NA,NA,S,Y,3,0,1,2,A,-,03,22350,NA,N,C,C,A,A,H,-,A,D,0,NA,NA,NA,Y,Y,NA,A,01,0,1,0,0,0,0,0,0,0,-,-,33.30496,-117.15062,SAN DIEGO,UNINCORPORATED,-117.15047782,33.30496675
90235215,2016,2016-08-02,9645,2016-06-22,0255,013292,NA,3,3,7,3711,0,1,1,NA,2,027,I-15 SOUTHBOUND,FRIARS ROAD O/C,2640,N,N,B,-,Y,NA,NA,15,NA,NA,NA,NA,NA,S,Y,3,0,1,1,A,-,01,23152,NA,N,A,I,A,A,H,-,C,D,0,NA,NA,NA,NA,Y,Y,A,01,0,1,0,0,0,0,0,0,0,-,-,32.79263,-117.11219,SAN DIEGO,SAN DIEGO,-117.11240398,32.79268868
90235227,2016,2016-08-02,9645,2016-07-17,1200,017473,NA,7,1,7,3711,0,1,1,NA,2,009,I-805 S/B,CAMINO DE LA PLAZA,1500,N,N,A,-,Y,NA,NA,805,NA,NA,NA,NA,NA,S,Y,4,0,4,2,A,-,07,21658,A,N,D,C,A,A,H,-,A,D,0,NA,NA,NA,NA,Y,NA,A,07,0,0,4,0,0,0,0,0,0,-,-,32.54636,-117.03645,SAN DIEGO,SAN DIEGO,-117.03643205,32.54640096
90236144,2016,2016-08-02,9680,2016-07-23,1525,019822,NA,6,2,9,3700,0,2,4,NA,1,018,LOS COCHES RD,LOS COCHES ROAD EAST,146,N,N,A,-,N,NA,NA,NA,NA,NA,NA,NA,NA,NA,Y,4,0,1,2,A,-,09,21804,A,F,D,C,A,A,H,-,A,D,0,NA,NA,NA,NA,Y,NA,B,07,0,0,1,0,0,0,0,0,0,-,-,32.83188,-116.90461,SAN DIEGO,UNINCORPORATED,-116.90536836,32.83222933
90237479,2016,2016-08-04,9680,2016-07-25,1500,019270,NA,1,2,5,3708,0,1,3,NA,2,028,SR-125 S/B,SPRING ST,2640,N,N,A,-,Y,NA,NA,125,NA,NA,NA,NA,NA,S,Y,4,0,2,2,A,-,03,22350,NA,N,C,C,A,A,H,-,A,D,0,NA,NA,NA,NA,Y,NA,A,07,0,0,2,0,0,0,0,0,0,-,-,32.75778,-117.00687,SAN DIEGO,LA MESA,-117.00683479,32.75774119
90237915,2016,2016-08-04,9680,2016-07-26,1055,015061,NA,2,1,5,3708,0,1,1,NA,2,081,I-8 W/B,SEVERIN DR,500,E,N,A,-,Y,NA,NA,8,NA,NA,NA,NA,NA,W,N,4,0,1,2,A,-,07,21658,A,N,B,C,A,A,D,-,A,A,0,NA,NA,NA,Y,Y,NA,A,08,0,0,1,0,0,0,0,0,0,-,-,32.77927,-116.99299,SAN DIEGO,LA MESA,-116.99298928,32.77928335
90237965,2016,2016-08-04,9650,2016-07-29,1330,014886,NA,5,1,9,3700,0,1,1,NA,2,003,I-5 S/B,CAMP DEL MAR O/C,100,S,N,A,-,Y,NA,NA,5,NA,NA,NA,NA,NA,S,Y,4,0,2,3,A,-,03,22350,NA,N,C,C,A,A,H,-,A,D,0,NA,NA,NA,NA,Y,NA,A,01,0,0,2,0,0,0,0,0,0,-,-,33.2154,-117.39025,SAN DIEGO,UNINCORPORATED,-117.39021748,33.21540946
9023866,2019,2020-02-04,3711,2019-12-22,2009,SD7636,NA,7,5,7,3711,0,0,0,NA,0,822,58TH ST,TROJAN AV,0,NA,Y,A,-,N,NA,NA,NA,NA,NA,NA,NA,NA,NA,N,4,0,1,2,A,-,05,21651,B,N,A,C,A,A,H,-,C,A,0,NA,NA,NA,NA,Y,NA,A,01,0,0,1,0,0,0,0,0,0,-,-,NA,NA,SAN DIEGO,SAN DIEGO,-117.07289886474608,32.75490951538086
90240206,2016,2016-08-30,9645,2016-07-31,1725,019344,NA,7,2,7,3711,0,1,3,NA,2,022,SR-56 E/B,RANCH SANTA FE FARMS RD O/C,200,W,N,A,-,Y,NA,NA,56,NA,NA,NA,NA,NA,E,Y,4,0,1,2,A,-,03,22350,NA,N,B,C,A,A,H,-,A,D,0,NA,NA,NA,NA,Y,NA,A,01,0,0,1,0,0,0,0,0,0,-,-,32.9658,-117.1778,SAN DIEGO,SAN DIEGO,-117.17779124,32.9657815
90243555,2016,2016-08-12,9645,2016-08-01,1655,019291,NA,1,2,7,3711,0,1,3,NA,2,023,SR-163 S/B TO I-805 S/B,I-805,15,S,N,A,-,Y,NA,NA,163,NA,NA,NA,R,NA,S,N,4,0,1,2,A,-,03,22350,NA,N,C,C,A,A,H,-,A,D,0,NA,NA,NA,NA,Y,NA,A,07,0,0,1,0,0,0,0,0,0,-,-,32.80972,-117.15297,SAN DIEGO,SAN DIEGO,-117.15297,32.80972
90244212,2016,2016-08-15,9680,2016-08-04,2340,019475,NA,4,3,9,3700,0,1,3,NA,2,028,SR-125 S/B,SPRING ST,2,N,N,A,-,Y,NA,NA,125,NA,NA,NA,NA,NA,S,Y,4,0,1,1,A,-,08,22107,NA,N,E,I,A,A,H,-,D,D,0,NA,NA,NA,NA,Y,NA,A,01,0,0,1,0,0,0,0,0,0,-,-,32.75277,-117.01235,SAN DIEGO,UNINCORPORATED,-117.01239949,32.75282444
90244251,2016,2016-08-15,9650,2016-08-11,1035,013636,NA,4,1,5,3701,0,1,1,NA,2,005,I-5 N/B,POINSETTIA LN,1320,S,N,A,-,Y,NA,NA,NA,NA,NA,NA,NA,NA,NA,Y,3,0,1,3,A,-,03,22350,NA,N,C,C,A,A,H,-,A,D,0,NA,NA,NA,NA,Y,NA,A,01,0,1,0,0,0,0,0,0,0,-,-,NA,NA,SAN DIEGO,CARLSBAD,-117.30835426,33.10026354
90245993,2016,2016-08-16,9650,2016-08-01,1837,017743,NA,1,2,9,3700,0,1,1,NA,2,001,I-5 N/B,U.S. BORDER PATROL CHECKPOINT,6125,S,N,A,-,Y,NA,NA,5,NA,NA,NA,NA,NA,N,Y,3,0,5,3,A,-,03,22350,NA,N,C,C,A,A,H,-,A,D,0,NA,NA,NA,NA,Y,NA,A,07,0,2,3,0,0,0,0,0,0,-,-,33.3419,-117.51018,SAN DIEGO,UNINCORPORATED,-117.51017972,33.34190039
90247712,2016,2016-08-18,9680,2016-08-08,2157,020343,NA,1,2,9,3700,0,1,1,NA,2,082,I-8 E/B,JACKSON DR,500,W,N,A,-,Y,NA,NA,NA,NA,NA,NA,NA,NA,NA,Y,3,0,1,3,A,-,01,23152,A,N,C,C,A,A,H,-,C,D,0,NA,NA,NA,NA,Y,Y,A,01,0,1,0,0,0,0,0,0,0,-,-,32.77336,-117.01615,SAN DIEGO,UNINCORPORATED,-117.01249994,32.77433073
90248202,2016,2016-08-19,9650,2016-08-03,2125,017056,NA,3,2,5,3712,0,1,3,NA,2,019,SR-78 E/B,RANCHO SANTA FE RD,194,E,N,A,-,Y,NA,NA,78,NA,NA,NA,NA,NA,E,Y,4,0,1,2,A,-,08,22107,NA,N,B,C,A,A,H,-,C,D,0,NA,NA,NA,NA,Y,NA,A,01,0,0,1,0,0,0,0,0,0,-,-,33.14959,-117.19772,SAN DIEGO,SAN MARCOS,-117.19775197,33.14955244
90248576,2016,2016-08-19,9650,2016-08-05,1730,018321,NA,5,2,5,3712,0,1,3,NA,2,017,STATE ROUTE 78 (SR-78) E/B,SMILAX RD,1280,E,N,A,-,Y,NA,NA,78,NA,NA,NA,NA,NA,E,N,4,0,1,3,A,-,03,22350,NA,N,C,C,A,A,H,-,A,D,0,NA,NA,NA,NA,Y,NA,A,01,0,0,1,0,0,0,0,0,0,-,-,33.15419,-117.20311,SAN DIEGO,SAN MARCOS,-117.20316159,33.15412931
90248629,2016,2017-09-25,9680,2016-08-11,1805,017621,NA,4,2,9,3700,0,1,3,NA,1,090,SR-67 (MAIN ST.),MONTECITO RD,210,S,N,A,-,Y,NA,NA,67,NA,NA,NA,NA,NA,NA,Y,4,0,1,2,A,-,09,21801,A,N,D,C,A,A,H,-,A,D,0,NA,NA,Y,NA,Y,NA,A,01,0,0,1,0,0,0,0,0,1,-,-,33.03728,-116.87713,SAN DIEGO,UNINCORPORATED,-116.87715076,33.03731869
90248877,2016,2016-08-22,9650,2016-08-14,0512,018496,NA,7,3,9,3700,0,1,1,NA,2,001,I-5 N/B,CRISTIANITOS RD,1320,S,N,B,-,Y,NA,NA,5,NA,NA,NA,NA,NA,N,Y,3,0,1,1,A,-,01,23152,A,N,E,I,A,A,H,-,B,D,0,NA,NA,NA,NA,Y,Y,A,01,0,1,0,0,0,0,0,0,0,-,-,33.39124,-117.59082,SAN DIEGO,UNINCORPORATED,-117.59018699,33.39173118
90249489,2016,2016-10-10,9680,2016-08-10,1530,020738,NA,3,2,9,3700,0,3,5,NA,2,002,CALLE VERDE,AVOCADO BLVD,20,E,N,A,-,N,NA,NA,NA,NA,NA,NA,NA,NA,NA,N,4,0,1,2,A,-,03,22350,NA,F,C,C,A,A,H,-,A,A,0,NA,NA,NA,NA,Y,NA,A,01,0,0,1,0,0,0,0,0,0,-,-,32.74813,-116.96181,SAN DIEGO,UNINCORPORATED,-116.96193519,32.74829926
90250813,2016,2016-08-23,9645,2016-07-19,1600,018344,NA,2,2,7,3711,0,1,1,NA,2,013,I-805 S/B FROM KEARNY VILLA RD.,KEARNY VILLA RD.,500,S,N,A,-,Y,NA,NA,805,NA,NA,NA,R,NA,S,Y,4,0,1,4,A,-,03,22350,NA,N,C,C,A,A,H,-,A,D,0,NA,NA,NA,NA,Y,NA,A,08,0,0,1,0,0,0,0,0,0,-,-,32.80186,-117.15099,SAN DIEGO,SAN DIEGO,-117.15099,32.80186
90252351,2016,2016-08-25,9680,2016-08-16,1830,018427,NA,2,2,9,3700,0,3,5,NA,2,002,JAMACHA RD,ELKELTON BLVD,25,W,N,A,-,N,NA,NA,NA,NA,NA,NA,NA,NA,NA,N,4,0,3,2,A,-,03,22350,NA,N,C,C,A,A,H,-,A,A,0,NA,NA,NA,NA,Y,NA,A,01,0,0,3,0,0,0,0,0,0,-,-,32.71497,-117.01798,SAN DIEGO,UNINCORPORATED,-117.01769506,32.71493573
90255026,2016,2016-08-29,9650,2016-08-26,1055,013636,NA,5,1,5,3701,0,1,1,NA,2,005,I-5 S/B,LA COSTA AVE,1320,N,N,A,-,Y,NA,NA,NA,NA,NA,NA,NA,NA,NA,Y,4,0,1,2,A,-,03,22350,NA,N,C,C,A,A,H,-,A,D,0,NA,NA,NA,NA,Y,NA,A,01,0,0,1,0,0,0,0,0,0,-,-,NA,NA,SAN DIEGO,CARLSBAD,-117.30029837,33.08739875
90255031,2016,2016-08-29,9650,2016-08-15,1513,018386,NA,1,2,9,3700,0,1,3,NA,2,065,SR-76 W/B,OLIVE HILL RD,0,NA,Y,A,-,Y,NA,NA,76,NA,NA,NA,NA,NA,W,Y,2,0,2,2,A,-,01,23152,A,N,A,C,A,A,H,-,A,A,0,NA,NA,NA,NA,Y,Y,A,07,1,0,1,0,0,0,0,0,0,-,-,33.28891,-117.22555,SAN DIEGO,UNINCORPORATED,-117.22559263,33.28890094
90255268,2016,2016-08-29,9650,2016-08-27,1610,015830,NA,6,2,5,3701,0,1,1,NA,2,005,I-5 N/B,LAS FLORES DR,310,N,N,A,-,Y,NA,NA,NA,NA,NA,NA,NA,NA,NA,Y,4,0,1,2,A,-,03,22350,NA,N,C,C,A,A,H,-,A,D,0,NA,NA,NA,NA,Y,NA,A,01,0,0,1,0,0,0,0,0,0,-,-,33.10175,-117.20492,SAN DIEGO,CARLSBAD,-117.34688088,33.17137191
90257438,2016,2016-08-31,9645,2016-08-22,1454,019496,NA,1,2,7,3711,0,1,3,NA,2,002,SR-905 E/B TO I-805 N/B,I-805,50,W,N,A,-,Y,NA,NA,905,NA,NA,NA,R,NA,E,N,4,0,1,2,A,-,03,22350,NA,N,C,C,A,A,H,-,A,D,0,NA,NA,NA,NA,Y,NA,A,01,0,0,1,0,0,0,0,0,0,-,-,32.56777,-117.04176,SAN DIEGO,SAN DIEGO,-117.04176,32.56777
90259752,2016,2016-09-02,9650,2016-08-25,0640,013452,NA,4,1,6,3710,0,1,1,NA,2,005,I-5 N/B FROM OCEANSIDE BOULEVARD,OCEANSIDE BOULEVARD,820,N,N,A,-,Y,NA,NA,NA,NA,NA,NA,NA,NA,NA,Y,3,0,1,1,A,-,03,22350,NA,N,E,I,A,A,H,-,A,D,0,NA,NA,NA,NA,Y,NA,D,22,0,1,0,0,0,0,0,0,0,-,-,33.11322,-117.21491,SAN DIEGO,OCEANSIDE,-117.36373058,33.19223169
90262606,2016,2016-09-07,9645,2016-08-24,0655,015270,NA,3,1,7,3711,0,1,1,NA,2,011,I-805 NORTHBOUND,HOME AVE,835,N,N,A,-,Y,NA,NA,805,NA,NA,NA,NA,NA,N,N,2,0,2,2,A,-,06,21755,NA,N,C,C,A,A,H,-,A,D,0,NA,NA,Y,NA,Y,NA,C,02,1,0,1,0,0,0,0,0,2,-,-,32.72814,-117.1048,SAN DIEGO,SAN DIEGO,-117.10488102,32.72805208
90264726,2016,2016-09-09,9645,2016-08-29,1530,018950,NA,1,2,7,3711,0,1,1,NA,2,003,I-5 S/B,WEST LAUREL STREET U/C,20,S,N,A,-,Y,NA,NA,5,NA,NA,NA,NA,NA,S,Y,4,0,1,2,A,-,03,22350,NA,N,C,C,A,A,H,-,A,D,0,NA,NA,Y,NA,Y,NA,C,02,0,0,1,0,0,0,0,0,1,-,-,32.73038,-117.1706,SAN DIEGO,SAN DIEGO,-117.17062461,32.73035828
90265155,2016,2016-09-12,9645,2016-08-23,1600,019729,NA,2,2,7,3711,0,1,1,NA,2,001,I-5 SB,CAMINO DE LA PLAZA,100,N,N,A,-,Y,NA,NA,5,NA,NA,NA,NA,NA,S,N,4,0,1,2,A,-,07,21658,A,N,B,C,A,A,H,-,A,D,0,NA,NA,Y,NA,Y,NA,A,01,0,0,1,0,0,0,0,0,1,-,-,32.54458,-117.0333,SAN DIEGO,SAN DIEGO,-117.03322984,32.54468077
90268269,2016,2016-09-15,9680,2016-09-04,1230,018279,NA,7,1,9,3700,0,2,4,NA,2,072,MONTEZUMA VALLEY RD (S22),PALM CANYON DR,11088,W,N,A,-,N,NA,NA,NA,NA,NA,NA,NA,NA,NA,Y,4,0,1,2,A,-,03,22350,NA,N,B,C,A,A,H,-,A,A,0,NA,NA,Y,NA,Y,NA,C,02,0,0,1,0,0,0,0,0,1,-,-,33.23734,-116.40625,SAN DIEGO,UNINCORPORATED,-116.406198,33.23733
90268470,2016,2016-09-15,9650,2016-08-23,1645,017263,NA,2,2,9,3700,0,2,4,NA,2,063,RECHE RD,TECALOTE DR,0,NA,Y,A,-,N,NA,NA,NA,NA,NA,NA,NA,NA,NA,Y,4,0,1,2,A,-,03,22350,NA,N,C,C,A,A,H,-,A,D,0,NA,NA,NA,NA,Y,NA,A,01,0,0,1,0,0,0,0,0,0,-,-,33.36769,-117.17879,SAN DIEGO,UNINCORPORATED,-117.17887001,33.3679401
90268876,2016,2016-09-16,9650,2016-09-01,0810,015295,NA,4,1,6,3706,0,1,1,NA,2,023,INTERSTATE 15 SOUTHBOUND,9TH AVENUE,1584,N,N,A,-,Y,NA,NA,15,NA,NA,NA,NA,NA,S,N,4,0,1,2,A,-,03,22350,NA,N,C,C,A,A,H,-,A,D,0,NA,NA,NA,NA,Y,NA,D,22,0,0,1,0,0,0,0,0,0,-,-,33.11287,-117.09804,SAN DIEGO,ESCONDIDO,-117.09776069,33.11303156
90269217,2016,2016-09-16,9680,2016-09-06,0650,016181,NA,2,1,5,3781,0,1,3,NA,2,015,SR-52 W/B,MAST BLVD,5280,E,N,A,-,Y,NA,NA,52,NA,NA,NA,NA,NA,W,Y,3,0,1,2,A,-,07,21658,A,N,B,C,A,A,H,-,A,D,0,NA,NA,Y,NA,Y,NA,A,01,0,1,0,0,0,0,0,0,1,-,-,32.8361,-117.01436,SAN DIEGO,SANTEE,-117.01435774,32.83613847
90269281,2016,2016-09-16,9645,2016-09-02,2257,020301,NA,5,3,6,3702,0,1,1,NA,2,009,I-805 N/B,BONITA RD,550,S,N,A,-,Y,NA,NA,805,NA,NA,NA,NA,NA,N,Y,2,0,1,2,A,-,07,21658,A,F,B,C,A,A,H,-,C,D,0,NA,NA,Y,NA,Y,NA,-,99,1,0,0,0,0,0,0,0,1,-,-,32.64314,-117.05736,SAN DIEGO,CHULA VISTA,-117.05712075,32.64327098
90269836,2016,2016-09-19,9650,2016-09-18,0752,014615,NA,7,1,9,3700,0,1,1,NA,2,003,I-5 S/B (SAN DIEGO FREEWAY),LAS PULGAS ROAD,5280,S,N,B,E,Y,NA,NA,NA,NA,NA,NA,NA,NA,NA,Y,4,0,2,2,A,-,03,22350,NA,N,C,C,A,A,H,-,A,D,0,NA,NA,NA,NA,Y,NA,A,01,0,0,2,0,0,0,0,0,0,-,-,NA,NA,SAN DIEGO,UNINCORPORATED,NA,NA
90270872,2016,2016-09-19,9645,2016-09-06,2140,018987,NA,2,2,5,3709,0,1,1,NA,2,009,I-805 SOUTHBOUND TO 43RD ST,43RD ST,102,E,N,A,-,Y,NA,NA,NA,NA,NA,NA,NA,NA,NA,N,4,0,1,2,A,-,03,22350,NA,F,C,C,A,A,H,-,C,D,0,NA,NA,NA,NA,Y,NA,-,99,0,0,1,0,0,0,0,0,0,-,-,32.69172,-117.10214,SAN DIEGO,NATIONAL CITY,NA,NA
90271546,2016,2016-09-20,9680,2016-09-09,0820,018356,NA,5,1,9,3700,0,2,4,NA,1,026,JAMACHA BLVD,SR-94,10,S,N,A,-,Y,NA,NA,NA,NA,NA,NA,NA,NA,NA,N,4,0,1,2,A,-,21,22106,NA,N,C,C,A,A,H,-,A,A,0,NA,NA,NA,NA,Y,NA,A,07,0,0,1,0,0,0,0,0,0,-,-,32.73975,-116.95161,SAN DIEGO,UNINCORPORATED,NA,NA
90272455,2016,2016-09-21,9680,2016-09-12,0845,018356,NA,1,1,5,3781,0,1,3,NA,2,015,SR-52 E/B,CUYAMACA ST,200,W,N,B,-,Y,NA,NA,52,NA,NA,NA,NA,NA,E,Y,3,0,1,1,A,-,08,22107,NA,N,F,A,A,A,H,-,A,D,0,NA,NA,NA,NA,Y,NA,D,22,0,1,0,0,0,0,0,0,0,-,-,32.83309,-116.98576,SAN DIEGO,SANTEE,-116.9856892,32.83329779
90274606,2016,2016-11-21,9645,2016-09-12,1615,018095,NA,1,2,7,3711,0,1,1,NA,2,021,SR-15 S/B,MEADE AVE. O/C,10,N,N,A,-,Y,NA,NA,15,NA,NA,NA,NA,NA,S,Y,4,0,1,2,A,-,07,21658,A,N,B,C,A,A,H,-,A,D,0,NA,NA,NA,NA,Y,NA,A,01,0,0,1,0,0,0,0,0,0,-,-,32.75727,-117.10904,SAN DIEGO,SAN DIEGO,-117.10899331,32.75727319
90274679,2016,2016-09-23,9645,2016-09-16,0940,013383,NA,5,1,7,3711,0,1,1,NA,2,017,I-15 N/B,MIRAMAR ROAD,1387,S,N,A,-,Y,NA,NA,15,NA,NA,NA,NA,NA,N,N,3,0,1,1,A,-,08,22107,NA,N,F,A,A,A,H,-,A,D,0,NA,NA,Y,NA,Y,NA,C,03,0,1,0,0,0,0,0,0,1,-,-,32.88926,-117.11313,SAN DIEGO,SAN DIEGO,-117.11312496,32.88926301
90278074,2016,2016-09-28,9680,2016-09-19,0730,018279,NA,1,1,9,3700,0,3,5,NA,2,007,SAN FELIPE RD (S2),STATE ROUTE 78,2112,N,N,A,-,N,NA,NA,NA,NA,NA,NA,NA,NA,NA,Y,4,0,1,1,A,-,03,22350,NA,N,F,A,A,A,H,-,A,A,0,NA,NA,NA,Y,Y,NA,G,27,0,0,1,0,0,0,0,0,0,-,-,33.10078,-116.47668,SAN DIEGO,UNINCORPORATED,-116.47646268,33.10100239
90281356,2016,2016-10-03,9645,2016-09-20,1530,016864,NA,2,2,7,3711,0,1,1,NA,2,015,I-805 S/B,LA JOLLA VILLAGE DRIVE,10,N,N,C,-,Y,NA,NA,805,NA,NA,NA,NA,NA,S,N,4,0,1,2,A,-,03,22350,NA,N,C,C,A,B,H,-,A,D,0,NA,NA,NA,NA,Y,NA,D,22,0,0,1,0,0,0,0,0,0,-,-,32.8748,-117.19914,SAN DIEGO,SAN DIEGO,-117.19923617,32.87474708
90282236,2016,2016-10-03,9680,2016-09-23,2255,020049,NA,5,3,9,3700,0,1,3,NA,2,028,SR-125 S/B,SR-94 E/B,1584,S,N,A,-,Y,NA,NA,125,NA,NA,NA,NA,NA,S,Y,2,0,1,1,A,-,01,23152,A,N,E,I,A,A,H,-,C,D,0,NA,NA,NA,NA,Y,Y,A,01,1,0,0,0,0,0,0,0,0,-,-,32.73977,-117.016,SAN DIEGO,UNINCORPORATED,-117.01592795,32.73977844
90282532,2016,2016-10-25,9650,2016-09-18,1511,015446,NA,7,2,6,3710,0,1,1,NA,2,005,I-5 FWY NORTHBOUND,OCEANSIDE BLVD U/C,2000,N,N,A,-,Y,NA,NA,5,NA,NA,NA,NA,NA,N,Y,3,0,4,3,A,-,03,22350,NA,N,C,C,A,A,H,-,A,D,0,NA,NA,NA,NA,Y,NA,A,07,0,2,2,0,0,0,0,0,0,-,-,33.19749,-117.36816,SAN DIEGO,OCEANSIDE,-117.36813449,33.19751236
90282983,2016,2016-10-04,9680,2016-09-25,1250,017996,NA,7,1,9,3700,0,2,4,NA,1,026,JAMACHA BOULEVARD,ELKELTON BOULEVARD,310,E,N,A,-,N,NA,NA,NA,NA,NA,NA,NA,NA,NA,Y,4,0,3,2,A,-,09,21801,A,N,D,C,A,A,H,-,A,D,0,NA,NA,NA,NA,Y,NA,A,01,0,0,3,0,0,0,0,0,0,-,-,32.71465,-117.01644,SAN DIEGO,UNINCORPORATED,-117.0166351,32.71475969
90283291,2016,2016-10-04,9680,2016-09-27,1220,015708,NA,2,1,9,3700,0,3,5,NA,2,001,OLD HIGHWAY 80,LABRADOR LN,635,N,N,A,-,N,NA,NA,NA,NA,NA,NA,NA,NA,NA,Y,3,0,1,1,A,-,08,22107,NA,N,F,A,A,A,H,-,A,D,0,NA,NA,NA,NA,Y,NA,A,07,0,1,0,0,0,0,0,0,0,-,-,32.85143,-116.85688,SAN DIEGO,UNINCORPORATED,-116.85688,32.85143
90284129,2016,2016-10-05,9645,2016-09-20,1430,017270,NA,2,2,7,3711,0,1,1,NA,2,017,I-15 S/B,BALBOA AVE.,10,S,N,C,-,Y,NA,NA,15,NA,NA,NA,NA,NA,S,Y,4,0,2,3,A,-,08,22107,NA,N,A,C,A,B,H,-,A,D,0,NA,NA,NA,NA,Y,NA,A,07,0,0,2,0,0,0,0,0,0,-,-,32.8228,-117.1165,SAN DIEGO,SAN DIEGO,-117.11675147,32.82272823
90284950,2016,2016-10-05,9650,2016-09-26,1130,013696,NA,1,1,9,3700,0,2,4,NA,2,061,S. MISSION ROAD,CLEMMENS LN,120,S,N,A,-,N,NA,NA,NA,NA,NA,NA,NA,NA,NA,Y,4,0,1,3,A,-,09,21804,A,N,D,C,A,A,H,-,A,D,0,NA,NA,NA,NA,Y,NA,A,01,0,0,1,0,0,0,0,0,0,-,-,33.36893,-117.25102,SAN DIEGO,UNINCORPORATED,-117.25091704,33.36901786