CASE_ID,ACCIDENT_YEAR,PROC_DATE,JURIS,COLLISION_DATE,COLLISION_TIME,OFFICER_ID,REPORTING_DISTRICT,DAY_OF_WEEK,CHP_SHIFT,POPULATION,CNTY_CITY_LOC,SPECIAL_COND,BEAT_TYPE,CHP_BEAT_TYPE,CITY_DIVISION_LAPD,CHP_BEAT_CLASS,BEAT_NUMBER,PRIMARY_RD,SECONDARY_RD,DISTANCE,DIRECTION,INTERSECTION,WEATHER_1,WEATHER_2,STATE_HWY_IND,CALTRANS_COUNTY,CALTRANS_DISTRICT,STATE_ROUTE,ROUTE_SUFFIX,POSTMILE_PREFIX,POSTMILE,LOCATION_TYPE,RAMP_INTERSECTION,SIDE_OF_HWY,TOW_AWAY,COLLISION_SEVERITY,NUMBER_KILLED,NUMBER_INJURED,PARTY_COUNT,PRIMARY_COLL_FACTOR,PCF_CODE_OF_VIOL,PCF_VIOL_CATEGORY,PCF_VIOLATION,PCF_VIOL_SUBSECTION,HIT_AND_RUN,TYPE_OF_COLLISION,MVIW,PED_ACTION,ROAD_SURFACE,ROAD_COND_1,ROAD_COND_2,LIGHTING,CONTROL_DEVICE,CHP_ROAD_TYPE,PEDESTRIAN_ACCIDENT,BICYCLE_ACCIDENT,MOTORCYCLE_ACCIDENT,TRUCK_ACCIDENT,NOT_PRIVATE_PROPERTY,ALCOHOL_INVOLVED,STWD_VEHTYPE_AT_FAULT,CHP_VEHTYPE_AT_FAULT,COUNT_SEVERE_INJ,COUNT_VISIBLE_INJ,COUNT_COMPLAINT_PAIN,COUNT_PED_KILLED,COUNT_PED_INJURED,COUNT_BICYCLIST_KILLED,COUNT_BICYCLIST_INJURED,COUNT_MC_KILLED,COUNT_MC_INJURED,PRIMARY_RAMP,SECONDARY_RAMP,LATITUDE,LONGITUDE,COUNTY,CITY,POINT_X,POINT_Y
90285695,2016,2016-10-06,9680,2016-09-30,1058,017330,NA,5,1,9,3700,0,2,4,NA,1,014,WINTER GARDENS BLVD.,WOODSIDE AV.,0,NA,Y,A,-,N,NA,NA,NA,NA,NA,NA,NA,NA,NA,Y,4,0,1,4,A,-,09,21453,C,N,D,C,A,A,H,-,A,D,0,NA,NA,NA,NA,Y,NA,D,22,0,0,1,0,0,0,0,0,0,-,-,32.85643,-116.93129,SAN DIEGO,UNINCORPORATED,-116.93114002,32.85606008
90286738,2016,2016-10-07,9680,2016-10-05,0607,015877,NA,3,1,9,3700,0,2,4,NA,1,032,LA CRESTA RD. (300 BLOCK),MOUNTAIN VIEW RD.,1584,W,N,A,-,N,NA,NA,NA,NA,NA,NA,NA,NA,NA,Y,4,0,1,1,A,-,08,22107,NA,N,E,I,A,A,H,-,D,D,0,NA,NA,NA,NA,Y,NA,A,07,0,0,1,0,0,0,0,0,0,-,-,32.81468,-116.86842,SAN DIEGO,UNINCORPORATED,-116.86730321,32.81481
90289574,2016,2016-10-12,9645,2016-08-19,1645,019729,NA,5,2,7,3711,0,1,1,NA,2,019,I-15 NB,VIA RANCHO PKWY,500,S,N,A,-,Y,NA,NA,15,NA,NA,NA,NA,NA,N,Y,4,0,1,2,A,-,03,22350,NA,N,C,C,A,A,H,-,A,D,0,NA,NA,Y,NA,Y,NA,C,02,0,0,1,0,0,0,0,0,1,-,-,33.05894,-117.06979,SAN DIEGO,SAN DIEGO,-117.06978491,33.05893802
9028998,2019,2020-02-05,3711,2019-12-29,1216,SD7605,NA,7,5,7,3711,0,0,0,NA,0,611,ROSECRANS ST,SPORTS ARENA BL,225,S,N,A,-,N,NA,NA,NA,NA,NA,NA,NA,NA,NA,N,3,0,1,2,A,-,09,21804,A,N,D,G,A,A,H,-,A,D,0,NA,Y,NA,NA,Y,NA,A,01,0,1,0,0,0,0,1,0,0,-,-,NA,NA,SAN DIEGO,SAN DIEGO,-117.20516967773438,32.75094985961914
90291513,2016,2016-10-13,9645,2016-09-26,0806,014909,NA,1,1,7,3711,0,1,1,NA,2,015,I-805 N/B,SR-52,2112,S,N,A,-,Y,NA,NA,805,NA,NA,NA,NA,NA,N,N,4,0,1,2,A,-,03,22350,NA,F,C,C,A,A,H,-,A,D,0,NA,NA,NA,NA,Y,NA,A,01,0,0,1,0,0,0,0,0,0,-,-,32.84115,-117.17402,SAN DIEGO,SAN DIEGO,-117.17409292,32.84110726
90291699,2016,2016-10-13,9680,2016-10-05,1915,015766,NA,3,2,9,3700,0,1,1,NA,2,086,"INTERSTATE 8, W/B",KITCHEN CREEK ROAD,7392,W,N,A,-,Y,NA,NA,8,NA,NA,NA,NA,NA,W,Y,4,0,2,3,A,-,03,22350,NA,N,C,C,A,A,H,-,D,A,0,NA,NA,NA,NA,Y,NA,D,22,0,0,2,0,0,0,0,0,0,-,-,32.73709,-116.47976,SAN DIEGO,UNINCORPORATED,-116.47978437,32.73708919
90291868,2016,2016-10-14,9645,2016-10-05,0830,015847,NA,3,1,7,3711,0,1,1,NA,2,009,I-805 N/B TO 43RD ST OFF,43RD ST,1584,E,N,A,-,Y,NA,NA,805,NA,NA,NA,R,NA,N,Y,4,0,1,5,A,-,03,22350,NA,N,C,C,A,A,H,-,A,D,0,NA,NA,NA,NA,Y,NA,A,01,0,0,1,0,0,0,0,0,0,-,-,32.69041,-117.09698,SAN DIEGO,SAN DIEGO,-117.09698,32.69041
90292166,2016,2016-10-14,9645,2016-10-06,2243,013784,NA,4,3,7,3711,0,1,1,NA,2,015,I-805 N/B,CLAIREMONT MESA  BLVD,1022,S,N,A,-,Y,NA,NA,805,NA,NA,NA,NA,NA,N,Y,2,0,1,1,A,-,08,22107,NA,N,E,I,A,A,H,-,C,D,0,NA,NA,NA,NA,Y,NA,A,01,1,0,0,0,0,0,0,0,0,-,-,32.82966,-117.16687,SAN DIEGO,SAN DIEGO,-117.16701169,32.82957157
90293421,2016,2016-10-17,9650,2016-09-29,0110,019549,NA,4,3,5,3712,0,1,3,NA,2,019,SR-78 E/B TO TWIN OAKS VALLEY RD,TWIN OAKS VALLEY RD,250,W,N,A,-,Y,NA,NA,78,NA,NA,NA,R,NA,E,Y,2,0,1,1,A,-,01,23152,A,N,E,I,A,A,H,-,D,D,0,NA,NA,NA,NA,Y,Y,A,01,1,0,0,0,0,0,0,0,0,-,-,33.13673,-117.16476,SAN DIEGO,SAN MARCOS,-117.16476,33.13673
90294240,2016,2016-10-18,9650,2016-10-15,1022,015758,NA,6,1,5,3701,0,1,1,NA,2,005,I-5 S/B,CANNON RD,1234,S,N,A,-,Y,NA,NA,5,NA,NA,NA,NA,NA,S,Y,4,0,1,3,A,-,03,22350,NA,N,C,C,A,A,H,-,A,D,0,NA,NA,NA,NA,Y,NA,A,01,0,0,1,0,0,0,0,0,0,-,-,33.1378,-117.3311,SAN DIEGO,CARLSBAD,-117.33117472,33.13776185
90295034,2016,2016-10-18,9645,2016-09-21,0540,016156,NA,3,3,7,3711,0,1,1,NA,2,027,I-15 S/B,FRIARS ROAD,200,S,N,B,C,Y,NA,NA,15,NA,NA,NA,NA,NA,S,Y,3,0,1,1,A,-,03,22350,NA,N,E,I,A,B,H,-,C,D,0,NA,NA,NA,NA,Y,NA,D,22,0,1,0,0,0,0,0,0,0,-,-,32.78656,-117.11462,SAN DIEGO,SAN DIEGO,-117.1146418,32.7865639
90296178,2016,2016-10-19,9645,2016-10-13,1845,017524,NA,4,2,7,3711,0,1,3,NA,2,023,SR-163 S/B,I-8,528,S,N,A,-,Y,NA,NA,163,NA,NA,NA,NA,NA,S,Y,4,0,1,3,A,-,03,22350,NA,N,C,C,A,A,H,-,D,D,0,NA,NA,NA,NA,Y,NA,A,07,0,0,1,0,0,0,0,0,0,-,-,32.75821,-117.16097,SAN DIEGO,SAN DIEGO,-117.16096502,32.75821562
9030077,2019,2020-01-21,3705,2019-11-08,2021,EC0404,NA,5,5,5,3705,0,0,0,NA,0,003,E CHASE AV,PRESCOTT,20,E,N,A,-,N,NA,NA,NA,NA,NA,NA,NA,NA,NA,N,2,0,1,2,A,-,11,21950,B,F,G,B,C,A,H,-,B,A,0,Y,NA,NA,NA,Y,Y,N,60,1,0,0,0,1,0,0,0,0,-,-,NA,NA,SAN DIEGO,EL CAJON,-116.95987701416016,32.780399322509766
90303187,2016,2016-10-27,9680,2016-10-26,0830,016822,NA,3,1,9,3700,0,1,3,NA,1,090,SR-67,HIGHLAND VALLEY ROAD,1056,S,N,A,-,Y,NA,NA,67,NA,NA,NA,NA,NA,NA,Y,3,0,2,3,A,-,03,22350,NA,N,C,C,A,A,D,-,A,D,0,NA,NA,NA,NA,Y,NA,A,01,0,2,0,0,0,0,0,0,0,-,-,33.01232,-116.90935,SAN DIEGO,UNINCORPORATED,-116.90946215,33.01246266
90306321,2016,2016-10-31,9650,2016-10-21,1540,018321,NA,5,2,9,3700,0,3,5,NA,2,070,RANCHO DIEGUENO RD,RANCHO SANTA FE FARMS RD,0,NA,Y,A,-,N,NA,NA,NA,NA,NA,NA,NA,NA,NA,Y,4,0,1,2,A,-,09,21802,A,N,D,C,A,A,H,-,A,D,0,NA,NA,NA,NA,Y,NA,A,01,0,0,1,0,0,0,0,0,0,-,-,33.98237,-117.18164,SAN DIEGO,UNINCORPORATED,-117.18162009,32.9823401
90307536,2016,2017-01-31,9650,2016-10-16,1725,015531,NA,7,2,5,3701,0,1,1,NA,2,005,I-5 N/B,CANNON RD,425,S,N,B,-,Y,NA,NA,5,NA,NA,NA,NA,NA,N,Y,4,0,1,2,A,-,03,22350,NA,N,F,A,A,A,H,-,A,D,0,NA,NA,Y,NA,Y,NA,C,02,0,0,1,0,0,0,0,0,1,-,-,33.13331,-117.32857,SAN DIEGO,CARLSBAD,-117.32857418,33.13330779
90311454,2016,2016-11-04,9645,2016-10-24,1610,020480,NA,1,2,7,3711,0,1,1,NA,2,003,I-5 S/B,CESAR E. CHAVEZ PARKWAY,300,S,N,C,-,Y,NA,NA,5,NA,NA,NA,NA,NA,S,Y,4,0,1,3,A,-,03,22350,NA,N,C,C,A,B,H,-,A,D,0,NA,NA,NA,NA,Y,NA,A,01,0,0,1,0,0,0,0,0,0,-,-,32.70112,-117.14311,SAN DIEGO,SAN DIEGO,-117.14297839,32.70131016
9031518,2020,2020-03-17,3709,2020-01-13,1732,NC0498,NA,1,5,5,3709,0,0,0,NA,0,021,EAST PLAZA BL,HIGHLAND AV,43,W,N,A,-,N,NA,NA,NA,NA,NA,NA,NA,NA,NA,Y,4,0,1,2,A,-,08,22107,NA,N,B,C,A,A,H,-,C,D,0,NA,NA,NA,NA,Y,NA,D,22,0,0,1,0,0,0,0,0,0,-,-,NA,NA,SAN DIEGO,NATIONAL CITY,-117.09824371337892,32.67634963989258
90315607,2016,2016-11-09,9680,2016-11-01,0900,015766,NA,2,1,9,3700,0,1,3,NA,1,040,STATE ROUTE 94,STATE ROUTE 188,8448,W,N,A,-,Y,NA,NA,94,NA,NA,NA,NA,NA,NA,Y,3,0,3,1,A,-,08,22107,NA,N,E,I,A,A,H,-,A,D,0,NA,NA,NA,NA,Y,NA,A,01,0,2,1,0,0,0,0,0,0,-,-,32.59451,-116.66782,SAN DIEGO,UNINCORPORATED,-116.66781623,32.59452396
90317540,2016,2016-11-14,9645,2016-11-03,1255,013393,NA,4,1,7,3711,0,1,1,NA,2,015,I-805 S/B,BALBOA AVE O/C,400,S,N,A,-,Y,NA,NA,NA,NA,NA,NA,NA,NA,NA,Y,4,0,1,2,A,-,03,22350,NA,N,C,C,A,A,H,-,A,D,0,NA,NA,NA,NA,Y,NA,A,01,0,0,1,0,0,0,0,0,0,-,-,NA,NA,SAN DIEGO,SAN DIEGO,-117.16204718,32.82080268
90317613,2016,2016-11-14,9650,2016-11-11,1000,013636,NA,5,1,3,3783,0,1,1,NA,2,007,I-5 N/B,VIA DE LA VALLE,300,N,N,A,-,Y,NA,NA,NA,NA,NA,NA,NA,NA,NA,Y,4,0,1,3,A,-,03,22350,NA,N,C,C,A,A,H,-,A,D,0,NA,NA,NA,NA,Y,NA,A,01,0,0,1,0,0,0,0,0,0,-,-,NA,NA,SAN DIEGO,SOLANA BEACH,-117.25329419,32.98079358
90317643,2016,2016-11-14,9645,2016-11-01,0647,013383,NA,2,1,7,3711,0,1,1,NA,2,027,I-15 N/B,AERO DRIVE,950,N,N,A,-,Y,NA,NA,15,NA,NA,NA,NA,NA,N,N,4,0,1,2,A,-,03,22350,NA,N,C,C,A,A,H,-,A,D,0,NA,NA,NA,NA,Y,NA,A,01,0,0,1,0,0,0,0,0,0,-,-,32.81355,-117.11446,SAN DIEGO,SAN DIEGO,-117.11443582,32.81355412
90319453,2016,2016-11-15,9645,2016-11-06,1745,020180,NA,7,2,7,3711,0,1,1,NA,2,010,I-8 E/B TO FAIRMOUNT AVE,FAIRMOUNT AVE,175,W,N,A,-,Y,NA,NA,8,NA,NA,NA,R,NA,E,Y,4,0,1,2,D,-,00,NA,NA,N,B,C,A,A,H,-,C,D,0,NA,NA,NA,NA,Y,NA,-,-,0,0,1,0,0,0,0,0,0,-,-,32.77795,-117.10154,SAN DIEGO,SAN DIEGO,-117.10154,32.77795
90321391,2016,2016-11-17,9645,2016-08-17,2040,017678,NA,3,2,7,3711,0,1,3,NA,2,006,STATE ROUTE 94 WESTBOUND,FEDERAL BOULEVARD U/C,1000,E,N,A,-,Y,NA,NA,94,NA,NA,NA,NA,NA,W,Y,1,1,0,2,A,-,01,23152,F,N,C,E,A,A,H,-,C,D,0,NA,NA,NA,NA,Y,Y,A,01,0,0,0,0,0,0,0,0,0,-,-,32.72841,-117.06869,SAN DIEGO,SAN DIEGO,-117.06866152,32.72833033
90325581,2016,2016-11-21,9650,2016-11-19,1355,015531,NA,6,1,5,3782,0,1,1,NA,2,007,I-5 S/B,MANCHESTER AVE,1584,S,N,B,-,Y,NA,NA,5,NA,NA,NA,NA,NA,S,Y,4,0,2,4,A,-,03,22350,NA,N,C,C,A,A,H,-,A,D,0,NA,NA,NA,NA,Y,NA,A,01,0,0,2,0,0,0,0,0,0,-,-,33.00868,-117.26287,SAN DIEGO,ENCINITAS,-117.2628635,33.00868752
90327201,2016,2016-11-22,9680,2016-11-14,1435,017928,NA,1,2,9,3700,0,1,3,NA,1,090,SR-67 (MAIN ST),10TH ST,290,S,N,A,-,Y,NA,NA,67,NA,NA,NA,NA,NA,NA,Y,4,0,1,3,A,-,03,22350,NA,N,C,C,A,A,H,-,A,D,0,NA,NA,Y,NA,Y,NA,C,02,0,0,1,0,0,0,0,0,1,-,-,33.04154,-116.86945,SAN DIEGO,UNINCORPORATED,-116.86946035,33.0415581
90327857,2016,2016-11-22,9680,2016-11-17,1820,016694,NA,4,2,5,3708,0,1,1,NA,2,081,I-8 E/B FROM EL CAJON BOULEVARD,EL CAJON BOULEVARD,90,E,N,A,-,Y,NA,NA,8,NA,NA,NA,R,NA,E,Y,3,0,2,4,A,-,03,22350,NA,N,C,C,A,A,H,-,D,A,0,NA,NA,NA,NA,Y,NA,A,08,0,1,1,0,0,0,0,0,0,-,-,32.77071,-117.02111,SAN DIEGO,LA MESA,-117.02111,32.77071
90329755,2016,2016-11-28,9650,2016-11-22,1725,014772,NA,2,2,6,3710,0,1,1,NA,2,005,I-5 S/B,OCEANSIDE BLVD,1700,S,N,A,-,Y,NA,NA,5,NA,NA,NA,NA,NA,S,Y,4,0,1,2,A,-,03,22350,NA,N,C,C,A,A,H,-,D,D,0,NA,NA,NA,NA,Y,NA,A,01,0,0,1,0,0,0,0,0,0,-,-,33.18614,-117.3591,SAN DIEGO,OCEANSIDE,-117.35906226,33.18617165
90330871,2016,2016-11-28,9680,2016-11-15,1805,019270,NA,2,2,5,3708,0,1,3,NA,2,028,SR-125 S/B,I-8,500,N,N,A,-,Y,NA,NA,125,NA,NA,NA,NA,NA,S,N,4,0,1,2,A,-,03,22350,NA,N,C,C,A,A,H,-,C,D,0,NA,NA,NA,NA,Y,NA,A,01,0,0,1,0,0,0,0,0,0,-,-,32.77911,-117.00419,SAN DIEGO,LA MESA,-117.00432566,32.77906804
90331757,2016,2016-11-29,9680,2016-11-16,2145,018907,NA,3,2,9,3700,0,1,1,NA,2,082,I-8 W/B,LOS COCHES RD,600,W,N,A,-,Y,NA,NA,8,NA,NA,NA,NA,NA,W,Y,4,0,1,1,A,-,03,22350,NA,N,E,I,A,A,D,-,C,A,0,NA,NA,Y,NA,Y,NA,C,02,0,0,1,0,0,0,0,0,1,-,-,32.8251,-116.9054,SAN DIEGO,UNINCORPORATED,-116.9054526,32.82516834
90336076,2016,2016-12-05,9645,2016-11-21,1145,014922,NA,1,1,7,3711,0,1,3,NA,2,006,SR-94 E/B TO SR-15 S/B,SR-94 EASTBOUND,550,S,N,B,-,Y,NA,NA,94,NA,NA,NA,R,NA,E,Y,4,0,1,1,A,-,03,22350,NA,N,E,I,A,B,H,-,A,D,0,NA,NA,NA,NA,Y,NA,A,07,0,0,1,0,0,0,0,0,0,-,-,32.71481,-117.11802,SAN DIEGO,SAN DIEGO,-117.11802,32.71481
90336078,2016,2016-12-05,9645,2016-11-26,1545,020180,NA,6,2,7,3711,0,1,1,NA,2,010,I-8 E/B,MISSION CITY PKWY,330,E,N,B,C,Y,NA,NA,8,NA,NA,NA,NA,NA,E,N,4,0,1,2,A,-,03,22350,NA,N,D,C,A,B,H,-,A,D,0,NA,NA,NA,NA,Y,NA,A,01,0,0,1,0,0,0,0,0,0,-,-,32.77533,-117.12345,SAN DIEGO,SAN DIEGO,-117.12350684,32.77543493
90336091,2016,2016-12-05,9645,2016-10-26,1819,017401,NA,3,2,7,3711,0,1,3,NA,2,023,SR-163 SOUTHBOUND,BALBOA AVE.,528,S,N,A,-,Y,NA,NA,163,NA,NA,NA,NA,NA,S,Y,4,0,1,2,A,-,03,22350,NA,N,C,C,A,A,H,-,A,A,0,NA,NA,NA,NA,Y,NA,A,01,0,0,1,0,0,0,0,0,0,-,-,32.8149,-117.15,SAN DIEGO,SAN DIEGO,-117.15046921,32.81515152
90336386,2016,2016-12-05,9645,2016-11-16,0648,016766,NA,3,1,7,3711,0,1,1,NA,2,010,I-8 E/B,MISSION CITY PARKWAY,382,W,N,A,-,Y,NA,NA,8,NA,NA,NA,NA,NA,E,Y,2,0,1,1,A,-,01,23152,A,N,E,I,A,A,H,-,A,D,0,NA,NA,NA,NA,Y,Y,A,01,1,0,0,0,0,0,0,0,0,-,-,32.7745,-117.125,SAN DIEGO,SAN DIEGO,-117.12505353,32.77459861
90337225,2016,2016-12-05,9680,2016-11-26,2300,016435,NA,6,3,9,3700,0,1,3,NA,1,090,SR-67 S/B,MOUNT WOODSON RD,2112,S,N,B,C,Y,NA,NA,67,NA,NA,NA,NA,NA,S,Y,4,0,1,1,A,-,03,22350,NA,N,F,A,A,B,H,-,D,D,0,NA,NA,NA,NA,Y,Y,D,22,0,0,1,0,0,0,0,0,0,-,-,32.99875,-116.96012,SAN DIEGO,UNINCORPORATED,-116.96008752,32.99868438
90337262,2016,2016-12-05,9680,2016-11-25,0930,017011,NA,5,1,9,3700,0,2,4,NA,1,029,CAMPO ROAD,KENWOOD DRIVE,0,NA,Y,A,-,N,NA,NA,NA,NA,NA,NA,NA,NA,NA,Y,4,0,1,2,A,-,09,21802,B,N,D,C,A,A,H,-,A,A,0,NA,NA,NA,NA,Y,NA,A,01,0,0,1,0,0,0,0,0,0,-,-,32.75271,-117.00779,SAN DIEGO,UNINCORPORATED,-117.00795012,32.75272006
90338153,2016,2016-12-06,9680,2016-11-27,1135,017996,NA,7,1,9,3700,0,2,4,NA,1,021,WILLOW GLEN DRIVE,CAMPBELL LANE,1584,N,N,B,C,N,NA,NA,NA,NA,NA,NA,NA,NA,NA,Y,4,0,1,1,A,-,03,22350,NA,N,E,I,A,B,H,-,A,D,0,NA,NA,NA,NA,Y,NA,A,01,0,0,1,0,0,0,0,0,0,-,-,32.768299999999996,-116.8825,SAN DIEGO,UNINCORPORATED,-116.88247674,32.76935579
90341545,2016,2016-12-09,9645,2016-12-07,1915,020066,NA,3,2,7,3711,0,1,3,NA,2,023,SR-163 S/B,I-5,1000,N,N,B,-,Y,NA,NA,NA,NA,NA,NA,NA,NA,NA,N,4,0,1,2,A,-,03,22350,NA,N,C,C,A,A,H,-,D,D,0,NA,NA,NA,NA,Y,NA,A,01,0,0,1,0,0,0,0,0,0,-,-,32.73267,-117.11252,SAN DIEGO,SAN DIEGO,-117.15644097,32.72670472
90343083,2016,2016-12-13,9680,2016-12-04,1740,016822,NA,7,2,9,3700,0,3,5,NA,2,009,DAVIS ST,MONTECITO RD,0,NA,Y,A,-,N,NA,NA,NA,NA,NA,NA,NA,NA,NA,Y,4,0,1,2,A,-,09,21802,A,N,D,C,A,A,H,-,D,A,0,NA,NA,NA,NA,Y,NA,A,01,0,0,1,0,0,0,0,0,0,-,-,33.0402,-116.88597,SAN DIEGO,UNINCORPORATED,-116.88619003,33.04032008
90343834,2016,2016-12-13,9680,2016-12-05,2005,019946,NA,1,2,9,3700,0,2,4,NA,1,025,HARNESS ST,SWEETWATER RD,6,E,N,A,-,N,NA,NA,NA,NA,NA,NA,NA,NA,NA,N,4,0,1,2,A,-,10,21950,A,N,G,B,B,A,H,-,C,A,0,Y,NA,NA,NA,Y,NA,A,07,0,0,1,0,1,0,0,0,0,-,-,32.72102,-117.01387,SAN DIEGO,UNINCORPORATED,-117.01407058,32.721039329999996
90345669,2016,2016-12-15,9680,2016-12-08,1514,018583,NA,4,2,9,3700,0,1,3,NA,1,024,SR-94 (CAMPO ROAD),VISTA DIEGO RD,1056,W,N,A,-,Y,NA,NA,94,NA,NA,NA,NA,NA,NA,Y,4,0,3,3,A,-,03,22350,NA,N,C,C,A,A,H,-,A,D,0,NA,NA,NA,NA,Y,NA,A,01,0,0,3,0,0,0,0,0,0,-,-,32.72143,-116.88389,SAN DIEGO,UNINCORPORATED,-116.88374547,32.72172145
90345700,2016,2016-12-15,9680,2016-12-07,0730,015972,NA,3,1,9,3700,0,1,3,NA,2,015,SR-52 W/B,MISSION GORGE ROAD,1320,W,N,B,-,Y,NA,NA,NA,NA,NA,NA,NA,NA,NA,Y,4,0,1,2,A,-,07,21658,A,N,B,C,A,A,H,-,A,A,0,NA,NA,Y,NA,Y,NA,A,07,0,0,1,0,0,0,0,0,1,-,-,32.83622,-117.01053,SAN DIEGO,UNINCORPORATED,-117.00990771,32.83641849
90345802,2016,2016-12-15,9645,2016-12-03,1720,018393,NA,6,2,7,3711,0,1,1,NA,2,021,SR-15 S/B,I-805 N/B U/C,2112,N,N,A,-,Y,NA,NA,15,NA,NA,NA,NA,NA,S,Y,4,0,3,2,A,-,03,22350,NA,N,C,C,A,A,D,-,C,D,0,NA,NA,NA,NA,Y,NA,A,01,0,0,3,0,0,0,0,0,0,-,-,32.74326,-117.11127,SAN DIEGO,SAN DIEGO,-117.11125399,32.74324522
90347131,2016,2016-12-19,9645,2016-12-07,1550,017524,NA,3,2,7,3711,0,1,1,NA,2,015,I-805 S/B,GOVERNOR DR. U/C,528,N,N,A,-,Y,NA,NA,805,NA,NA,NA,NA,NA,S,Y,4,0,1,2,A,-,03,22350,NA,N,C,C,A,A,H,-,A,D,0,NA,NA,NA,NA,Y,NA,A,01,0,0,1,0,0,0,0,0,0,-,-,32.86182,-117.18772,SAN DIEGO,SAN DIEGO,-117.18763015,32.86190183
90350597,2016,2016-12-21,9645,2016-11-14,1740,020867,NA,1,2,7,3711,0,1,1,NA,2,005,I-5 S/B,MISSION BAY DR.,2000,N,N,A,-,Y,NA,NA,5,NA,NA,NA,NA,NA,S,N,4,0,3,3,A,-,03,22350,NA,N,C,C,A,A,H,-,C,A,0,NA,NA,NA,NA,Y,NA,A,01,0,0,3,0,0,0,0,0,0,-,-,32.81437,-117.22204,SAN DIEGO,SAN DIEGO,-117.22202201,32.81438379
90356491,2016,2016-12-28,9645,2016-12-27,1800,018428,NA,2,2,7,3711,0,1,3,NA,2,023,SR-163 S/B,WASHINGTON ST. O/C,70,N,N,B,-,Y,NA,NA,NA,NA,NA,NA,NA,NA,NA,Y,4,0,1,2,A,-,03,22350,NA,F,C,C,A,A,H,-,C,D,0,NA,NA,NA,NA,Y,NA,A,07,0,0,1,0,0,0,0,0,0,-,-,32.75694,-117.98041,SAN DIEGO,SAN DIEGO,-117.15538721,32.75052086
90357480,2016,2016-12-29,9645,2016-12-15,0800,016047,NA,4,1,7,3711,0,1,1,NA,2,003,I-5 NORTHBOUND,SEA WORLD DRIVE,60,N,N,A,-,Y,NA,NA,5,NA,NA,NA,NA,NA,N,Y,4,0,1,3,A,-,07,21658,A,F,B,C,A,A,H,-,A,D,0,NA,NA,Y,NA,Y,NA,-,99,0,0,1,0,0,0,0,0,1,-,-,32.77112,-117.20671,SAN DIEGO,SAN DIEGO,-117.20678403,32.7711014
90357655,2016,2016-12-29,9645,2016-12-15,1320,016047,NA,4,1,5,3709,0,1,1,NA,2,009,I-805 NORTHBOUND,SWEETWATER ROAD,528,N,N,A,-,Y,NA,NA,805,NA,NA,NA,NA,NA,N,Y,4,0,1,2,A,-,03,22350,NA,N,C,C,A,A,H,-,A,D,0,NA,NA,NA,Y,Y,NA,A,01,0,0,1,0,0,0,0,0,0,-,-,32.65905,-117.0748,SAN DIEGO,NATIONAL CITY,-117.07490105,32.65895476
90358554,2016,2017-08-14,9650,2016-12-22,1610,017328,NA,4,2,9,3700,0,3,5,NA,2,006,GIRD RD.,RECHE RD.,2640,S,N,B,C,N,NA,NA,NA,NA,NA,NA,NA,NA,NA,Y,4,0,3,1,A,-,03,22350,NA,N,F,A,A,B,H,-,A,D,0,NA,NA,NA,NA,Y,NA,A,01,0,0,3,0,0,0,0,0,0,-,-,33.35582,-117.20052,SAN DIEGO,UNINCORPORATED,-117.20033994,33.35583275
90359483,2016,2018-06-14,9645,2016-10-01,0111,020265,NA,6,3,7,3711,0,1,3,NA,2,006,STATE ROUTE 94 EASTBOUND (E/B),25TH STREET OVERCROSSING (O/C),1027,E,N,A,-,Y,NA,NA,94,NA,NA,NA,NA,NA,E,Y,1,1,5,3,A,-,01,23152,A,F,C,E,E,A,H,-,C,D,0,Y,NA,NA,NA,Y,Y,A,01,4,1,0,1,0,0,0,0,0,-,-,32.7133,-117.13579,SAN DIEGO,SAN DIEGO,-117.13578687,32.71307268
90359775,2016,2017-01-03,9680,2016-12-20,1200,015962,NA,2,1,9,3700,0,1,3,NA,2,028,SR-125 S/B,TROY ST,867,N,N,A,-,Y,NA,NA,125,NA,NA,NA,NA,NA,S,Y,4,0,1,1,A,-,08,22107,NA,N,E,I,A,A,H,-,A,D,0,NA,NA,NA,NA,Y,NA,E,22,0,0,1,0,0,0,0,0,0,-,-,32.73899,-117.01577,SAN DIEGO,UNINCORPORATED,-117.01588773,32.73899526
90359817,2016,2017-01-03,9645,2016-12-30,1050,016864,NA,5,1,7,3711,0,1,1,NA,2,010,I-8 E/B TO SR-163 N/B,SR-163,200,W,N,B,-,Y,NA,NA,8,NA,NA,NA,R,NA,E,Y,4,0,1,2,A,-,03,22350,NA,N,C,C,A,B,H,-,A,D,0,NA,NA,NA,NA,Y,NA,A,01,0,0,1,0,0,0,0,0,0,-,-,32.76185,-117.16456,SAN DIEGO,SAN DIEGO,-117.16456,32.76185
90362294,2016,2017-01-05,9650,2016-12-25,2140,018406,NA,7,2,9,3700,0,2,4,NA,1,027,VALLEY CENTER RD,LILAC RD,0,NA,Y,A,-,N,NA,NA,NA,NA,NA,NA,NA,NA,NA,Y,4,0,2,2,D,-,00,NA,NA,N,A,C,A,A,H,-,C,A,0,NA,NA,NA,NA,Y,NA,-,-,0,0,2,0,0,0,0,0,0,-,-,33.22242,-117.03684,SAN DIEGO,UNINCORPORATED,-117.03671014,33.22234004
9036243,2019,2020-01-28,3711,2019-11-28,1845,SD7969,NA,4,5,7,3711,0,0,0,NA,0,834,43RD ST,UNIVERSITY AV,0,NA,Y,C,-,N,NA,NA,NA,NA,NA,NA,NA,NA,NA,N,4,0,1,2,A,-,12,21453,A,M,D,C,A,B,H,-,C,A,0,NA,NA,NA,NA,Y,Y,-,NA,0,0,1,0,0,0,0,0,0,-,-,NA,NA,SAN DIEGO,SAN DIEGO,-117.10202026367188,32.74961853027344