CASE_ID,ACCIDENT_YEAR,PROC_DATE,JURIS,COLLISION_DATE,COLLISION_TIME,OFFICER_ID,REPORTING_DISTRICT,DAY_OF_WEEK,CHP_SHIFT,POPULATION,CNTY_CITY_LOC,SPECIAL_COND,BEAT_TYPE,CHP_BEAT_TYPE,CITY_DIVISION_LAPD,CHP_BEAT_CLASS,BEAT_NUMBER,PRIMARY_RD,SECONDARY_RD,DISTANCE,DIRECTION,INTERSECTION,WEATHER_1,WEATHER_2,STATE_HWY_IND,CALTRANS_COUNTY,CALTRANS_DISTRICT,STATE_ROUTE,ROUTE_SUFFIX,POSTMILE_PREFIX,POSTMILE,LOCATION_TYPE,RAMP_INTERSECTION,SIDE_OF_HWY,TOW_AWAY,COLLISION_SEVERITY,NUMBER_KILLED,NUMBER_INJURED,PARTY_COUNT,PRIMARY_COLL_FACTOR,PCF_CODE_OF_VIOL,PCF_VIOL_CATEGORY,PCF_VIOLATION,PCF_VIOL_SUBSECTION,HIT_AND_RUN,TYPE_OF_COLLISION,MVIW,PED_ACTION,ROAD_SURFACE,ROAD_COND_1,ROAD_COND_2,LIGHTING,CONTROL_DEVICE,CHP_ROAD_TYPE,PEDESTRIAN_ACCIDENT,BICYCLE_ACCIDENT,MOTORCYCLE_ACCIDENT,TRUCK_ACCIDENT,NOT_PRIVATE_PROPERTY,ALCOHOL_INVOLVED,STWD_VEHTYPE_AT_FAULT,CHP_VEHTYPE_AT_FAULT,COUNT_SEVERE_INJ,COUNT_VISIBLE_INJ,COUNT_COMPLAINT_PAIN,COUNT_PED_KILLED,COUNT_PED_INJURED,COUNT_BICYCLIST_KILLED,COUNT_BICYCLIST_INJURED,COUNT_MC_KILLED,COUNT_MC_INJURED,PRIMARY_RAMP,SECONDARY_RAMP,LATITUDE,LONGITUDE,COUNTY,CITY,POINT_X,POINT_Y
90728459,2018,2018-05-17,9680,2018-05-11,1025,013686,NA,5,1,5,3705,0,1,1,NA,2,082,I-8 E/B,MAGNOLIA AVE.,1584,E,N,B,-,Y,NA,NA,8,NA,NA,NA,NA,NA,E,Y,4,0,1,3,A,-,07,21658,A,F,B,C,A,A,H,-,A,D,0,NA,NA,NA,Y,Y,NA,A,01,0,0,1,0,0,0,0,0,0,-,-,32.80290985107422,-116.95736694335938,SAN DIEGO,EL CAJON,-116.95736694335938,32.80289840698242
90728664,2018,2018-05-17,9645,2018-05-08,1715,019496,NA,2,2,7,3711,0,1,1,NA,2,027,I-15 S/B,I-8,500,N,N,A,-,Y,NA,NA,15,NA,NA,NA,NA,NA,S,Y,3,0,1,2,A,-,03,22350,NA,N,C,C,A,A,H,-,A,D,0,NA,NA,NA,NA,Y,NA,A,01,0,1,0,0,0,0,0,0,0,-,-,32.78144836425781,-117.11338043212892,SAN DIEGO,SAN DIEGO,-117.1134033203125,32.78144073486328
90728713,2018,2018-05-17,9645,2018-05-08,0854,016766,NA,2,1,7,3711,0,1,3,NA,2,006,SR-94 W/B TO I-5 N/B,I-5,1320,E,N,A,-,Y,NA,NA,94,NA,NA,NA,R,NA,W,Y,3,0,1,2,A,-,07,21658,A,N,B,C,A,A,H,-,A,D,0,NA,NA,Y,NA,Y,NA,A,01,0,1,0,0,0,0,0,0,1,-,-,32.71443176269531,-117.14627075195313,SAN DIEGO,SAN DIEGO,-117.14627075195313,32.71443176269531
90729601,2018,2018-05-18,9680,2018-04-05,0855,014420,NA,4,1,9,3700,0,1,1,NA,2,083,INTERSTATE 8 WESTBOUND,OLDE HIGHWAY 80,2640,W,N,A,-,Y,NA,NA,8,NA,NA,NA,NA,NA,W,Y,1,1,0,1,A,-,08,22107,NA,N,E,I,A,A,H,-,A,D,0,NA,NA,NA,NA,Y,NA,D,22,0,0,0,0,0,0,0,0,0,-,-,32.85424041748047,-116.86109924316406,SAN DIEGO,UNINCORPORATED,-116.8611068725586,32.85433578491211
90729612,2018,2018-05-18,9680,2018-03-11,0849,018356,NA,7,1,9,3700,0,2,4,NA,1,012,LAKE JENNINGS PARK ROAD,JACK OAK ROAD,1056,N,N,B,C,N,NA,NA,NA,NA,NA,NA,NA,NA,NA,Y,1,1,1,2,A,-,08,22107,NA,N,D,E,A,B,H,-,A,D,0,NA,NA,NA,NA,Y,NA,A,01,0,1,0,0,0,0,0,0,0,-,-,32.85105895996094,-116.8931884765625,SAN DIEGO,UNINCORPORATED,-116.89302825927734,32.85104751586914
9073142,2020,2020-05-19,3711,2020-02-27,1036,SD7247,NA,4,5,7,3711,0,0,0,NA,0,931,SORRENTO VALLEY BL,JUNIPER PARK LN,0,NA,Y,A,-,N,NA,NA,NA,NA,NA,NA,NA,NA,NA,N,3,0,2,2,A,-,12,21453,A,N,A,C,A,A,H,-,A,A,0,NA,NA,NA,NA,Y,NA,A,07,0,2,0,0,0,0,0,0,0,-,-,NA,NA,SAN DIEGO,SAN DIEGO,-117.19799041748048,32.91318893432617
90731613,2018,2018-05-22,9645,2018-03-27,1915,018095,NA,2,2,7,3711,0,1,1,NA,2,007,I-5 N/B,LA JOLLA VILLAGE DR. O/C,2112,N,N,A,-,Y,NA,NA,5,NA,NA,NA,NA,NA,N,Y,3,0,6,2,A,-,01,23152,F,N,C,C,A,A,H,-,C,D,0,NA,NA,NA,NA,Y,NA,A,01,0,1,5,0,0,0,0,0,0,-,-,32.87833023071289,-117.22843170166016,SAN DIEGO,SAN DIEGO,-117.22847747802734,32.878334045410156
90731680,2018,2018-05-22,9680,2018-05-15,1445,015733,NA,2,2,9,3700,0,3,5,NA,2,009,THIRD ST.,SR-78 (MAIN ST.),1,S,N,A,-,N,NA,NA,NA,NA,NA,NA,NA,NA,NA,Y,3,0,1,2,A,-,09,21802,A,N,D,C,A,A,H,-,A,A,0,NA,NA,NA,NA,Y,NA,D,22,0,1,0,0,0,0,0,0,0,-,-,33.048221588134766,-116.85781860351563,SAN DIEGO,UNINCORPORATED,-117.30033111572266,33.18238067626953
90731785,2018,2018-05-22,9650,2018-05-19,0001,019822,NA,6,3,9,3700,0,3,5,NA,2,170,S SANTA FE AVENUE,POINSETTIA AVE,60,N,N,A,-,N,NA,NA,NA,NA,NA,NA,NA,NA,NA,Y,3,0,1,1,A,-,01,23152,A,N,E,I,A,A,H,-,C,D,0,NA,NA,NA,NA,Y,Y,A,01,0,1,0,0,0,0,0,0,0,-,-,33.167110443115234,-117.20594787597656,SAN DIEGO,UNINCORPORATED,-117.20555877685548,33.16615676879883
90731791,2018,2018-05-22,9650,2018-05-19,1605,016516,NA,6,2,9,3700,0,3,5,NA,2,211,"LAKE WOHLFORD RD., 25400 BLOCK",OAKVALE RD,2640,S,N,B,-,N,NA,NA,NA,NA,NA,NA,NA,NA,NA,Y,4,0,1,1,A,-,08,22107,NA,N,E,I,A,A,H,-,A,D,0,NA,NA,NA,NA,Y,NA,A,07,0,0,1,0,0,0,0,0,0,-,-,33.17567825317383,-116.99897003173828,SAN DIEGO,UNINCORPORATED,-117.01559448242188,33.164031982421875
9073203,2020,2020-06-23,3711,2020-03-01,2219,SD7959,NA,7,5,7,3711,0,0,0,NA,0,528,CEDAR ST,STATE ST,0,NA,Y,A,-,N,NA,NA,NA,NA,NA,NA,NA,NA,NA,N,3,0,1,2,A,-,-,NA,NA,N,G,B,D,B,H,-,C,A,0,Y,NA,NA,NA,Y,Y,N,60,0,1,0,0,1,0,0,0,0,-,-,NA,NA,SAN DIEGO,SAN DIEGO,-117.16650390625,32.72193145751953
90732570,2018,2018-05-23,9680,2018-05-16,2110,018427,NA,3,2,9,3700,0,2,4,NA,1,018,LOS COCHES RD,LEYENDEKKER RD,30,S,N,A,-,N,NA,NA,NA,NA,NA,NA,NA,NA,NA,Y,3,0,3,2,A,-,01,23152,A,N,C,C,A,A,H,-,C,D,0,NA,NA,NA,NA,Y,Y,A,01,0,1,2,0,0,0,0,0,0,-,-,32.851219177246094,-116.91835021972656,SAN DIEGO,UNINCORPORATED,-116.91838836669922,32.85118103027344
9073271,2019,2020-06-23,3705,2019-03-15,1041,EC0219,NA,5,5,5,3705,0,0,0,NA,0,001,S SUNSHINE AV,WASHINGTON AV,10,E,N,B,-,N,NA,NA,NA,NA,NA,NA,NA,NA,NA,N,4,0,1,2,A,-,10,21950,A,N,G,B,B,A,H,-,A,A,0,Y,NA,NA,NA,Y,NA,A,01,0,0,1,0,1,0,0,0,0,-,-,NA,NA,SAN DIEGO,EL CAJON,-116.9647979736328,32.78765869140625
90733262,2018,2018-05-24,9680,2018-05-18,1452,016981,NA,5,2,9,3700,0,1,1,NA,2,083,I-8 E/B,DUNBAR LN,4224,W,N,A,-,Y,NA,NA,8,NA,NA,NA,NA,NA,E,Y,4,0,1,2,A,-,03,22350,NA,N,C,C,A,A,H,-,A,D,0,NA,NA,NA,NA,Y,NA,A,01,0,0,1,0,0,0,0,0,0,-,-,32.855430603027344,-116.83403778076172,SAN DIEGO,UNINCORPORATED,-116.83403778076172,32.85541915893555
90733482,2018,2018-05-24,9650,2018-05-14,1740,021992,NA,1,2,5,3712,0,1,3,NA,2,019,SR-78 W/B TO SAN MARCOS BVLD.,SAN MARCOS BLVD,100,E,N,A,-,Y,NA,NA,78,NA,NA,NA,R,NA,W,Y,3,0,1,4,A,-,03,22350,NA,N,C,C,A,A,H,-,A,D,0,NA,NA,NA,NA,Y,NA,A,07,0,1,0,0,0,0,0,0,0,-,-,33.13835144042969,-117.17431640625,SAN DIEGO,SAN MARCOS,-117.17431640625,33.13835144042969
9073399,2020,2020-11-17,3711,2020-05-09,1615,SD7844,NA,6,5,7,3711,0,0,0,NA,0,436,SKYLINE DR,WOODMAN,0,NA,Y,A,-,N,NA,NA,NA,NA,NA,NA,NA,NA,NA,N,3,0,2,2,A,-,-,NA,NA,N,F,C,A,A,H,-,A,A,0,NA,NA,NA,NA,Y,NA,-,NA,0,1,1,0,0,0,0,0,0,-,-,NA,NA,SAN DIEGO,SAN DIEGO,-117.05470275878906,32.701290130615234
9073596,2020,2020-08-10,3711,2020-05-05,0445,SD7237,NA,2,5,7,3711,0,0,0,NA,0,517,28TH ST,TREAT ST,0,NA,Y,A,-,N,NA,NA,NA,NA,NA,NA,NA,NA,NA,Y,4,0,2,2,A,-,12,22450,A,N,D,C,A,A,H,-,A,A,0,NA,NA,NA,NA,Y,NA,A,01,0,0,2,0,0,0,0,0,0,-,-,NA,NA,SAN DIEGO,SAN DIEGO,-117.13377380371094,32.714351654052734
90738415,2018,2018-05-31,9645,2018-05-22,1245,015331,NA,2,1,7,3711,0,1,3,NA,2,023,SR-163 NORTHBOUND,GENESEE AVENUE,528,N,N,A,-,Y,NA,NA,163,NA,NA,NA,NA,NA,N,Y,4,0,1,2,A,-,03,22350,NA,N,C,C,A,A,H,-,A,D,0,NA,NA,NA,NA,Y,NA,A,01,0,0,1,0,0,0,0,0,0,-,-,32.79365158081055,-117.1581802368164,SAN DIEGO,SAN DIEGO,-117.15816497802734,32.793643951416016
90739223,2018,2018-06-01,9680,2018-05-25,1745,016822,NA,5,2,9,3700,0,2,4,NA,1,094,WILDCAT CANYON ROAD,SAN VICENTE ROAD,6336,S,N,A,-,N,NA,NA,NA,NA,NA,NA,NA,NA,NA,Y,4,0,2,2,A,-,05,21460,A,N,B,C,A,A,H,-,A,D,0,NA,NA,NA,NA,Y,NA,A,01,0,0,2,0,0,0,0,0,0,-,-,32.9881706237793,-116.82820129394533,SAN DIEGO,UNINCORPORATED,-116.83051300048828,32.98957824707031
90739554,2018,2018-06-01,9680,2018-05-25,0010,016415,NA,5,3,9,3700,0,1,1,NA,2,083,I-8 E/B TO TAVERN RD.,TAVERN RD.,0,NA,Y,A,-,Y,NA,NA,8,NA,NA,NA,R,NA,E,Y,4,0,1,2,A,-,01,23152,A,N,D,C,A,A,H,-,C,A,0,NA,NA,NA,NA,Y,Y,A,01,0,0,1,0,0,0,0,0,0,-,-,32.839080810546875,-116.77887725830078,SAN DIEGO,UNINCORPORATED,-116.77887725830078,32.839080810546875
90740271,2018,2018-06-04,9645,2018-05-24,1559,020165,NA,4,2,7,3711,0,1,3,NA,2,023,SR-163 S/B,I-5 OVER-CROSSING,34,S,N,B,-,Y,NA,NA,163,NA,NA,NA,NA,NA,S,N,4,0,1,2,A,-,03,22350,NA,N,C,C,A,A,H,-,A,D,0,NA,NA,NA,NA,Y,NA,A,01,0,0,1,0,0,0,0,0,0,-,-,32.72377014160156,-117.15544128417967,SAN DIEGO,SAN DIEGO,-117.15544891357422,32.7237663269043
90740279,2018,2018-06-04,9645,2018-05-24,1400,018678,NA,4,2,7,3711,0,1,1,NA,2,009,I-805 N/B FROM E. SAN YSIDRO BLVD,E. HALL AVENUE PEDESTRIAN O/C,256,N,N,A,-,Y,NA,NA,805,NA,NA,NA,R,NA,N,Y,3,0,1,1,A,-,08,22107,NA,N,E,J,A,A,H,-,A,D,0,NA,NA,NA,NA,Y,NA,A,01,0,1,0,0,0,0,0,0,0,-,-,32.5547981262207,-117.04148864746094,SAN DIEGO,SAN DIEGO,-117.04148864746094,32.5547981262207
90742088,2018,2018-06-06,9680,2018-05-27,1110,021584,NA,7,1,9,3700,0,1,3,NA,1,051,STATE ROUTE 79,COULTER RIDGE RD,1056,S,N,A,-,Y,NA,NA,79,NA,NA,NA,NA,NA,NA,N,3,0,1,1,A,-,05,21650,NA,N,F,A,A,A,H,-,A,A,0,NA,NA,Y,NA,Y,NA,C,02,0,1,0,0,0,0,0,0,1,-,-,33.03567123413086,-116.56253814697266,SAN DIEGO,UNINCORPORATED,-116.56256103515624,33.035682678222656
90742658,2018,2018-06-06,9650,2018-04-25,0602,017743,NA,3,1,9,3700,0,2,4,NA,2,061,E. MISSION ROAD,MACADAMIA DR,149,W,N,E,-,N,NA,NA,NA,NA,NA,NA,NA,NA,NA,Y,2,0,1,2,A,-,05,21460,A,N,A,C,A,A,H,-,B,D,0,NA,NA,Y,NA,Y,NA,A,01,1,0,0,0,0,0,0,0,1,-,-,33.39439010620117,-117.20664215087892,SAN DIEGO,UNINCORPORATED,-117.20540618896484,33.39474868774414
90743461,2018,2018-06-07,9680,2018-05-31,1827,019910,NA,4,2,9,3700,0,2,4,NA,1,014,SECOND ST,PEPPER DR,20,S,N,A,-,N,NA,NA,NA,NA,NA,NA,NA,NA,NA,N,4,0,4,2,A,-,03,22350,NA,N,C,C,A,A,H,-,A,A,0,NA,NA,NA,NA,Y,NA,D,22,0,0,4,0,0,0,0,0,0,-,-,32.820701599121094,-116.93453979492188,SAN DIEGO,UNINCORPORATED,-116.93460083007813,32.82075881958008
90743794,2018,2018-06-07,9650,2018-06-04,0830,013570,NA,1,1,5,3712,0,1,3,NA,2,019,SR-78 E/B,WOODLAND PKY,1500,E,N,A,-,Y,NA,NA,78,NA,NA,NA,NA,NA,E,Y,4,0,3,2,A,-,03,22350,NA,N,C,C,A,A,H,-,A,D,0,NA,NA,NA,NA,Y,NA,A,01,0,0,3,0,0,0,0,0,0,-,-,33.13615036010742,-117.13591003417967,SAN DIEGO,SAN MARCOS,-117.13584136962892,33.13631057739258
90745176,2018,2018-06-11,9645,2018-05-14,0700,021731,NA,1,1,9,3700,0,3,5,NA,2,018,OTAY MOUNTAIN TRUCK TRAIL,KUEBLER RANCH RD,112,W,N,B,-,N,NA,NA,NA,NA,NA,NA,NA,NA,NA,Y,4,0,1,2,B,-,22,NA,NA,N,F,D,A,A,G,-,A,D,0,NA,NA,Y,NA,Y,NA,C,06,0,0,1,0,0,0,0,0,1,-,-,32.58226013183594,-116.91358947753906,SAN DIEGO,UNINCORPORATED,NA,NA
90745445,2018,2018-06-11,9645,2018-06-05,1329,018678,NA,2,1,7,3711,0,1,3,NA,2,006,SR-94 (W/B),EUCLID AVENUE O/C,380,W,N,A,-,Y,NA,NA,94,NA,NA,NA,NA,NA,NA,Y,3,0,1,1,A,-,03,22350,NA,N,H,A,A,A,H,-,A,D,0,NA,NA,Y,NA,Y,NA,C,02,0,1,0,0,0,0,0,0,1,-,-,32.71797180175781,-117.0857162475586,SAN DIEGO,SAN DIEGO,-117.0857162475586,32.71794509887695
90746221,2018,2018-06-12,9645,2018-06-06,2054,018678,NA,3,2,6,3702,0,1,1,NA,2,009,I-805 (S/B) TO TELEGRAPH CYN RD (E/B),TELEGRAPH CANYON ROAD U/C,50,S,N,A,-,Y,NA,NA,805,NA,NA,NA,R,NA,NA,N,4,0,1,2,A,-,03,22350,NA,N,C,C,A,A,H,-,D,A,0,NA,NA,NA,NA,Y,NA,A,07,0,0,1,0,0,0,0,0,0,-,-,32.628631591796875,-117.04537963867188,SAN DIEGO,CHULA VISTA,-117.04537963867188,32.628631591796875
90747263,2018,2018-06-13,9645,2018-06-12,0850,015494,NA,2,1,7,3711,0,1,1,NA,2,011,I-805 N/B,I-8,800,N,N,A,-,Y,NA,NA,805,NA,NA,NA,NA,NA,N,Y,4,0,1,3,A,-,03,22350,NA,F,C,C,A,A,H,-,A,D,0,NA,NA,NA,NA,Y,NA,A,01,0,0,1,0,0,0,0,0,0,-,-,32.779239654541016,-117.13732147216795,SAN DIEGO,SAN DIEGO,-117.1372528076172,32.7792854309082
90747721,2018,2018-06-13,9680,2018-06-07,1635,021944,NA,4,2,9,3700,0,2,4,NA,1,026,JAMACHA BLVD,OMEGA ST,295,E,N,A,-,N,NA,NA,NA,NA,NA,NA,NA,NA,NA,Y,3,0,1,1,A,-,03,22350,NA,N,E,I,A,A,H,-,A,D,0,NA,NA,NA,NA,Y,NA,A,01,0,1,0,0,0,0,0,0,0,-,-,32.7092399597168,-116.98365783691406,SAN DIEGO,UNINCORPORATED,-116.98380279541016,32.709259033203125
90748564,2018,2018-06-14,9680,2018-06-08,0655,014420,NA,5,1,9,3700,0,1,3,NA,1,017,SR-67,SCRIPPS POWAY PKWY,2112,N,N,A,-,Y,NA,NA,67,NA,NA,NA,NA,NA,NA,Y,4,0,1,1,A,-,08,22107,NA,N,F,I,A,A,H,-,A,D,0,NA,NA,NA,NA,Y,NA,D,22,0,0,1,0,0,0,0,0,0,-,-,32.959861755371094,-116.9721221923828,SAN DIEGO,UNINCORPORATED,-116.9722137451172,32.959800720214844
90748891,2018,2018-06-15,9680,2018-06-09,2500,017460,NA,6,4,9,3700,0,1,1,NA,2,086,INTERSTATE 8 (E//B),MCCAIN VALLEY ROAD,1584,E,N,A,-,Y,NA,NA,8,NA,NA,NA,NA,NA,NA,Y,3,0,1,1,A,-,08,22107,NA,N,E,I,A,A,H,-,A,D,0,NA,NA,NA,NA,Y,NA,A,01,0,1,0,0,0,0,0,0,0,-,-,32.6668701171875,-116.256591796875,SAN DIEGO,UNINCORPORATED,-116.2566146850586,32.66679382324219
90749516,2018,2018-06-18,9650,2018-06-15,1935,021327,NA,5,2,5,3713,0,1,3,NA,2,017,SR-78 W/B,SYCAMORE AVE,500,E,N,A,-,Y,NA,NA,78,NA,NA,NA,NA,NA,W,N,4,0,2,2,A,-,03,22350,NA,N,C,C,A,A,H,-,A,D,0,NA,NA,NA,NA,Y,NA,D,22,0,0,2,0,0,0,0,0,0,-,-,33.164390563964844,-117.21233367919922,SAN DIEGO,VISTA,-117.21232604980467,33.16439437866211
90750799,2018,2018-06-19,9645,2018-06-09,2200,020480,NA,6,3,9,3700,0,3,5,NA,2,018,OTAY LAKES ROAD E/B,LAKE CREST DRIVE,16368,E,N,A,-,Y,NA,NA,NA,NA,NA,NA,NA,NA,NA,Y,3,0,1,1,A,-,08,22107,NA,N,E,I,A,A,H,-,D,D,0,NA,NA,NA,NA,Y,NA,A,07,0,1,0,0,0,0,0,0,0,-,-,32.63420104980469,-116.89810180664063,SAN DIEGO,UNINCORPORATED,-116.90033721923828,32.63357162475586
9075146,2020,2020-05-16,3711,2020-02-29,1835,SD7407,NA,6,5,7,3711,0,0,0,NA,0,518,GREGORY ST,GREGORY ST 1800,0,NA,-,-,-,N,NA,NA,NA,NA,NA,NA,NA,NA,NA,N,3,0,1,2,A,-,-,NA,NA,M,-,-,-,-,-,-,-,-,0,Y,NA,NA,NA,Y,NA,A,01,0,1,0,0,1,0,0,0,0,-,-,NA,NA,SAN DIEGO,SAN DIEGO,NA,NA
90752899,2018,2018-06-21,9645,2018-06-15,1500,020165,NA,5,2,7,3711,0,1,1,NA,2,007,I-5 N/B,VIA DE LA VALLE,250,S,N,B,-,Y,NA,NA,5,NA,NA,NA,NA,NA,N,N,4,0,1,3,A,-,03,22350,NA,F,C,C,A,A,H,-,A,D,0,NA,NA,NA,NA,Y,NA,-,99,0,0,1,0,0,0,0,0,0,-,-,32.97880172729492,-117.25257873535156,SAN DIEGO,SAN DIEGO,-117.25254821777344,32.97881317138672
90753042,2018,2018-06-21,9645,2018-06-16,1255,017723,NA,6,1,7,3711,0,1,3,NA,2,023,SR-163 S/B,UNIVERSITY AVE.,272,S,N,B,-,Y,NA,NA,163,NA,NA,NA,NA,NA,S,Y,4,0,1,3,A,-,03,22350,NA,N,C,C,A,A,H,-,A,D,0,NA,NA,NA,NA,Y,NA,A,01,0,0,1,0,0,0,0,0,0,-,-,32.747501373291016,-117.15630340576172,SAN DIEGO,SAN DIEGO,-117.15634155273438,32.74751663208008
90754225,2018,2018-06-25,9650,2018-06-18,0935,019549,NA,1,1,9,3700,0,3,5,NA,1,160,W. LILAC RD,CAMINO DEL REY,0,NA,Y,A,-,N,NA,NA,NA,NA,NA,NA,NA,NA,NA,Y,4,0,1,2,A,-,09,21802,A,N,D,C,A,A,H,-,A,D,0,NA,NA,NA,Y,Y,NA,A,01,0,0,1,0,0,0,0,0,0,-,-,33.29016876220703,-117.21646118164063,SAN DIEGO,UNINCORPORATED,-117.21646881103516,33.290138244628906
90758017,2018,2018-06-28,9680,2018-06-22,1330,022021,NA,5,1,5,3705,0,1,1,NA,2,082,I-8 W/B,SR-67,528,E,N,A,-,Y,NA,NA,8,NA,NA,NA,NA,NA,W,N,4,0,1,2,A,-,21,22106,NA,N,C,C,A,A,H,-,A,D,0,NA,NA,NA,NA,Y,NA,A,01,0,0,1,0,0,0,0,0,0,-,-,32.80329132080078,-116.95520782470705,SAN DIEGO,EL CAJON,-116.95520782470705,32.80314636230469
90758058,2018,2018-06-28,9680,2018-06-20,1050,021584,NA,3,1,9,3700,0,1,3,NA,1,051,STATE ROUTE 79,CHIHUAHUA VALLEY RD,0,NA,Y,A,-,Y,NA,NA,79,NA,NA,NA,NA,NA,NA,Y,4,0,2,2,A,-,09,21802,A,N,B,C,A,A,H,-,A,A,0,NA,NA,NA,NA,Y,NA,A,01,0,0,2,0,0,0,0,0,0,-,-,33.371551513671875,-116.74703979492188,SAN DIEGO,UNINCORPORATED,-116.7471160888672,33.37154006958008
90762028,2018,2018-07-03,9680,2018-06-25,0950,021584,NA,1,1,9,3700,0,1,3,NA,1,052,STATE ROUTE 78,PASSING LN,3168,E,N,A,-,Y,NA,NA,78,NA,NA,NA,NA,NA,NA,Y,3,0,2,3,A,-,03,22350,NA,N,C,C,A,A,D,-,A,A,0,NA,NA,NA,NA,Y,NA,A,01,0,1,1,0,0,0,0,0,0,-,-,33.05194854736328,-116.81999206542967,SAN DIEGO,UNINCORPORATED,-116.82003784179688,33.05194854736328
90763362,2018,2018-07-05,9650,2018-06-30,0703,020673,NA,6,1,9,3700,0,1,1,NA,2,003,I-5 SOUTHBOUND,LAS PULGAS RD,14256,N,N,B,-,Y,NA,NA,NA,NA,NA,NA,NA,NA,NA,Y,4,0,1,1,A,-,08,22107,NA,N,E,I,A,A,H,-,A,D,0,NA,NA,NA,NA,Y,NA,D,22,0,0,1,0,0,0,0,0,0,-,-,33.19596862792969,-117.29562377929688,SAN DIEGO,UNINCORPORATED,-117.4923095703125,33.32861328125
90764191,2018,2018-07-06,9645,2018-06-22,1720,019241,NA,5,2,7,3711,0,1,3,NA,2,016,SR-52 EASTBOUND,MAST BLVD.,2112,W,N,A,-,Y,NA,NA,NA,NA,NA,NA,NA,NA,NA,Y,3,0,1,3,A,-,07,21658,A,N,F,A,A,A,H,-,A,D,0,NA,NA,Y,NA,Y,NA,-,99,0,1,0,0,0,0,0,0,1,-,-,33.846988677978516,-117.02799224853516,SAN DIEGO,SAN DIEGO,-117.03099060058594,32.849220275878906
90764234,2018,2018-07-06,9650,2018-06-28,1555,015868,NA,4,2,9,3700,0,1,1,NA,2,021,INTERSTATE 15 (N/B),SR-76,50,S,N,A,-,Y,NA,NA,15,NA,NA,NA,NA,NA,NA,Y,4,0,1,3,A,-,03,22350,NA,N,C,C,A,A,H,-,A,D,0,NA,NA,NA,NA,Y,NA,A,07,0,0,1,0,0,0,0,0,0,-,-,33.33076858520508,-117.15917205810548,SAN DIEGO,UNINCORPORATED,-117.1591339111328,33.33076858520508
90764237,2018,2018-07-06,9650,2018-06-29,1735,015788,NA,5,2,9,3700,0,1,1,NA,2,003,I-5 S/B,COCKLEBURR RD,7920,N,N,B,-,Y,NA,NA,5,NA,NA,NA,NA,NA,S,N,4,0,2,2,A,-,03,22350,NA,N,C,C,A,A,H,-,A,D,0,NA,NA,NA,NA,Y,NA,A,01,0,0,2,0,0,0,0,0,0,-,-,33.27104187011719,-117.44068908691406,SAN DIEGO,UNINCORPORATED,-117.44070434570313,33.271018981933594
90764452,2018,2018-07-06,9645,2018-06-26,2110,017499,NA,2,2,6,3702,0,1,1,NA,2,009,I-805 SOUTHBOUND TO PALM AVE,PALM AVE,600,N,N,A,-,Y,NA,NA,NA,NA,NA,NA,NA,NA,NA,Y,4,0,1,2,A,-,03,22350,NA,N,C,C,A,A,H,-,C,A,0,NA,NA,NA,NA,Y,NA,A,01,0,0,1,0,0,0,0,0,0,-,-,32.5850715637207,-117.0376205444336,SAN DIEGO,CHULA VISTA,-117.03756094,32.58506371
90764471,2018,2018-07-06,9680,2018-06-29,1240,017621,NA,5,1,9,3700,0,1,3,NA,1,091,SR-78,CEDAR ST,450,W,N,A,-,Y,NA,NA,78,NA,NA,NA,NA,NA,NA,Y,3,0,1,2,A,-,03,22350,NA,N,F,A,A,A,H,-,A,D,0,NA,NA,Y,NA,Y,NA,C,02,0,1,0,0,0,0,0,0,1,-,-,33.05617141723633,-116.8714599609375,SAN DIEGO,UNINCORPORATED,-116.87145233154295,33.05617141723633
90764790,2018,2018-07-09,9650,2018-07-07,1430,017392,NA,6,2,5,3782,0,1,1,NA,2,007,I-5 S/B,ENCINITAS BLVD,1584,N,N,A,-,Y,NA,NA,5,NA,NA,NA,NA,NA,S,N,4,0,1,2,A,-,03,22350,NA,N,C,C,A,A,H,-,A,D,0,NA,NA,NA,NA,Y,NA,A,01,0,0,1,0,0,0,0,0,0,-,-,33.05390167236328,-117.28900146484376,SAN DIEGO,ENCINITAS,-117.28902435302734,33.05389404296875