CASE_ID,ACCIDENT_YEAR,PROC_DATE,JURIS,COLLISION_DATE,COLLISION_TIME,OFFICER_ID,REPORTING_DISTRICT,DAY_OF_WEEK,CHP_SHIFT,POPULATION,CNTY_CITY_LOC,SPECIAL_COND,BEAT_TYPE,CHP_BEAT_TYPE,CITY_DIVISION_LAPD,CHP_BEAT_CLASS,BEAT_NUMBER,PRIMARY_RD,SECONDARY_RD,DISTANCE,DIRECTION,INTERSECTION,WEATHER_1,WEATHER_2,STATE_HWY_IND,CALTRANS_COUNTY,CALTRANS_DISTRICT,STATE_ROUTE,ROUTE_SUFFIX,POSTMILE_PREFIX,POSTMILE,LOCATION_TYPE,RAMP_INTERSECTION,SIDE_OF_HWY,TOW_AWAY,COLLISION_SEVERITY,NUMBER_KILLED,NUMBER_INJURED,PARTY_COUNT,PRIMARY_COLL_FACTOR,PCF_CODE_OF_VIOL,PCF_VIOL_CATEGORY,PCF_VIOLATION,PCF_VIOL_SUBSECTION,HIT_AND_RUN,TYPE_OF_COLLISION,MVIW,PED_ACTION,ROAD_SURFACE,ROAD_COND_1,ROAD_COND_2,LIGHTING,CONTROL_DEVICE,CHP_ROAD_TYPE,PEDESTRIAN_ACCIDENT,BICYCLE_ACCIDENT,MOTORCYCLE_ACCIDENT,TRUCK_ACCIDENT,NOT_PRIVATE_PROPERTY,ALCOHOL_INVOLVED,STWD_VEHTYPE_AT_FAULT,CHP_VEHTYPE_AT_FAULT,COUNT_SEVERE_INJ,COUNT_VISIBLE_INJ,COUNT_COMPLAINT_PAIN,COUNT_PED_KILLED,COUNT_PED_INJURED,COUNT_BICYCLIST_KILLED,COUNT_BICYCLIST_INJURED,COUNT_MC_KILLED,COUNT_MC_INJURED,PRIMARY_RAMP,SECONDARY_RAMP,LATITUDE,LONGITUDE,COUNTY,CITY,POINT_X,POINT_Y
91317627,2020,2020-10-05,9680,2020-09-25,1756,018672,NA,5,2,9,3700,0,3,5,NA,2,005,HOLLOW GLEN RD,STATE ROUTE 78,240,E,N,A,-,N,NA,NA,NA,NA,NA,NA,NA,NA,NA,Y,4,0,2,2,A,-,05,21650,NA,N,A,C,A,A,H,-,A,D,0,NA,NA,NA,NA,Y,NA,D,22,0,0,2,0,0,0,0,0,0,-,-,33.076271057128906,-116.5909423828125,SAN DIEGO,UNINCORPORATED,-116.5909423828125,33.076271057128906
91317817,2020,2020-10-05,9645,2020-10-02,1830,020952,NA,5,2,7,3711,0,1,1,NA,2,010,INTERSTATE 8 (WESTBOUND),NIMITZ BOULEVARD,2640,E,N,A,-,Y,NA,NA,8,NA,NA,NA,NA,NA,NA,Y,4,0,1,2,A,-,03,22350,NA,N,C,C,A,A,H,-,A,D,0,NA,NA,NA,NA,Y,NA,A,01,0,0,1,0,0,0,0,0,0,-,-,32.75680923461914,-117.22859191894533,SAN DIEGO,SAN DIEGO,-117.22858428955078,32.756771087646484
91322039,2020,2020-10-12,9645,2020-10-03,0355,021588,NA,6,3,9,3700,0,1,3,NA,1,004,SR-75 S/B,GLORIETTA BLVD,1056,N,N,A,-,Y,NA,NA,NA,NA,NA,NA,NA,NA,NA,Y,4,0,1,2,A,-,08,22107,NA,N,B,C,A,A,H,-,C,D,0,NA,NA,NA,NA,Y,NA,A,01,0,0,1,0,0,0,0,0,0,-,-,32.68675994873047,-117.16007995605467,SAN DIEGO,UNINCORPORATED,NA,NA
91322195,2020,2020-10-12,9650,2020-09-30,1710,018041,NA,3,2,5,3712,0,1,3,NA,2,019,SR-78 E/B,NORDAHL ROAD,1478,W,N,A,-,Y,NA,NA,78,NA,NA,NA,NA,NA,E,Y,2,0,1,2,A,-,03,22350,NA,N,C,C,A,A,H,-,A,D,0,NA,NA,Y,NA,Y,NA,C,02,1,0,0,0,0,0,0,0,1,-,-,33.13404083251953,-117.12605285644533,SAN DIEGO,SAN MARCOS,-117.12606048583984,33.134010314941406
91322522,2020,2020-10-13,9645,2020-10-07,1540,017104,NA,3,2,7,3711,1,4,S,NA,2,901,ANDORRA WAY (15000 BLOCK),SOCORRO STREET,295,N,N,A,-,N,NA,NA,NA,NA,NA,NA,NA,NA,NA,N,3,0,1,1,A,-,21,22106,NA,N,H,A,A,A,H,-,A,D,0,NA,NA,NA,NA,Y,NA,H,14,0,1,0,0,0,0,0,0,0,-,-,32.59339904785156,-117.05079650878906,SAN DIEGO,SAN DIEGO,-117.08576202392578,32.992942810058594
91326136,2020,2020-10-19,9645,2020-10-11,2110,021231,NA,7,2,7,3711,0,1,1,NA,2,009,I-805 N/B,ORANGE AVE.,1000,S,N,A,-,Y,NA,NA,NA,NA,NA,NA,NA,NA,NA,Y,3,0,2,2,A,-,03,22350,NA,N,C,C,A,A,H,-,D,D,0,NA,NA,NA,NA,Y,NA,A,01,0,2,0,0,0,0,0,0,0,-,-,32.601688385009766,-117.03616333007813,SAN DIEGO,SAN DIEGO,-117.12335968017578,32.75101089477539
91326170,2020,2020-10-19,9650,2020-10-07,0520,018321,NA,3,3,9,3700,0,2,4,NA,1,027,VALLEY CENTER RD,PARADISE CREEK RD,12,N,N,A,-,N,NA,NA,NA,NA,NA,NA,NA,NA,NA,N,3,0,1,2,A,-,06,21750,NA,N,B,C,A,A,H,-,D,D,0,NA,NA,NA,NA,Y,NA,A,07,0,1,0,0,0,0,0,0,0,-,-,33.24480056762695,-116.9638214111328,SAN DIEGO,UNINCORPORATED,-116.96388244628906,33.24479293823242
91327413,2020,2020-10-20,9650,2020-10-15,1445,019594,NA,4,2,6,3706,0,1,1,NA,2,021,I-15 S/B,NUTMEG ST,370,S,N,A,-,Y,NA,NA,15,NA,NA,NA,NA,NA,S,Y,3,0,3,2,A,-,03,22350,NA,N,C,C,A,A,H,-,A,D,0,NA,NA,NA,NA,Y,NA,A,01,0,3,0,0,0,0,0,0,0,-,-,33.164710998535156,-117.10726928710938,SAN DIEGO,ESCONDIDO,-117.1072235107422,33.164737701416016
91328500,2020,2020-10-21,9680,2020-10-10,1345,022161,NA,6,1,5,3705,0,1,1,NA,2,081,I-8 E/B,EL CAJON BLVD,1060,E,N,A,-,Y,NA,NA,8,NA,NA,NA,NA,NA,E,N,3,0,2,2,A,-,08,22107,NA,N,E,I,A,A,H,-,A,D,0,NA,NA,NA,NA,Y,NA,A,01,0,1,1,0,0,0,0,0,0,-,-,32.785430908203125,-116.97913360595705,SAN DIEGO,EL CAJON,-116.9792022705078,32.78548812866211
9132902,2020,2020-12-01,3710,2020-06-07,1445,OC0873,NA,7,5,6,3710,0,0,0,NA,0,014,RT 76,BENET RD,300,E,N,A,-,Y,SD,11,76,-,R,1.83,H,-,W,N,4,0,1,2,A,-,04,21703,NA,N,C,C,A,A,H,-,A,A,0,NA,NA,NA,NA,Y,NA,-,-,0,0,1,0,0,0,0,0,0,-,-,NA,NA,SAN DIEGO,OCEANSIDE,-117.35630798339844,33.21512985229492
9132922,2020,2020-12-01,3710,2020-06-07,1655,OC1487,NA,7,5,6,3710,0,0,0,NA,0,006,NORTH COAST HWY,RT 76,0,NA,Y,A,-,Y,SD,11,5,-,R,53.741,R,4,S,Y,3,0,3,2,A,-,00,23153,E,F,A,C,A,A,H,-,A,A,0,NA,NA,NA,NA,Y,NA,A,01,0,1,2,0,0,0,0,0,0,-,-,NA,NA,SAN DIEGO,OCEANSIDE,-117.38050842285156,33.20306396484375
91331185,2020,2020-10-26,9645,2020-10-11,1440,020265,NA,7,2,7,3711,0,1,3,NA,2,006,SR-94 W/B,EUCLID AVE. O/C,100,E,N,A,-,Y,NA,NA,94,NA,NA,NA,NA,NA,W,Y,3,0,1,2,A,-,08,22107,NA,N,D,C,A,A,H,-,A,D,0,NA,NA,NA,NA,Y,NA,A,01,0,1,0,0,0,0,0,0,0,-,-,32.71839904785156,-117.08360290527344,SAN DIEGO,SAN DIEGO,-117.08365631103516,32.718528747558594
91332088,2020,2020-10-27,9650,2020-10-22,0200,021584,NA,4,3,5,3782,0,1,1,NA,2,007,I-5 NORTHBOUND TO MANCHESTER AVENUE,MANCHESTER AVENUE,528,N,N,A,-,Y,NA,NA,5,NA,NA,NA,R,NA,N,Y,3,0,1,1,A,-,01,23152,A,N,E,I,A,A,D,-,C,D,0,NA,NA,NA,NA,Y,Y,D,22,0,1,0,0,0,0,0,0,0,-,-,33.01137924194336,-117.26528930664063,SAN DIEGO,ENCINITAS,-117.26528930664063,33.01137924194336
91332908,2020,2020-10-28,9645,2020-10-27,1730,021263,NA,2,2,7,3711,0,1,1,NA,2,011,INTERSTATE 805 SOUTHBOUND,ADAMS AVENUE,1300,N,N,A,-,Y,NA,NA,805,NA,NA,NA,NA,NA,S,N,4,0,1,2,A,-,03,22350,NA,N,C,C,A,A,H,-,A,D,0,NA,NA,NA,NA,Y,NA,A,08,0,0,1,0,0,0,0,0,0,-,-,32.76679992675781,-117.12902069091795,SAN DIEGO,SAN DIEGO,-117.12897491455078,32.76681900024414
9133726,2020,2020-12-01,3711,2020-07-23,1440,SD1111,NA,4,5,7,3711,0,0,0,NA,0,438,REO DR,RT 54,0,NA,Y,A,-,Y,SD,11,54,-,-,3.123,R,4,W,N,4,0,2,2,A,-,17,21461,A,N,B,C,A,A,H,-,A,A,0,NA,NA,NA,NA,Y,NA,A,01,0,0,2,0,0,0,0,0,0,-,WF,NA,NA,SAN DIEGO,SAN DIEGO,-117.0551986694336,32.6649284362793
91337386,2020,2020-11-03,9680,2020-10-25,1900,022106,NA,7,2,9,3700,0,1,1,NA,2,086,I-8 W/B,CARRIZO GORGE RD.,3696,E,N,B,G,Y,NA,NA,8,NA,NA,NA,NA,NA,W,Y,4,0,1,1,A,-,17,21711,NA,N,F,A,A,A,H,-,D,D,0,NA,NA,NA,NA,Y,NA,E,22,0,0,1,0,0,0,0,0,0,-,-,32.63475036621094,-116.15287017822266,SAN DIEGO,UNINCORPORATED,-116.1528778076172,32.63468933105469
9133768,2020,2020-09-22,3711,2020-07-30,0337,7250,NA,4,5,7,3711,0,0,0,NA,0,821,EL CAJON BL,73RD ST,0,NA,Y,A,-,N,NA,NA,NA,NA,NA,NA,NA,NA,NA,Y,3,0,1,4,A,-,08,22107,NA,M,B,E,A,A,H,-,C,D,0,NA,NA,NA,NA,Y,NA,A,01,0,1,0,0,0,0,0,0,0,-,-,NA,NA,SAN DIEGO,SAN DIEGO,-117.04039764404295,32.768821716308594
91338664,2020,2020-11-04,9680,2020-10-27,1430,022233,NA,2,2,9,3700,0,1,3,NA,1,051,SR-79,MATAGUAY RD,1056,S,N,A,-,Y,NA,NA,79,NA,NA,NA,NA,NA,NA,Y,3,0,2,1,A,-,01,23152,A,N,F,A,A,A,H,-,A,D,0,NA,NA,NA,NA,Y,Y,A,07,0,1,1,0,0,0,0,0,0,-,-,33.230430603027344,-116.69834136962892,SAN DIEGO,UNINCORPORATED,-116.69834899902344,33.23044204711914
91339644,2020,2020-11-04,9645,2020-11-04,1206,017473,NA,3,1,7,3711,0,1,1,NA,2,011,I-805 N/B TO MURRAY RIDGE RD.,MURRAY RIDGE RD.,1000,S,N,A,-,Y,NA,NA,805,NA,NA,NA,R,NA,N,Y,4,0,3,3,A,-,03,22350,NA,N,C,C,A,A,B,C,A,D,0,NA,NA,NA,NA,Y,NA,A,01,0,0,3,0,0,0,0,0,0,-,-,32.78459167480469,-117.1427993774414,SAN DIEGO,SAN DIEGO,-117.1427993774414,32.78459167480469
91339857,2020,2020-11-05,9650,2020-10-31,2030,020497,NA,6,2,5,3713,0,1,3,NA,2,017,SR-78 W/B,MAR VISTA DR,2913,E,N,A,-,Y,NA,NA,78,NA,NA,NA,NA,NA,W,Y,3,0,1,1,A,-,08,22107,NA,N,E,I,A,A,H,-,C,D,0,NA,NA,NA,NA,Y,NA,A,01,0,1,0,0,0,0,0,0,0,-,-,33.171661376953125,-117.22350311279295,SAN DIEGO,VISTA,-117.22351837158205,33.1716423034668
91340056,2020,2020-11-05,9645,2020-11-04,2136,018428,NA,3,2,7,3711,0,1,1,NA,2,003,I-5 S/B TO IMPERIAL AVE.,I-5 S/B FROM 17TH ST. O/C,75,N,N,A,-,Y,NA,NA,5,NA,NA,NA,R,NA,S,Y,4,0,1,1,A,-,08,22107,NA,N,E,I,A,A,H,-,C,D,0,NA,NA,NA,NA,Y,NA,A,01,0,0,1,0,0,0,0,0,0,-,-,32.708370208740234,-117.1479721069336,SAN DIEGO,SAN DIEGO,-117.1479721069336,32.708370208740234
91340270,2020,2020-11-05,9680,2020-10-26,1625,017460,NA,1,2,9,3700,0,1,1,NA,2,086,INTERSTATE 8,CARRIZO (U/C),3696,E,N,G,-,Y,NA,NA,8,NA,NA,NA,NA,NA,NA,Y,3,0,1,1,C,-,18,NA,NA,N,E,J,A,A,H,-,A,D,0,NA,NA,NA,NA,Y,NA,-,-,0,1,0,0,0,0,0,0,0,-,-,32.63515090942383,-116.15586853027344,SAN DIEGO,UNINCORPORATED,-116.15587615966795,32.63507843017578
91341889,2020,2020-11-09,9680,2020-10-30,1823,019255,NA,5,2,9,3700,0,1,1,NA,2,083,I-8 E/B,OLD HWY 80,125,E,N,A,-,Y,NA,NA,8,NA,NA,NA,NA,NA,E,Y,4,0,3,3,A,-,03,22350,NA,N,C,C,A,A,H,-,B,D,0,NA,NA,NA,NA,Y,NA,D,22,0,0,3,0,0,0,0,0,0,-,-,32.853389739990234,-116.85337829589844,SAN DIEGO,UNINCORPORATED,-116.85338592529295,32.85335922241211
91342498,2020,2020-11-10,9650,2020-10-28,1730,020771,NA,3,2,6,3706,0,1,1,NA,2,023,I-15 N/B,VALLEY PKY,300,S,N,A,-,Y,NA,NA,15,NA,NA,NA,NA,NA,N,Y,4,0,1,3,A,-,03,22350,NA,N,C,C,A,A,H,-,A,D,0,NA,NA,NA,NA,Y,NA,A,01,0,0,1,0,0,0,0,0,0,-,-,33.11465835571289,-117.09825897216795,SAN DIEGO,ESCONDIDO,-117.09837341308594,33.114593505859375
91342588,2020,2020-11-10,9645,2020-11-05,1250,017678,NA,4,1,7,3711,0,1,1,NA,2,010,I-8 W/B,WARING RD. U/C,500,E,N,A,-,Y,NA,NA,8,NA,NA,NA,NA,NA,W,Y,4,0,2,2,A,-,08,22107,NA,N,B,C,A,A,H,-,A,D,0,NA,NA,NA,NA,Y,NA,A,01,0,0,2,0,0,0,0,0,0,-,-,32.780548095703125,-117.08155822753906,SAN DIEGO,SAN DIEGO,-117.08155822753906,32.78055953979492
91342758,2020,2020-11-10,9650,2020-11-06,1542,016516,NA,5,2,9,3700,0,3,5,NA,1,160,GOPHER CANYON RD,LITTLE GOPHER CANYON RD,0,NA,Y,B,-,N,NA,NA,NA,NA,NA,NA,NA,NA,NA,Y,3,0,1,2,A,-,08,22107,NA,N,A,C,A,A,H,-,A,D,0,NA,NA,NA,NA,Y,NA,A,01,0,1,0,0,0,0,0,0,0,-,-,33.25716018676758,-117.2131576538086,SAN DIEGO,UNINCORPORATED,-117.21285247802734,33.25712966918945
91343807,2020,2020-11-12,9645,2020-11-07,1502,018697,NA,6,2,7,3711,0,1,1,NA,2,009,INTERSTATE 805 (N/B),SR-94,100,S,N,B,-,Y,NA,NA,805,NA,NA,NA,NA,NA,NA,Y,4,0,1,2,A,-,01,23152,A,N,C,C,A,A,H,-,A,D,0,NA,NA,NA,NA,Y,Y,A,01,0,0,1,0,0,0,0,0,0,-,-,32.718711853027344,-117.10263061523438,SAN DIEGO,SAN DIEGO,-117.10272979736328,32.718719482421875
91344185,2020,2020-11-12,9650,2020-11-02,1650,017392,NA,1,2,3,3783,0,1,1,NA,2,007,I-5 N/B,MANCHESTER AVE,100,S,N,A,-,Y,NA,NA,NA,NA,NA,NA,NA,NA,NA,Y,2,0,1,3,A,-,03,22350,NA,N,C,C,A,A,H,-,A,D,0,NA,NA,Y,NA,Y,NA,C,02,1,0,0,0,0,0,0,0,1,-,-,33.01008987426758,-117.26383209228516,SAN DIEGO,SOLANA BEACH,-117.26429748535156,33.01023864746094
91344356,2020,2020-11-12,9650,2020-11-08,2355,018406,NA,7,3,9,3700,0,1,1,NA,2,003,I-5 S/B,LAS PULGAS RD,3080,S,N,B,F,Y,NA,NA,5,NA,NA,NA,NA,NA,S,Y,3,0,1,1,A,-,03,22350,NA,N,E,I,A,B,H,-,D,D,0,NA,NA,NA,NA,Y,NA,A,01,0,1,0,0,0,0,0,0,0,-,-,33.292518615722656,-117.4577407836914,SAN DIEGO,UNINCORPORATED,-117.45782470703124,33.29245376586914
9134510,2020,2020-11-12,3701,2020-07-11,2335,5547,003,6,5,5,3701,0,0,0,NA,0,002,CARLSBAD VILLAGE DR,MADISON ST,33,W,N,A,-,N,NA,NA,NA,NA,NA,NA,NA,NA,NA,Y,3,0,1,2,A,-,01,23152,A,N,C,C,A,A,H,-,C,D,0,NA,NA,NA,NA,Y,Y,A,01,0,1,0,0,0,0,0,0,0,-,-,NA,NA,SAN DIEGO,CARLSBAD,-117.34677886962892,33.16073989868164
91345768,2020,2020-11-16,9650,2020-11-06,0645,018550,NA,5,1,5,3713,0,1,3,NA,2,017,SR-78 W/B,CIVIC CENTER DR,528,W,N,A,-,Y,NA,NA,78,NA,NA,NA,NA,NA,W,Y,4,0,1,1,A,-,08,22107,NA,N,E,I,A,A,H,-,A,D,0,NA,NA,NA,NA,Y,NA,A,01,0,0,1,0,0,0,0,0,0,-,-,33.19089889526367,-117.24220275878906,SAN DIEGO,VISTA,-117.24220275878906,33.190895080566406
91347013,2020,2020-11-17,9645,2020-11-06,0839,016018,NA,5,1,7,3711,0,1,3,NA,2,016,SR-52 WESTBOUND,SANTO RD.,3696,E,N,A,-,Y,NA,NA,52,NA,NA,NA,NA,NA,W,Y,3,0,2,2,A,-,07,21658,A,N,B,C,A,A,H,-,A,A,0,NA,NA,NA,NA,Y,NA,A,01,0,1,1,0,0,0,0,0,0,-,-,32.84524154663086,-117.08036041259766,SAN DIEGO,SAN DIEGO,-117.08040618896484,32.84532928466797
9134764,2020,2020-10-01,3711,2020-08-16,1014,7595,NA,7,5,7,3711,0,0,0,NA,0,123,FIESTA ISLAND RD,EAST MISSION BAY DR,0,NA,Y,B,-,N,NA,NA,NA,NA,NA,NA,NA,NA,NA,N,3,0,1,2,A,-,06,21750,NA,N,B,G,A,A,B,-,A,D,0,NA,Y,NA,NA,Y,NA,L,04,0,1,0,0,0,0,1,0,0,-,-,NA,NA,SAN DIEGO,SAN DIEGO,-117.20919799804688,32.76884078979492
91348073,2020,2020-11-18,9645,2020-11-13,2004,018697,NA,5,2,7,3711,0,1,1,NA,2,010,INTERSTATE 8 (E/B),MISSION CENTER RD,1100,E,N,A,-,Y,NA,NA,8,NA,NA,NA,NA,NA,NA,Y,3,0,1,2,A,-,01,23152,A,N,C,C,A,A,H,-,C,D,0,NA,NA,Y,NA,Y,Y,C,02,0,1,0,0,0,0,0,0,1,-,-,32.765708923339844,-117.15216827392578,SAN DIEGO,SAN DIEGO,-117.15216064453124,32.76565933227539
91348178,2020,2020-11-19,9650,2020-11-08,0830,019227,NA,7,1,9,3700,0,1,1,NA,2,001,I-5 N/B,BASILONE RD.,19958,S,N,B,C,Y,NA,NA,5,NA,NA,NA,NA,NA,N,Y,2,0,2,1,A,-,03,22350,NA,N,E,I,A,B,H,-,A,D,0,NA,NA,NA,NA,Y,NA,A,01,1,0,1,0,0,0,0,0,0,-,-,33.35334014892578,-117.5265884399414,SAN DIEGO,UNINCORPORATED,-117.52651977539063,33.35344696044922
9134938,2020,2020-10-05,3711,2020-07-29,1357,SD1105,NA,3,5,7,3711,0,0,0,NA,0,243,MIRAMAR RD,KEARNY MESA RD,236,E,N,A,-,N,NA,NA,NA,NA,NA,NA,NA,NA,NA,N,3,0,1,2,A,-,08,22107,NA,M,G,D,A,A,H,-,A,A,0,NA,Y,NA,NA,Y,NA,A,08,0,1,0,0,0,0,1,0,0,-,-,NA,NA,SAN DIEGO,SAN DIEGO,-117.11766052246094,32.893585205078125
91350837,2020,2020-11-23,9650,2020-11-18,1812,019352,NA,3,2,5,3713,0,1,3,NA,2,017,SR-78 W/B,EMERALD DR,3168,E,N,A,-,Y,NA,NA,78,NA,NA,NA,NA,NA,W,Y,4,0,1,3,A,-,03,22350,NA,N,C,C,A,A,H,-,C,D,0,NA,NA,NA,NA,Y,NA,A,08,0,0,1,0,0,0,0,0,0,-,-,33.1933708190918,-117.2678680419922,SAN DIEGO,VISTA,-117.2678680419922,33.19336700439453
91350888,2020,2020-11-23,9650,2020-11-19,1525,019352,NA,4,2,6,3706,0,1,3,NA,2,019,SR-78 E/B,NORDAHL RD.,1056,E,N,A,-,Y,NA,NA,78,NA,NA,NA,NA,NA,E,Y,4,0,2,5,A,-,03,22350,NA,N,C,C,A,A,H,-,A,D,0,NA,NA,NA,NA,Y,NA,A,07,0,0,2,0,0,0,0,0,0,-,-,33.13069152832031,-117.11833953857422,SAN DIEGO,ESCONDIDO,-117.11837005615234,33.13062286376953
91352961,2020,2020-11-24,9645,2020-11-18,1510,018697,NA,3,2,7,3711,0,1,3,NA,2,006,SR-94 W/B TO KELTON ROAD,KELTON ROAD,20,E,N,A,-,Y,NA,NA,94,NA,NA,NA,R,NA,W,N,4,0,1,2,A,-,03,22350,NA,F,C,C,A,A,H,-,A,D,0,NA,NA,NA,NA,Y,NA,A,08,0,0,1,0,0,0,0,0,0,-,-,32.72418975830078,-117.07652282714844,SAN DIEGO,SAN DIEGO,-117.07652282714844,32.72418975830078
91353028,2020,2020-11-24,9680,2020-11-15,1130,021813,NA,7,1,9,3700,0,1,3,NA,1,040,SR-94,CAMPBELL RANCH RD,6864,W,N,A,-,Y,NA,NA,94,NA,NA,NA,NA,NA,NA,Y,2,0,1,1,A,-,08,22107,NA,N,F,I,A,A,H,-,A,A,0,NA,NA,Y,NA,Y,NA,C,02,1,0,0,0,0,0,0,0,1,-,-,32.65298080444336,-116.78996276855467,SAN DIEGO,UNINCORPORATED,-116.78993988037108,32.6529541015625
91353100,2020,2020-11-24,9645,2020-11-19,1744,017953,NA,4,2,7,3711,0,1,1,NA,2,021,SR-15 S/B,OCEANVIEW BLVD. O/C,530,N,N,A,-,Y,NA,NA,15,NA,NA,NA,NA,NA,S,Y,4,0,1,3,A,-,03,22350,NA,N,C,C,A,A,H,-,D,D,0,NA,NA,NA,NA,Y,NA,A,01,0,0,1,0,0,0,0,0,0,-,-,32.70304870605469,-117.12078094482422,SAN DIEGO,SAN DIEGO,-117.12078857421876,32.70304870605469
91353885,2020,2020-11-25,9645,2020-11-23,2040,017104,NA,1,2,9,3700,0,3,5,NA,2,024,CAMINO DEL NORTE,DOVE CANYON ROAD,0,NA,Y,A,-,Y,NA,NA,NA,NA,NA,NA,NA,NA,NA,N,4,0,1,2,A,-,12,21453,A,N,D,C,A,A,H,-,C,A,0,NA,NA,NA,NA,Y,NA,A,07,0,0,1,0,0,0,0,0,0,-,-,33.00590133666992,-117.06400299072266,SAN DIEGO,UNINCORPORATED,-117.11151885986328,33.016578674316406
91355860,2020,2020-12-01,9650,2020-11-23,0500,021584,NA,1,3,9,3700,0,1,1,NA,2,021,INTERSTATE 15 N/B,OLD HIGHWAY 395,20,S,N,B,E,Y,NA,NA,15,NA,NA,NA,NA,NA,N,Y,4,0,1,2,A,-,08,22107,NA,N,C,C,A,A,H,-,C,D,0,NA,NA,NA,Y,Y,NA,D,22,0,0,1,0,0,0,0,0,0,-,-,33.28562927246094,-117.14949035644533,SAN DIEGO,UNINCORPORATED,-117.14949798583984,33.2856330871582
91356128,2020,2020-12-01,9645,2020-09-07,2212,019867,NA,1,3,7,3711,0,1,1,NA,2,010,I-8 W/B FROM FAIRMONT AVENUE,I-15 S/B,886,W,N,A,-,Y,NA,NA,8,NA,NA,NA,R,NA,W,Y,1,1,0,4,A,-,11,21954,A,N,G,B,E,A,H,-,C,D,0,Y,NA,NA,NA,Y,NA,N,60,0,0,0,1,0,0,0,0,0,-,-,32.77880859375,-117.1147232055664,SAN DIEGO,SAN DIEGO,-117.1147232055664,32.77880859375
91356470,2020,2020-12-01,9680,2020-11-18,1753,017928,NA,3,2,9,3700,0,3,5,NA,2,009,3RD ST,H ST,15,S,N,A,-,N,NA,NA,NA,NA,NA,NA,NA,NA,NA,N,3,0,1,2,A,-,11,21956,A,N,G,B,E,A,H,-,D,D,0,Y,NA,NA,NA,Y,NA,N,60,0,1,0,0,1,0,0,0,0,-,-,33.04370880126953,-116.8540496826172,SAN DIEGO,UNINCORPORATED,-116.85407257080078,33.04368591308594
91357361,2020,2020-12-02,9645,2020-11-24,0300,021697,NA,2,3,7,3711,0,1,1,NA,2,011,I-805 N/B,TULIP ST. O/C,53,S,N,A,-,Y,NA,NA,805,NA,NA,NA,NA,NA,N,Y,2,0,1,1,A,-,08,22107,NA,N,E,I,A,A,H,-,D,D,0,NA,NA,Y,NA,Y,NA,C,02,1,0,0,0,0,0,0,0,1,-,-,32.730018615722656,-117.1076202392578,SAN DIEGO,SAN DIEGO,-117.1076431274414,32.7299690246582
91357997,2020,2020-12-03,9650,2020-11-24,0835,017328,NA,2,1,9,3700,0,2,4,NA,2,061,S. MISSION RD.,BAJA MISSION RD.,200,S,N,A,-,N,NA,NA,NA,NA,NA,NA,NA,NA,NA,Y,4,0,1,1,A,-,08,22107,NA,N,E,I,A,A,H,-,A,D,0,NA,NA,NA,NA,Y,NA,A,08,0,0,1,0,0,0,0,0,0,-,-,33.31214141845703,-117.22968292236328,SAN DIEGO,UNINCORPORATED,-117.22977447509766,33.31218719482422
91358079,2020,2020-12-03,9680,2020-11-22,1845,021859,NA,7,2,9,3700,0,2,4,NA,1,012,MAPLEVIEW ST,VINE ST.,280,E,N,A,-,N,NA,NA,NA,NA,NA,NA,NA,NA,NA,N,4,0,2,2,A,-,03,22350,NA,N,C,C,A,A,H,-,C,D,0,NA,NA,NA,NA,Y,NA,A,01,0,0,2,0,0,0,0,0,0,-,-,32.86322021484375,-116.9206085205078,SAN DIEGO,UNINCORPORATED,-116.92061614990234,32.863216400146484
91358515,2020,2020-12-03,9680,2020-11-24,0800,015877,NA,2,1,9,3700,0,1,1,NA,2,082,I-8 W/B FROM LOS COCHES,LOS COCHES RD.,488,W,N,A,-,Y,NA,NA,8,NA,NA,NA,R,NA,W,Y,3,0,4,2,A,-,03,22350,NA,N,C,C,A,A,H,-,A,A,0,NA,NA,NA,NA,Y,NA,D,22,0,1,3,0,0,0,0,0,0,-,-,32.82577133178711,-116.90506744384766,SAN DIEGO,UNINCORPORATED,-116.90506744384766,32.82577133178711