CASE_ID,ACCIDENT_YEAR,PROC_DATE,JURIS,COLLISION_DATE,COLLISION_TIME,OFFICER_ID,REPORTING_DISTRICT,DAY_OF_WEEK,CHP_SHIFT,POPULATION,CNTY_CITY_LOC,SPECIAL_COND,BEAT_TYPE,CHP_BEAT_TYPE,CITY_DIVISION_LAPD,CHP_BEAT_CLASS,BEAT_NUMBER,PRIMARY_RD,SECONDARY_RD,DISTANCE,DIRECTION,INTERSECTION,WEATHER_1,WEATHER_2,STATE_HWY_IND,CALTRANS_COUNTY,CALTRANS_DISTRICT,STATE_ROUTE,ROUTE_SUFFIX,POSTMILE_PREFIX,POSTMILE,LOCATION_TYPE,RAMP_INTERSECTION,SIDE_OF_HWY,TOW_AWAY,COLLISION_SEVERITY,NUMBER_KILLED,NUMBER_INJURED,PARTY_COUNT,PRIMARY_COLL_FACTOR,PCF_CODE_OF_VIOL,PCF_VIOL_CATEGORY,PCF_VIOLATION,PCF_VIOL_SUBSECTION,HIT_AND_RUN,TYPE_OF_COLLISION,MVIW,PED_ACTION,ROAD_SURFACE,ROAD_COND_1,ROAD_COND_2,LIGHTING,CONTROL_DEVICE,CHP_ROAD_TYPE,PEDESTRIAN_ACCIDENT,BICYCLE_ACCIDENT,MOTORCYCLE_ACCIDENT,TRUCK_ACCIDENT,NOT_PRIVATE_PROPERTY,ALCOHOL_INVOLVED,STWD_VEHTYPE_AT_FAULT,CHP_VEHTYPE_AT_FAULT,COUNT_SEVERE_INJ,COUNT_VISIBLE_INJ,COUNT_COMPLAINT_PAIN,COUNT_PED_KILLED,COUNT_PED_INJURED,COUNT_BICYCLIST_KILLED,COUNT_BICYCLIST_INJURED,COUNT_MC_KILLED,COUNT_MC_INJURED,PRIMARY_RAMP,SECONDARY_RAMP,LATITUDE,LONGITUDE,COUNTY,CITY,POINT_X,POINT_Y
91467720,2021,2021-05-07,9650,2021-05-05,2304,020497,NA,3,3,6,3710,0,1,3,NA,2,015,SR-78 E/B,COLLEGE BLVD,520,W,N,A,-,Y,NA,NA,78,NA,NA,NA,NA,NA,E,Y,4,0,1,2,A,-,01,23152,A,N,B,C,A,A,H,-,D,D,0,NA,NA,NA,NA,Y,Y,A,01,0,0,1,0,0,0,0,0,0,-,-,33.18292999267578,-117.2983627319336,SAN DIEGO,OCEANSIDE,-117.29835510253906,33.18289566040039
91468269,2021,2021-05-21,9645,2021-05-04,1521,019957,NA,2,2,7,3711,0,1,1,NA,2,021,SR-15 NORTHBOUND,I-5 O/C,77,N,N,A,-,Y,NA,NA,15,NA,NA,NA,NA,NA,N,Y,3,0,2,2,A,-,07,21658,A,N,B,C,A,A,H,-,A,D,0,NA,NA,Y,NA,Y,NA,C,02,0,1,1,0,0,0,0,0,1,-,-,32.69329071044922,-117.12148284912108,SAN DIEGO,SAN DIEGO,-117.12142181396484,32.693260192871094
9146934,2020,2020-11-02,3710,2020-06-25,0053,OC1452,NA,4,5,6,3710,0,0,0,NA,0,022,RT 76,SANTA FE AV,1177,W,N,A,-,Y,SD,11,76,-,R,6.5,H,-,E,N,2,0,1,1,A,-,01,23152,A,N,E,I,A,A,H,-,C,D,0,NA,NA,NA,NA,Y,Y,-,NA,1,0,0,0,0,0,0,0,0,-,-,NA,NA,SAN DIEGO,OCEANSIDE,-117.2848892211914,33.24433898925781
9147135,2020,2020-10-22,3711,2020-08-29,0830,7199,NA,6,5,7,3711,0,0,0,NA,0,446,IMPERIAL AV,EUCLIDE AV,160,W,N,-,-,N,NA,NA,NA,NA,NA,NA,NA,NA,NA,N,3,0,1,1,A,-,08,22107,NA,N,-,-,A,-,-,-,-,-,0,NA,NA,NA,NA,Y,NA,-,NA,0,1,0,0,0,0,0,0,0,-,-,NA,NA,SAN DIEGO,SAN DIEGO,-117.0854721069336,32.70432662963867
9147243,2020,2020-09-21,3705,2020-07-28,1153,EC0414,NA,2,5,5,3705,0,0,0,NA,0,004,CHASE AV,ESTES ST,82,E,N,A,-,N,NA,NA,NA,NA,NA,NA,NA,NA,NA,Y,3,0,1,2,A,-,03,22350,NA,N,C,C,A,A,H,-,A,A,0,NA,NA,NA,NA,Y,NA,A,01,0,1,0,0,0,0,0,0,0,-,-,NA,NA,SAN DIEGO,EL CAJON,-116.96634674072266,32.780399322509766
9147244,2020,2021-01-19,3711,2020-09-01,2041,SD7862,NA,2,5,7,3711,0,0,0,NA,0,936,CARMEL VALLEY RD,TORREY DEL MAR,860,E,N,A,-,N,NA,NA,NA,NA,NA,NA,NA,NA,NA,Y,4,0,1,2,A,-,03,22350,NA,N,C,C,A,A,H,-,C,D,0,NA,NA,NA,NA,Y,NA,A,01,0,0,1,0,0,0,0,0,0,-,-,NA,NA,SAN DIEGO,SAN DIEGO,-117.15917205810548,32.970794677734375
91473715,2021,2021-05-14,9680,2021-05-04,0840,021501,NA,2,1,9,3700,0,1,3,NA,1,052,SR-78,WYNOLA RD,17952,E,N,A,-,Y,NA,NA,78,NA,NA,NA,NA,NA,NA,Y,4,0,1,1,A,-,08,22107,NA,N,E,I,A,A,H,-,A,D,0,NA,NA,NA,NA,Y,NA,A,07,0,0,1,0,0,0,0,0,0,-,-,33.07215118408203,-116.55532836914063,SAN DIEGO,UNINCORPORATED,-116.55534362792967,33.072120666503906
91478367,2021,2021-05-20,9645,2021-05-18,1800,016137,NA,2,2,7,3711,0,1,3,NA,2,020,SR-56 EASTBOUND,CARMEL COUNTRY RD O/C,250,W,N,A,-,Y,NA,NA,56,NA,NA,NA,NA,NA,E,Y,4,0,1,2,A,-,03,22350,NA,N,C,C,A,A,H,-,A,D,0,NA,NA,NA,NA,Y,NA,A,01,0,0,1,0,0,0,0,0,0,-,-,32.94070053100586,-117.21980285644533,SAN DIEGO,SAN DIEGO,-117.21984100341795,32.940818786621094
91480005,2021,2021-05-24,9680,2021-05-12,1720,020249,NA,3,2,9,3700,0,1,3,NA,1,090,STATE ROUTE 67,CLOUDY MOON DRIVE,0,NA,Y,A,-,Y,NA,NA,67,NA,NA,NA,NA,NA,NA,Y,3,0,1,2,A,-,09,21801,A,N,D,C,A,A,H,-,A,D,0,NA,NA,NA,NA,Y,NA,A,01,0,1,0,0,0,0,0,0,0,-,-,32.998470306396484,-116.96101379394533,SAN DIEGO,UNINCORPORATED,-116.96101379394533,32.998470306396484
9148225,2020,2020-11-16,3711,2020-09-03,2030,SD7401,NA,4,5,7,3711,0,0,0,NA,0,832,ORANGE AV,CENTRAL AV,0,NA,Y,A,-,N,NA,NA,NA,NA,NA,NA,NA,NA,NA,N,3,0,1,2,A,-,11,21950,B,M,-,B,B,A,H,-,C,-,0,Y,NA,NA,NA,Y,NA,N,60,0,1,0,0,1,0,0,0,0,-,-,NA,NA,SAN DIEGO,SAN DIEGO,-117.10823822021484,32.75320816040039
91482450,2021,2021-05-26,9680,2021-05-15,1625,021646,NA,6,2,9,3700,0,1,1,NA,2,082,I-8 E/B,GREENFIELD DRIVE,900,E,N,A,-,Y,NA,NA,8,NA,NA,NA,NA,NA,E,Y,4,0,1,2,A,-,07,21658,A,N,B,C,A,A,H,-,A,D,0,NA,NA,NA,NA,Y,NA,A,01,0,0,1,0,0,0,0,0,0,-,-,32.81787872314453,-116.91133880615234,SAN DIEGO,UNINCORPORATED,-116.911376953125,32.817909240722656
91486511,2021,2021-06-01,9650,2021-05-26,1710,014886,NA,3,2,6,3710,0,1,1,NA,2,005,I-5 S/B,CALIFORNIA AVE,300,S,N,A,-,Y,NA,NA,5,NA,NA,NA,NA,NA,S,Y,3,0,1,4,A,-,03,22350,NA,N,C,C,A,A,H,-,A,D,0,NA,NA,NA,Y,Y,NA,A,07,0,1,0,0,0,0,0,0,0,-,-,33.18645095825195,-117.35941314697266,SAN DIEGO,OCEANSIDE,-117.35934448242188,33.18650436401367
91487746,2021,2021-06-02,9645,2021-05-22,1505,020301,NA,6,2,7,3711,0,1,1,NA,2,010,I-8 W/B,WARING RD.,200,W,N,A,B,Y,NA,NA,8,NA,NA,NA,NA,NA,W,Y,3,0,1,5,A,-,03,22350,NA,N,C,C,A,A,H,-,A,D,0,NA,NA,NA,NA,Y,NA,A,07,0,1,0,0,0,0,0,0,0,-,-,32.78089141845703,-117.08898162841795,SAN DIEGO,SAN DIEGO,-117.0889892578125,32.78097915649414
91488345,2021,2021-06-03,9650,2021-05-22,0859,017392,NA,6,1,5,3701,0,1,1,NA,2,005,I-5 S/B,CANNON RD,2100,N,N,A,-,Y,NA,NA,5,NA,NA,NA,NA,NA,S,Y,4,0,1,2,A,-,08,22107,NA,N,B,C,A,A,H,-,A,D,0,NA,NA,NA,NA,Y,NA,A,07,0,0,1,0,0,0,0,0,0,-,-,33.13798904418945,-117.3313217163086,SAN DIEGO,CARLSBAD,-117.331298828125,33.13800048828125
91491928,2021,2021-06-08,9650,2021-06-02,0100,020747,NA,3,3,9,3700,0,1,3,NA,1,028,SR-76 E/B,RICE CANYON RD.,1056,W,N,A,-,Y,NA,NA,76,NA,NA,NA,NA,NA,E,Y,2,0,2,1,A,-,08,22107,NA,N,F,A,A,A,H,-,D,D,0,NA,NA,NA,NA,Y,NA,A,01,1,1,0,0,0,0,0,0,0,-,-,33.340911865234375,-117.13662719726563,SAN DIEGO,UNINCORPORATED,-117.13661193847656,33.34093475341797
91492727,2021,2021-06-09,9650,2021-05-25,1525,016743,NA,2,2,6,3706,0,1,1,NA,2,023,I-15 N/B,EL NORTE PKWY,528,S,N,A,-,Y,NA,NA,15,NA,NA,NA,NA,NA,N,Y,2,0,2,2,A,-,03,22350,NA,N,C,C,A,A,H,-,A,D,0,NA,NA,NA,NA,Y,NA,A,07,1,1,0,0,0,0,0,0,0,-,-,33.13811111450195,-117.1047134399414,SAN DIEGO,ESCONDIDO,-117.10481262207033,33.13811492919922
91493814,2021,2021-06-10,9650,2021-06-03,0800,017392,NA,4,1,9,3700,0,1,3,NA,2,019,SR-78 E/B,TWIN OAKS VALLEY RD,20,W,N,A,-,Y,NA,NA,NA,NA,NA,NA,NA,NA,NA,Y,4,0,1,3,A,-,03,22350,NA,N,C,C,A,A,H,-,A,D,0,NA,NA,NA,NA,Y,NA,A,01,0,0,1,0,0,0,0,0,0,-,-,33.13703918457031,-117.16384887695313,SAN DIEGO,UNINCORPORATED,-117.1640625,33.137020111083984
9149396,2020,2020-10-20,3710,2020-08-29,1145,OC1274,NA,6,5,6,3710,0,0,0,NA,0,009,SOUTH COAST HWY,OCEANSIDE BL,0,NA,Y,A,-,N,NA,NA,NA,NA,NA,NA,NA,NA,NA,N,3,0,1,2,A,-,08,22108,NA,N,D,G,A,A,H,-,A,A,0,NA,Y,NA,NA,Y,NA,A,01,0,1,0,0,0,0,1,0,0,-,-,NA,NA,SAN DIEGO,OCEANSIDE,-117.36924743652344,33.183589935302734
9149541,2020,2020-09-04,3711,2020-08-01,1735,SD7179,NA,6,5,7,3711,0,0,0,NA,0,832,EL CAJON BL,FAIRMOUNT AV,30,E,N,A,-,N,NA,NA,NA,NA,NA,NA,NA,NA,NA,N,4,0,1,2,A,-,04,21703,NA,N,C,C,A,A,H,-,A,A,0,NA,NA,NA,NA,Y,NA,A,01,0,0,1,0,0,0,0,0,0,-,-,NA,NA,SAN DIEGO,SAN DIEGO,-117.10073089599608,32.755191802978516
9149544,2020,2020-11-24,3709,2020-08-01,1157,NC0466,NA,6,5,5,3709,0,0,0,NA,0,024,NATIONAL CITY BL,RT 54,0,NA,-,A,-,Y,SD,11,54,-,-,0.518,R,4,W,Y,4,0,1,4,A,-,03,22350,NA,F,C,C,A,A,H,-,A,A,0,NA,NA,NA,NA,Y,Y,A,01,0,0,1,0,0,0,0,0,0,-,WF,NA,NA,SAN DIEGO,NATIONAL CITY,-117.09617614746094,32.65386199951172
9149741,2020,2020-12-01,3705,2020-08-03,0820,EC0414,NA,1,5,5,3705,0,0,0,NA,0,002,BROADWAY,MAGNOLIA,50,E,N,A,-,Y,SD,11,67,-,R,0.599,R,4,S,NA,4,0,1,2,A,-,12,21453,A,N,D,C,A,A,H,-,A,A,0,NA,NA,NA,NA,Y,NA,A,07,0,0,1,0,0,0,0,0,0,-,-,NA,NA,SAN DIEGO,EL CAJON,-116.9619598388672,32.81178283691406
91498355,2021,2021-06-16,9645,2021-06-07,1605,020265,NA,1,2,5,3709,0,1,1,NA,2,009,I-805 S/B,PLAZA BLVD. U/C,800,S,N,B,-,Y,NA,NA,805,NA,NA,NA,NA,NA,S,Y,3,0,1,2,A,-,08,22107,NA,N,B,C,A,A,H,-,A,D,0,NA,NA,NA,Y,Y,NA,F,26,0,1,0,0,0,0,0,0,0,-,-,32.6692008972168,-117.08119964599608,SAN DIEGO,NATIONAL CITY,-117.08131408691406,32.669158935546875
91499365,2021,2021-06-17,9680,2021-06-05,1248,020401,NA,6,1,5,3705,0,1,1,NA,2,082,I-8 W/B,MOLLISON AVE,785,W,N,B,-,Y,NA,NA,8,NA,NA,NA,NA,NA,W,Y,3,0,1,3,A,-,03,22350,NA,N,C,C,A,A,H,-,A,D,0,NA,NA,NA,NA,Y,NA,A,07,0,1,0,0,0,0,0,0,0,-,-,32.80318069458008,-116.95362854003906,SAN DIEGO,EL CAJON,-116.95362854003906,32.80315017700195
91501930,2021,2021-06-21,9645,2021-06-14,1455,017104,NA,1,2,7,3711,0,1,3,NA,2,016,SR-52 E/B,SANTO ROAD,6864,E,N,A,-,Y,NA,NA,NA,NA,NA,NA,NA,NA,NA,Y,4,0,4,2,A,-,07,21658,A,N,B,C,A,A,H,-,A,D,0,NA,NA,NA,NA,Y,NA,A,01,0,0,4,0,0,0,0,0,0,-,-,32.50529861450195,-117.04329681396484,SAN DIEGO,SAN DIEGO,-117.09583282470705,32.84115982055664
91502652,2021,2021-06-22,9645,2021-06-17,0435,018987,NA,4,3,7,3711,0,1,1,NA,2,027,SR-15 NORTHBOUND,ADAMS AVE,2100,N,N,B,-,Y,NA,NA,15,NA,NA,NA,NA,NA,N,Y,3,0,2,2,A,-,08,22107,NA,N,B,2,A,A,H,-,D,D,0,NA,NA,NA,NA,Y,NA,A,01,0,2,0,0,0,0,0,0,0,-,-,32.768470764160156,-117.11163330078124,SAN DIEGO,SAN DIEGO,-117.1116943359375,32.7684326171875
91502701,2021,2021-06-22,9650,2021-06-19,1455,021327,NA,6,2,9,3700,0,1,1,NA,2,021,I-15 N/B,NUTMEG ST.,1000,N,N,A,-,Y,NA,NA,15,NA,NA,NA,NA,NA,N,Y,3,0,1,1,C,-,18,NA,NA,N,H,A,A,A,H,-,A,D,0,NA,NA,Y,NA,Y,NA,-,-,0,1,0,0,0,0,0,0,1,-,-,33.16862869262695,-117.10904693603516,SAN DIEGO,UNINCORPORATED,-117.10903167724608,33.16864013671875
91506646,2021,2021-06-25,9645,2021-06-14,0212,021617,NA,1,3,7,3711,0,1,3,NA,2,006,SR-94 W/B,INTERSTATE 5,370,E,N,A,-,Y,NA,NA,94,NA,NA,NA,NA,NA,W,Y,4,0,1,1,A,-,08,22107,NA,N,F,A,A,A,H,-,C,D,0,NA,NA,NA,NA,Y,NA,A,07,0,0,1,0,0,0,0,0,0,-,-,32.7135009765625,-117.14620208740234,SAN DIEGO,SAN DIEGO,-117.14618682861328,32.713565826416016
91506819,2021,2021-06-25,9650,2021-06-09,1637,015081,NA,3,2,9,3700,0,3,5,NA,2,170,S SANTA FE AVE,PALMYRA DR,75,S,N,A,-,N,NA,NA,NA,NA,NA,NA,NA,NA,NA,Y,4,0,2,3,A,-,03,22350,NA,N,C,C,A,A,H,-,A,A,0,NA,NA,NA,Y,Y,NA,F,55,0,0,2,0,0,0,0,0,0,-,-,33.170719146728516,-117.20696258544922,SAN DIEGO,UNINCORPORATED,-117.20694732666016,33.1706428527832
91509316,2021,2021-06-29,9680,2021-06-17,1850,022050,NA,4,2,9,3700,0,3,5,NA,2,002,FUERTE DR,SHADOW KNOLLS DR,0,NA,Y,A,-,N,NA,NA,NA,NA,NA,NA,NA,NA,NA,N,2,0,1,2,A,-,09,21801,A,N,D,G,A,A,H,-,A,D,0,NA,Y,NA,NA,Y,NA,D,22,1,0,0,0,0,0,1,0,0,-,-,32.76945114135742,-116.93360137939452,SAN DIEGO,UNINCORPORATED,-116.93356323242188,32.76945877075195
91509907,2021,2021-06-30,9680,2021-06-21,1835,019910,NA,1,2,9,3700,0,3,5,NA,2,001,E. BRADLEY AVE,SR-67 N/B TO BRADLEY AVE,33,E,N,A,-,Y,NA,NA,NA,NA,NA,NA,NA,NA,NA,Y,3,0,2,2,A,-,03,22350,NA,N,A,C,A,A,H,-,A,A,0,NA,NA,NA,NA,Y,NA,A,01,0,2,0,0,0,0,0,0,0,-,-,32.81917190551758,-116.95963287353516,SAN DIEGO,UNINCORPORATED,-116.96062469482422,32.81909942626953
91510042,2021,2021-06-30,9680,2021-06-18,2350,020500,NA,5,3,9,3700,0,1,3,NA,1,090,SR-67 N/B,MUSSEY GRADE RD,200,S,N,A,-,Y,NA,NA,67,NA,NA,NA,NA,NA,N,Y,2,0,1,1,C,-,18,NA,NA,F,H,A,A,A,H,-,D,D,0,NA,NA,NA,NA,Y,NA,-,-,1,0,0,0,0,0,0,0,0,-,-,33.008880615234375,-116.91513824462892,SAN DIEGO,UNINCORPORATED,-116.91513824462892,33.008949279785156
91510076,2021,2022-01-12,9650,2021-06-30,0535,017392,NA,3,3,5,3713,0,1,3,NA,2,017,SR-78 W/B,VISTA VILLAGE DR.,130,E,N,A,-,Y,NA,NA,78,NA,NA,NA,NA,NA,W,N,1,1,0,1,A,-,08,22107,NA,N,E,I,A,A,H,-,C,D,0,NA,NA,NA,NA,Y,NA,D,22,0,0,0,0,0,0,0,0,0,-,-,33.194950103759766,-117.24981689453124,SAN DIEGO,VISTA,-117.24982452392578,33.19492721557617
91510669,2021,2021-07-01,9650,2021-06-23,1835,021435,NA,3,2,9,3700,0,3,5,NA,1,212,LILAC RD.,OLD CASTLE RD,0,NA,Y,B,-,N,NA,NA,NA,NA,NA,NA,NA,NA,NA,Y,3,0,2,2,A,-,09,21802,A,N,D,C,A,A,H,-,A,D,0,NA,NA,NA,NA,Y,NA,A,01,0,2,0,0,0,0,0,0,0,-,-,33.256080627441406,-117.068359375,SAN DIEGO,UNINCORPORATED,-117.06829833984376,33.25604248046875
91513611,2021,2021-07-06,9645,2021-06-20,2230,021338,NA,7,3,7,3711,0,1,1,NA,2,027,SR-15 N/B,ADAMS AVENUE,3960,N,N,A,-,Y,NA,NA,15,NA,NA,NA,NA,NA,N,Y,4,0,1,1,A,-,08,22107,NA,N,E,I,A,A,H,-,D,D,0,NA,NA,NA,NA,Y,NA,A,01,0,0,1,0,0,0,0,0,0,-,-,32.773380279541016,-117.11215209960938,SAN DIEGO,SAN DIEGO,-117.11221313476563,32.77340316772461
91514564,2021,2021-07-07,9650,2021-07-01,1135,017392,NA,4,1,9,3700,0,3,5,NA,2,070,LINEA DEL CIELO,EL CAMINO REAL,0,NA,Y,A,-,N,NA,NA,NA,NA,NA,NA,NA,NA,NA,N,3,0,1,2,A,-,09,21802,A,N,D,C,A,A,H,-,A,A,0,NA,NA,NA,NA,Y,NA,A,07,0,1,0,0,0,0,0,0,0,-,-,33.000579833984375,-117.22604370117188,SAN DIEGO,UNINCORPORATED,-117.2260513305664,33.000579833984375
91514885,2021,2021-07-07,9650,2021-05-30,1018,015446,NA,7,1,9,3700,0,1,3,NA,2,025,SR-78 (SAN PASQUAL VALLEY ROAD),CLOVERDALE ROAD,359,W,N,A,-,Y,NA,NA,78,NA,NA,NA,NA,NA,NA,Y,3,0,1,2,A,-,08,22107,NA,N,C,C,A,A,H,-,A,D,0,NA,NA,NA,NA,Y,NA,A,01,0,1,0,0,0,0,0,0,0,-,-,33.09720993041992,-117.02214813232422,SAN DIEGO,UNINCORPORATED,-117.02212524414063,33.09715270996094
9151504,2020,2021-01-19,3711,2020-09-05,0702,SD7763,NA,6,5,7,3711,0,0,0,NA,0,111,CLAIREMONT MESA BL,LONGFORD ST,0,NA,Y,A,-,N,NA,NA,NA,NA,NA,NA,NA,NA,NA,Y,4,0,2,2,A,-,12,21453,A,N,A,C,A,A,H,-,A,A,0,NA,NA,NA,NA,Y,NA,A,01,0,0,2,0,0,0,0,0,0,-,-,NA,NA,SAN DIEGO,SAN DIEGO,-117.18270111083984,32.83449935913086
91517082,2021,2021-07-09,9680,2021-06-28,0345,021800,NA,1,3,5,3708,0,1,1,NA,2,081,I-8 E/B,SEVERIN DRIVE OVERCROSSING,121,W,N,A,-,Y,NA,NA,8,NA,NA,NA,NA,NA,E,Y,3,0,1,2,A,-,07,21658,A,N,B,2,A,A,H,-,D,D,0,NA,NA,NA,Y,Y,NA,F,26,0,1,0,0,0,0,0,0,0,-,-,32.77912139892578,-116.997802734375,SAN DIEGO,LA MESA,-116.99779510498048,32.779212951660156
91517834,2021,2021-07-12,9645,2021-06-25,1750,020952,NA,5,2,7,3711,0,1,1,NA,2,003,INTERSTATE 5 (SOUTHBOUND),NATIONAL AVENUE,100,N,N,A,-,Y,NA,NA,5,NA,NA,NA,NA,NA,NA,N,4,0,1,2,A,-,08,22107,NA,M,B,2,A,A,H,-,A,D,0,NA,NA,NA,NA,Y,NA,A,07,0,0,1,0,0,0,0,0,0,-,-,32.696170806884766,-117.13555145263672,SAN DIEGO,SAN DIEGO,-117.13558959960938,32.69611740112305
91518084,2021,2021-07-12,9650,2021-07-05,2210,018386,NA,1,3,6,3710,0,1,1,NA,2,005,SR-76 W/B TO I-5 N/B,SR-76,275,S,N,A,-,Y,NA,NA,76,NA,NA,NA,R,NA,W,Y,4,0,2,1,A,-,08,22107,NA,N,E,I,A,A,H,-,D,D,0,NA,NA,NA,NA,Y,NA,A,01,0,0,2,0,0,0,0,0,0,-,-,33.204490661621094,-117.38227081298828,SAN DIEGO,OCEANSIDE,-117.38227081298828,33.204490661621094
91518169,2021,2021-07-12,9650,2021-07-08,1710,018840,NA,4,2,3,3783,0,1,1,NA,2,007,I-5 N/B,VIA DE LA VALLE,200,N,N,A,-,Y,NA,NA,5,NA,NA,NA,NA,NA,N,Y,3,0,1,2,A,-,03,22350,NA,N,C,C,A,A,H,-,A,D,0,NA,NA,NA,NA,Y,NA,A,01,0,1,0,0,0,0,0,0,0,-,-,32.98207092285156,-117.2536392211914,SAN DIEGO,SOLANA BEACH,-117.25376129150392,32.982025146484375
91518187,2021,2021-07-12,9680,2021-05-26,2035,018979,NA,3,2,9,3700,0,2,4,NA,1,010,MAINE AVE,WOODSIDE AVE,0,NA,Y,A,-,N,NA,NA,NA,NA,NA,NA,NA,NA,NA,N,3,0,1,2,A,-,11,21456,B,N,G,B,B,A,H,-,C,A,0,Y,NA,NA,NA,Y,NA,N,60,0,1,0,0,1,0,0,0,0,-,-,32.85747146606445,-116.9214324951172,SAN DIEGO,UNINCORPORATED,-116.9214096069336,32.85735321044922
91518793,2021,2021-07-13,9650,2021-06-10,1815,021200,NA,4,2,9,3700,0,3,5,NA,2,230,FELICITA AVE,VIA RANCHO PKWY,15,N,N,A,-,N,NA,NA,NA,NA,NA,NA,NA,NA,NA,N,3,0,1,2,A,-,03,22350,NA,M,C,C,A,A,H,-,A,A,0,NA,NA,NA,NA,Y,NA,D,22,0,1,0,0,0,0,0,0,0,-,-,33.07463073730469,-117.08335876464844,SAN DIEGO,UNINCORPORATED,-117.08323669433594,33.075679779052734
91519866,2021,2021-07-14,9680,2021-05-26,1843,018672,NA,3,2,9,3700,0,3,5,NA,2,005,HARRISON PARK RD,STATE ROUTE 79,525,W,N,A,-,N,NA,NA,NA,NA,NA,NA,NA,NA,NA,Y,3,0,1,2,A,-,09,21804,A,N,D,C,A,A,H,-,A,D,0,NA,NA,NA,NA,Y,NA,A,01,0,1,0,0,0,0,0,0,0,-,-,33.0306282043457,-116.56475067138672,SAN DIEGO,UNINCORPORATED,-116.56477355957033,33.03069305419922
91520746,2021,2021-07-15,9650,2021-07-08,2150,021992,NA,4,2,6,3706,0,1,1,NA,2,023,I-15 S/B,9TH AVE,300,N,N,A,-,Y,NA,NA,15,NA,NA,NA,NA,NA,S,Y,3,0,1,2,A,-,03,22350,NA,N,C,C,A,A,H,-,D,D,0,NA,NA,NA,NA,Y,NA,A,01,0,1,0,0,0,0,0,0,0,-,-,33.110599517822266,-117.0966796875,SAN DIEGO,ESCONDIDO,-117.09642028808594,33.11075210571289
91522121,2021,2021-07-16,9680,2021-07-05,0600,018672,NA,1,1,9,3700,0,3,5,NA,2,007,BORREGO VALLEY ROAD,RANGO WAY,500,N,N,A,-,N,NA,NA,NA,NA,NA,NA,NA,NA,NA,Y,2,0,1,1,A,-,08,22107,NA,N,E,I,A,A,H,-,A,D,0,NA,NA,NA,NA,Y,NA,A,01,1,0,0,0,0,0,0,0,0,-,-,33.22264862060547,-116.34758758544922,SAN DIEGO,UNINCORPORATED,-116.34771728515624,33.224266052246094
91522322,2021,2021-07-16,9645,2021-07-08,1700,016061,NA,4,2,7,3711,0,1,1,NA,2,010,I-8 W/B TO SR-163 S/B,SR-163,100,W,N,A,-,Y,NA,NA,8,NA,NA,NA,R,NA,W,N,4,0,1,2,A,-,03,22350,NA,N,C,C,A,A,H,-,A,D,0,NA,NA,NA,NA,Y,NA,A,01,0,0,1,0,0,0,0,0,0,-,-,32.761348724365234,-117.16332244873048,SAN DIEGO,SAN DIEGO,-117.16332244873048,32.761348724365234
91522460,2021,2021-07-16,9680,2021-07-06,1732,018672,NA,2,2,9,3700,0,1,3,NA,1,051,STATE ROUTE 79,FINK ROAD,4224,N,N,A,-,Y,NA,NA,79,NA,NA,NA,NA,NA,NA,Y,3,0,1,1,A,-,08,22107,NA,M,E,I,A,A,H,-,A,D,0,NA,NA,NA,NA,Y,NA,A,01,0,1,0,0,0,0,0,0,0,-,-,33.322021484375,-116.69970703125,SAN DIEGO,UNINCORPORATED,-116.69970703125,33.322021484375
91524761,2021,2021-07-20,9650,2021-07-10,2058,021584,NA,6,2,9,3700,0,1,3,NA,1,028,RT 76,RICE CANYON ROAD,1056,W,N,A,-,Y,NA,NA,76,NA,NA,NA,NA,NA,NA,N,3,0,1,1,A,-,08,22107,NA,N,F,A,A,A,H,-,D,D,0,NA,NA,NA,NA,Y,NA,A,07,0,1,0,0,0,0,0,0,0,-,-,33.338890075683594,-117.13382720947266,SAN DIEGO,UNINCORPORATED,-117.13385772705078,33.33899688720703
91526327,2021,2021-07-22,9645,2021-06-26,2224,020623,NA,6,3,7,3711,0,1,1,NA,2,021,SR-15 S/B,MARKET STREET,550,N,N,A,-,Y,NA,NA,15,NA,NA,NA,NA,NA,S,N,2,0,1,2,A,-,03,22350,NA,N,C,2,A,A,H,-,D,D,0,NA,NA,Y,NA,Y,NA,A,01,1,0,0,0,0,0,0,0,1,-,-,32.7132682800293,-117.11826324462892,SAN DIEGO,SAN DIEGO,-117.11830902099608,32.71329116821289