CASE_ID,ACCIDENT_YEAR,PROC_DATE,JURIS,COLLISION_DATE,COLLISION_TIME,OFFICER_ID,REPORTING_DISTRICT,DAY_OF_WEEK,CHP_SHIFT,POPULATION,CNTY_CITY_LOC,SPECIAL_COND,BEAT_TYPE,CHP_BEAT_TYPE,CITY_DIVISION_LAPD,CHP_BEAT_CLASS,BEAT_NUMBER,PRIMARY_RD,SECONDARY_RD,DISTANCE,DIRECTION,INTERSECTION,WEATHER_1,WEATHER_2,STATE_HWY_IND,CALTRANS_COUNTY,CALTRANS_DISTRICT,STATE_ROUTE,ROUTE_SUFFIX,POSTMILE_PREFIX,POSTMILE,LOCATION_TYPE,RAMP_INTERSECTION,SIDE_OF_HWY,TOW_AWAY,COLLISION_SEVERITY,NUMBER_KILLED,NUMBER_INJURED,PARTY_COUNT,PRIMARY_COLL_FACTOR,PCF_CODE_OF_VIOL,PCF_VIOL_CATEGORY,PCF_VIOLATION,PCF_VIOL_SUBSECTION,HIT_AND_RUN,TYPE_OF_COLLISION,MVIW,PED_ACTION,ROAD_SURFACE,ROAD_COND_1,ROAD_COND_2,LIGHTING,CONTROL_DEVICE,CHP_ROAD_TYPE,PEDESTRIAN_ACCIDENT,BICYCLE_ACCIDENT,MOTORCYCLE_ACCIDENT,TRUCK_ACCIDENT,NOT_PRIVATE_PROPERTY,ALCOHOL_INVOLVED,STWD_VEHTYPE_AT_FAULT,CHP_VEHTYPE_AT_FAULT,COUNT_SEVERE_INJ,COUNT_VISIBLE_INJ,COUNT_COMPLAINT_PAIN,COUNT_PED_KILLED,COUNT_PED_INJURED,COUNT_BICYCLIST_KILLED,COUNT_BICYCLIST_INJURED,COUNT_MC_KILLED,COUNT_MC_INJURED,PRIMARY_RAMP,SECONDARY_RAMP,LATITUDE,LONGITUDE,COUNTY,CITY,POINT_X,POINT_Y
9169271,2020,2020-12-15,3711,2020-10-12,0737,SD7109,NA,1,5,7,3711,0,0,0,NA,0,713,OTAY CENTER DR,NICOLA TESLA CT,0,NA,Y,A,-,N,NA,NA,NA,NA,NA,NA,NA,NA,NA,N,4,0,1,2,A,-,09,21802,B,M,C,D,A,A,H,-,A,D,0,NA,NA,NA,NA,Y,NA,-,NA,0,0,1,0,0,0,0,0,0,-,-,NA,NA,SAN DIEGO,SAN DIEGO,-116.94212341308594,32.55315017700195
9169277,2020,2020-12-15,3711,2020-10-09,1725,SD7980,NA,5,5,7,3711,0,0,0,NA,0,234,WEST BERNARDO DR,RANCHO BERNARDO RD,355,S,N,A,-,N,NA,NA,NA,NA,NA,NA,NA,NA,NA,Y,3,0,1,1,C,-,18,NA,NA,N,E,I,A,A,H,-,A,D,0,NA,NA,NA,NA,Y,NA,-,-,0,1,0,0,0,0,0,0,0,-,-,NA,NA,SAN DIEGO,SAN DIEGO,-117.08209991455078,33.022953033447266
91694689,2022,2022-02-07,9650,2022-01-22,1150,019346,NA,6,1,9,3700,0,1,1,NA,2,003,I-5 S/B,WIRE MOUNTAIN ROAD,100,N,N,A,-,Y,SD,NA,5,NA,R,54.847,H,NA,L,N,4,0,1,2,A,-,03,22350,NA,N,C,C,A,A,H,-,A,D,0,NA,NA,NA,NA,Y,NA,A,01,0,0,1,0,0,0,0,0,0,-,-,33.216529846191406,-117.3905029296875,SAN DIEGO,UNINCORPORATED,-117.39054870605467,33.21651840209961
91697993,2022,2022-02-10,9645,2022-02-01,0516,019577,NA,2,3,7,3711,0,1,1,NA,2,005,I-5 S/B,SEA WORLD DRIVE,3590,N,N,B,-,Y,SD,NA,5,NA,R,21.499,H,NA,L,Y,3,0,1,1,A,-,08,22107,NA,N,E,I,A,A,H,-,D,D,0,NA,NA,NA,NA,Y,NA,A,07,0,1,0,0,0,0,0,0,0,-,-,32.77967071533203,-117.2087631225586,SAN DIEGO,SAN DIEGO,-117.20858764648438,32.77964782714844
91698255,2022,2022-02-10,9645,2022-02-09,1536,020561,NA,3,2,7,3711,0,1,1,NA,2,027,SR-15 NB TO I-8,CAMINO DEL RIO SOUTH,1283,S,N,A,-,Y,SD,NA,15,NA,M,6.389,H,NA,R,N,4,0,1,2,A,-,03,22350,NA,N,C,C,A,A,H,-,A,D,0,NA,NA,NA,NA,Y,NA,A,01,0,0,1,0,0,0,0,0,0,-,-,32.77402877807617,-117.1118392944336,SAN DIEGO,SAN DIEGO,-117.11198425292967,32.77406311035156
9170088,2020,2020-12-22,3711,2020-10-15,1905,SD7327,NA,4,5,7,3711,0,0,0,NA,0,834,VAN DYKE AV,MYRTLE AV,216,N,N,A,-,N,NA,NA,NA,NA,NA,NA,NA,NA,NA,N,3,0,1,1,A,-,21,22106,NA,N,E,I,A,-,H,-,C,D,0,NA,NA,NA,Y,Y,NA,F,26,0,1,0,0,0,0,0,0,0,-,-,NA,NA,SAN DIEGO,SAN DIEGO,-117.1032943725586,32.742733001708984
91700885,2022,2022-02-15,9650,2022-02-09,2205,020747,NA,3,3,5,3782,0,1,1,NA,2,007,I-5 S/B,MANCHESTER AVE,2112,N,N,A,-,Y,SD,NA,5,NA,R,38.993,H,NA,L,N,4,0,1,2,A,-,03,22350,NA,N,C,C,A,A,H,-,D,D,0,NA,NA,NA,Y,Y,NA,A,01,0,0,1,0,0,0,0,0,0,-,-,33.015071868896484,-117.2702178955078,SAN DIEGO,ENCINITAS,-117.27021026611328,33.01507568359375
91700997,2022,2022-02-15,9650,2022-02-13,0510,020497,NA,7,3,5,3701,0,1,1,NA,2,005,I-5 N/B,CARLSBAD VILLAGE DRIVE,112,S,N,A,-,Y,SD,NA,5,NA,R,50.107,H,NA,R,Y,4,0,1,1,A,-,08,22107,NA,N,E,I,A,A,H,-,D,D,0,NA,NA,NA,NA,Y,Y,A,01,0,0,1,0,0,0,0,0,0,-,-,33.16328811645508,-117.34194183349608,SAN DIEGO,CARLSBAD,-117.34210968017578,33.16322708129883
9170194,2020,2021-01-08,3711,2020-10-17,2500,SD8816,NA,6,5,7,3711,0,0,0,NA,0,122,GRAND AV,DAWES ST,30,E,N,A,-,N,NA,NA,NA,NA,NA,NA,NA,NA,NA,N,3,0,1,1,D,-,00,NA,NA,N,E,I,A,-,H,-,C,A,0,NA,NA,NA,NA,Y,Y,-,-,0,1,0,0,0,0,0,0,0,-,-,NA,NA,SAN DIEGO,SAN DIEGO,-117.24935913085938,32.79595184326172
91703026,2022,2022-02-17,9645,2022-02-08,0840,016047,NA,2,1,5,3709,0,1,1,NA,2,009,I-805 NORTHBOUND,DIVISION STREET,450,S,N,A,-,Y,SD,NA,805,NA,NA,11.048,H,NA,R,N,4,0,2,3,A,-,03,22350,NA,N,C,C,A,B,H,-,A,D,0,NA,NA,NA,NA,Y,NA,A,07,0,0,2,0,0,0,0,0,0,-,-,32.68642044067383,-117.09129333496094,SAN DIEGO,NATIONAL CITY,-117.09140014648438,32.68631362915039
91704461,2022,2022-02-18,9645,2022-02-14,1810,020066,NA,1,2,7,3711,0,1,1,NA,2,010,I-8 E/B,MISSION CENTER ROAD,1000,E,N,A,-,Y,SD,NA,8,NA,NA,3.418,H,NA,R,N,4,0,1,2,A,-,03,22350,NA,N,C,C,A,A,H,-,D,D,0,NA,NA,NA,NA,Y,NA,A,01,0,0,1,0,0,0,0,0,0,-,-,32.766910552978516,-117.14742279052734,SAN DIEGO,SAN DIEGO,-117.1474151611328,32.76689529418945
91704464,2022,2022-02-18,9680,2022-02-11,2059,021441,NA,5,2,5,3708,0,1,1,NA,2,081,I-8 E/B TO ALVARADO ROAD,ALVARADO ROAD,15,W,N,A,-,Y,NA,NA,NA,NA,NA,NA,NA,NA,NA,Y,4,0,1,2,A,-,03,22350,NA,F,C,C,A,A,H,-,C,A,0,NA,NA,NA,NA,Y,NA,A,01,0,0,1,0,0,0,0,0,0,-,-,32.77326965332031,-117.0456314086914,SAN DIEGO,LA MESA,-117.0456314086914,32.77326965332031
91704705,2022,2022-02-21,9645,2022-02-15,1118,018095,NA,2,1,7,3711,0,1,1,NA,2,021,I-15 S/B,I-8 UNDER CROSSING,180,N,N,C,-,Y,SD,NA,15,NA,R,6.189,H,NA,L,Y,4,0,1,2,A,-,03,22350,NA,N,B,C,A,B,H,-,A,D,0,NA,NA,NA,NA,Y,NA,D,22,0,0,1,0,0,0,0,0,0,-,-,32.7794189453125,-117.11280059814452,SAN DIEGO,SAN DIEGO,-117.11276245117188,32.7794303894043
91705040,2022,2022-02-21,9650,2022-02-12,2350,017590,NA,6,3,9,3700,0,3,5,NA,2,070,EL CAMINO REAL,SUNNY ACRES LANE,0,NA,Y,A,-,N,NA,NA,NA,NA,NA,NA,NA,NA,NA,Y,2,0,1,1,A,-,01,23152,A,N,F,A,A,A,H,-,D,D,0,NA,NA,NA,NA,Y,Y,A,07,1,0,0,0,0,0,0,0,0,-,-,32.9898681640625,-117.22457885742188,SAN DIEGO,UNINCORPORATED,-117.22459411621094,32.98986053466797
91706811,2022,2022-02-23,9680,2022-02-10,0822,015578,NA,4,1,9,3700,0,3,5,NA,2,002,STEELE CANYON ROAD,PAR FOUR DRIVE,140,S,N,A,-,N,NA,NA,NA,NA,NA,NA,NA,NA,NA,Y,3,0,2,2,A,-,03,22350,NA,N,C,C,A,A,H,-,A,D,0,NA,NA,NA,NA,Y,NA,A,01,0,1,1,0,0,0,0,0,0,-,-,32.74000930786133,-116.91429901123048,SAN DIEGO,UNINCORPORATED,-116.91431427001952,32.739933013916016
91707931,2022,2022-02-24,9645,2022-02-20,0345,021494,NA,7,3,7,3711,0,1,3,NA,2,023,SR-163 S/B,I-805,150,N,N,E,-,Y,SD,NA,163,NA,NA,7.07,H,NA,L,N,4,0,1,2,A,-,03,22350,NA,N,C,C,A,A,H,-,C,D,0,NA,NA,NA,NA,Y,NA,A,01,0,0,1,0,0,0,0,0,0,-,-,32.80936813354492,-117.15274047851563,SAN DIEGO,SAN DIEGO,-117.15279388427734,32.80938720703125
91710792,2022,2022-02-28,9645,2022-02-18,1828,020541,NA,5,2,7,3711,0,1,3,NA,2,023,SR-163 SOUTHBOUND,FRIARS RD,950,N,N,A,-,Y,SD,NA,163,NA,NA,4.584,H,NA,L,Y,4,0,3,3,A,-,03,22350,NA,N,C,C,A,A,H,-,D,D,0,NA,NA,NA,NA,Y,NA,A,01,0,0,3,0,0,0,0,0,0,-,-,32.77463150024414,-117.1614990234375,SAN DIEGO,SAN DIEGO,-117.16150665283205,32.774627685546875
91711167,2022,2022-02-28,9645,2022-02-22,2335,021097,NA,2,3,7,3711,0,1,1,NA,2,005,I-5 N/B TO I-8 W/B,I-8,885,S,N,C,-,Y,NA,NA,NA,NA,NA,NA,NA,NA,NA,Y,3,0,1,1,A,-,01,23152,A,N,E,I,A,B,H,-,C,A,0,NA,NA,NA,NA,Y,NA,A,07,0,1,0,0,0,0,0,0,0,-,-,32.75611114501953,-117.20224761962892,SAN DIEGO,SAN DIEGO,-117.20224761962892,32.75611114501953
91711193,2022,2022-02-28,9645,2022-02-23,0600,018936,NA,3,1,7,3711,0,1,1,NA,2,009,I-805 N/B,MAIN STREET,1584,S,N,C,-,Y,SD,NA,805,NA,NA,3.413,H,NA,R,N,4,0,1,1,A,-,03,22350,NA,N,E,I,A,B,H,-,B,D,0,NA,NA,NA,NA,Y,NA,D,22,0,0,1,0,0,0,0,0,0,-,-,32.59128952026367,-117.03607177734376,SAN DIEGO,SAN DIEGO,-117.03620910644533,32.59129333496094
91714575,2022,2022-03-03,9680,2022-02-19,1255,021646,NA,6,1,9,3700,0,3,5,NA,2,002,KENWOOD DRIVE,HELIX STREET,110,E,N,A,-,N,NA,NA,NA,NA,NA,NA,NA,NA,NA,N,2,0,1,2,A,-,08,22107,NA,F,G,B,F,A,H,-,A,D,0,Y,NA,NA,NA,Y,NA,A,01,1,0,0,0,1,0,0,0,0,-,-,32.744510650634766,-116.99835968017578,SAN DIEGO,UNINCORPORATED,-116.99842071533205,32.74456024169922
91717544,2022,2022-03-08,9680,2022-02-24,1334,021510,NA,4,1,9,3700,0,3,5,NA,2,001,HART DRIVE,BALLANTYNE STREET,0,NA,Y,A,-,N,NA,NA,NA,NA,NA,NA,NA,NA,NA,Y,4,0,2,2,A,-,09,21802,A,N,D,C,A,A,H,-,A,A,0,NA,NA,NA,NA,Y,NA,A,01,0,0,2,0,0,0,0,0,0,-,-,32.811519622802734,-116.95816802978516,SAN DIEGO,UNINCORPORATED,-116.95812225341795,32.81150817871094
91720849,2022,2022-03-11,9680,2022-03-01,0803,015578,NA,2,1,9,3700,0,3,5,NA,2,002,AGUA DULCE BOULEVARD,SR-94 WESTBOUND TO AGUA DULCE BOULEVARD,0,NA,Y,A,-,N,NA,NA,NA,NA,NA,NA,NA,NA,NA,Y,4,0,1,2,A,-,09,21802,A,F,D,C,A,A,H,-,A,A,0,NA,NA,NA,NA,Y,NA,-,99,0,0,1,0,0,0,0,0,0,-,-,32.74523162841797,-116.97398376464844,SAN DIEGO,UNINCORPORATED,NA,NA
91721533,2022,2022-03-14,9680,2022-02-26,1122,021584,NA,6,1,9,3700,0,1,3,NA,1,051,STATE ROUTE 79,COULTER RIDGE DRIVE,528,S,N,A,-,Y,SD,NA,79,NA,NA,16.278,H,NA,R,N,3,0,1,1,A,-,08,22107,NA,N,F,A,A,C,H,-,A,D,0,NA,NA,Y,NA,Y,NA,C,02,0,1,0,0,0,0,0,0,1,-,-,33.035560607910156,-116.56275939941406,SAN DIEGO,UNINCORPORATED,-116.56275939941406,33.035560607910156
91721584,2022,2022-03-14,9680,2022-03-06,0200,017996,NA,7,3,9,3700,0,3,5,NA,2,004,OLD HIGHWAY 80,CONQUISTADOR ROAD,1584,W,N,B,-,N,NA,NA,NA,NA,NA,NA,NA,NA,NA,Y,3,0,1,1,A,-,01,23152,A,N,F,A,A,C,H,-,D,D,0,NA,NA,NA,NA,Y,Y,A,01,0,1,0,0,0,0,0,0,0,-,-,32.80393981933594,-116.50518035888672,SAN DIEGO,UNINCORPORATED,-116.50543975830078,32.80415725708008
91722231,2022,2022-03-14,9650,2022-03-11,1245,020966,NA,5,1,5,3712,0,1,3,NA,2,019,SR-78 E/B,NORDAHL ROAD,375,W,N,A,-,Y,SD,NA,78,NA,NA,15.404,H,NA,R,N,4,0,1,2,A,-,03,22350,NA,N,C,C,A,A,H,-,A,D,0,NA,NA,NA,NA,Y,NA,A,01,0,0,1,0,0,0,0,0,0,-,-,33.13256072998047,-117.1227569580078,SAN DIEGO,SAN MARCOS,-117.12274932861328,33.1325798034668
91722395,2022,2022-03-14,9650,2022-03-11,1800,021805,NA,5,2,9,3700,0,3,5,NA,2,191,COUNTRY CLUB DR,HARMONY GROVE VILLAGE PKY,0,NA,Y,A,-,N,NA,NA,NA,NA,NA,NA,NA,NA,NA,Y,4,0,1,2,A,-,09,21802,A,N,D,C,A,A,H,-,D,A,0,NA,NA,NA,NA,Y,NA,A,08,0,0,1,0,0,0,0,0,0,-,-,33.103668212890625,-117.12761688232422,SAN DIEGO,UNINCORPORATED,-117.12758636474608,33.10371017456055
91723383,2022,2022-03-15,9680,2022-03-03,0855,016535,NA,4,1,9,3700,0,3,5,NA,2,002,CUYAMACA COLLEGE DRIVE WEST,SR-54 (JAMACHA ROAD),161,N,N,A,-,N,NA,NA,NA,NA,NA,NA,NA,NA,NA,Y,3,0,2,4,C,-,18,NA,NA,N,E,I,A,A,H,-,A,D,0,NA,NA,NA,NA,Y,NA,-,-,0,2,0,0,0,0,0,0,0,-,-,32.74140930175781,-116.93910217285156,SAN DIEGO,UNINCORPORATED,-116.93911743164063,32.741241455078125
91726886,2022,2022-03-18,9680,2022-03-08,1010,021646,NA,2,1,9,3700,0,1,3,NA,1,024,SR-94,DAISY DRIVE,25,W,N,A,-,N,NA,NA,NA,NA,NA,NA,NA,NA,NA,Y,4,0,1,2,A,-,03,22350,NA,N,C,C,A,A,H,-,A,A,0,NA,NA,NA,NA,Y,NA,A,07,0,0,1,0,0,0,0,0,0,-,-,32.7045783996582,-116.86885833740234,SAN DIEGO,UNINCORPORATED,-116.86883544921876,32.70462417602539
91729053,2022,2022-03-22,9645,2022-03-04,0211,019410,NA,5,3,7,3711,0,1,1,NA,2,021,SR-15 NB,ADAMS AVE. O/C,600,S,N,B,C,Y,NA,NA,NA,NA,NA,NA,NA,NA,NA,Y,3,0,1,1,A,-,08,22107,NA,N,E,I,A,B,H,-,C,D,0,NA,NA,NA,NA,Y,NA,A,01,0,1,0,0,0,0,0,0,0,-,-,32.84014129638672,-117.12847137451172,SAN DIEGO,SAN DIEGO,-117.10896301269533,32.76237869262695
91730029,2022,2022-03-23,9680,2022-03-12,0300,022050,NA,6,3,4,3720,0,1,3,NA,2,027,SR-94 E/B,GROVE ST,275,E,N,A,-,Y,SD,NA,94,NA,NA,9.306,H,NA,R,N,3,0,1,2,A,-,08,22107,NA,F,C,C,A,A,H,-,C,D,0,NA,NA,NA,NA,Y,NA,A,01,0,1,0,0,0,0,0,0,0,-,-,32.74689865112305,-117.0258331298828,SAN DIEGO,LEMON GROVE,-117.02581787109376,32.74697494506836
91730961,2022,2022-03-24,9650,2022-03-18,1737,016516,NA,5,2,9,3700,0,1,1,NA,2,022,I-15,RAINBOW GLEN RD,600,S,N,A,-,Y,SD,NA,15,NA,R,52.225,H,NA,R,N,4,0,2,3,A,-,03,22350,NA,N,C,C,A,A,H,-,A,D,0,NA,NA,NA,NA,Y,NA,A,01,0,0,2,0,0,0,0,0,0,-,-,33.40843963623047,-117.1630401611328,SAN DIEGO,UNINCORPORATED,-117.16318511962892,33.40851593017578
91733680,2022,2022-03-25,9645,2022-03-16,2238,021077,NA,3,3,9,3700,0,1,3,NA,2,008,SR-54 W/B,SWEETWATER ROAD UNDERCROSS,565,E,N,A,-,Y,SD,NA,54,NA,NA,6.137,H,NA,L,Y,3,0,4,2,A,-,08,22107,NA,F,B,C,A,A,H,-,C,D,0,NA,NA,NA,NA,Y,NA,A,07,0,1,3,0,0,0,0,0,0,-,-,32.69292068481445,-117.0158920288086,SAN DIEGO,UNINCORPORATED,-117.01590728759766,32.692928314208984
91735497,2022,2022-03-28,9680,2022-03-16,0353,016181,NA,3,3,9,3700,0,3,5,NA,2,001,PEPPER DR,PEPPERWOOD DR,110,W,N,E,-,N,NA,NA,NA,NA,NA,NA,NA,NA,NA,Y,3,0,1,3,A,-,01,23152,A,M,C,E,A,A,H,-,C,D,0,NA,NA,NA,NA,Y,Y,D,22,0,1,0,0,0,0,0,0,0,-,-,32.825050354003906,-116.95571899414063,SAN DIEGO,UNINCORPORATED,-116.95562744140624,32.82509994506836
91735549,2022,2022-03-28,9645,2022-01-30,0115,021338,NA,7,3,7,3711,0,1,3,NA,2,008,I-5 N/B TO LA JOLLA PKWY,SR- 52,100,N,N,B,-,Y,SD,NA,52,NA,NA,0.363,H,NA,R,Y,4,0,2,2,A,-,05,21651,B,F,A,C,A,A,H,-,D,D,0,NA,NA,NA,NA,Y,NA,A,01,0,0,2,0,0,0,0,0,0,-,-,32.83784103393555,-117.23394775390624,SAN DIEGO,SAN DIEGO,-117.23384857177734,32.83762741088867
9173677,2020,2020-12-24,3711,2020-10-22,2123,SD4310,NA,4,5,7,3711,0,0,0,NA,0,234,BERNARDO CENTER DR,WEST BERNARDO DR,0,NA,Y,A,-,N,NA,NA,NA,NA,NA,NA,NA,NA,NA,Y,4,0,1,1,A,-,03,22350,NA,N,E,I,A,A,H,-,C,A,0,NA,NA,NA,NA,Y,NA,A,01,0,0,1,0,0,0,0,0,0,-,-,NA,NA,SAN DIEGO,SAN DIEGO,-117.0888214111328,33.0081787109375
9173680,2020,2020-12-24,3711,2020-10-23,2210,SD7766,NA,5,5,7,3711,0,0,0,NA,0,521,E ST,9TH AV,0,NA,Y,A,-,N,NA,NA,NA,NA,NA,NA,NA,NA,NA,N,3,0,1,2,A,-,11,21954,A,M,G,B,B,-,H,-,C,A,0,Y,NA,NA,NA,Y,NA,N,60,0,1,0,0,1,0,0,0,0,-,-,NA,NA,SAN DIEGO,SAN DIEGO,-117.1565170288086,32.714691162109375
91737493,2022,2022-03-30,9645,2022-02-02,1522,018678,NA,3,2,5,3709,0,1,1,NA,2,001,I-5 (S/B),8TH STREET U/C,50,S,N,A,-,Y,SD,NA,5,NA,R,11.147,H,NA,R,Y,4,0,1,2,A,-,08,22107,NA,N,F,A,A,D,H,-,A,D,0,NA,NA,Y,NA,Y,NA,C,02,0,0,1,0,0,0,0,0,1,-,-,32.67510986328125,-117.10965728759766,SAN DIEGO,NATIONAL CITY,-117.10951995849608,32.67507553100586
91738781,2022,2022-04-01,9645,2022-03-22,2120,017499,NA,2,2,5,3709,0,1,1,NA,2,009,I-805 SOUTHBOUND,PROSPECT ST. OC,20,S,N,A,-,Y,SD,NA,805,NA,NA,9.478,H,NA,L,Y,4,0,1,2,A,-,03,22350,NA,N,C,C,A,A,H,-,C,D,0,NA,NA,NA,NA,Y,NA,A,07,0,0,1,0,0,0,0,0,0,-,-,32.66596984863281,-117.08007049560548,SAN DIEGO,NATIONAL CITY,-117.08006286621094,32.66597366333008
91739246,2022,2022-04-04,9645,2022-03-20,0059,020515,NA,7,3,7,3711,0,1,1,NA,2,015,I-805 S/B,SR-52 WESTBOUND,282,N,N,C,-,Y,SD,NA,805,NA,NA,23.674,H,NA,L,Y,4,0,1,2,A,-,08,22107,NA,F,E,8,A,B,H,-,D,D,0,NA,NA,NA,Y,Y,NA,-,99,0,0,1,0,0,0,0,0,0,-,-,32.84791946411133,-117.17842864990234,SAN DIEGO,SAN DIEGO,-117.1785125732422,32.84788513183594
91739633,2022,2022-04-04,9650,2022-03-23,1655,021154,NA,3,2,5,3782,0,1,1,NA,2,007,I-5 N/B,LA COSTA AVE,779,S,N,A,-,Y,SD,NA,5,NA,R,43.912,H,NA,R,Y,4,0,2,5,A,-,03,22350,NA,M,C,C,A,A,D,-,A,D,0,NA,NA,NA,NA,Y,NA,D,22,0,0,2,0,0,0,0,0,0,-,-,33.0820198059082,-117.29727172851563,SAN DIEGO,ENCINITAS,-117.29721069335938,33.08203125
91740695,2022,2022-04-05,9645,2022-03-29,1455,018951,NA,2,2,7,3711,0,1,3,NA,2,023,STATE ROUTE 163 (SOUTHBOUND),INTERSTATE 8,0,NA,Y,A,-,Y,SD,NA,163,NA,NA,3.754,H,NA,R,N,4,0,1,2,A,-,03,22350,NA,N,C,C,A,A,H,-,A,D,0,NA,NA,NA,NA,Y,NA,A,01,0,0,1,0,0,0,0,0,0,-,-,32.762821197509766,-117.1635513305664,SAN DIEGO,SAN DIEGO,-117.16334533691406,32.762821197509766
91742655,2022,2022-04-06,9680,2022-01-07,0200,018672,NA,5,3,9,3700,0,1,3,NA,1,052,STATE ROUTE 78,CASNER ROAD,524,E,N,A,-,Y,SD,NA,78,NA,NA,43.85,H,NA,R,N,1,1,0,1,A,-,01,23152,A,N,E,8,A,A,H,-,D,A,0,NA,NA,NA,NA,Y,Y,A,01,0,0,0,0,0,0,0,0,0,-,-,33.07094955444336,-116.76609802246094,SAN DIEGO,UNINCORPORATED,-116.76605987548828,33.071044921875
91743390,2022,2022-04-07,9680,2022-03-25,1850,022183,NA,5,2,5,3708,0,1,1,NA,2,081,I-8 WB TO JACKSON DR,JACKSON DR,300,W,N,A,-,Y,SD,NA,8,NA,NA,11.711,H,NA,L,Y,4,0,1,2,A,-,03,22350,NA,N,C,C,A,A,H,-,A,D,0,NA,NA,NA,NA,Y,NA,A,01,0,0,1,0,0,0,0,0,0,-,-,32.77490997314453,-117.01217651367188,SAN DIEGO,LA MESA,-117.01207733154295,32.77470779418945
9174602,2020,2020-11-20,3711,2020-09-09,2220,SD8404,NA,3,5,7,3711,0,0,0,NA,0,614,SUNSET CLIFFS BL,NIMITZ BL,0,NA,Y,B,-,N,NA,NA,NA,NA,NA,NA,NA,NA,NA,Y,4,0,1,4,A,-,03,22350,NA,M,C,C,A,A,H,-,C,A,0,NA,NA,NA,NA,Y,NA,A,01,0,0,1,0,0,0,0,0,0,-,-,NA,NA,SAN DIEGO,SAN DIEGO,-117.23729705810548,32.754119873046875
91747841,2022,2022-04-14,9645,2022-04-05,2314,021768,NA,2,3,7,3711,0,1,3,NA,2,016,SR-52 E/B,SANTO ROAD,1000,E,N,A,-,Y,SD,NA,52,NA,NA,9.316,H,NA,R,Y,4,0,2,2,A,-,07,21658,A,N,C,C,A,A,H,-,D,D,0,NA,NA,NA,NA,Y,NA,A,01,0,0,2,0,0,0,0,0,0,-,-,32.842830657958984,-117.08722686767578,SAN DIEGO,SAN DIEGO,-117.08724212646484,32.842864990234375
91748751,2022,2022-04-15,9645,2022-04-14,1638,020180,NA,4,2,7,3711,0,1,1,NA,2,003,I-5 S/B,OLD TOWN AVE,1185,S,N,A,-,Y,SD,NA,5,NA,R,18.806,H,NA,L,N,4,0,2,3,A,-,03,22350,NA,N,C,C,A,A,H,-,A,D,0,NA,NA,NA,NA,Y,NA,A,01,0,0,2,0,0,0,0,0,0,-,-,32.74592971801758,-117.1899871826172,SAN DIEGO,SAN DIEGO,-117.19000244140624,32.745906829833984
91748885,2022,2022-04-15,9645,2022-04-11,1014,018393,NA,1,1,7,3711,0,1,1,NA,2,009,INTERSTATE 805 SOUTHBOUND,47TH STREET,380,N,N,B,-,Y,NA,NA,NA,NA,NA,NA,NA,NA,NA,N,3,0,2,2,A,-,08,22107,NA,F,E,8,A,A,H,-,A,A,0,NA,NA,NA,NA,Y,NA,A,01,0,2,0,0,0,0,0,0,0,-,-,NA,NA,SAN DIEGO,SAN DIEGO,NA,NA
91749110,2022,2022-04-15,9645,2022-03-31,1635,016137,NA,4,2,7,3711,0,1,1,NA,2,007,I-5 NORTHBOUND,DEL MAR HEIGHTS RD O/C,500,N,N,B,-,Y,SD,NA,5,NA,R,35.39,H,NA,R,N,4,0,1,2,A,-,03,22350,NA,F,B,C,A,A,H,-,A,D,0,NA,NA,Y,NA,Y,NA,-,99,0,0,1,0,0,0,0,0,1,-,-,32.96778869628906,-117.24819183349608,SAN DIEGO,SAN DIEGO,-117.24836730957033,32.967742919921875
91749661,2022,2022-04-18,9650,2022-04-15,1535,018496,NA,5,2,5,3712,0,1,3,NA,2,019,SR-78 E/B,LAS POSAS ROAD,1500,W,N,A,-,Y,SD,NA,78,NA,NA,10.903,H,NA,R,N,4,0,1,2,A,-,03,22350,NA,N,C,C,A,A,H,-,A,D,0,NA,NA,NA,NA,Y,NA,A,01,0,0,1,0,0,0,0,0,0,-,-,33.14699172973633,-117.19473266601563,SAN DIEGO,SAN MARCOS,-117.1947021484375,33.147010803222656
9174983,2020,2020-12-17,3711,2020-10-23,0640,SD6862,NA,5,5,7,3711,0,0,0,NA,0,515,PACIFIC HWY,PACIFIC HWY 3200,0,NA,N,-,-,N,NA,NA,NA,NA,NA,NA,NA,NA,NA,N,2,0,1,1,A,-,03,22350,NA,N,H,A,A,A,H,-,-,D,0,NA,NA,Y,NA,Y,NA,C,03,1,0,0,0,0,0,0,0,1,-,-,NA,NA,SAN DIEGO,SAN DIEGO,NA,NA