CASE_ID,ACCIDENT_YEAR,PROC_DATE,JURIS,COLLISION_DATE,COLLISION_TIME,OFFICER_ID,REPORTING_DISTRICT,DAY_OF_WEEK,CHP_SHIFT,POPULATION,CNTY_CITY_LOC,SPECIAL_COND,BEAT_TYPE,CHP_BEAT_TYPE,CITY_DIVISION_LAPD,CHP_BEAT_CLASS,BEAT_NUMBER,PRIMARY_RD,SECONDARY_RD,DISTANCE,DIRECTION,INTERSECTION,WEATHER_1,WEATHER_2,STATE_HWY_IND,CALTRANS_COUNTY,CALTRANS_DISTRICT,STATE_ROUTE,ROUTE_SUFFIX,POSTMILE_PREFIX,POSTMILE,LOCATION_TYPE,RAMP_INTERSECTION,SIDE_OF_HWY,TOW_AWAY,COLLISION_SEVERITY,NUMBER_KILLED,NUMBER_INJURED,PARTY_COUNT,PRIMARY_COLL_FACTOR,PCF_CODE_OF_VIOL,PCF_VIOL_CATEGORY,PCF_VIOLATION,PCF_VIOL_SUBSECTION,HIT_AND_RUN,TYPE_OF_COLLISION,MVIW,PED_ACTION,ROAD_SURFACE,ROAD_COND_1,ROAD_COND_2,LIGHTING,CONTROL_DEVICE,CHP_ROAD_TYPE,PEDESTRIAN_ACCIDENT,BICYCLE_ACCIDENT,MOTORCYCLE_ACCIDENT,TRUCK_ACCIDENT,NOT_PRIVATE_PROPERTY,ALCOHOL_INVOLVED,STWD_VEHTYPE_AT_FAULT,CHP_VEHTYPE_AT_FAULT,COUNT_SEVERE_INJ,COUNT_VISIBLE_INJ,COUNT_COMPLAINT_PAIN,COUNT_PED_KILLED,COUNT_PED_INJURED,COUNT_BICYCLIST_KILLED,COUNT_BICYCLIST_INJURED,COUNT_MC_KILLED,COUNT_MC_INJURED,PRIMARY_RAMP,SECONDARY_RAMP,LATITUDE,LONGITUDE,COUNTY,CITY,POINT_X,POINT_Y
91978660,2023,2023-01-26,9645,2023-01-24,810,020515,NA,2,1,5,3709,0,1,1,NA,2,001,I-5 NORTHBOUND,F ST.,69,N,N,A,-,Y,SD,NA,5,NA,NA,8.332,H,NA,R,N,4,0,1,2,A,-,07,21658,A,N,C,C,A,A,H,-,A,D,0,NA,NA,NA,NA,Y,NA,A,01,0,0,1,0,0,0,0,0,0,-,-,32.63637924194336,-117.09855651855467,SAN DIEGO,NATIONAL CITY,-117.09862518310548,32.63636016845703
91980494,2023,2023-01-27,9645,2023-01-21,215,020480,NA,6,3,7,3711,0,1,3,NA,2,023,SR-163 NB FROM GENESEE AVENUE,GENESEE AVENUE,400,N,N,A,-,Y,NA,NA,NA,NA,NA,NA,NA,NA,NA,N,3,0,1,1,A,-,01,23152,A,N,E,I,A,A,H,-,C,D,0,NA,NA,NA,NA,Y,Y,A,07,0,1,0,0,0,0,0,0,0,-,-,32.79330825805664,-117.1576919555664,SAN DIEGO,SAN DIEGO,-117.1576919555664,32.79330825805664
91981825,2023,2023-01-30,9645,2023-01-17,825,019054,NA,2,1,7,3711,0,1,1,NA,2,010,I-8 E/B TO SR-163 N/B,SR-163,150,E,N,B,-,Y,NA,NA,NA,NA,NA,NA,NA,NA,NA,N,3,0,3,2,A,-,03,22350,NA,N,C,C,A,A,H,-,A,D,0,NA,NA,NA,NA,Y,NA,A,01,0,1,2,0,0,0,0,0,0,-,-,32.7689094543457,-117.16153717041016,SAN DIEGO,SAN DIEGO,-117.16317749023438,32.76264190673828
91983139,2022,2023-02-06,9650,2022-12-17,1416,021404,NA,6,2,9,3700,0,3,5,NA,2,231,"MARY LANE, 2600 BLOCK",ORANGEWOOD DRIVE,110,N,N,B,-,N,NA,NA,NA,NA,NA,NA,NA,NA,NA,Y,1,1,0,2,A,-,09,21804,A,N,D,C,A,A,H,-,A,D,0,NA,NA,Y,NA,Y,NA,D,22,0,0,0,0,0,0,0,1,0,-,-,33.09381866455078,-117.04338073730467,SAN DIEGO,UNINCORPORATED,-117.04335784912108,33.09380340576172
91985916,2023,2023-02-03,9650,2023-01-25,815,017392,NA,3,1,5,3701,0,1,1,NA,2,005,I-5 S/B,LA COSTA AVE,5280,N,N,A,-,Y,SD,NA,5,NA,R,44.472,H,NA,L,N,4,0,2,5,A,-,03,22350,NA,N,C,C,A,A,H,-,A,D,0,NA,NA,NA,NA,Y,NA,-,-,0,0,2,0,0,0,0,0,0,-,-,33.08932113647461,-117.3014907836914,SAN DIEGO,CARLSBAD,-117.30154418945313,33.08929443359375
91987508,2023,2023-02-21,9650,2023-01-19,935,017328,NA,4,1,5,3712,0,1,3,NA,2,019,SR-78 W/B,E. MISSION RD.,450,W,N,A,-,Y,SD,NA,78,NA,NA,14.95,H,NA,L,Y,4,0,2,5,A,-,03,22350,NA,N,C,C,A,A,H,-,A,D,0,NA,NA,NA,NA,Y,NA,A,01,0,0,2,0,0,0,0,0,0,-,-,33.13502883911133,-117.130126953125,SAN DIEGO,SAN MARCOS,-117.13011932373048,33.13508605957031
91988685,2023,2023-02-07,9645,2023-02-02,1610,022851,NA,4,2,7,3711,0,1,1,NA,2,030,I-5 SB FROM 28TH STREET,28TH STREET O/C,221,S,N,A,-,Y,SD,NA,5,NA,R,13.355,H,NA,R,Y,4,0,1,1,A,-,08,22107,NA,N,E,I,A,A,H,-,A,D,0,NA,NA,NA,NA,Y,NA,A,01,0,0,1,0,0,0,0,0,0,-,-,32.695098876953125,-117.13327026367188,SAN DIEGO,SAN DIEGO,-117.13335418701172,32.69493103027344
91988705,2023,2023-02-07,9645,2023-02-03,1750,022851,NA,5,2,7,3711,0,1,3,NA,2,002,I-805 SB,H STREET O/C,1431,N,N,A,-,Y,SD,NA,805,NA,NA,7.452,H,NA,L,Y,4,0,1,2,A,-,03,22350,NA,N,C,C,A,A,H,-,D,D,0,NA,NA,NA,NA,Y,NA,A,01,0,0,1,0,0,0,0,0,0,-,-,32.644100189208984,-117.0581283569336,SAN DIEGO,SAN DIEGO,-117.05806732177734,32.644126892089844
91988984,2022,2023-02-07,9645,2022-12-28,2255,021617,NA,3,3,7,3711,0,1,1,NA,2,005,I-5 NB,OLD TOWN AVENUE,1500,N,N,C,-,Y,SD,NA,5,NA,R,19.346,H,NA,R,N,2,0,3,1,A,-,03,22350,NA,N,E,I,A,B,H,-,C,D,0,NA,NA,NA,NA,Y,NA,A,01,2,1,0,0,0,0,0,0,0,-,-,32.75101089477539,-117.19705200195313,SAN DIEGO,SAN DIEGO,-117.19696044921876,32.75106430053711
9198925,2020,2021-02-02,3705,2020-11-21,2125,EC0383,NA,6,5,5,3705,0,0,0,NA,0,003,EAST WASHINGTON AV,SOUTH 3RD ST,0,NA,Y,A,-,N,NA,NA,NA,NA,NA,NA,NA,NA,NA,NA,4,0,1,2,A,-,12,21453,A,M,D,C,A,A,H,-,C,A,0,NA,NA,NA,NA,Y,NA,A,01,0,0,1,0,0,0,0,0,0,-,-,NA,NA,SAN DIEGO,EL CAJON,-116.92700958251952,32.78750991821289
91989516,2023,2023-02-08,9645,2023-02-06,852,016838,NA,1,1,7,3711,0,1,1,NA,2,017,I-15 S/B,MIRMAR ROAD,0,NA,N,A,-,Y,SD,NA,15,NA,M,14.696,H,NA,L,N,4,0,1,3,A,-,03,22350,NA,N,C,C,A,A,H,-,A,D,0,NA,NA,NA,NA,Y,NA,A,01,0,0,1,0,0,0,0,0,0,-,-,32.89902877807617,-117.11685180664063,SAN DIEGO,SAN DIEGO,-117.11666107177734,32.89902877807617
91990538,2023,2023-02-09,9650,2023-01-29,1048,017590,NA,7,1,9,3700,0,3,5,NA,2,070,VIA DE SANTA FE,VIA DE LA VALLE,0,NA,Y,B,-,N,NA,NA,NA,NA,NA,NA,NA,NA,NA,Y,3,0,3,2,A,-,09,21802,B,N,A,C,A,B,H,-,A,A,0,NA,NA,NA,NA,Y,NA,A,01,0,2,1,0,0,0,0,0,0,-,-,33.01408004760742,-117.19904327392578,SAN DIEGO,UNINCORPORATED,-117.19927215576172,33.01531219482422
9199169,2020,2021-03-10,3711,2020-12-02,1415,SD6614,NA,3,5,7,3711,0,0,0,NA,0,124,TORREY PINES RD,TORREY PINES RD 2000,0,NA,Y,A,-,N,NA,NA,NA,NA,NA,NA,NA,NA,NA,N,3,0,1,3,A,-,09,21802,A,N,B,C,A,-,H,-,A,-,0,NA,NA,NA,NA,Y,NA,D,22,0,1,0,0,0,0,0,0,0,-,-,NA,NA,SAN DIEGO,SAN DIEGO,NA,NA
9199173,2020,2021-02-26,3711,2020-12-08,2226,SD1036,NA,2,5,7,3711,0,0,0,NA,0,521,MARKET ST,17TH ST,0,NA,Y,A,-,N,NA,NA,NA,NA,NA,NA,NA,NA,NA,N,4,0,1,2,A,-,08,22107,NA,N,G,G,A,A,H,-,C,D,0,NA,Y,NA,NA,Y,NA,D,22,0,0,1,0,0,0,1,0,0,-,-,NA,NA,SAN DIEGO,SAN DIEGO,-117.14855194091795,32.71154022216797
91992850,2022,2023-02-13,9645,2022-12-06,1945,022948,NA,2,2,7,3711,0,1,1,NA,2,027,I-15 S/B TO I-8 E/B CONNECTOR,I-15,1000,E,N,A,-,Y,SD,NA,8,NA,NA,5.824,H,NA,R,Y,4,0,1,3,A,-,08,22107,NA,M,B,C,A,A,H,-,B,D,0,NA,NA,NA,NA,Y,NA,A,07,0,0,1,0,0,0,0,0,0,-,-,32.77830123901367,-117.10912322998048,SAN DIEGO,SAN DIEGO,-117.109130859375,32.778564453125
91992875,2022,2023-02-13,9645,2022-12-11,0323,022206,NA,7,3,7,3711,0,1,1,NA,2,019,INTERSTATE 15 SOUTHBOUND,CARMEL MOUNTAIN ROAD,2956.8,N,N,B,-,Y,SD,NA,15,NA,M,21.137,H,NA,L,N,1,1,0,2,A,-,11,21954,A,N,G,B,E,A,H,-,D,D,0,Y,NA,NA,NA,Y,NA,N,60,0,0,0,1,0,0,0,0,0,-,-,32.98640060424805,-117.0830307006836,SAN DIEGO,SAN DIEGO,-117.08299255371094,32.98639678955078
91993819,2023,2023-02-14,9650,2023-02-03,1410,022403,NA,5,2,9,3700,0,3,5,NA,2,231,SUMMIT DRIVE,MARY LANE,500,N,N,A,-,N,NA,NA,NA,NA,NA,NA,NA,NA,NA,Y,3,0,1,1,A,-,01,23152,A,N,E,8,A,A,H,-,A,D,0,NA,NA,NA,NA,Y,Y,D,22,0,1,0,0,0,0,0,0,0,-,-,33.10224151611328,-117.04570770263672,SAN DIEGO,UNINCORPORATED,-117.0426788330078,33.097373962402344
91995120,2022,2023-02-15,9680,2022-09-20,1150,020116,NA,2,1,9,3700,0,2,4,NA,1,026,JAMACHA BLVD,GRAND AVE,0,NA,Y,A,-,N,NA,NA,NA,NA,NA,NA,NA,NA,NA,N,4,0,4,2,A,-,03,22350,NA,N,C,C,A,A,H,-,A,A,0,NA,NA,NA,NA,Y,NA,A,01,0,0,4,0,0,0,0,0,0,-,-,32.707950592041016,-116.99758911132813,SAN DIEGO,UNINCORPORATED,-116.9975128173828,32.707855224609375
91996428,2023,2023-02-16,9645,2023-02-11,1454,022765,NA,6,2,7,3711,0,1,3,NA,2,006,SR-94 W/B TO KELTON ROAD,KELTON ROAD,363,E,N,B,-,Y,NA,NA,NA,NA,NA,NA,NA,NA,NA,N,3,0,1,1,A,-,08,22107,NA,N,F,A,A,A,H,-,A,D,0,NA,NA,Y,NA,Y,NA,C,02,0,1,0,0,0,0,0,0,1,-,-,32.72433853149414,-117.0760498046875,SAN DIEGO,SAN DIEGO,-117.0760498046875,32.72433853149414
91999787,2023,2023-02-22,9645,2023-02-12,2027,022021,NA,7,2,7,3711,0,1,1,NA,2,013,I-805 N/B,SR-163,215,S,N,B,C,Y,SD,NA,805,NA,NA,20.528,H,NA,R,Y,4,0,1,1,A,-,03,22350,NA,N,E,I,A,B,H,-,D,D,0,NA,NA,NA,NA,Y,NA,A,01,0,0,1,0,0,0,0,0,0,-,-,32.80809020996094,-117.15234375,SAN DIEGO,SAN DIEGO,-117.15227508544922,32.8081169128418
91999823,2023,2023-02-22,9645,2023-02-15,944,017723,NA,3,1,7,3711,0,1,1,NA,2,009,I-805 S/B,4TH ST O/C,528,S,N,A,-,Y,SD,NA,805,NA,NA,10.819,H,NA,L,Y,4,0,2,1,C,-,18,NA,NA,N,F,A,A,A,H,-,A,D,0,NA,NA,NA,NA,Y,NA,-,-,0,0,2,0,0,0,0,0,0,-,-,32.6838493347168,-117.0888900756836,SAN DIEGO,SAN DIEGO,-117.08876037597656,32.68393325805664
92000370,2023,2023-02-22,9645,2023-02-17,2100,020968,NA,5,2,7,3711,0,1,3,NA,2,020,SR-56 WESTBOUND,.35,0,NA,N,A,-,Y,SD,NA,56,NA,NA,3.451,H,NA,L,N,4,0,1,2,A,-,05,21651,B,M,D,C,A,D,H,-,D,D,0,NA,NA,NA,NA,Y,NA,-,-,0,0,1,0,0,0,0,0,0,-,-,32.954429626464844,-117.18898010253906,SAN DIEGO,SAN DIEGO,-117.18896484375,32.95440673828125
92001204,2023,2023-02-23,9680,2023-02-11,1336,021584,NA,6,1,9,3700,0,2,4,NA,1,095,SAN VICENTE RD,WARNOCK DR,460,N,N,A,-,N,NA,NA,NA,NA,NA,NA,NA,NA,NA,N,4,0,4,2,A,-,03,22350,NA,N,C,C,A,A,H,-,A,A,0,NA,NA,NA,NA,Y,NA,A,01,0,0,4,0,0,0,0,0,0,-,-,33.01612091064453,-116.86659240722656,SAN DIEGO,UNINCORPORATED,-116.86653137207033,33.01607894897461
92005212,2023,2023-02-28,9680,2023-02-15,2225,021839,NA,3,3,9,3700,0,3,5,NA,2,002,HILLSDALE RD,VAKAS ST.,75,W,N,A,-,N,NA,NA,NA,NA,NA,NA,NA,NA,NA,N,3,0,1,3,A,-,03,22350,NA,N,C,C,A,A,H,-,D,D,0,NA,NA,NA,NA,Y,NA,A,07,0,1,0,0,0,0,0,0,0,-,-,32.76213073730469,-116.91661834716795,SAN DIEGO,UNINCORPORATED,-116.91656494140624,32.76214599609375
92007878,2023,2023-03-02,9650,2023-02-25,745,017392,NA,6,1,5,3701,0,1,1,NA,2,005,I-5 N/B,LA COSTA AVE,200,N,N,B,C,Y,SD,NA,5,NA,R,44.136,H,NA,R,N,4,0,1,1,A,-,08,22107,NA,N,F,A,A,B,H,-,A,A,0,NA,NA,NA,NA,Y,NA,A,07,0,0,1,0,0,0,0,0,0,-,-,33.085140228271484,-117.29840850830078,SAN DIEGO,CARLSBAD,-117.29850769042967,33.08509826660156
92007882,2023,2023-03-02,9650,2023-02-25,840,017392,NA,6,1,5,3713,0,1,3,NA,2,017,SR-78 E/B,MELROSE AVE,528,W,N,B,C,Y,SD,NA,78,NA,NA,5.787,H,NA,R,N,4,0,1,1,A,-,03,22350,NA,N,E,I,A,B,H,-,A,D,0,NA,NA,NA,NA,Y,NA,A,01,0,0,1,0,0,0,0,0,0,-,-,33.19395065307617,-117.25701904296876,SAN DIEGO,VISTA,-117.2570571899414,33.19417190551758
92008727,2023,2023-03-03,9645,2023-02-22,2348,022962,NA,3,3,7,3711,0,1,1,NA,2,017,INTERTSTATE 15 NORTHBOUND,STATE ROUTE 52,158,N,N,B,C,Y,SD,NA,15,NA,R,11.22,H,NA,R,Y,3,0,2,2,A,-,01,23152,A,N,C,C,A,B,H,-,D,D,0,NA,NA,NA,NA,Y,Y,A,07,0,1,1,0,0,0,0,0,0,-,-,32.85041046142578,-117.11589813232422,SAN DIEGO,SAN DIEGO,-117.11593627929688,32.85041809082031
92010728,2023,2023-03-06,9650,2023-02-20,1825,021338,NA,1,2,9,3700,0,3,5,NA,1,212,LILAC ROAD,ANTHONY ROAD,0,NA,Y,A,-,N,NA,NA,NA,NA,NA,NA,NA,NA,NA,Y,3,0,2,2,A,-,09,21801,A,N,B,C,A,A,H,-,D,D,0,NA,NA,NA,NA,Y,Y,A,01,0,1,1,0,0,0,0,0,0,-,-,33.23891067504883,-117.05412292480467,SAN DIEGO,UNINCORPORATED,-117.05410766601563,33.238853454589844
92011858,2023,2023-03-07,9645,2023-03-02,125,020997,NA,4,3,7,3711,0,1,3,NA,2,023,SR-163 N/B TO I-8 E/B,SR-163,150,E,N,A,-,Y,NA,NA,NA,NA,NA,NA,NA,NA,NA,N,4,0,1,1,A,-,01,23152,A,N,E,I,A,A,H,-,D,D,0,NA,NA,NA,NA,Y,Y,A,01,0,0,1,0,0,0,0,0,0,-,-,32.76197814941406,-117.16268157958984,SAN DIEGO,SAN DIEGO,-117.16268157958984,32.76197814941406
91974753,2023,2023-01-23,9650,2023-01-14,2110,019480,NA,6,2,9,3700,0,1,1,NA,2,003,I-5 NORTHBOUND,LAS PULGAS ROAD,2150,S,N,C,-,Y,SD,NA,5,NA,R,61.82,H,NA,R,Y,4,0,2,1,A,-,03,22350,NA,N,F,I,A,B,H,-,D,D,0,NA,NA,NA,NA,Y,Y,D,22,0,0,2,0,0,0,0,0,0,-,-,33.29621887207031,-117.46109008789063,SAN DIEGO,UNINCORPORATED,-117.46116638183594,33.29615783691406
91972845,2023,2023-01-20,9645,2023-01-12,1725,022512,NA,4,2,9,3700,0,3,5,NA,2,018,SWEETWATER ROAD,CENTRAL AVENUE,420,W,N,A,-,N,NA,NA,NA,NA,NA,NA,NA,NA,NA,N,4,0,1,2,A,-,03,22350,NA,N,C,C,A,A,H,-,C,D,0,NA,NA,NA,NA,Y,NA,D,22,0,0,1,0,0,0,0,0,0,-,-,32.66781997680664,-117.02635192871094,SAN DIEGO,UNINCORPORATED,-117.02626800537108,32.667816162109375
91972683,2023,2023-01-20,9650,2023-01-10,915,015600,NA,2,1,9,3700,0,2,4,NA,2,061,STAGE COACH RD.,E MISSION ROAD RD.,0,NA,Y,A,-,N,NA,NA,NA,NA,NA,NA,NA,NA,NA,N,4,0,1,2,A,-,08,22107,NA,N,D,C,A,B,H,-,A,D,0,NA,NA,NA,NA,Y,NA,D,22,0,0,1,0,0,0,0,0,0,-,-,33.38848876953125,-117.22786712646484,SAN DIEGO,UNINCORPORATED,-117.22783660888672,33.38850784301758
91972163,2022,2023-01-19,9645,2022-11-06,0458,021617,NA,7,3,7,3711,0,1,1,NA,2,015,I-805 N/B,STATE ROUTE 52,276,N,N,A,-,Y,SD,NA,805,NA,NA,23.677,H,NA,R,N,2,0,3,1,A,-,01,23152,A,N,E,I,A,A,H,-,C,D,0,NA,NA,NA,NA,Y,Y,A,01,1,2,0,0,0,0,0,0,0,-,-,32.847999572753906,-117.1780014038086,SAN DIEGO,SAN DIEGO,-117.17813873291016,32.84793472290039
91970264,2023,2023-01-18,9650,2023-01-02,2005,021404,NA,1,2,9,3700,0,2,4,NA,2,061,SOUTH MISSION ROAD,OVERLAND TRL,528,N,N,B,C,N,NA,NA,NA,NA,NA,NA,NA,NA,NA,Y,2,0,1,3,A,-,08,22107,NA,N,D,E,A,B,H,-,D,D,0,NA,NA,NA,NA,Y,NA,A,01,1,0,0,0,0,0,0,0,0,-,-,33.34387969970703,-117.24138641357422,SAN DIEGO,UNINCORPORATED,-117.24127197265624,33.343894958496094
91968329,2023,2023-01-13,9680,2023-01-03,1505,022106,NA,2,2,9,3700,0,2,4,NA,1,029,CAMPO RD,BONITA ST,7,W,N,B,C,N,NA,NA,NA,NA,NA,NA,NA,NA,NA,N,3,0,1,2,A,-,10,21950,A,N,G,B,B,B,H,-,A,A,0,Y,NA,NA,NA,Y,NA,A,01,0,1,0,0,1,0,0,0,0,-,-,32.74797821044922,-116.98345947265624,SAN DIEGO,UNINCORPORATED,-116.98342895507813,32.74795913696289
91967771,2023,2023-01-13,9645,2023-01-04,920,014461,NA,3,1,7,3711,0,1,1,NA,2,017,I-15 NORTHBOUND,SR-52,1584,N,N,B,-,Y,SD,NA,15,NA,R,10.934,H,NA,R,N,4,0,1,3,A,-,08,22107,NA,N,B,C,A,B,H,-,A,D,0,NA,NA,NA,NA,Y,NA,A,01,0,0,1,0,0,0,0,0,0,-,-,32.8465690612793,-117.11775970458984,SAN DIEGO,SAN DIEGO,-117.11766815185548,32.84653091430664
91966700,2023,2023-01-12,9645,2023-01-03,1055,019712,NA,2,1,7,3711,0,1,1,NA,2,021,SR-15 N/B,SR-94 O/C,275,N,N,B,C,Y,SD,NA,15,NA,NA,2.43,H,NA,R,Y,3,0,1,2,A,-,03,22350,NA,N,C,C,A,B,H,-,A,D,0,NA,NA,NA,NA,Y,NA,A,07,0,1,0,0,0,0,0,0,0,-,-,32.71977996826172,-117.11750793457033,SAN DIEGO,SAN DIEGO,-117.11748504638672,32.71977233886719
91965524,2022,2023-01-11,9645,2022-12-30,0342,017667,NA,5,3,7,3711,0,1,1,NA,2,011,I-15 S/B,MESA COLLEGE AVE.,900,S,N,A,-,Y,SD,NA,805,NA,NA,19.661,H,NA,L,Y,4,0,1,2,A,-,03,22350,NA,N,D,C,A,A,H,-,C,D,0,NA,NA,NA,NA,Y,NA,A,07,0,0,1,0,0,0,0,0,0,-,-,32.795658111572266,-117.14984130859376,SAN DIEGO,SAN DIEGO,-117.14977264404295,32.795658111572266
92013439,2022,2023-03-09,9680,2022-07-24,1045,021584,NA,7,1,9,3700,0,1,3,NA,1,053,STATE ROUTE 76,STATE ROUTE 79,0,NA,Y,A,-,Y,SD,NA,76,NA,NA,52.319,H,NA,R,Y,1,1,1,2,A,-,12,22450,A,N,D,C,A,A,H,-,A,A,0,NA,NA,Y,NA,Y,NA,A,07,0,0,1,0,0,0,0,1,0,-,-,33.19977951049805,-116.71028137207033,SAN DIEGO,UNINCORPORATED,-116.71029663085938,33.19975280761719
92014292,2023,2023-03-10,9680,2023-02-27,1953,022030,NA,1,2,9,3700,0,2,4,NA,1,025,SWEETWATER RD,VALENCIA ST,0,NA,Y,B,-,N,NA,NA,NA,NA,NA,NA,NA,NA,NA,Y,4,0,2,2,A,-,09,21802,A,N,D,C,A,A,H,-,C,A,0,NA,NA,NA,NA,Y,NA,A,01,0,0,2,0,0,0,0,0,0,-,-,32.73469161987305,-117.0144500732422,SAN DIEGO,UNINCORPORATED,-117.01448822021484,32.73461151123047
92015104,2023,2023-03-10,9645,2023-03-08,1405,022851,NA,3,2,7,3711,0,1,1,NA,2,005,I-5 SB,SEAWORLD DRIVE O/C,57,S,N,A,-,Y,SD,NA,5,NA,R,20.798,H,NA,L,Y,4,0,1,1,A,-,08,22107,NA,N,E,I,A,A,H,-,A,D,0,NA,NA,NA,NA,Y,NA,A,01,0,0,1,0,0,0,0,0,0,-,-,32.76961135864258,-117.20681762695313,SAN DIEGO,SAN DIEGO,-117.20668792724608,32.76963424682617
92020051,2023,2023-03-16,9650,2023-03-05,140,022892,NA,7,3,9,3700,0,1,1,NA,2,021,I-15 N/B,DEER SPRINGS RD,1923,S,N,B,-,Y,SD,NA,15,NA,R,36.248,H,NA,R,Y,4,0,1,3,A,-,07,21658,A,N,C,C,A,A,H,-,D,D,0,NA,NA,NA,NA,Y,NA,A,01,0,0,1,0,0,0,0,0,0,-,-,33.19232177734375,-117.12259674072266,SAN DIEGO,UNINCORPORATED,-117.12262725830078,33.19230651855469
92020942,2023,2023-03-17,9650,2023-03-16,135,020254,NA,4,3,9,3700,0,3,5,NA,2,030,N COAST HIGHWAY,HARBOR DR,148,S,N,B,-,N,NA,NA,NA,NA,NA,NA,NA,NA,NA,Y,3,0,1,1,A,-,01,23152,A,N,E,8,A,A,H,-,C,D,0,NA,NA,NA,NA,Y,Y,A,01,0,1,0,0,0,0,0,0,0,-,-,33.20960998535156,-117.38739013671876,SAN DIEGO,UNINCORPORATED,-117.3877410888672,33.20929718017578
9202327,2020,2021-02-17,3711,2020-12-01,1345,SD7851,NA,2,5,7,3711,0,0,0,NA,0,936,CAMINO DEL SUR,SANTE FE RD,274,N,N,A,-,N,NA,NA,NA,NA,NA,NA,NA,NA,NA,N,3,0,1,2,A,-,00,21456,2,N,D,G,A,A,H,-,A,A,0,NA,Y,NA,NA,Y,NA,L,04,0,1,0,0,0,0,1,0,0,-,-,NA,NA,SAN DIEGO,SAN DIEGO,-117.1527862548828,32.957542419433594
92025386,2023,2023-03-22,9650,2023-03-14,755,019426,NA,2,1,5,3782,0,1,1,NA,2,007,I-5 S/B,BIRMINGHAM AVE,1000,N,N,A,-,Y,SD,NA,5,NA,R,39.903,H,NA,L,N,4,0,1,3,A,-,03,22350,NA,F,C,C,A,A,H,-,A,D,0,NA,NA,NA,NA,Y,NA,A,01,0,0,1,0,0,0,0,0,0,-,-,33.02722930908203,-117.27549743652344,SAN DIEGO,ENCINITAS,-117.27554321289063,33.0272102355957
92025735,2023,2023-03-22,9650,2023-03-12,1942,022031,NA,7,2,5,3701,0,1,1,NA,2,005,I-5 N/B,PALOMAR AIRPORT RD,930,S,N,A,-,Y,SD,NA,5,NA,R,46.824,H,NA,R,Y,3,0,1,1,A,-,01,23152,A,N,E,I,A,A,H,-,D,D,0,NA,NA,NA,NA,Y,Y,A,01,0,1,0,0,0,0,0,0,0,-,-,33.11954879760742,-117.32025909423828,SAN DIEGO,CARLSBAD,-117.3203582763672,33.1195068359375
92025940,2023,2023-03-22,9645,2023-03-17,830,018393,NA,5,1,7,3711,0,1,1,NA,2,021,SR-15 S/B,UNIVERSITY AVE O/C,50,S,N,A,-,Y,SD,NA,15,NA,M,4.626,H,NA,L,N,4,0,1,2,A,-,03,22350,NA,N,C,C,A,A,H,-,A,D,0,NA,NA,NA,NA,Y,NA,A,01,0,0,1,0,0,0,0,0,0,-,-,32.749149322509766,-117.10907745361328,SAN DIEGO,SAN DIEGO,-117.10900115966795,32.74915313720703
92027437,2023,2023-03-23,9650,2023-03-23,835,020774,NA,4,1,9,3700,0,3,5,NA,2,230,DEL DIOS RD.,IVY LN,1056,S,N,B,-,N,NA,NA,NA,NA,NA,NA,NA,NA,NA,Y,4,0,1,2,A,-,03,22350,NA,N,C,C,A,B,H,-,A,D,0,NA,NA,NA,NA,Y,NA,D,22,0,0,1,0,0,0,0,0,0,-,-,33.07537841796875,-117.1211395263672,SAN DIEGO,UNINCORPORATED,-117.12039184570313,33.07798385620117
92028094,2023,2023-03-24,9645,2023-02-20,2140,021639,NA,1,2,7,3711,0,1,1,NA,2,007,I-5 S/B,DEL MAR HEIGHTS RD,3600,N,N,B,-,Y,SD,NA,5,NA,R,33.433,H,NA,L,Y,4,0,2,3,A,-,03,22350,NA,N,C,C,A,A,H,-,C,D,0,NA,NA,NA,NA,Y,NA,A,01,0,0,2,0,0,0,0,0,0,-,-,32.9398307800293,-117.24201965332033,SAN DIEGO,SAN DIEGO,-117.2419891357422,32.93983459472656