CASE_ID,ACCIDENT_YEAR,PROC_DATE,JURIS,COLLISION_DATE,COLLISION_TIME,OFFICER_ID,REPORTING_DISTRICT,DAY_OF_WEEK,CHP_SHIFT,POPULATION,CNTY_CITY_LOC,SPECIAL_COND,BEAT_TYPE,CHP_BEAT_TYPE,CITY_DIVISION_LAPD,CHP_BEAT_CLASS,BEAT_NUMBER,PRIMARY_RD,SECONDARY_RD,DISTANCE,DIRECTION,INTERSECTION,WEATHER_1,WEATHER_2,STATE_HWY_IND,CALTRANS_COUNTY,CALTRANS_DISTRICT,STATE_ROUTE,ROUTE_SUFFIX,POSTMILE_PREFIX,POSTMILE,LOCATION_TYPE,RAMP_INTERSECTION,SIDE_OF_HWY,TOW_AWAY,COLLISION_SEVERITY,NUMBER_KILLED,NUMBER_INJURED,PARTY_COUNT,PRIMARY_COLL_FACTOR,PCF_CODE_OF_VIOL,PCF_VIOL_CATEGORY,PCF_VIOLATION,PCF_VIOL_SUBSECTION,HIT_AND_RUN,TYPE_OF_COLLISION,MVIW,PED_ACTION,ROAD_SURFACE,ROAD_COND_1,ROAD_COND_2,LIGHTING,CONTROL_DEVICE,CHP_ROAD_TYPE,PEDESTRIAN_ACCIDENT,BICYCLE_ACCIDENT,MOTORCYCLE_ACCIDENT,TRUCK_ACCIDENT,NOT_PRIVATE_PROPERTY,ALCOHOL_INVOLVED,STWD_VEHTYPE_AT_FAULT,CHP_VEHTYPE_AT_FAULT,COUNT_SEVERE_INJ,COUNT_VISIBLE_INJ,COUNT_COMPLAINT_PAIN,COUNT_PED_KILLED,COUNT_PED_INJURED,COUNT_BICYCLIST_KILLED,COUNT_BICYCLIST_INJURED,COUNT_MC_KILLED,COUNT_MC_INJURED,PRIMARY_RAMP,SECONDARY_RAMP,LATITUDE,LONGITUDE,COUNTY,CITY,POINT_X,POINT_Y
92196405,2023,2023-10-11,9645,2023-09-22,305,021263,NA,5,3,7,3711,0,1,3,NA,2,023,STATE ROUTE 163 SOUTHBOUND,WASHINGTON STREET,20,N,N,A,-,Y,SD,NA,163,NA,NA,2.765,H,NA,L,Y,3,0,1,1,A,-,01,23152,A,N,E,I,A,A,H,-,C,D,0,NA,NA,NA,NA,Y,Y,A,01,0,1,0,0,0,0,0,0,0,-,-,32.7506103515625,-117.15544128417967,SAN DIEGO,SAN DIEGO,-117.15541076660156,32.750614166259766
92196406,2023,2023-10-11,9650,2023-10-01,2200,021992,NA,7,3,9,3700,0,1,1,NA,2,005,I-5 N/B,CANNON ROAD,2640,N,N,A,-,Y,SD,NA,5,NA,R,48.502,H,NA,R,Y,4,0,2,3,A,-,03,22350,NA,N,C,C,A,A,H,-,C,D,0,NA,NA,NA,NA,Y,NA,A,01,0,0,2,0,0,0,0,0,0,-,-,33.14146041870117,-117.33277130126952,SAN DIEGO,UNINCORPORATED,-117.33274841308594,33.14146423339844
92198654,2023,2023-10-13,9645,2023-10-04,648,016138,NA,3,1,7,3711,0,1,1,NA,2,027,SR-15 NORTHBOUND,CAMINO DEL RIO SOUTH,900,S,N,A,-,Y,SD,NA,15,NA,R,5.858,H,NA,R,Y,3,0,1,3,A,-,07,21658,A,N,B,C,A,A,H,-,A,D,0,NA,NA,Y,NA,Y,NA,A,01,0,1,0,0,0,0,0,0,1,-,-,32.77473068237305,-117.1117706298828,SAN DIEGO,SAN DIEGO,-117.11178588867188,32.77473449707031
92198860,2023,2023-10-13,9645,2023-10-04,745,014461,NA,3,1,7,3711,0,1,1,NA,2,017,I-15 NORTHBOUND,CLAIREMONT MESA BLVD.,2112,S,N,A,-,Y,SD,NA,15,NA,R,9.605,H,NA,R,N,4,0,1,2,A,-,03,22350,NA,F,C,C,A,A,H,-,A,D,0,NA,NA,NA,NA,Y,Y,A,01,0,0,1,0,0,0,0,0,0,-,-,32.82822036743164,-117.11743927001952,SAN DIEGO,SAN DIEGO,-117.11746215820313,32.828216552734375
92198866,2023,2023-10-13,9645,2023-10-03,1900,022479,NA,2,2,7,3711,0,1,3,NA,2,002,I-805 N/B,SR-905,870,S,N,A,-,Y,SD,NA,805,NA,NA,1.633,H,NA,R,Y,4,0,2,2,A,-,03,22350,NA,N,C,C,A,A,H,-,D,D,0,NA,NA,NA,NA,Y,NA,A,07,0,0,2,0,0,0,0,0,0,-,-,32.56565856933594,-117.04100036621094,SAN DIEGO,SAN DIEGO,-117.0410385131836,32.56566619873047
92202492,2023,2023-10-18,9645,2023-10-11,940,018646,NA,3,1,7,3711,0,1,1,NA,2,015,I-805 N/B,SR-52,1584,S,N,B,-,Y,SD,NA,805,NA,NA,22.937,H,NA,R,Y,4,0,1,2,A,-,07,21658,A,N,B,C,A,A,H,-,A,D,0,NA,NA,Y,NA,Y,NA,A,01,0,0,1,0,0,0,0,0,1,-,-,32.83837890625,-117.17246246337892,SAN DIEGO,SAN DIEGO,-117.17243194580078,32.8383903503418
92202742,2023,2023-10-18,9645,2023-10-11,1615,022765,NA,3,2,7,3711,0,1,1,NA,2,021,SR-15 N/B,OCEAN VIEW BLVD O/C,764,N,N,A,-,Y,SD,NA,15,NA,R,0.733,H,NA,R,N,3,0,1,2,A,-,03,22350,NA,N,C,C,A,A,H,-,A,D,0,NA,NA,Y,NA,Y,NA,C,02,0,1,0,0,0,0,0,0,1,-,-,32.703330993652344,-117.1206512451172,SAN DIEGO,SAN DIEGO,-117.12062072753906,32.703330993652344
92203767,2023,2023-10-19,9680,2023-10-09,1321,016415,NA,1,1,9,3700,0,3,5,NA,2,001,BRADLEY AVE,GRAVES AVE,454,E,N,A,-,N,NA,NA,NA,NA,NA,NA,NA,NA,NA,Y,4,0,2,2,A,-,09,21804,A,N,D,C,A,A,H,-,A,D,0,NA,NA,NA,NA,Y,NA,A,01,0,0,2,0,0,0,0,0,0,-,-,32.819129943847656,-116.95745086669922,SAN DIEGO,UNINCORPORATED,-116.95748901367188,32.81911087036133
92204187,2023,2024-03-15,9680,2023-08-25,2048,021441,NA,5,2,5,3708,0,1,1,NA,2,081,INTERSTATE 8 WESTBOUND,JACKSON DRIVE,332,E,N,A,-,Y,SD,NA,8,NA,NA,11.842,H,NA,L,Y,1,1,0,1,A,-,03,22350,NA,N,F,A,A,A,H,-,D,D,0,NA,NA,Y,NA,Y,NA,C,02,0,0,0,0,0,0,0,1,0,-,-,32.77552032470703,-117.01004791259766,SAN DIEGO,LA MESA,-117.01001739501952,32.775455474853516
92205963,2023,2023-10-23,9645,2023-10-08,1425,019241,NA,7,2,9,3700,0,3,5,NA,2,024,RANCHO BERNARDO ROAD,RALPHS RANCH ROAD,0,NA,Y,A,-,N,NA,NA,NA,NA,NA,NA,NA,NA,NA,Y,3,0,2,2,A,-,12,21453,A,N,D,C,A,A,H,-,A,A,0,NA,NA,NA,NA,Y,NA,A,07,0,1,1,0,0,0,0,0,0,-,-,33.022518157958984,-117.11537933349608,SAN DIEGO,UNINCORPORATED,-117.11553192138672,33.02252197265625
92206177,2023,2023-10-23,9650,2023-10-13,230,022625,NA,5,3,9,3700,0,1,3,NA,1,028,SR-76 W/B,PALA DEL NORTE,2640,W,N,A,-,Y,SD,NA,76,NA,NA,20.869,H,NA,L,Y,4,0,2,1,A,-,01,23152,A,F,E,I,A,A,H,-,D,D,0,NA,NA,NA,NA,Y,Y,A,01,0,0,2,0,0,0,0,0,0,-,-,33.35036087036133,-117.11318206787108,SAN DIEGO,UNINCORPORATED,-117.11318969726563,33.350379943847656
92206268,2023,2023-10-23,9645,2023-10-10,820,020161,NA,2,1,7,3711,0,1,3,NA,2,002,SR-905 TO CALIENTE AVENUE OFF-RAMP,CALIENTE AVENUE,610,W,N,A,-,Y,SD,NA,905,NA,R,6.598,H,NA,R,N,4,0,1,4,A,-,03,22350,NA,N,C,C,A,A,H,-,A,C,0,NA,NA,NA,NA,Y,NA,A,07,0,0,1,0,0,0,0,0,0,-,-,32.56652069091797,-117.01654052734376,SAN DIEGO,SAN DIEGO,-117.01643371582033,32.56674575805664
92207131,2023,2023-11-29,9645,2023-10-16,1600,022507,NA,1,2,7,3711,0,1,1,NA,2,003,I-5 (SOUTHBOUND),SAMPSON STREET OVERCROSSING,60,S,N,A,-,Y,SD,NA,5,NA,R,13.746,H,NA,R,N,4,0,2,3,A,-,03,22350,NA,N,C,C,A,A,H,-,A,D,0,NA,NA,NA,NA,Y,NA,A,01,0,0,2,0,0,0,0,0,0,-,-,32.698280334472656,-117.13870239257813,SAN DIEGO,SAN DIEGO,-117.13852691650392,32.698448181152344
92208560,2023,2023-12-18,9680,2023-10-13,2220,022554,NA,5,3,9,3700,0,1,3,NA,1,090,SR-67,MT WOODSON RD.,75,S,N,A,-,Y,SD,NA,67,NA,R,18.055,H,NA,R,Y,3,0,1,2,A,-,08,22107,NA,N,B,2,A,A,H,-,D,D,0,NA,NA,NA,NA,Y,NA,D,22,0,1,0,0,0,0,0,0,0,-,-,33.00640869140625,-116.95596313476563,SAN DIEGO,UNINCORPORATED,-116.95582580566406,33.00637435913086
92208746,2023,2023-10-25,9650,2023-10-15,806,015446,NA,7,1,9,3700,0,1,3,NA,2,065,RECHE ROAD,GIRD ROAD,800,E,N,A,-,N,NA,NA,NA,NA,NA,NA,NA,NA,NA,Y,4,0,1,2,A,-,03,22350,NA,N,B,C,A,A,H,-,A,D,0,NA,NA,NA,NA,Y,NA,A,01,0,0,1,0,0,0,0,0,0,-,-,33.361228942871094,-117.20115661621094,SAN DIEGO,UNINCORPORATED,-117.20128631591795,33.36125183105469
92210873,2023,2023-10-27,3711,2023-08-22,824,SD1557,NA,2,5,7,3711,0,0,0,NA,0,313,KEARNY MESA RD,OTHELLO AV,0,NA,Y,A,-,N,NA,NA,NA,NA,NA,NA,NA,NA,NA,N,4,0,1,2,A,-,09,21802,NA,N,D,C,A,A,H,-,A,D,0,NA,NA,NA,NA,Y,NA,-,-,0,0,1,0,0,0,0,0,0,-,-,NA,NA,SAN DIEGO,SAN DIEGO,-117.14965057373048,32.817222595214844
9221115,2021,2021-03-27,3711,2021-02-06,1317,SD8334,NA,6,5,7,3711,0,0,0,NA,0,433,EUCLID AV,WESTOVER PL,0,NA,N,A,-,N,NA,NA,NA,NA,NA,NA,NA,NA,NA,N,4,0,1,2,B,-,22,NA,NA,M,C,C,A,A,H,-,A,D,0,NA,NA,NA,NA,Y,NA,-,99,0,0,1,0,0,0,0,0,0,-,-,NA,NA,SAN DIEGO,SAN DIEGO,-117.08493041992188,32.7247200012207
9221775,2021,2021-03-04,3711,2021-01-31,0830,SD1391,NA,7,5,7,3711,0,0,0,NA,0,436,PARADISE VALLEY RD,MEADOWBROOK DR,0,NA,N,A,-,N,NA,NA,NA,NA,NA,NA,NA,NA,NA,N,4,0,1,2,A,-,08,22107,NA,N,B,-,A,A,-,-,A,A,0,NA,NA,NA,NA,Y,NA,A,01,0,0,1,0,0,0,0,0,0,-,-,NA,NA,SAN DIEGO,SAN DIEGO,-117.02584838867188,32.697513580322266
9221999,2021,2021-03-08,3705,2021-01-27,1752,EC0422,NA,3,5,5,3705,0,0,0,NA,0,002,N MOLLISON,E PARK,141,S,N,A,-,N,NA,NA,NA,NA,NA,NA,NA,NA,NA,N,4,0,1,2,A,-,09,21804,A,N,D,C,A,A,H,-,C,D,0,NA,NA,NA,NA,Y,NA,A,01,0,0,1,0,0,0,0,0,0,-,-,NA,NA,SAN DIEGO,EL CAJON,-116.95098876953124,32.797813415527344
92221722,2023,2023-10-27,9680,2023-10-17,1305,020780,NA,2,1,9,3700,0,3,5,NA,2,002,FURY LANE,AVOCADO SCHOOL RD,0,NA,Y,A,-,N,NA,NA,NA,NA,NA,NA,NA,NA,NA,N,4,0,1,2,A,-,09,21802,A,N,B,C,A,A,H,-,A,A,0,NA,NA,NA,NA,Y,NA,A,01,0,0,1,0,0,0,0,0,0,-,-,32.75136184692383,-116.9607391357422,SAN DIEGO,UNINCORPORATED,-116.96077728271484,32.7513427734375
9222226,2021,2021-03-18,3711,2021-02-28,1352,SD7833,NA,7,5,7,3711,0,0,0,NA,0,112,GENESEE AV,GENESEE AV 4000,0,NA,Y,A,-,N,NA,NA,NA,NA,NA,NA,NA,NA,NA,N,3,0,1,2,A,-,17,21663,NA,N,D,C,A,A,H,-,A,D,0,NA,NA,Y,NA,Y,NA,C,03,0,1,0,0,0,0,0,0,1,-,-,NA,NA,SAN DIEGO,SAN DIEGO,-117.2051010131836,32.85655975341797
9222246,2021,2021-03-24,3710,2021-03-07,1130,OC1493,NA,7,5,6,3710,0,0,0,NA,0,022,RT 76,GUAJOME LAKE RD,210,W,N,B,-,Y,SD,11,76,-,R,7.12,H,-,W,Y,3,0,1,1,A,-,03,22350,NA,N,H,I,A,-,H,-,A,A,0,NA,NA,Y,NA,Y,NA,C,02,0,1,0,0,0,0,0,0,1,-,-,NA,NA,SAN DIEGO,OCEANSIDE,-117.27528381347656,33.248291015625
92222938,2023,2023-10-31,9680,2023-10-18,700,015877,NA,3,1,5,3708,0,1,1,NA,2,081,I-8 W/B,EL CAJON BLVD.,575,E,N,A,-,Y,SD,NA,8,NA,NA,11.236,H,NA,L,N,4,0,1,2,D,-,00,NA,NA,N,C,C,A,A,H,-,A,D,0,NA,NA,NA,NA,Y,NA,-,-,0,0,1,0,0,0,0,0,0,-,-,32.77165985107422,-117.01921844482422,SAN DIEGO,LA MESA,-117.01918029785156,32.7715950012207
92225825,2023,2023-11-01,9680,2023-10-23,1555,023332,NA,1,2,9,3700,0,1,1,NA,2,082,I-8 E/B,2ND STREET,1584,W,N,A,-,Y,SD,NA,8,NA,NA,17.085,H,NA,R,N,4,0,3,4,A,-,03,22350,NA,N,C,C,A,A,H,-,A,D,0,NA,NA,NA,NA,Y,NA,A,07,0,0,3,0,0,0,0,0,0,-,-,32.802940368652344,-116.94051361083984,SAN DIEGO,UNINCORPORATED,-116.94051361083984,32.80293655395508
92226330,2023,2023-11-17,9680,2023-10-23,1715,018801,NA,1,2,9,3700,0,1,3,NA,2,016,SR-67 N/B,PROSPECT AVE O/C,2640,S,N,A,-,Y,SD,NA,67,NA,R,1.473,H,NA,R,Y,4,0,1,2,A,-,03,22350,NA,N,C,C,A,A,H,-,A,D,0,NA,NA,NA,NA,Y,NA,A,01,0,0,1,0,0,0,0,0,0,-,-,32.82419967651367,-116.96150207519533,SAN DIEGO,UNINCORPORATED,-116.96146392822266,32.8242073059082
92226553,2023,2023-11-02,9645,2023-10-25,1655,019241,NA,3,2,7,3711,0,1,3,NA,2,023,I-15 SOUTHBOUND,AERO DRIVE,528,N,N,A,-,Y,SD,NA,15,NA,R,8.655,H,NA,L,Y,4,0,2,2,A,-,03,22350,NA,N,C,C,A,A,H,-,A,D,0,NA,NA,NA,NA,Y,NA,A,07,0,0,2,0,0,0,0,0,0,-,-,32.81454086303711,-117.1148681640625,SAN DIEGO,SAN DIEGO,-117.11497497558594,32.81452560424805
92227361,2023,2023-11-03,9650,2023-10-17,1134,015446,NA,2,1,9,3700,0,1,1,NA,2,023,I-15 SOUTHBOUND,DEL LAGO BLVD O/C,300,S,N,A,-,Y,SD,NA,15,NA,M,27.215,H,NA,L,Y,3,0,3,7,A,-,03,22350,NA,N,C,C,A,A,H,-,A,D,0,NA,NA,NA,Y,Y,NA,A,07,0,2,1,0,0,0,0,0,0,-,-,33.07273864746094,-117.07010650634766,SAN DIEGO,UNINCORPORATED,-117.07008361816406,33.0727424621582
9222768,2021,2021-03-17,3711,2021-01-23,1801,SD6389,NA,6,5,7,3711,0,0,0,NA,0,115,COSTA VERDE BL,PLAZA DE LAS PALMAS,0,NA,Y,C,-,N,NA,NA,NA,NA,NA,NA,NA,NA,NA,N,4,0,1,2,A,-,10,21950,A,N,G,B,B,B,-,-,C,A,0,Y,NA,NA,NA,Y,NA,A,01,0,0,1,0,1,0,0,0,0,-,-,NA,NA,SAN DIEGO,SAN DIEGO,-117.21694183349608,32.8692512512207
9222812,2021,2021-03-18,3705,2021-01-14,1735,EC0383,NA,4,5,5,3705,0,0,0,NA,0,002,GREENFIELD DR,2ND ST,112,W,N,A,-,N,NA,NA,NA,NA,NA,NA,NA,NA,NA,NA,3,0,3,2,A,-,09,21802,A,N,D,C,A,A,H,-,C,D,0,NA,NA,NA,NA,Y,NA,A,07,0,1,2,0,0,0,0,0,0,-,-,NA,NA,SAN DIEGO,EL CAJON,-116.93617248535156,32.81333923339844
92228886,2023,2023-11-06,9645,2023-10-26,1600,022479,NA,4,2,5,3708,0,2,S,NA,2,904,FUERTE DR,GRANDVIEW DR.,510,W,N,A,-,N,NA,NA,NA,NA,NA,NA,NA,NA,NA,Y,3,0,1,3,A,-,03,22350,NA,N,C,C,A,A,H,-,A,D,0,NA,NA,NA,NA,Y,NA,A,01,0,1,0,0,0,0,0,0,0,-,-,32.76742172241211,-116.97295379638672,SAN DIEGO,LA MESA,-116.97293853759766,32.767425537109375
92229269,2023,2023-11-06,9650,2023-10-23,2035,017833,NA,1,2,9,3700,0,1,1,NA,2,007,14000 BLOCK OF VIA DEL CANON,RANCHO RESPOSO,469,N,N,A,-,N,NA,NA,NA,NA,NA,NA,NA,NA,NA,Y,4,0,1,1,A,-,03,22350,NA,N,E,J,A,A,C,-,D,D,0,NA,NA,NA,NA,Y,NA,A,07,0,0,1,0,0,0,0,0,0,-,-,32.984859466552734,-117.2343978881836,SAN DIEGO,UNINCORPORATED,NA,NA
92230364,2023,2023-11-07,9650,2023-11-03,1818,021805,NA,5,2,5,3713,0,1,3,NA,2,017,STATE ROUTE 78 EASTBOUND,CIVIC CENTER DRIVE,630,E,N,A,-,Y,SD,NA,78,NA,NA,7.067,H,NA,R,N,4,0,2,2,A,-,03,22350,NA,N,C,C,A,A,H,-,C,D,0,NA,NA,NA,NA,Y,NA,A,07,0,0,2,0,0,0,0,0,0,-,-,33.18803024291992,-117.2377471923828,SAN DIEGO,VISTA,-117.23773193359376,33.18804931640625
92230518,2023,2023-11-07,9645,2023-10-26,1840,017025,NA,4,2,7,3711,0,1,3,NA,2,023,SR-163,MESA COLLEGE DR.,800,S,N,A,-,Y,SD,NA,163,NA,NA,6.272,H,NA,R,N,4,0,1,4,A,-,04,21703,NA,N,C,C,A,A,H,-,A,D,0,NA,NA,NA,NA,Y,NA,A,01,0,0,1,0,0,0,0,0,0,-,-,32.79827880859375,-117.15688323974608,SAN DIEGO,SAN DIEGO,-117.15660858154295,32.79821014404297
92230920,2023,2023-11-08,9680,2023-10-30,1820,023255,NA,1,2,5,3705,0,1,1,NA,2,081,I-8 E/B,N JOHNSON AVENUE,436,E,N,A,-,Y,SD,NA,8,NA,NA,15.392,H,NA,R,N,3,0,1,2,A,-,08,22107,NA,N,B,C,A,A,H,-,B,D,0,NA,NA,NA,NA,Y,NA,-,-,0,1,0,0,0,0,0,0,0,-,-,32.80289077758789,-116.96958160400392,SAN DIEGO,EL CAJON,-116.96958160400392,32.80294418334961
9223182,2020,2021-02-20,3702,2020-12-19,1838,CV1309,NA,6,5,6,3702,0,0,0,NA,0,041,EAST PALOMAR ST,HERITAGE RD,0,NA,Y,A,-,N,NA,NA,NA,NA,NA,NA,NA,NA,NA,Y,3,0,4,2,A,-,12,21453,A,N,A,C,A,A,H,-,C,A,0,NA,NA,NA,NA,Y,NA,A,01,0,2,2,0,0,0,0,0,0,-,-,NA,NA,SAN DIEGO,CHULA VISTA,-117.00460052490234,32.62118148803711
9223186,2020,2021-02-20,3702,2020-12-28,2103,CV1203,NA,1,5,6,3702,0,0,0,NA,0,013,H ST,4TH AV,3,E,N,C,-,N,NA,NA,NA,NA,NA,NA,NA,NA,NA,Y,4,0,1,2,A,-,05,21651,B,F,D,C,A,B,H,-,C,A,0,NA,NA,NA,NA,Y,NA,A,01,0,0,1,0,0,0,0,0,0,-,-,NA,NA,SAN DIEGO,CHULA VISTA,-117.081298828125,32.63325119018555
9223189,2020,2021-02-20,3702,2020-12-23,2006,CV1308,NA,3,5,6,3702,0,0,0,NA,0,022,PALOMAR ST,5TH AV,47,E,N,A,-,N,NA,NA,NA,NA,NA,NA,NA,NA,NA,Y,4,0,2,2,A,-,01,23152,B,N,C,C,A,A,H,-,C,D,0,NA,NA,Y,NA,Y,Y,C,02,0,0,2,0,0,0,0,0,1,-,-,NA,NA,SAN DIEGO,CHULA VISTA,-117.0744171142578,32.60456085205078
92232448,2023,2023-11-09,9645,2023-10-29,1820,022512,NA,7,2,9,3700,0,3,5,NA,2,018,CENTRAL AVENUE EASTBOUND,AUDUBON CT.,88,W,N,A,-,N,NA,NA,NA,NA,NA,NA,NA,NA,NA,Y,4,0,1,3,A,-,06,21750,NA,N,B,2,A,A,H,-,C,D,0,NA,NA,Y,NA,Y,NA,C,02,0,0,1,0,0,0,0,0,1,-,-,32.67055892944336,-117.0163116455078,SAN DIEGO,UNINCORPORATED,-117.01622009277344,32.67060470581055
92233076,2023,2023-11-13,9650,2023-11-02,2120,022588,NA,4,2,9,3700,0,1,1,NA,2,023,I-15 NB,WEST MISSION RD,405,N,N,A,-,Y,NA,NA,NA,NA,NA,NA,NA,NA,NA,N,3,0,1,2,A,-,08,22107,NA,F,B,C,A,A,H,-,D,D,0,NA,NA,Y,NA,Y,NA,-,99,0,1,0,0,0,0,0,0,1,-,-,33.125701904296875,-117.1038818359375,SAN DIEGO,UNINCORPORATED,-117.10426330566406,33.12557601928711
92235825,2023,2023-11-14,9650,2023-11-05,37,020747,NA,7,3,3,3783,0,1,1,NA,2,007,I-5 N/B,LOMAS SANTA FE DR,972,W,N,E,-,Y,SD,NA,5,NA,R,37.587,H,NA,R,Y,3,0,1,3,A,-,01,23152,A,N,B,C,A,A,H,-,C,D,0,NA,NA,NA,NA,Y,Y,D,22,0,1,0,0,0,0,0,0,0,-,-,32.998619079589844,-117.25691986083984,SAN DIEGO,SOLANA BEACH,-117.25693511962892,32.998619079589844
92238208,2023,2023-11-16,9645,2023-11-02,1930,018678,NA,4,2,6,3702,0,1,3,NA,2,008,SR-54 (E/B),NATIONAL CITY BLVD O/C,900,E,N,A,-,Y,SD,NA,54,NA,NA,0.628,H,NA,R,Y,3,0,1,4,A,-,03,22350,NA,N,C,C,A,A,H,-,C,D,0,NA,NA,NA,NA,Y,NA,A,01,0,1,0,0,0,0,0,0,0,-,-,32.652931213378906,-117.09382629394533,SAN DIEGO,CHULA VISTA,-117.09384155273438,32.6529655456543
92239242,2023,2023-11-17,9650,2023-11-09,1300,017392,NA,4,1,6,3710,0,1,3,NA,2,015,SR-78 E/B,JEFFERSON ST,528,W,N,A,-,Y,SD,NA,78,NA,NA,0.493,H,NA,R,N,4,0,1,2,A,-,03,22350,NA,N,C,C,A,A,H,-,A,D,0,NA,NA,NA,NA,Y,NA,A,01,0,0,1,0,0,0,0,0,0,-,-,33.18069076538086,-117.34417724609376,SAN DIEGO,OCEANSIDE,-117.34418487548828,33.18070602416992
9223950,2021,2021-03-18,3711,2021-01-28,0226,7322,NA,4,5,7,3711,0,0,0,NA,0,934,THREE CANYONS POINT,DEL VINO CT,461,N,N,A,-,N,NA,NA,NA,NA,NA,NA,NA,NA,NA,Y,4,0,2,1,A,-,08,22107,NA,N,E,I,A,A,H,-,D,A,0,NA,NA,NA,NA,Y,Y,-,NA,0,0,2,0,0,0,0,0,0,-,-,NA,NA,SAN DIEGO,SAN DIEGO,-117.18273162841795,32.948028564453125
92239888,2023,2023-11-20,9680,2023-09-28,645,018322,NA,4,1,9,3700,0,2,4,NA,1,020,AVOCADO BOULEVARD,DUTTON DRIVE,0,NA,Y,A,-,N,NA,NA,NA,NA,NA,NA,NA,NA,NA,Y,4,0,1,2,A,-,09,21802,A,N,D,C,A,A,H,-,A,A,0,NA,NA,NA,NA,Y,NA,D,22,0,0,1,0,0,0,0,0,0,-,-,32.76013946533203,-116.96163940429688,SAN DIEGO,UNINCORPORATED,-116.96173095703124,32.760162353515625
92239898,2023,2023-11-20,9680,2023-11-08,1650,019555,NA,3,2,9,3700,0,1,3,NA,2,016,SR-67 N/B,WILLOW RD,565,S,N,A,-,Y,SD,NA,67,NA,R,6.107,H,NA,R,N,4,0,2,2,A,-,03,22350,NA,N,C,C,A,A,H,-,D,D,0,NA,NA,NA,NA,Y,NA,D,22,0,0,2,0,0,0,0,0,0,-,-,32.871891021728516,-116.92373657226563,SAN DIEGO,UNINCORPORATED,-116.92376708984376,32.871883392333984
9224119,2021,2021-03-26,3711,2021-02-09,1630,SD8404,NA,2,5,7,3711,0,0,0,NA,0,614,WEST POINT LOMA,NIMITZ BL,100,E,N,-,-,N,NA,NA,NA,NA,NA,NA,NA,NA,NA,N,4,0,1,2,B,-,22,NA,NA,M,C,C,A,-,-,-,-,D,0,NA,NA,NA,NA,Y,NA,-,99,0,0,1,0,0,0,0,0,0,-,-,NA,NA,SAN DIEGO,SAN DIEGO,-117.23580932617188,32.75132369995117
92241525,2023,2023-11-21,9650,2023-11-07,1556,022965,NA,2,2,9,3700,0,2,4,NA,2,061,E CLEMMENS LN,SOUTH MISSION RD,0,NA,Y,A,-,N,NA,NA,NA,NA,NA,NA,NA,NA,NA,N,3,0,1,2,A,-,08,22107,NA,N,G,B,B,A,H,-,A,A,0,Y,NA,NA,NA,Y,NA,A,07,0,1,0,0,1,0,0,0,0,-,-,33.3692512512207,-117.25106048583984,SAN DIEGO,UNINCORPORATED,-117.25104522705078,33.369327545166016
92242150,2023,2023-11-21,9680,2023-11-11,16,023234,NA,6,3,9,3700,0,2,4,NA,1,025,SWEETWATER RD,TYLER ST,17,S,N,A,-,N,NA,NA,NA,NA,NA,NA,NA,NA,NA,Y,4,0,1,2,A,-,08,22107,NA,N,E,I,A,A,H,-,C,A,0,NA,NA,NA,NA,Y,NA,A,01,0,0,1,0,0,0,0,0,0,-,-,32.730289459228516,-117.01422882080078,SAN DIEGO,UNINCORPORATED,-117.01449584960938,32.730323791503906
92242662,2023,2023-11-22,9645,2023-11-12,705,019054,NA,7,1,7,3711,0,1,1,NA,2,021,SR-15 S/B TO MARKET STREET,MARKET STREET,300,S,N,A,-,Y,NA,NA,NA,NA,NA,NA,NA,NA,NA,N,4,0,1,2,A,-,03,22350,NA,N,D,C,A,A,H,-,A,D,0,NA,NA,NA,NA,Y,NA,A,07,0,0,1,0,0,0,0,0,0,-,-,32.710811614990234,-117.11994171142578,SAN DIEGO,SAN DIEGO,-117.11994171142578,32.710811614990234
92242858,2023,2023-11-22,9645,2023-11-14,1655,019712,NA,2,2,7,3711,0,1,1,NA,2,003,I-5 S/B,PACIFIC HWY O/C,645,S,N,A,-,Y,SD,NA,5,NA,R,17.397,H,NA,L,N,3,0,1,2,A,-,07,21658,A,N,B,C,A,A,H,-,D,D,0,NA,NA,Y,NA,Y,NA,C,02,0,1,0,0,0,0,0,0,1,-,-,32.732479095458984,-117.17243194580078,SAN DIEGO,SAN DIEGO,-117.17244720458984,32.73247146606445