CASE_ID,ACCIDENT_YEAR,PROC_DATE,JURIS,COLLISION_DATE,COLLISION_TIME,OFFICER_ID,REPORTING_DISTRICT,DAY_OF_WEEK,CHP_SHIFT,POPULATION,CNTY_CITY_LOC,SPECIAL_COND,BEAT_TYPE,CHP_BEAT_TYPE,CITY_DIVISION_LAPD,CHP_BEAT_CLASS,BEAT_NUMBER,PRIMARY_RD,SECONDARY_RD,DISTANCE,DIRECTION,INTERSECTION,WEATHER_1,WEATHER_2,STATE_HWY_IND,CALTRANS_COUNTY,CALTRANS_DISTRICT,STATE_ROUTE,ROUTE_SUFFIX,POSTMILE_PREFIX,POSTMILE,LOCATION_TYPE,RAMP_INTERSECTION,SIDE_OF_HWY,TOW_AWAY,COLLISION_SEVERITY,NUMBER_KILLED,NUMBER_INJURED,PARTY_COUNT,PRIMARY_COLL_FACTOR,PCF_CODE_OF_VIOL,PCF_VIOL_CATEGORY,PCF_VIOLATION,PCF_VIOL_SUBSECTION,HIT_AND_RUN,TYPE_OF_COLLISION,MVIW,PED_ACTION,ROAD_SURFACE,ROAD_COND_1,ROAD_COND_2,LIGHTING,CONTROL_DEVICE,CHP_ROAD_TYPE,PEDESTRIAN_ACCIDENT,BICYCLE_ACCIDENT,MOTORCYCLE_ACCIDENT,TRUCK_ACCIDENT,NOT_PRIVATE_PROPERTY,ALCOHOL_INVOLVED,STWD_VEHTYPE_AT_FAULT,CHP_VEHTYPE_AT_FAULT,COUNT_SEVERE_INJ,COUNT_VISIBLE_INJ,COUNT_COMPLAINT_PAIN,COUNT_PED_KILLED,COUNT_PED_INJURED,COUNT_BICYCLIST_KILLED,COUNT_BICYCLIST_INJURED,COUNT_MC_KILLED,COUNT_MC_INJURED,PRIMARY_RAMP,SECONDARY_RAMP,LATITUDE,LONGITUDE,COUNTY,CITY,POINT_X,POINT_Y
9250115,2021,2021-05-03,3711,2021-04-10,2123,SD7593,NA,6,5,7,3711,0,0,0,NA,0,445,EUCLID AV,MARKET ST,70,N,N,B,-,N,NA,NA,NA,NA,NA,NA,NA,NA,NA,N,3,0,1,2,A,-,11,21954,A,N,G,B,D,A,D,-,C,D,0,Y,NA,NA,NA,Y,NA,N,60,0,1,0,0,1,0,0,0,0,-,-,NA,NA,SAN DIEGO,SAN DIEGO,-117.08503723144533,32.71065139770508
9250119,2021,2021-05-11,3708,2021-04-06,1717,LM1276,NA,2,5,5,3708,0,0,0,NA,0,004,SEVERIN DR,RT 8,0,NA,Y,A,-,Y,SD,11,8,-,-,12.778,R,4,E,Y,3,0,2,2,A,-,05,21460,A,N,B,C,A,A,H,-,A,A,0,NA,NA,NA,NA,Y,NA,D,22,0,1,1,0,0,0,0,0,0,-,-,NA,NA,SAN DIEGO,LA MESA,-116.99501800537108,32.77911376953125
9253532,2021,2021-05-06,3711,2021-04-14,2100,SD7959,NA,3,5,7,3711,0,0,0,NA,0,522,5TH AV,E HARBOR DR,25,N,N,A,-,N,NA,NA,NA,NA,NA,NA,NA,NA,NA,N,4,0,4,2,A,-,00,20002,B,M,C,C,A,A,H,-,C,A,0,NA,NA,NA,NA,Y,NA,A,01,0,0,4,0,0,0,0,0,0,-,-,NA,NA,SAN DIEGO,SAN DIEGO,-117.16047668457033,32.70699691772461
9253663,2021,2021-05-06,3700,2021-03-07,0013,SH0055,NA,7,5,4,3720,0,0,0,NA,0,602,MASSACHUSETTS AV,RT 94,0,NA,Y,A,-,Y,SD,11,94,-,-,8.375,R,4,W,Y,3,0,1,2,A,-,01,23152,A,N,D,C,A,A,H,-,C,A,0,NA,NA,Y,Y,Y,Y,C,02,0,1,0,0,0,0,0,0,1,-,WF,NA,NA,SAN DIEGO,LEMON GROVE,-117.04122161865234,32.74488830566406
9254527,2021,2021-04-30,3702,2021-03-17,0931,CV0833,NA,3,5,6,3702,0,0,0,NA,0,042,RAMBLING VISTA,AGATE CRK,140,W,N,A,-,N,NA,NA,NA,NA,NA,NA,NA,NA,NA,Y,4,0,1,2,A,-,08,22107,NA,N,B,C,A,A,H,-,A,D,0,NA,NA,NA,NA,Y,NA,A,01,0,0,1,0,0,0,0,0,0,-,-,NA,NA,SAN DIEGO,CHULA VISTA,-116.93827056884766,32.63797378540039
9255367,2021,2021-05-11,3711,2021-04-15,1203,SD6564,NA,4,5,7,3711,0,0,0,NA,0,611,ROSECRANST ST,JEFFERSON ST,0,NA,Y,A,-,N,NA,NA,NA,NA,NA,NA,NA,NA,NA,N,3,0,2,2,A,-,08,22107,NA,N,A,C,A,A,H,-,A,A,0,NA,NA,NA,NA,Y,NA,A,07,0,1,1,0,0,0,0,0,0,-,-,NA,NA,SAN DIEGO,SAN DIEGO,-117.2018585205078,32.75461959838867
9255801,2021,2021-05-10,3711,2021-05-01,0025,SD8404,NA,6,5,7,3711,0,0,0,NA,0,611,SPORTS ARENA BL,ROSECRANS ST,0,NA,Y,B,-,N,NA,NA,NA,NA,NA,NA,NA,NA,NA,Y,4,0,2,2,A,-,12,21453,A,M,D,C,A,A,H,-,C,A,0,NA,NA,NA,NA,Y,NA,A,01,0,0,2,0,0,0,0,0,0,-,-,NA,NA,SAN DIEGO,SAN DIEGO,-117.20494079589844,32.751529693603516
9256163,2021,2023-06-21,3711,2021-04-17,0915,SD5985,NA,6,5,7,3711,0,0,0,NA,0,116,CLAIREMONT DR,IROQUOIS AV,267,S,N,A,-,N,NA,NA,NA,NA,NA,NA,NA,NA,NA,N,1,1,0,2,A,-,11,21954,A,F,G,B,D,A,H,-,A,D,0,Y,NA,NA,NA,Y,NA,N,60,0,0,0,1,0,0,0,0,0,-,-,NA,NA,SAN DIEGO,SAN DIEGO,-117.19316864013672,32.79671096801758
9256186,2021,2023-06-21,3711,2021-03-21,1237,SD7322,NA,7,5,7,3711,0,0,0,NA,0,232,BERNARDO HEIGHTS PKWY,AVENIDA VENUSTO,722,W,N,A,-,N,NA,NA,NA,NA,NA,NA,NA,NA,NA,Y,1,1,0,3,A,-,08,22107,NA,N,C,E,A,A,H,-,D,D,0,NA,NA,NA,Y,Y,Y,A,01,0,0,0,0,0,0,0,0,0,-,-,NA,NA,SAN DIEGO,SAN DIEGO,-117.07716369628906,33.00899124145508
9256252,2021,2023-06-21,3711,2021-04-11,2200,SD5600,NA,7,5,7,3711,0,0,0,NA,0,313,CLAIREMONT MESA BL,OVERLAND AV,23,E,N,A,-,N,NA,NA,NA,NA,NA,NA,NA,NA,NA,N,1,1,0,2,A,-,11,21954,A,N,G,B,D,A,H,-,C,A,0,Y,NA,NA,NA,Y,NA,N,60,0,0,0,1,0,0,0,0,0,-,-,NA,NA,SAN DIEGO,SAN DIEGO,-117.13093566894533,32.83134078979492
9256355,2021,2023-06-22,3711,2021-03-18,1800,SD7461,NA,4,5,7,3711,0,0,0,NA,0,713,1200 OTAY VALLEY RD,CORPORATE CENTER DR,241,N,N,A,-,N,NA,NA,NA,NA,NA,NA,NA,NA,NA,Y,1,1,0,3,A,-,03,22350,NA,N,D,C,A,A,H,-,A,D,0,NA,NA,Y,NA,Y,Y,C,02,0,0,0,0,0,0,0,1,0,-,-,NA,NA,SAN DIEGO,SAN DIEGO,-116.998553,32.573027
9256445,2021,2021-08-05,3711,2021-07-20,0730,SD5600,NA,2,5,7,3711,0,0,0,NA,0,531,2300 PERSHING DR,SAN DIEGO VELODROME ENTRANCE,437,N,N,A,-,N,NA,NA,NA,NA,NA,NA,NA,NA,NA,Y,1,1,0,2,A,-,08,22107,NA,N,C,G,A,A,H,-,A,D,0,NA,Y,NA,NA,Y,NA,A,01,0,0,0,0,0,1,0,0,0,-,-,NA,NA,SAN DIEGO,SAN DIEGO,-117.13734436035156,32.73193359375
9256730,2021,2021-06-21,3711,2021-06-02,1638,SD7686,NA,3,5,7,3711,0,0,0,NA,0,234,WEST BERNARDO DR,RANCHO BERNARDO RD,0,NA,Y,A,-,N,NA,NA,NA,NA,NA,NA,NA,NA,NA,Y,3,0,2,2,A,-,09,21804,A,N,B,C,A,A,H,-,A,A,0,NA,NA,NA,NA,Y,NA,A,01,0,1,1,0,0,0,0,0,0,-,-,NA,NA,SAN DIEGO,SAN DIEGO,-117.0821533203125,33.02376174926758
9256997,2021,2021-05-12,3711,2021-05-04,2238,SD8404,NA,2,5,7,3711,0,0,0,NA,0,624,PARK BL,HOWARD AV,18,N,N,B,-,N,NA,NA,NA,NA,NA,NA,NA,NA,NA,N,3,0,1,2,A,-,21,22106,NA,N,H,B,A,A,H,-,C,A,0,NA,NA,NA,NA,Y,NA,M,94,0,1,0,0,0,0,0,0,0,-,-,NA,NA,SAN DIEGO,SAN DIEGO,-117.14642333984376,32.75407791137695
92572019,2024,2024-07-23,9650,2024-07-18,1410,021992,NA,4,2,9,3700,0,3,5,NA,2,191,HARMONY GROVE RD,WILD WILLOW HOLLOW ROAD,3168,W,N,A,-,N,NA,NA,NA,NA,NA,NA,NA,NA,NA,Y,4,0,1,2,A,-,08,22107,NA,N,E,I,A,A,H,-,A,D,0,NA,NA,NA,NA,Y,NA,A,08,0,0,1,0,0,0,0,0,0,-,-,33.08354949951172,-117.15495300292967,SAN DIEGO,UNINCORPORATED,-117.15338897705078,33.08565902709961
9257541,2021,2021-05-03,3711,2021-04-10,2005,SD6146,NA,6,5,7,3711,0,0,0,NA,0,521,MARKET ST,15TH ST,192,W,N,A,-,N,NA,NA,NA,NA,NA,NA,NA,NA,NA,N,2,0,1,2,A,-,11,21954,A,N,G,B,D,A,H,-,C,D,0,Y,NA,NA,NA,Y,NA,N,60,1,0,0,0,1,0,0,0,0,-,-,NA,NA,SAN DIEGO,SAN DIEGO,-117.1510009765625,32.71153259277344
9258984,2021,2021-05-12,3711,2021-04-27,0907,SD7896,NA,2,5,7,3711,0,0,0,NA,0,231,POWAY RD,SPRINGBROOK DR,0,NA,Y,A,-,N,NA,NA,NA,NA,NA,NA,NA,NA,NA,N,4,0,1,2,A,-,09,21453,C,N,D,C,A,A,H,-,C,A,0,NA,NA,NA,NA,Y,NA,A,01,0,0,1,0,0,0,0,0,0,-,-,NA,NA,SAN DIEGO,SAN DIEGO,-117.083984375,32.94557189941406
9259427,2021,2021-05-19,3711,2021-05-09,0130,6499,NA,7,5,7,3711,0,0,0,NA,0,451,54TH ST,COLLEGE GROVE DR,0,NA,Y,A,-,N,NA,NA,NA,NA,NA,NA,NA,NA,NA,Y,3,0,1,2,A,-,08,22107,NA,N,C,C,A,A,H,-,C,A,0,NA,NA,NA,NA,Y,Y,A,01,0,1,0,0,0,0,0,0,0,-,-,NA,NA,SAN DIEGO,SAN DIEGO,-117.07965087890624,32.735862731933594
9260101,2021,2021-05-20,3700,2021-04-21,1645,SH2439,NA,3,5,5,3713,0,0,0,NA,0,305,NORTH SANTA FE AV,W INDIAN ROCK RD,245,N,N,B,-,N,NA,NA,NA,NA,NA,NA,NA,NA,NA,N,4,0,1,2,A,-,04,21703,NA,N,C,C,A,B,H,-,A,D,0,NA,NA,NA,NA,Y,NA,A,01,0,0,1,0,0,0,0,0,0,-,-,NA,NA,SAN DIEGO,VISTA,-117.24494171142578,33.2181396484375
92601685,2024,2024-07-25,9650,2024-07-15,1600,022588,NA,1,2,9,3700,0,1,3,NA,1,028,SR-76,PALA MISSION RD,1000,E,N,A,-,Y,SD,NA,76,NA,NA,24.378,H,NA,R,N,4,0,1,2,A,-,16,24002,A,N,A,C,A,A,H,-,A,D,0,NA,NA,NA,NA,Y,NA,E,22,0,0,1,0,0,0,0,0,0,-,-,33.36404037475586,-117.0619888305664,SAN DIEGO,UNINCORPORATED,-117.0619888305664,33.364044189453125
92601688,2024,2024-07-25,9650,2024-07-20,1030,022403,NA,6,1,9,3700,0,3,5,NA,2,006,DE LUZ MURRIETA RD,KINGS CIR,2112,S,N,A,-,N,NA,NA,NA,NA,NA,NA,NA,NA,NA,N,4,0,1,1,A,-,03,22350,NA,N,F,0,A,B,F,-,A,D,0,NA,NA,Y,NA,Y,NA,C,02,0,0,1,0,0,0,0,0,1,-,-,33.4605712890625,-117.28890228271484,SAN DIEGO,UNINCORPORATED,NA,NA
92602202,2024,2024-07-25,9680,2024-07-15,1350,021353,NA,1,1,9,3700,0,1,3,NA,2,027,SR-94 E/B,JAMACHA BOULEVARD,70,W,N,A,-,Y,SD,NA,94,NA,NA,14.303,H,NA,R,N,4,0,1,2,A,-,21,22106,NA,N,C,C,A,A,H,-,A,A,0,NA,NA,NA,NA,Y,NA,D,22,0,0,1,0,0,0,0,0,0,-,-,32.740108489990234,-116.9520263671875,SAN DIEGO,UNINCORPORATED,-116.95205688476563,32.74007034301758
9261064,2021,2021-07-07,3711,2021-06-10,0800,SD4691,NA,4,5,7,3711,0,0,0,NA,0,246,SCRIPPS POWAY PKWY,SCRIPPS POWAY PKWY 10300,0,NA,N,A,-,N,NA,NA,NA,NA,NA,NA,NA,NA,NA,Y,4,0,1,2,A,-,09,21804,A,N,C,C,A,A,H,-,A,D,0,NA,NA,NA,NA,Y,NA,A,01,0,0,1,0,0,0,0,0,0,-,-,NA,NA,SAN DIEGO,SAN DIEGO,-117.11064910888672,32.93648910522461
9261068,2021,2021-07-07,3711,2021-06-16,1552,SD1217,NA,3,5,7,3711,0,0,0,NA,0,614,SARATOGA  AV,SUNSET AV,0,NA,Y,A,-,N,NA,NA,NA,NA,NA,NA,NA,NA,NA,Y,3,0,1,2,A,-,08,38314,NA,N,D,C,A,A,H,-,A,A,0,NA,NA,NA,NA,Y,NA,A,01,0,1,0,0,0,0,0,0,0,-,-,NA,NA,SAN DIEGO,SAN DIEGO,NA,NA
9261070,2021,2021-07-07,3711,2021-06-10,2000,SD7697,NA,4,5,7,3711,0,0,0,NA,0,612,CHATSWORTH BL,DEL MAR AV,0,NA,Y,A,-,N,NA,NA,NA,NA,NA,NA,NA,NA,NA,N,3,0,1,2,A,-,12,22450,A,M,C,A,A,A,H,-,D,D,0,NA,NA,Y,NA,Y,NA,-,NA,0,1,0,0,0,0,0,0,1,-,-,NA,NA,SAN DIEGO,SAN DIEGO,-117.23908996582033,32.731651306152344
9261220,2021,2021-05-21,3700,2021-03-09,1219,SH0055,NA,2,5,4,3720,0,0,0,NA,0,602,MASSACHUSETTS AV,RT 94,0,NA,Y,A,-,Y,SD,11,94,-,-,8.293,R,4,W,N,3,0,1,2,A,-,12,21453,A,N,D,C,A,A,H,-,A,A,0,NA,NA,NA,NA,Y,NA,A,07,0,1,0,0,0,0,0,0,0,-,WF,NA,NA,SAN DIEGO,LEMON GROVE,-117.04261016845705,32.74491500854492
9261453,2021,2021-05-21,3711,2021-04-21,0550,SD7909,NA,3,5,7,3711,0,0,0,NA,0,934,EL CAMINIO REAL,RT 56,0,NA,Y,B,-,Y,SD,11,56,-,-,0.422,R,4,E,N,4,0,1,2,A,-,08,22107,NA,N,B,G,A,A,H,-,A,A,0,NA,Y,NA,NA,Y,NA,L,04,0,0,1,0,0,0,1,0,0,-,EO,NA,NA,SAN DIEGO,SAN DIEGO,-117.23528289794922,32.934757232666016
9262223,2021,2021-05-06,3711,2021-03-02,2109,SD6996,NA,2,5,7,3711,0,0,0,NA,0,114,GENESEE AV,CHATEAU DR,1100,N,N,A,-,N,NA,NA,NA,NA,NA,NA,NA,NA,NA,N,3,0,1,2,A,-,11,21954,A,N,A,B,D,B,H,-,C,D,0,Y,NA,NA,NA,Y,Y,N,60,0,1,0,0,1,0,0,0,0,-,-,NA,NA,SAN DIEGO,SAN DIEGO,-117.19485473632813,32.83129119873047
9262990,2021,2021-05-10,3711,2021-04-22,0752,SD7648,NA,4,5,7,3711,0,0,0,NA,0,115,GENESEE AV,NOBEL DR,0,NA,Y,B,-,N,NA,NA,NA,NA,NA,NA,NA,NA,NA,Y,4,0,2,2,A,-,12,21453,A,N,D,C,A,A,H,-,A,A,0,NA,NA,NA,NA,Y,NA,A,01,0,0,2,0,0,0,0,0,0,-,-,NA,NA,SAN DIEGO,SAN DIEGO,-117.2136688232422,32.86689376831055
9263445,2021,2021-05-17,3705,2021-04-10,1719,EC0219,NA,6,5,5,3705,0,0,0,NA,0,001,B MAGNOLIA AV,COOGAN WY,218,S,N,A,-,N,NA,NA,NA,NA,NA,NA,NA,NA,NA,Y,2,0,1,1,A,-,07,21658,A,N,H,J,A,A,H,-,A,D,0,NA,NA,Y,NA,Y,NA,C,02,1,0,0,0,0,0,0,0,1,-,-,NA,NA,SAN DIEGO,EL CAJON,-116.96275329589844,32.80940246582031
9263889,2021,2021-06-04,3711,2021-04-27,1712,SD1144,NA,2,5,7,3711,0,0,0,NA,0,616,ROSECRANS ST,ROSECRANS ST 500,0,NA,Y,A,-,N,NA,NA,NA,NA,NA,NA,NA,NA,NA,N,4,0,1,2,A,-,08,38314,NA,M,D,C,A,A,H,-,A,D,0,NA,NA,Y,NA,Y,NA,-,99,0,0,1,0,0,0,0,0,1,-,-,NA,NA,SAN DIEGO,SAN DIEGO,-117.22275543212892,32.732215881347656
9264983,2021,2021-05-21,3710,2021-04-14,1438,OC1489,NA,3,5,6,3710,0,0,0,NA,0,011,MISSION AV,BARNWELL,114,W,N,A,-,N,NA,NA,NA,NA,NA,NA,NA,NA,NA,N,4,0,1,4,A,-,09,21802,A,N,C,C,A,A,H,-,A,D,0,NA,NA,NA,NA,Y,NA,A,01,0,0,1,0,0,0,0,0,0,-,-,NA,NA,SAN DIEGO,OCEANSIDE,-117.35051727294922,33.211219787597656
9265970,2021,2021-05-27,3708,2021-04-27,1013,1225,NA,2,5,5,3708,0,0,0,NA,0,001,EL CAJON BL,BALTIMORE DR,363,W,N,A,-,N,NA,NA,NA,NA,NA,NA,NA,NA,NA,N,4,0,1,2,A,-,09,21802,B,N,D,G,A,A,H,-,A,D,0,NA,Y,NA,NA,Y,NA,A,01,0,0,1,0,0,0,1,0,0,-,-,NA,NA,SAN DIEGO,LA MESA,-117.02619171142578,32.769508361816406
9267700,2021,2021-05-26,3711,2021-05-12,1618,7874,NA,3,5,7,3711,0,0,0,NA,0,123,WEST MISSION BAY DR,WEST MISSION BAY DR 2300,0,NA,Y,B,-,N,NA,NA,NA,NA,NA,NA,NA,NA,NA,N,3,0,1,2,A,-,04,21703,NA,N,C,C,A,A,H,-,A,D,0,NA,NA,NA,NA,Y,NA,-,NA,0,1,0,0,0,0,0,0,0,-,-,NA,NA,SAN DIEGO,SAN DIEGO,-117.21102905273438,32.79828643798828
9268162,2021,2021-07-12,3709,2021-05-06,2009,NC0535,NA,4,5,5,3709,0,0,0,NA,0,023,SWEETWATER RD,SWEETWATER RD 1700 BLOCK,0,NA,-,A,-,N,NA,NA,NA,NA,NA,NA,NA,NA,NA,Y,3,0,1,2,A,-,00,23136,A,M,D,C,A,A,H,-,C,D,0,NA,NA,NA,NA,Y,Y,A,01,0,1,0,0,0,0,0,0,0,-,-,NA,NA,SAN DIEGO,NATIONAL CITY,NA,NA
9268370,2021,2021-06-01,3711,2021-05-16,0215,SD8404,NA,7,5,7,3711,0,0,0,NA,0,624,PARK BL,EL CAJON BL,0,NA,Y,B,-,N,NA,NA,NA,NA,NA,NA,NA,NA,NA,Y,4,0,1,2,A,-,12,21453,A,N,D,C,A,A,H,-,C,A,0,NA,NA,NA,NA,Y,Y,D,22,0,0,1,0,0,0,0,0,0,-,-,NA,NA,SAN DIEGO,SAN DIEGO,-117.14630126953124,32.75532150268555
9268590,2021,2021-05-28,3711,2021-04-27,1535,SD7461,NA,2,5,7,3711,0,0,0,NA,0,521,BROADWAY,BROADWAY 1500,0,NA,Y,A,-,N,NA,NA,NA,NA,NA,NA,NA,NA,NA,Y,4,0,2,3,A,-,12,22450,A,N,D,C,A,A,H,-,A,A,0,NA,NA,NA,NA,Y,NA,A,01,0,0,2,0,0,0,0,0,0,-,-,NA,NA,SAN DIEGO,SAN DIEGO,-117.12612915039063,32.71466827392578
9268664,2021,2021-05-25,3700,2021-04-24,0706,SH7085,NA,6,5,5,3713,0,0,0,NA,0,308,NORTH EMERALD DR,DATE ST,0,NA,Y,B,-,N,NA,NA,NA,NA,NA,NA,NA,NA,NA,Y,4,0,1,1,A,-,05,21650,NA,N,E,I,A,A,H,-,A,A,0,NA,NA,NA,NA,Y,NA,A,01,0,0,1,0,0,0,0,0,0,-,-,NA,NA,SAN DIEGO,VISTA,-117.27951049804688,33.19343185424805
9268873,2021,2021-06-09,3711,2021-05-12,1055,SD1309,NA,3,5,7,3711,0,0,0,NA,0,232,HIGHLAND RANCH RD,TED WILLIAMS PKWY,0,NA,Y,A,-,N,NA,NA,NA,NA,NA,NA,NA,NA,NA,Y,4,0,1,2,A,-,12,21453,A,N,D,C,A,A,H,-,A,A,0,NA,NA,NA,Y,Y,NA,A,01,0,0,1,0,0,0,0,0,0,-,-,NA,NA,SAN DIEGO,SAN DIEGO,-117.06822967529295,32.973751068115234
9268955,2021,2021-05-27,3711,2021-04-19,2221,SD6210,NA,1,5,7,3711,0,0,0,NA,0,122,INGRAHAM ST,FORTUNA AV,54,N,N,A,-,N,NA,NA,NA,NA,NA,NA,NA,NA,NA,N,2,0,1,2,A,-,00,21760,NA,F,C,G,A,A,H,-,E,D,0,NA,Y,NA,NA,Y,NA,A,07,1,0,0,0,0,0,1,0,0,-,-,NA,NA,SAN DIEGO,SAN DIEGO,-117.23865509033205,32.792484283447266
9269013,2021,2021-05-26,3711,2021-05-13,2059,6063,NA,4,5,7,3711,0,0,0,NA,0,114,CLAIREMONT DR,MERRIMACK,640,S,N,B,-,N,NA,NA,NA,NA,NA,NA,NA,NA,NA,Y,2,0,1,2,A,-,09,21804,A,N,D,C,A,A,H,-,C,D,0,NA,NA,Y,NA,Y,Y,A,01,1,0,0,0,0,0,0,0,1,-,-,NA,NA,SAN DIEGO,SAN DIEGO,-117.204452,32.832296
9269940,2021,2021-06-17,3702,2021-03-21,1350,CV0912,NA,7,5,6,3702,0,0,0,NA,0,021,INDUSTRIAL BL,RT 56,0,NA,Y,A,-,Y,SD,11,5,-,-,6.57,R,4,N,Y,3,0,1,2,A,-,09,21800,C,F,D,C,A,A,H,-,A,A,0,NA,NA,Y,NA,Y,NA,D,22,0,1,0,0,0,0,0,0,1,-,NF,NA,NA,SAN DIEGO,CHULA VISTA,-117.09072875976563,32.611778259277344
9270398,2021,2021-06-09,3702,2021-05-02,0925,1325,NA,7,5,6,3702,0,0,0,NA,0,014,E J ST,HILLTOP,0,NA,Y,B,C,N,NA,NA,NA,NA,NA,NA,NA,NA,NA,N,4,0,1,1,A,-,03,22350,NA,N,H,A,A,B,H,-,A,A,0,NA,Y,NA,NA,Y,NA,L,04,0,0,1,0,0,0,1,0,0,-,-,NA,NA,SAN DIEGO,CHULA VISTA,-117.06227111816406,32.63086700439453
9270440,2021,2021-06-04,3710,2021-05-15,0430,OC1479,NA,6,5,6,3710,0,0,0,NA,0,010,MISSION AV,MESA DR,95,E,N,A,-,N,NA,NA,NA,NA,NA,NA,NA,NA,NA,Y,3,0,1,1,B,-,22,NA,NA,N,E,I,A,A,H,-,C,A,0,NA,NA,NA,NA,Y,NA,A,01,0,1,0,0,0,0,0,0,0,-,-,NA,NA,SAN DIEGO,OCEANSIDE,-117.35898590087892,33.208656311035156
9270463,2021,2021-06-08,3711,2021-05-12,1621,SD7966,NA,3,5,7,3711,0,0,0,NA,0,445,EUCLID AV,GUYMON ST,137,S,N,B,-,N,NA,NA,NA,NA,NA,NA,NA,NA,NA,Y,3,0,1,2,A,-,-,NA,NA,N,C,C,A,A,D,-,A,A,0,NA,NA,NA,NA,Y,NA,A,01,0,1,0,0,0,0,0,0,0,-,-,NA,NA,SAN DIEGO,SAN DIEGO,-117.08505249023438,32.712013244628906
9270696,2021,2021-06-04,3702,2021-04-09,0818,CV1322,NA,5,5,6,3702,0,0,0,NA,0,022,QUINTARD ST,SECOND ST,200,E,N,A,-,N,NA,NA,NA,NA,NA,NA,NA,NA,NA,N,3,0,1,2,A,-,03,22350,NA,F,G,B,D,A,H,-,C,D,0,Y,NA,NA,NA,Y,NA,-,99,0,1,0,0,1,0,0,0,0,-,-,NA,NA,SAN DIEGO,CHULA VISTA,-117.0603485107422,32.604644775390625
9270967,2021,2021-06-02,3700,2021-05-09,2125,SH2439,NA,7,5,5,3713,0,0,0,NA,0,303,EAST VISTA WY,EAST BOBIER DR,33,N,N,A,-,N,NA,NA,NA,NA,NA,NA,NA,NA,NA,Y,4,0,3,2,A,-,08,22107,NA,N,F,C,A,A,H,-,C,A,0,NA,NA,NA,NA,Y,NA,A,01,0,0,3,0,0,0,0,0,0,-,-,NA,NA,SAN DIEGO,VISTA,-117.22621154785156,33.21733093261719
9271903,2021,2021-06-15,3700,2021-05-26,1704,SH0817,NA,3,5,5,3712,0,0,0,NA,0,352,W BORDEN RD,NORTH TWIN OAKS VALLEY DR,400,W,N,A,-,N,NA,NA,NA,NA,NA,NA,NA,NA,NA,N,4,0,1,2,A,-,21,22106,NA,N,C,C,A,A,H,-,A,A,0,NA,NA,NA,NA,Y,NA,D,22,0,0,1,0,0,0,0,0,0,-,-,NA,NA,SAN DIEGO,SAN MARCOS,-117.1630401611328,33.15098190307617
9271936,2021,2021-06-10,3711,2021-05-28,2300,SD7780,NA,5,5,7,3711,0,0,0,NA,0,523,BROADWAY,4TH AV,0,NA,Y,A,-,N,NA,NA,NA,NA,NA,NA,NA,NA,NA,Y,4,0,1,2,A,-,12,21453,A,M,D,C,A,A,H,-,C,A,0,NA,NA,NA,NA,Y,NA,A,01,0,0,1,0,0,0,0,0,0,-,-,NA,NA,SAN DIEGO,SAN DIEGO,-117.16105651855467,32.715694427490234
9271976,2021,2021-06-29,3711,2021-05-28,1251,SD7570,NA,5,5,7,3711,0,0,0,NA,0,712,EAST SAN YSIDRO BL,E SAN YSIDRO BL 510,500,NA,N,A,-,N,NA,NA,NA,NA,NA,NA,NA,NA,NA,N,4,0,1,2,D,-,00,NA,NA,N,G,B,D,A,H,-,A,D,0,Y,NA,NA,NA,Y,NA,-,-,0,0,1,0,1,0,0,0,0,-,-,NA,NA,SAN DIEGO,SAN DIEGO,-117.02951049804688,32.545135498046875
9272778,2021,2021-06-22,3700,2021-05-06,1553,SH0214,NA,4,5,4,3720,0,0,0,NA,0,601,BROADWAY,MASSACHUSETTS AV,227,W,N,A,-,N,NA,NA,NA,NA,NA,NA,NA,NA,NA,N,3,0,1,2,A,-,11,21954,A,N,G,B,D,A,H,-,A,A,0,Y,NA,NA,Y,Y,NA,N,60,0,1,0,0,1,0,0,0,0,-,-,NA,NA,SAN DIEGO,LEMON GROVE,-117.04359436035156,32.742469787597656
9273261,2021,2021-07-14,3711,2021-06-04,1600,SD7885,NA,5,5,7,3711,0,0,0,NA,0,627,WEST WASHINGTON ST,DOVE ST,0,NA,Y,A,-,N,NA,NA,NA,NA,NA,NA,NA,NA,NA,Y,4,0,1,3,A,-,09,21801,A,N,D,C,A,A,H,-,-,A,0,NA,NA,NA,NA,Y,NA,A,01,0,0,1,0,0,0,0,0,0,-,-,NA,NA,SAN DIEGO,SAN DIEGO,-117.16864776611328,32.74980163574219
9273758,2021,2021-06-25,3708,2021-05-30,1226,LM1158,NA,7,5,5,3708,0,0,0,NA,0,004,JACKSON DR,CENTER DR,0,NA,Y,A,-,N,NA,NA,NA,NA,NA,NA,NA,NA,NA,Y,4,0,3,2,A,-,12,21453,A,N,D,C,A,A,H,-,A,A,0,NA,NA,NA,NA,Y,NA,A,01,0,0,3,0,0,0,0,0,0,-,-,NA,NA,SAN DIEGO,LA MESA,-117.01576995849608,32.77635192871094
9275588,2021,2021-07-29,3705,2021-06-18,1429,EC0383,NA,5,5,5,3705,0,0,0,NA,0,002,WEST MAIN ST,N JOHNSON AV,515,E,N,A,-,N,NA,NA,NA,NA,NA,NA,NA,NA,NA,Y,2,0,1,2,A,-,09,21804,A,N,D,C,A,A,H,-,A,D,0,NA,NA,Y,NA,Y,NA,D,22,1,0,0,0,0,0,0,0,1,-,-,NA,NA,SAN DIEGO,EL CAJON,-116.96936798095705,32.794960021972656