CASE_ID,ACCIDENT_YEAR,PROC_DATE,JURIS,COLLISION_DATE,COLLISION_TIME,OFFICER_ID,REPORTING_DISTRICT,DAY_OF_WEEK,CHP_SHIFT,POPULATION,CNTY_CITY_LOC,SPECIAL_COND,BEAT_TYPE,CHP_BEAT_TYPE,CITY_DIVISION_LAPD,CHP_BEAT_CLASS,BEAT_NUMBER,PRIMARY_RD,SECONDARY_RD,DISTANCE,DIRECTION,INTERSECTION,WEATHER_1,WEATHER_2,STATE_HWY_IND,CALTRANS_COUNTY,CALTRANS_DISTRICT,STATE_ROUTE,ROUTE_SUFFIX,POSTMILE_PREFIX,POSTMILE,LOCATION_TYPE,RAMP_INTERSECTION,SIDE_OF_HWY,TOW_AWAY,COLLISION_SEVERITY,NUMBER_KILLED,NUMBER_INJURED,PARTY_COUNT,PRIMARY_COLL_FACTOR,PCF_CODE_OF_VIOL,PCF_VIOL_CATEGORY,PCF_VIOLATION,PCF_VIOL_SUBSECTION,HIT_AND_RUN,TYPE_OF_COLLISION,MVIW,PED_ACTION,ROAD_SURFACE,ROAD_COND_1,ROAD_COND_2,LIGHTING,CONTROL_DEVICE,CHP_ROAD_TYPE,PEDESTRIAN_ACCIDENT,BICYCLE_ACCIDENT,MOTORCYCLE_ACCIDENT,TRUCK_ACCIDENT,NOT_PRIVATE_PROPERTY,ALCOHOL_INVOLVED,STWD_VEHTYPE_AT_FAULT,CHP_VEHTYPE_AT_FAULT,COUNT_SEVERE_INJ,COUNT_VISIBLE_INJ,COUNT_COMPLAINT_PAIN,COUNT_PED_KILLED,COUNT_PED_INJURED,COUNT_BICYCLIST_KILLED,COUNT_BICYCLIST_INJURED,COUNT_MC_KILLED,COUNT_MC_INJURED,PRIMARY_RAMP,SECONDARY_RAMP,LATITUDE,LONGITUDE,COUNTY,CITY,POINT_X,POINT_Y
93491304,2024,2024-08-05,9680,2024-07-27,1910,023220,NA,6,2,9,3700,0,2,4,NA,1,020,FUERTE DRIVE,ROLLING HILLS DRIVE,0,NA,Y,A,-,N,NA,NA,NA,NA,NA,NA,NA,NA,NA,Y,4,0,1,1,A,-,03,22350,NA,N,E,I,A,A,H,-,A,A,0,NA,NA,NA,NA,Y,Y,A,01,0,0,1,0,0,0,0,0,0,-,-,32.76934814453125,-116.94059753417967,SAN DIEGO,UNINCORPORATED,-116.94078063964844,32.769287109375
9350208,2021,2021-11-12,3711,2021-10-10,1919,SD1041,NA,7,5,7,3711,0,0,0,NA,0,234,RANCHO BERNARDO RD,OLMEDA WY,18,S,N,A,-,N,NA,NA,NA,NA,NA,NA,NA,NA,NA,Y,3,0,2,2,A,-,-,NA,NA,N,D,C,A,A,H,-,C,D,0,NA,NA,NA,NA,Y,NA,-,NA,0,1,1,0,0,0,0,0,0,-,-,NA,NA,SAN DIEGO,SAN DIEGO,-117.08812713623048,33.02463912963867
9350394,2021,2021-11-17,3711,2021-10-01,1400,SD6614,NA,5,5,7,3711,0,0,0,NA,0,124,PROSPECT PL,PROSPECT PL 7900,0,NA,-,A,-,N,NA,NA,NA,NA,NA,NA,NA,NA,NA,N,3,0,2,2,A,-,09,21801,A,N,D,C,A,A,H,-,A,D,0,NA,NA,NA,NA,Y,NA,-,NA,0,2,0,0,0,0,0,0,0,-,-,NA,NA,SAN DIEGO,SAN DIEGO,-117.26976013183594,32.848270416259766
9351127,2021,2021-12-13,3711,2021-10-24,2205,SD1113,NA,7,5,7,3711,0,0,0,NA,0,624,MARYLAND ST,MONROE AV,0,NA,Y,A,-,N,NA,NA,NA,NA,NA,NA,NA,NA,NA,Y,3,0,1,2,A,-,08,22107,NA,N,B,E,A,A,H,-,C,D,0,NA,NA,NA,NA,Y,Y,A,01,0,1,0,0,0,0,0,0,0,-,-,NA,NA,SAN DIEGO,SAN DIEGO,-117.15126037597656,32.759029388427734
9351133,2021,2021-12-23,3711,2021-10-15,2136,SD8861,NA,5,5,7,3711,0,0,0,NA,0,524,6TH AV,A ST,165,N,N,A,-,N,NA,NA,NA,NA,NA,NA,NA,NA,NA,N,3,0,1,1,A,-,03,22350,NA,N,H,A,A,A,H,-,C,D,0,NA,NA,Y,NA,Y,NA,C,03,0,1,0,0,0,0,0,0,1,-,-,NA,NA,SAN DIEGO,SAN DIEGO,-117.15927886962892,32.71929168701172
9351306,2021,2021-11-16,3711,2021-09-29,2251,SD6946,NA,3,5,7,3711,0,0,0,NA,0,813,UNIVERSITY AV,OREGON ST,2,W,N,A,-,N,NA,NA,NA,NA,NA,NA,NA,NA,NA,Y,2,0,2,2,A,-,09,21804,A,N,D,C,A,A,H,-,C,D,0,NA,NA,Y,NA,Y,NA,A,01,1,0,1,0,0,0,0,0,1,-,-,NA,NA,SAN DIEGO,SAN DIEGO,-117.13511657714844,32.74845886230469
9351404,2021,2021-11-15,3711,2021-10-20,1413,SD1516,NA,3,5,7,3711,0,0,0,NA,0,611,ROSECRANS ST,CAMINO DEL RIO W,0,NA,Y,A,-,N,NA,NA,NA,NA,NA,NA,NA,NA,NA,N,4,0,1,2,A,-,08,22107,NA,M,B,C,A,A,H,-,A,A,0,NA,NA,NA,NA,Y,NA,-,NA,0,0,1,0,0,0,0,0,0,-,-,NA,NA,SAN DIEGO,SAN DIEGO,-117.20494079589844,32.751529693603516
9351719,2021,2021-11-15,3711,2021-10-28,1221,SD7935,NA,4,5,7,3711,0,0,0,NA,0,122,GARNET AV,GARNET AV 1800,0,NA,-,A,-,N,NA,NA,NA,NA,NA,NA,NA,NA,NA,N,4,0,1,2,A,-,09,21804,A,N,D,C,A,A,H,-,A,D,0,NA,NA,NA,NA,Y,NA,A,01,0,0,1,0,0,0,0,0,0,-,-,NA,NA,SAN DIEGO,SAN DIEGO,-117.21725463867188,32.80641174316406
9351754,2021,2021-12-02,3711,2021-10-29,1314,SD8447,NA,5,5,7,3711,0,0,0,NA,0,723,BEYER WAY,PALM AV,0,NA,Y,A,-,N,NA,NA,NA,NA,NA,NA,NA,NA,NA,N,4,0,2,2,A,-,07,21658,A,N,B,C,A,A,H,-,A,D,0,NA,NA,NA,NA,Y,NA,A,01,0,0,2,0,0,0,0,0,0,-,-,NA,NA,SAN DIEGO,SAN DIEGO,-117.06201171875,32.583770751953125
9351758,2021,2021-11-17,3711,2021-10-30,0340,SD1507,NA,6,5,7,3711,0,0,0,NA,0,713,CALIENTE AV,CALIENTE AV 1786,0,NA,-,E,-,N,NA,NA,NA,NA,NA,NA,NA,NA,NA,Y,3,0,1,2,A,-,01,23152,B,N,E,I,A,A,-,-,C,A,0,NA,NA,NA,NA,Y,Y,A,01,0,1,0,0,0,0,0,0,0,-,-,NA,NA,SAN DIEGO,SAN DIEGO,NA,NA
9351959,2021,2021-12-28,3711,2021-11-02,2004,SD7811,NA,2,5,7,3711,0,0,0,NA,0,441,OCEAN VIEW BL,OCEAN VIEW BL  3700,0,NA,Y,A,-,N,NA,NA,NA,NA,NA,NA,NA,NA,NA,N,4,0,2,2,A,-,03,22350,NA,N,C,E,A,A,H,-,C,D,0,NA,NA,NA,NA,Y,NA,A,01,0,0,2,0,0,0,0,0,0,-,-,NA,NA,SAN DIEGO,SAN DIEGO,-117.29190826416016,33.05323791503906
9352854,2021,2021-12-07,3710,2021-09-10,1045,OC1209,NA,5,5,6,3710,0,0,0,NA,0,007,SOUTH COAST HWY,MISSOURI AV,14,S,N,A,-,N,NA,NA,NA,NA,NA,NA,NA,NA,NA,N,4,0,1,2,A,-,21,22106,NA,N,D,G,A,A,H,-,A,D,0,NA,Y,NA,NA,Y,NA,A,01,0,0,1,0,0,0,1,0,0,-,-,NA,NA,SAN DIEGO,OCEANSIDE,-117.3760223388672,33.19173049926758
9353073,2021,2021-11-01,3709,2021-10-09,1035,NC0506,NA,6,5,5,3709,0,0,0,NA,0,021,EAST DIVISION ST,EUCLID AV,112,E,N,A,-,N,NA,NA,NA,NA,NA,NA,NA,NA,NA,N,4,0,1,2,A,-,03,22350,NA,N,C,C,A,A,H,-,A,A,0,NA,NA,NA,NA,Y,NA,A,01,0,0,1,0,0,0,0,0,0,-,-,NA,NA,SAN DIEGO,NATIONAL CITY,-117.08477783203124,32.68963623046875
9353750,2021,2021-11-08,3702,2021-09-01,1730,CV1281,NA,3,5,6,3702,0,0,0,NA,0,014,G ST,HILLTOP DR,20,W,N,A,-,N,NA,NA,NA,NA,NA,NA,NA,NA,NA,N,2,0,1,2,A,-,11,21954,A,N,C,B,B,A,H,-,A,D,0,Y,NA,NA,NA,Y,NA,N,60,1,0,0,0,1,0,0,0,0,-,-,NA,NA,SAN DIEGO,CHULA VISTA,-117.0663833618164,32.64125061035156
9354331,2021,2021-11-15,3702,2021-08-23,0655,CV1369,NA,1,5,6,3702,0,0,0,NA,0,014,HILLTOP DR,EAST H ST,50,S,N,A,-,N,NA,NA,NA,NA,NA,NA,NA,NA,NA,N,4,0,1,2,D,-,00,NA,NA,N,C,C,A,A,H,-,A,A,0,NA,NA,NA,NA,Y,NA,-,-,0,0,1,0,0,0,0,0,0,-,-,NA,NA,SAN DIEGO,CHULA VISTA,-117.06494140625,32.637699127197266
9354834,2021,2021-11-20,3711,2021-10-27,1752,SD1529,NA,3,5,7,3711,0,0,0,NA,0,121,MISSION BL,RAFAEL PL,0,NA,Y,A,-,N,NA,NA,NA,NA,NA,NA,NA,NA,NA,N,4,0,1,2,A,-,03,22350,NA,N,G,G,A,A,H,-,B,D,0,NA,Y,NA,NA,Y,NA,A,01,0,0,1,0,0,0,1,0,0,-,-,NA,NA,SAN DIEGO,SAN DIEGO,-117.25357,32.78714
9355721,2021,2021-12-08,3710,2021-09-24,2025,OC1479,NA,5,5,6,3710,0,0,0,NA,0,010,RT 76,BENET RD,100,W,N,A,-,Y,SD,11,76,-,R,1.75,H,-,E,Y,3,0,2,2,B,-,22,NA,NA,M,C,C,A,A,H,-,C,A,0,NA,NA,NA,NA,Y,NA,A,01,0,1,1,0,0,0,0,0,0,-,-,NA,NA,SAN DIEGO,OCEANSIDE,-117.35763549804688,33.21463394165039
9356036,2021,2021-10-29,3711,2021-10-19,1903,SD7630,NA,2,5,7,3711,0,0,0,NA,0,114,GENESEE AV,LUIGI TER,0,NA,Y,A,-,N,NA,NA,NA,NA,NA,NA,NA,NA,NA,N,4,0,1,2,B,-,22,NA,NA,M,C,C,A,A,H,-,C,A,0,NA,NA,NA,NA,Y,NA,-,99,0,0,1,0,0,0,0,0,0,-,-,NA,NA,SAN DIEGO,SAN DIEGO,-117.20709991455078,32.859378814697266
9356995,2021,2021-11-05,3705,2021-08-28,1830,EC0399,NA,6,5,5,3705,0,0,0,NA,0,002,EAST MAIN ST,S ANZA,0,NA,Y,A,-,N,NA,NA,NA,NA,NA,NA,NA,NA,NA,Y,4,0,1,2,A,-,01,23152,B,M,B,E,A,A,H,-,A,A,0,NA,NA,NA,NA,Y,Y,A,01,0,0,1,0,0,0,0,0,0,-,-,NA,NA,SAN DIEGO,EL CAJON,-116.94818878173828,32.79494857788086
9359104,2021,2021-11-15,3711,2021-08-23,1805,7233,NA,1,5,7,3711,0,0,0,NA,0,713,SANYO AV,AIRWAY RD,0,NA,Y,A,-,N,NA,NA,NA,NA,NA,NA,NA,NA,NA,Y,2,0,1,2,A,-,12,22450,A,F,B,C,A,A,H,-,A,A,0,NA,NA,Y,NA,Y,NA,-,NA,1,0,0,0,0,0,0,0,1,-,-,NA,NA,SAN DIEGO,SAN DIEGO,-116.94078063964844,32.560264587402344
9359233,2021,2021-12-08,3711,2021-10-27,0758,SD6532,NA,3,5,7,3711,0,0,0,NA,0,437,PARADISE VALLEY RD,DEEP DELL RD,0,NA,Y,A,-,N,NA,NA,NA,NA,NA,NA,NA,NA,NA,N,3,0,2,4,A,-,08,22107,NA,N,H,A,E,-,-,-,A,-,0,Y,NA,NA,NA,Y,NA,A,01,0,1,1,0,1,0,0,0,0,-,-,NA,NA,SAN DIEGO,SAN DIEGO,-117.02935028076172,32.69541549682617
9360280,2021,2021-11-23,3702,2021-10-20,1330,CV1315,NA,3,5,6,3702,0,0,0,NA,0,021,MAIN ST,MAIN ST 2338,0,NA,N,A,-,N,NA,NA,NA,NA,NA,NA,NA,NA,NA,Y,4,0,2,2,A,-,-,NA,NA,N,D,C,A,A,H,-,A,D,0,NA,NA,NA,NA,Y,NA,-,-,0,0,2,0,0,0,0,0,0,-,-,NA,NA,SAN DIEGO,CHULA VISTA,-117.0327606201172,32.59486770629883
9360455,2021,2021-12-28,3711,2021-11-07,0013,SD1575,NA,7,5,7,3711,0,0,0,NA,0,122,INGRAHAM ST,GRAND AV,0,NA,Y,B,-,N,NA,NA,NA,NA,NA,NA,NA,NA,NA,Y,4,0,2,2,-,-,-,NA,A,N,D,C,A,A,H,-,C,A,0,NA,NA,NA,NA,Y,NA,A,01,0,0,2,0,0,0,0,0,0,-,-,NA,NA,SAN DIEGO,SAN DIEGO,-117.2402801513672,32.79792785644531
9360756,2021,2021-11-18,3700,2021-09-19,1825,SH0169,NA,7,5,4,3720,0,0,0,NA,0,602,BROADWAY,BUENA VISTA,14,W,N,A,-,N,NA,NA,NA,NA,NA,NA,NA,NA,NA,Y,4,0,3,2,A,-,12,21453,A,N,D,C,A,A,H,-,A,A,0,NA,NA,NA,NA,Y,NA,A,01,0,0,3,0,0,0,0,0,0,-,-,NA,NA,SAN DIEGO,LEMON GROVE,-117.03429412841795,32.74260711669922
9360993,2021,2021-11-22,3711,2021-11-11,1740,SD1686,NA,4,5,7,3711,0,0,0,NA,0,445,47TH ST,HARTLEY ST,18,N,N,A,-,N,NA,NA,NA,NA,NA,NA,NA,NA,NA,N,3,0,1,2,A,-,11,21950,B,N,G,B,B,A,H,-,C,A,0,Y,NA,NA,NA,Y,NA,N,60,0,1,0,0,1,0,0,0,0,-,-,NA,NA,SAN DIEGO,SAN DIEGO,-117.09365844726563,32.71015930175781
9361234,2021,2021-12-24,3711,2021-11-14,1927,SD8334,NA,7,5,7,3711,0,0,0,NA,0,446,IMPERIAL AV,SOUTH 47TH ST,23,E,N,A,-,N,NA,NA,NA,NA,NA,NA,NA,NA,NA,Y,4,0,4,3,A,-,08,22107,NA,N,D,C,A,A,H,-,C,A,0,NA,NA,NA,NA,Y,Y,A,07,0,0,4,0,0,0,0,0,0,-,-,NA,NA,SAN DIEGO,SAN DIEGO,-117.0936279296875,32.70417022705078
9361512,2021,2021-11-16,3710,2021-10-27,2500,OC1493,NA,3,5,6,3710,0,0,0,NA,0,036,DARWIN DR,MARJORIE ST,0,NA,Y,A,-,N,NA,NA,NA,NA,NA,NA,NA,NA,NA,Y,4,0,1,2,A,-,09,21801,A,N,A,C,A,A,H,-,A,D,0,NA,NA,NA,NA,Y,NA,A,01,0,0,1,0,0,0,0,0,0,-,-,NA,NA,SAN DIEGO,OCEANSIDE,-117.26480102539063,33.23579406738281
9361813,2021,2021-11-29,3710,2021-10-28,1840,OC1500,NA,4,5,6,3710,0,0,0,NA,0,007,MISSION AV,PIRATES COVE WY,379,E,N,A,-,N,NA,NA,NA,NA,NA,NA,NA,NA,NA,N,4,0,5,3,A,-,04,21703,NA,N,C,C,A,A,H,-,B,A,0,NA,NA,NA,NA,Y,NA,D,22,0,0,5,0,0,0,0,0,0,-,-,NA,NA,SAN DIEGO,OCEANSIDE,-117.37257385253906,33.199886322021484
9362066,2021,2022-01-04,3710,2021-11-02,1715,OC1382,NA,2,5,6,3710,0,0,0,NA,0,018,DOUGLAS DR,DOUGLAS DR 100,0,NA,Y,A,-,N,NA,NA,NA,NA,NA,NA,NA,NA,NA,N,4,0,1,2,A,-,03,22350,NA,M,C,C,A,A,H,-,A,A,0,NA,NA,NA,NA,Y,NA,A,01,0,0,1,0,0,0,0,0,0,-,-,NA,NA,SAN DIEGO,OCEANSIDE,-116.96234893798828,32.79384994506836
9362467,2021,2021-12-10,3700,2021-10-06,1336,SH2659,NA,3,5,5,3712,0,0,0,NA,0,355,SOUTH RANCHO SANTA FE RD,DESCANSO AV,25,N,N,A,-,N,NA,NA,NA,NA,NA,NA,NA,NA,NA,Y,3,0,1,2,A,-,09,21453,B,N,D,C,A,A,H,-,A,A,0,NA,NA,NA,NA,Y,NA,D,22,0,1,0,0,0,0,0,0,0,-,-,NA,NA,SAN DIEGO,SAN MARCOS,-117.19876098632813,33.14903259277344
9364266,2021,2021-12-16,3710,2021-11-11,1911,OC1500,NA,4,5,6,3710,0,0,0,NA,0,008,SOUTH COAST HWY,OCEANSIDE BL,827,N,N,A,-,N,NA,NA,NA,NA,NA,NA,NA,NA,NA,Y,4,0,1,3,A,-,08,22107,NA,N,B,E,A,A,H,-,C,D,0,NA,NA,NA,Y,Y,Y,-,NA,0,0,1,0,0,0,0,0,0,-,-,NA,NA,SAN DIEGO,OCEANSIDE,-117.3708038330078,33.18544006347656
9365381,2021,2021-12-08,3700,2021-10-29,1125,SH7085,NA,5,5,5,3713,0,0,0,NA,0,310,VISTA VILLAGE DR,NORTH SANTA FE AV,0,NA,Y,A,-,N,NA,NA,NA,NA,NA,NA,NA,NA,NA,Y,4,0,1,2,A,-,12,21453,A,N,D,C,A,A,H,-,A,A,0,NA,NA,NA,NA,Y,NA,A,01,0,0,1,0,0,0,0,0,0,-,-,NA,NA,SAN DIEGO,VISTA,-117.243896484375,33.2024040222168
9366747,2021,2021-12-24,3705,2021-11-09,0938,EC0279,NA,2,5,5,3705,0,0,0,NA,0,001,W DOUGLAS AV,WEST MAIN ST,140,S,N,A,-,N,NA,NA,NA,NA,NA,NA,NA,NA,NA,N,4,0,1,2,A,-,03,22350,NA,N,G,B,F,A,H,-,A,-,0,Y,NA,NA,NA,Y,NA,I,19,0,0,1,0,1,0,0,0,0,-,-,NA,NA,SAN DIEGO,EL CAJON,-116.96762084960938,32.79424285888672
9366823,2021,2022-01-05,3705,2021-11-19,1044,EC0219,NA,5,5,5,3705,0,0,0,NA,0,001,N MAGNOLIA AV,FLETCHER PKWY,0,NA,Y,A,-,N,NA,NA,NA,NA,NA,NA,NA,NA,NA,N,4,0,2,2,A,-,12,21453,A,F,D,C,A,A,H,-,A,A,0,NA,NA,NA,NA,Y,Y,A,07,0,0,2,0,0,0,0,0,0,-,-,NA,NA,SAN DIEGO,EL CAJON,-116.96436309814452,32.80778884887695
9369805,2021,2022-01-04,3711,2021-12-04,2210,SD1542,NA,6,5,7,3711,0,0,0,NA,0,311,SUCCESS AV,MARATHON DR,0,NA,Y,A,-,N,NA,NA,NA,NA,NA,NA,NA,NA,NA,Y,3,0,1,5,A,-,08,22107,NA,N,B,E,A,A,H,-,C,D,0,NA,NA,NA,NA,Y,Y,A,08,0,1,0,0,0,0,0,0,0,-,-,NA,NA,SAN DIEGO,SAN DIEGO,-117.12734985351563,32.80582046508789
9369926,2021,2022-01-21,3700,2021-12-09,2041,SH3684,NA,4,5,5,3713,0,0,0,NA,0,303,EAST VISTA WY,FOOTHILL DR,0,NA,Y,A,-,N,NA,NA,NA,NA,NA,NA,NA,NA,NA,Y,4,0,1,2,A,-,12,21453,A,N,D,C,A,B,H,-,C,A,0,NA,NA,NA,NA,Y,NA,D,22,0,0,1,0,0,0,0,0,0,-,-,NA,NA,SAN DIEGO,VISTA,-117.22622680664063,33.21723556518555
9370022,2021,2022-01-12,3711,2021-12-16,0002,SD1511,NA,4,5,7,3711,0,0,0,NA,0,521,11TH AV,F ST,0,NA,Y,A,-,N,NA,NA,NA,NA,NA,NA,NA,NA,NA,Y,4,0,1,2,A,-,12,21453,A,N,D,C,A,-,H,-,C,A,0,NA,NA,NA,NA,Y,Y,A,01,0,0,1,0,0,0,0,0,0,-,-,NA,NA,SAN DIEGO,SAN DIEGO,-117.15469360351563,32.71364212036133
9370061,2021,2022-01-11,3711,2021-12-10,1750,SD8684,NA,5,5,7,3711,0,0,0,NA,0,122,LAMONT ST,LAW ST,0,NA,Y,A,-,N,NA,NA,NA,NA,NA,NA,NA,NA,NA,N,4,0,2,3,A,-,03,22350,NA,M,D,C,A,A,H,-,D,D,0,NA,NA,NA,NA,Y,NA,-,99,0,0,2,0,0,0,0,0,0,-,-,NA,NA,SAN DIEGO,SAN DIEGO,-117.237060546875,32.80659484863281
9371414,2021,2022-01-21,3711,2021-12-24,1340,SD7820,NA,5,5,7,3711,0,0,0,NA,0,436,WOODMAN ST,SKYLINE DR,0,NA,Y,B,-,N,NA,NA,NA,NA,NA,NA,NA,NA,NA,N,4,0,1,2,A,-,03,22350,NA,M,-,C,A,A,H,-,A,A,0,NA,NA,NA,NA,Y,NA,-,99,0,0,1,0,0,0,0,0,0,-,-,NA,NA,SAN DIEGO,SAN DIEGO,-117.05470275878906,32.7012939453125
9372470,2021,2021-11-30,3702,2021-09-22,0637,CV1360,NA,3,5,6,3702,0,0,0,NA,0,024,MAIN ST,MAIN CT,0,NA,Y,A,-,N,NA,NA,NA,NA,NA,NA,NA,NA,NA,Y,2,0,1,2,A,-,09,21453,C,F,D,C,A,A,H,-,A,A,0,NA,NA,Y,NA,Y,NA,A,01,1,0,0,0,0,0,0,0,1,-,-,NA,NA,SAN DIEGO,CHULA VISTA,-117.03372192382813,32.594947814941406
9372767,2021,2021-12-14,3708,2021-11-19,1747,LM1284,NA,5,5,5,3708,0,0,0,NA,0,002,LA MESA BL,MEMORIAL DR,166,E,N,A,-,N,NA,NA,NA,NA,NA,NA,NA,NA,NA,N,3,0,1,2,A,-,04,21703,NA,N,C,C,A,A,H,-,C,A,0,NA,NA,Y,NA,Y,NA,A,07,0,1,0,0,0,0,0,0,1,-,-,NA,NA,SAN DIEGO,LA MESA,-117.0154037475586,32.76795196533203
9373250,2021,2021-12-17,3711,2021-11-24,1534,SD1686,NA,3,5,7,3711,0,0,0,NA,0,446,49TH ST,EVERGREEN VILLAGE RD,0,NA,Y,A,-,N,NA,NA,NA,NA,NA,NA,NA,NA,NA,Y,4,0,1,3,A,-,08,22107,NA,N,A,C,A,A,H,-,A,D,0,NA,NA,Y,NA,Y,NA,C,02,0,0,1,0,0,0,0,0,1,-,-,NA,NA,SAN DIEGO,SAN DIEGO,-117.08937072753906,32.70506286621094
9373357,2021,2021-12-17,3711,2021-11-20,1830,SD8861,NA,6,5,7,3711,0,0,0,NA,0,512,MISSION GORGE RD,MISSION GORGE RD 7400,0,NA,-,A,-,N,NA,NA,NA,NA,NA,NA,NA,NA,NA,N,4,0,1,2,A,-,03,22350,NA,M,C,C,A,A,H,-,C,A,0,NA,NA,NA,NA,Y,NA,-,99,0,0,1,0,0,0,0,0,0,-,-,NA,NA,SAN DIEGO,SAN DIEGO,-117.10128784179688,32.78123092651367
9373671,2021,2021-12-27,3711,2021-11-26,1302,SD1538,NA,5,5,7,3711,0,0,0,NA,0,512,SOUTH 32ND ST,NATIONAL AV,96,S,N,A,-,Y,NA,NA,NA,NA,NA,NA,NA,NA,NA,N,4,0,1,2,A,-,09,21804,A,N,D,C,A,A,H,-,A,A,0,NA,NA,Y,NA,Y,NA,A,01,0,0,1,0,0,0,0,0,1,-,-,NA,NA,SAN DIEGO,SAN DIEGO,-117.12531280517578,32.695716857910156
9375183,2021,2021-12-16,3711,2021-11-15,0200,SD7759,NA,1,5,7,3711,0,0,0,NA,0,122,DAWES ST,DAWES ST 4500,0,NA,-,A,-,N,NA,NA,NA,NA,NA,NA,NA,NA,NA,N,3,0,1,2,A,-,00,20002,A,M,G,C,A,A,H,-,C,D,0,NA,NA,NA,NA,Y,NA,-,NA,0,1,0,0,0,0,0,0,0,-,-,NA,NA,SAN DIEGO,SAN DIEGO,NA,NA
9375194,2021,2021-12-17,3711,2021-11-30,1553,SD7650,NA,2,5,7,3711,0,0,0,NA,0,122,HAINES ST,GARNET AV,180,S,N,A,-,N,NA,NA,NA,NA,NA,NA,NA,NA,NA,Y,4,0,1,2,A,-,09,21804,A,N,D,C,A,A,H,-,A,D,0,NA,NA,NA,NA,Y,NA,A,01,0,0,1,0,0,0,0,0,0,-,-,NA,NA,SAN DIEGO,SAN DIEGO,-117.2425537109375,32.79891586303711
9375964,2021,2021-12-23,3702,2021-10-22,0757,CV1107,NA,5,5,6,3702,0,0,0,NA,0,032,EAST H ST,EASTLAKE DR,74,W,N,B,-,N,NA,NA,NA,NA,NA,NA,NA,NA,NA,Y,4,0,1,3,A,-,03,22350,NA,N,E,I,A,A,H,-,A,A,0,NA,NA,NA,NA,Y,NA,A,01,0,0,1,0,0,0,0,0,0,-,-,NA,NA,SAN DIEGO,CHULA VISTA,-116.98087310791016,32.65483093261719
9375968,2021,2021-12-23,3702,2021-10-01,0705,CV1327,NA,5,5,6,3702,0,0,0,NA,0,021,MOSS ST,BROADWAY,0,NA,Y,A,-,N,NA,NA,NA,NA,NA,NA,NA,NA,NA,Y,4,0,2,4,A,-,03,22350,NA,N,C,C,A,A,C,-,A,D,0,NA,NA,NA,NA,Y,NA,A,01,0,0,2,0,0,0,0,0,0,-,-,NA,NA,SAN DIEGO,CHULA VISTA,-117.08277893066406,32.613677978515625
9376065,2021,2022-01-05,3711,2021-12-02,1905,SD4310,NA,4,5,7,3711,0,0,0,NA,0,528,WEST BEECH ST,UNION ST,27,E,N,A,-,N,NA,NA,NA,NA,NA,NA,NA,NA,NA,Y,4,0,2,2,A,-,21,22106,NA,M,C,C,A,A,H,-,C,A,0,NA,NA,NA,NA,Y,NA,-,99,0,0,2,0,0,0,0,0,0,-,-,NA,NA,SAN DIEGO,SAN DIEGO,-117.16551208496094,32.720890045166016
93768161,2024,2024-08-07,9645,2024-07-24,2215,022683,NA,3,3,7,3711,0,1,1,NA,2,009,I-805 S/B,IMPERIAL AVENUE,850,N,N,A,-,Y,SD,NA,805,NA,NA,12.507,H,NA,L,Y,3,0,1,1,A,-,08,22107,NA,N,E,I,A,A,H,-,C,D,0,NA,NA,NA,NA,Y,NA,A,01,0,1,0,0,0,0,0,0,0,-,-,32.706268310546875,-117.09633636474608,SAN DIEGO,SAN DIEGO,-117.09615325927734,32.70634460449219
93768186,2024,2024-08-07,9680,2024-07-28,40,023846,NA,7,3,9,3700,0,1,3,NA,1,017,SR-67,SLAUGHTERHOUSE CANYON RD,1901,N,N,A,-,Y,SD,NA,67,NA,R,9.706,H,NA,R,N,3,0,1,2,A,-,11,21954,A,N,G,B,E,A,H,-,D,D,0,Y,NA,NA,NA,Y,NA,N,60,0,1,0,0,1,0,0,0,0,-,-,32.91099166870117,-116.94686126708984,SAN DIEGO,UNINCORPORATED,-116.94683837890624,32.910987854003906
93768819,2024,2024-08-07,9645,2024-08-02,638,016766,NA,5,1,7,3711,0,1,1,NA,2,030,I-15 S/B,MIRAMAR WAY,2640,S,N,A,-,Y,SD,NA,15,NA,M,13.127,H,NA,L,Y,3,0,1,1,A,-,08,22107,NA,N,F,A,A,A,H,-,A,D,0,NA,NA,NA,NA,Y,NA,A,07,0,1,0,0,0,0,0,0,0,-,-,32.87773132324219,-117.10794067382813,SAN DIEGO,SAN DIEGO,-117.10814666748048,32.87770462036133
93769338,2024,2024-08-08,9650,2024-08-04,1515,022851,NA,7,2,9,3700,0,1,1,NA,2,003,I-5 S/B,MISSION RD O/C,231,N,N,A,-,Y,SD,NA,5,NA,R,53.317,H,NA,L,N,4,0,2,2,A,-,03,22350,NA,N,C,C,A,A,H,-,A,D,0,NA,NA,NA,NA,Y,NA,A,01,0,0,2,0,0,0,0,0,0,-,-,33.20079040527344,-117.37377166748048,SAN DIEGO,UNINCORPORATED,-117.373779296875,33.20077133178711
9377203,2021,2022-01-06,3708,2021-12-03,1713,LM1158,NA,5,5,5,3708,0,0,0,NA,0,001,UNIVERSITY AV,MARIAN ST,276,E,N,A,-,N,NA,NA,NA,NA,NA,NA,NA,NA,NA,N,3,0,1,2,A,-,08,22107,NA,M,C,E,A,A,H,-,C,D,0,NA,NA,NA,NA,Y,NA,A,01,0,1,0,0,0,0,0,0,0,-,-,NA,NA,SAN DIEGO,LA MESA,-117.04576873779295,32.75455856323242
93774122,2024,2024-08-22,9650,2024-07-31,1242,017952,NA,3,1,9,3700,0,3,5,NA,2,170,HUTCHISON ST.,PRUETT DR.,160,S,N,A,-,N,NA,NA,NA,NA,NA,NA,NA,NA,NA,N,4,0,1,2,A,-,08,22107,NA,N,G,B,E,A,D,-,A,A,0,Y,NA,NA,NA,Y,NA,A,01,0,0,1,0,1,0,0,0,0,-,-,33.240291595458984,-117.24163818359376,SAN DIEGO,UNINCORPORATED,NA,NA