CASE_ID,ACCIDENT_YEAR,PROC_DATE,JURIS,COLLISION_DATE,COLLISION_TIME,OFFICER_ID,REPORTING_DISTRICT,DAY_OF_WEEK,CHP_SHIFT,POPULATION,CNTY_CITY_LOC,SPECIAL_COND,BEAT_TYPE,CHP_BEAT_TYPE,CITY_DIVISION_LAPD,CHP_BEAT_CLASS,BEAT_NUMBER,PRIMARY_RD,SECONDARY_RD,DISTANCE,DIRECTION,INTERSECTION,WEATHER_1,WEATHER_2,STATE_HWY_IND,CALTRANS_COUNTY,CALTRANS_DISTRICT,STATE_ROUTE,ROUTE_SUFFIX,POSTMILE_PREFIX,POSTMILE,LOCATION_TYPE,RAMP_INTERSECTION,SIDE_OF_HWY,TOW_AWAY,COLLISION_SEVERITY,NUMBER_KILLED,NUMBER_INJURED,PARTY_COUNT,PRIMARY_COLL_FACTOR,PCF_CODE_OF_VIOL,PCF_VIOL_CATEGORY,PCF_VIOLATION,PCF_VIOL_SUBSECTION,HIT_AND_RUN,TYPE_OF_COLLISION,MVIW,PED_ACTION,ROAD_SURFACE,ROAD_COND_1,ROAD_COND_2,LIGHTING,CONTROL_DEVICE,CHP_ROAD_TYPE,PEDESTRIAN_ACCIDENT,BICYCLE_ACCIDENT,MOTORCYCLE_ACCIDENT,TRUCK_ACCIDENT,NOT_PRIVATE_PROPERTY,ALCOHOL_INVOLVED,STWD_VEHTYPE_AT_FAULT,CHP_VEHTYPE_AT_FAULT,COUNT_SEVERE_INJ,COUNT_VISIBLE_INJ,COUNT_COMPLAINT_PAIN,COUNT_PED_KILLED,COUNT_PED_INJURED,COUNT_BICYCLIST_KILLED,COUNT_BICYCLIST_INJURED,COUNT_MC_KILLED,COUNT_MC_INJURED,PRIMARY_RAMP,SECONDARY_RAMP,LATITUDE,LONGITUDE,COUNTY,CITY,POINT_X,POINT_Y
94367387,2024,2024-08-23,9645,2024-07-12,2320,022252,NA,5,3,7,3711,0,1,1,NA,2,003,I-5 SOUTHBOUND,SASSAFRAS STREET,1500,S,N,A,-,Y,SD,NA,5,NA,R,17.506,H,NA,L,N,2,0,1,3,A,-,11,21954,A,N,G,B,E,A,H,-,C,D,0,Y,NA,NA,NA,Y,NA,N,60,1,0,0,0,1,0,0,0,0,-,-,32.73381042480469,-117.17372131347656,SAN DIEGO,SAN DIEGO,-117.17366790771484,32.73384475708008
94367429,2024,2024-08-23,9650,2024-08-15,1706,022583,NA,4,2,3,3783,0,1,1,NA,2,007,I-5 N/B,VIA DE LA VALLE,340,N,N,A,-,Y,SD,NA,5,NA,R,36.351,H,NA,R,N,4,0,4,2,A,-,07,21658,A,N,B,C,A,A,H,-,A,D,0,NA,NA,NA,NA,Y,NA,A,01,0,0,4,0,0,0,0,0,0,-,-,32.98101043701172,-117.25338745117188,SAN DIEGO,SOLANA BEACH,-117.25337982177734,32.981014251708984
9436853,2022,2022-05-11,3705,2022-02-26,0356,EC0403,NA,6,5,5,3705,0,0,0,NA,0,004,CHASE AV,EMERALD AV,0,NA,Y,A,-,N,NA,NA,NA,NA,NA,NA,NA,NA,NA,Y,4,0,1,2,A,-,12,21453,A,M,D,C,A,A,H,-,C,A,0,NA,NA,NA,NA,Y,NA,A,01,0,0,1,0,0,0,0,0,0,-,-,NA,NA,SAN DIEGO,EL CAJON,-116.96873474121094,32.78041076660156
9436981,2022,2022-05-13,3710,2022-04-26,1004,OC1396,NA,2,5,6,3710,0,0,0,NA,0,007,S CLEMENTINE ST,MISSOURI AV,0,NA,Y,A,-,N,NA,NA,NA,NA,NA,NA,NA,NA,NA,Y,4,0,2,2,A,-,09,21802,A,N,D,C,A,A,H,-,A,D,0,NA,NA,NA,NA,Y,NA,D,22,0,0,2,0,0,0,0,0,0,-,-,NA,NA,SAN DIEGO,OCEANSIDE,-117.3728485107422,33.19368362426758
94372380,2024,2024-08-28,9645,2024-08-23,1700,020180,NA,5,2,7,3711,0,1,1,NA,2,017,I-15 S/B TO RANCHO PENASQUITAS BLVD,RANCHO PENASQUITAS BLVD,37,S,N,A,-,Y,NA,NA,NA,NA,NA,NA,NA,NA,NA,N,4,0,1,2,A,-,21,22106,NA,N,C,C,A,A,H,-,A,D,0,NA,NA,NA,NA,Y,NA,A,07,0,0,1,0,0,0,0,0,0,-,-,32.949771881103516,-117.10681915283205,SAN DIEGO,SAN DIEGO,-117.1062240600586,32.9483528137207
94375113,2024,2024-08-29,9680,2024-08-20,545,018801,NA,2,3,9,3700,0,1,3,NA,2,016,SR-67,SLAUGHTERHOUSE RD,0,NA,Y,A,-,Y,SD,NA,67,NA,NA,9.316,H,NA,R,Y,4,0,1,2,A,-,09,21800,A,N,D,C,A,A,H,-,A,D,0,NA,NA,NA,NA,Y,NA,D,22,0,0,1,0,0,0,0,0,0,-,-,32.90681076049805,-116.94290924072266,SAN DIEGO,UNINCORPORATED,-116.94286346435548,32.906864166259766
94375388,2024,2024-08-29,9680,2024-08-18,253,023240,NA,7,3,9,3700,0,1,3,NA,2,028,SR-125 SOUTHBOUND TO ELKELTON PL,ELKELTON PL,0,NA,Y,A,-,Y,NA,NA,NA,NA,NA,NA,NA,NA,NA,Y,3,0,1,1,A,-,03,22350,NA,N,E,8,A,A,H,-,C,A,0,NA,NA,NA,NA,Y,NA,A,01,0,1,0,0,0,0,0,0,0,-,-,32.70195007324219,-117.01203918457033,SAN DIEGO,UNINCORPORATED,-117.01132965087892,32.70151901245117
94376682,2024,2024-08-30,9645,2024-08-15,1315,023617,NA,4,1,6,3702,0,1,1,NA,2,001,I-5 N/B,PALM AVE,1000,N,N,A,-,Y,SD,NA,5,NA,NA,4.877,H,NA,R,Y,4,0,2,2,A,-,08,22107,NA,N,D,C,A,A,H,-,A,D,0,NA,NA,NA,NA,Y,NA,A,01,0,0,2,0,0,0,0,0,0,-,-,32.587371826171875,-117.08750915527344,SAN DIEGO,CHULA VISTA,-117.08754730224608,32.58736801147461
94377584,2024,2024-11-19,9645,2024-08-20,1530,023641,NA,2,2,7,3711,0,1,1,NA,2,003,I-5 N/B,PERSHING DR.,335,N,N,A,-,Y,SD,NA,5,NA,R,15.495,H,NA,R,Y,2,0,2,2,A,-,03,22350,NA,N,C,C,A,A,H,-,A,D,0,NA,NA,Y,NA,Y,NA,C,02,1,0,1,0,0,0,0,0,1,-,-,32.720359802246094,-117.14794158935548,SAN DIEGO,SAN DIEGO,-117.1480712890625,32.72032165527344
94378213,2024,2024-09-02,9680,2024-08-25,1010,023984,NA,7,1,9,3700,0,2,4,NA,1,026,APPLE STREET,LA PRESA AVENUE,30,W,N,A,-,N,NA,NA,NA,NA,NA,NA,NA,NA,NA,Y,4,0,2,2,A,-,03,22350,NA,N,C,C,A,A,H,-,A,A,0,NA,NA,NA,NA,Y,NA,D,22,0,0,2,0,0,0,0,0,0,-,-,32.71482849121094,-116.99321746826172,SAN DIEGO,UNINCORPORATED,-116.99315643310548,32.71484375
94379348,2024,2024-09-03,9680,2024-08-22,1930,020116,NA,4,2,5,3705,0,1,1,NA,2,081,I-8 E/B TO CHASE AVE,CHASE AVE,50,W,N,A,-,Y,NA,NA,NA,NA,NA,NA,NA,NA,NA,Y,3,0,3,3,A,-,01,23152,A,N,C,C,A,A,H,-,B,A,0,NA,NA,NA,NA,Y,Y,A,01,0,3,0,0,0,0,0,0,0,-,-,32.782958984375,-116.9792709350586,SAN DIEGO,EL CAJON,NA,NA
94379632,2024,2024-09-03,9645,2024-07-01,130,021617,NA,1,3,7,3711,0,1,1,NA,2,015,I-805 S/B FROM BALBOA AVENUE,BALBOA AVENUE,510,S,N,A,-,Y,NA,NA,NA,NA,NA,NA,NA,NA,NA,Y,2,0,1,1,A,-,07,21658,A,N,E,I,A,A,H,-,A,D,0,NA,NA,NA,NA,Y,NA,A,01,1,0,0,0,0,0,0,0,0,-,-,32.82014083862305,-117.1628189086914,SAN DIEGO,SAN DIEGO,-117.16179656982422,32.82036209106445
94381650,2024,2024-09-04,9645,2024-08-28,1955,018678,NA,3,2,7,3711,0,1,3,NA,2,014,SR-52 (E/B),CONVOY STREET O/C,1500,E,N,A,-,Y,SD,NA,52,NA,NA,5.746,H,NA,R,Y,3,0,2,3,A,-,03,22350,NA,N,C,C,A,A,D,-,C,A,0,NA,NA,NA,NA,Y,NA,D,22,0,1,1,0,0,0,0,0,0,-,-,32.83871078491211,-117.14804077148438,SAN DIEGO,SAN DIEGO,-117.1479721069336,32.83846664428711
94381670,2024,2024-09-04,9680,2024-08-23,45,021646,NA,5,3,5,3708,0,1,3,NA,2,027,SR-125 S/B FROM SPRING STREET,SPRING STREET,1056,S,N,A,-,Y,SD,NA,94,NA,R,10.041,H,NA,L,Y,4,0,3,2,A,-,08,22107,NA,F,D,C,A,A,H,-,C,A,0,NA,NA,NA,NA,Y,NA,A,01,0,0,3,0,0,0,0,0,0,-,-,32.751338958740234,-117.01502990722656,SAN DIEGO,LA MESA,-117.01525115966795,32.75151824951172
94381679,2024,2024-09-04,9645,2024-08-29,225,021494,NA,4,3,7,3711,0,1,3,NA,2,016,SR-52 W/B,MAST BLVD,3200,E,N,A,-,Y,SD,NA,52,NA,NA,13.993,H,NA,L,N,3,0,1,1,A,-,01,23152,A,N,E,I,A,A,H,-,D,D,0,NA,NA,NA,NA,Y,Y,A,01,0,1,0,0,0,0,0,0,0,-,-,32.83675003051758,-117.0197982788086,SAN DIEGO,SAN DIEGO,-117.01978302001952,32.836788177490234
9438446,2022,2022-04-25,3710,2022-03-28,2033,OC1502,NA,1,5,6,3710,0,0,0,NA,0,008,SOUTH COAST HWY,LEONARD AV,0,NA,Y,C,-,N,NA,NA,NA,NA,NA,NA,NA,NA,NA,N,4,0,1,2,A,-,11,21954,A,F,B,B,D,B,F,-,C,D,0,Y,NA,NA,NA,Y,Y,N,60,0,0,1,0,1,0,0,0,0,-,-,NA,NA,SAN DIEGO,OCEANSIDE,-117.37255096435548,33.18751907348633
9438515,2022,2022-04-28,3711,2022-04-16,1332,SD1429,NA,6,5,7,3711,0,0,0,NA,0,822,COLLEGE AV,ACORN ST,25,S,N,A,-,N,NA,NA,NA,NA,NA,NA,NA,NA,NA,Y,4,0,1,2,A,-,04,21703,NA,N,C,C,A,A,H,-,A,A,0,NA,NA,NA,NA,Y,NA,A,01,0,0,1,0,0,0,0,0,0,-,-,NA,NA,SAN DIEGO,SAN DIEGO,-117.06636810302734,32.759521484375
94386225,2024,2024-09-09,9680,2024-08-25,1537,017025,NA,7,2,9,3700,0,3,5,NA,2,003,VIEJAS GRADE RD,CENTRAL AVE,0,NA,Y,A,-,N,NA,NA,NA,NA,NA,NA,NA,NA,NA,N,3,0,1,1,C,-,18,NA,NA,N,E,9,A,A,H,-,A,D,0,NA,NA,NA,NA,Y,NA,-,-,0,1,0,0,0,0,0,0,0,-,-,32.855560302734375,-116.62310791015624,SAN DIEGO,UNINCORPORATED,-116.62295532226563,32.85545349121094
94386230,2024,2024-09-09,9650,2024-08-11,1455,022403,NA,7,2,9,3700,0,1,1,NA,2,001,I-5 S/B,BASILONE RD,1000,S,N,A,-,Y,SD,NA,5,NA,R,71.229,H,NA,L,Y,3,0,1,1,A,-,08,22107,NA,N,F,0,A,A,H,-,A,D,0,NA,NA,Y,NA,Y,NA,C,02,0,1,0,0,0,0,0,0,1,-,-,33.3843994140625,-117.58090209960938,SAN DIEGO,UNINCORPORATED,-117.5808563232422,33.38447952270508
94386325,2024,2024-09-09,9650,2024-09-05,540,019652,NA,4,3,6,3706,0,1,3,NA,2,019,SR-78 W/B TO I-15 S/B,I-15 N/B,1000,E,N,A,-,Y,SD,NA,78,NA,R,16.801,H,NA,L,N,4,0,2,2,A,-,03,22350,NA,N,C,C,A,A,H,-,C,D,0,NA,NA,NA,NA,Y,NA,A,01,0,0,2,0,0,0,0,0,0,-,-,33.1285514831543,-117.10069274902344,SAN DIEGO,ESCONDIDO,-117.10064697265624,33.12844467163086
94392419,2024,2024-09-12,9680,2024-09-02,1100,018801,NA,1,1,9,3700,0,2,4,NA,1,018,LOS COCHES ROAD,AURORA DRIVE,225,S,N,A,-,N,NA,NA,NA,NA,NA,NA,NA,NA,NA,Y,4,0,1,3,A,-,07,21658,A,N,B,2,A,A,H,-,A,D,0,NA,NA,NA,NA,Y,NA,A,01,0,0,1,0,0,0,0,0,0,-,-,32.831520080566406,-116.90444946289063,SAN DIEGO,UNINCORPORATED,-116.90450286865234,32.831520080566406
94398005,2024,2024-09-17,9680,2024-09-07,1145,021353,NA,6,1,4,3720,0,1,3,NA,2,027,SR-94 W/B,MASSACHUSETTS AVE,966,E,N,A,-,Y,SD,NA,94,NA,NA,8.482,H,NA,L,Y,4,0,2,1,A,-,08,22107,NA,N,E,I,A,A,H,-,A,D,0,NA,NA,NA,NA,Y,NA,A,01,0,0,2,0,0,0,0,0,0,-,-,32.745059967041016,-117.0395965576172,SAN DIEGO,LEMON GROVE,-117.03960418701172,32.74488830566406
94399665,2024,2024-09-18,9680,2024-09-09,810,019555,NA,1,1,9,3700,0,3,5,NA,2,002,CONCEPCION AVENUE,SAN DIEGO  STREET,0,NA,Y,A,-,N,NA,NA,NA,NA,NA,NA,NA,NA,NA,N,4,0,3,2,A,-,09,21803,A,N,D,C,A,A,H,-,A,A,0,NA,NA,NA,NA,Y,NA,A,01,0,0,3,0,0,0,0,0,0,-,-,32.70613098144531,-117.0001220703125,SAN DIEGO,UNINCORPORATED,-117.00009918212892,32.70610046386719
94400160,2024,2024-09-19,9645,2024-09-12,610,022243,NA,4,1,7,3711,0,1,3,NA,2,012,SR-52 WB,I-5,25,W,N,A,-,Y,SD,NA,5,NA,R,26.03,H,NA,L,N,4,0,1,2,A,-,08,22107,NA,N,B,C,A,A,H,-,B,D,0,NA,NA,NA,NA,Y,NA,-,-,0,0,1,0,0,0,0,0,0,-,-,32.83884048461914,-117.23551177978516,SAN DIEGO,SAN DIEGO,-117.2353286743164,32.83889389038086
94402264,2024,2024-09-20,9650,2024-09-11,1320,019270,NA,3,1,9,3700,0,3,5,NA,2,170,ROBELINI DR,EL VALLE OPULENTO,0,NA,Y,A,-,N,NA,NA,NA,NA,NA,NA,NA,NA,NA,Y,4,0,1,2,A,-,09,21802,A,N,D,C,A,A,H,-,A,A,0,NA,NA,NA,NA,Y,NA,A,01,0,0,1,0,0,0,0,0,0,-,-,33.172950744628906,-117.2100830078125,SAN DIEGO,UNINCORPORATED,-117.21002960205078,33.17295455932617
94404691,2024,2024-09-23,9680,2024-09-12,1240,017621,NA,4,1,9,3700,0,1,3,NA,1,091,SR-78 (MAIN STREET),4TH STREET,20,E,N,A,-,Y,SD,NA,78,NA,NA,36.196,H,NA,R,N,4,0,1,2,A,-,09,21802,A,N,D,C,A,A,H,-,A,A,0,NA,NA,NA,NA,Y,NA,A,01,0,0,1,0,0,0,0,0,0,-,-,33.047359466552734,-116.85894775390624,SAN DIEGO,UNINCORPORATED,-116.85894012451172,33.0473518371582
9440500,2022,2022-05-05,3711,2022-04-14,2024,SD1537,NA,4,5,7,3711,0,0,0,NA,0,434,IMPERIAL AV,IMPERIAL AV 6900,0,NA,Y,A,-,N,NA,NA,NA,NA,NA,NA,NA,NA,NA,Y,4,0,2,1,A,-,01,23152,A,N,E,I,A,A,H,-,C,D,0,NA,NA,NA,NA,Y,Y,A,01,0,0,2,0,0,0,0,0,0,-,-,NA,NA,SAN DIEGO,SAN DIEGO,NA,NA
94405888,2024,2024-09-24,9645,2024-09-17,1720,023910,NA,2,2,7,3711,0,1,1,NA,2,010,I-8 EB,MISSION CENTER PARKWAY,1400,E,N,A,-,Y,SD,NA,8,NA,NA,5.137,H,NA,R,N,4,0,1,3,A,-,07,21658,A,N,B,C,A,A,H,-,A,D,0,NA,NA,Y,NA,Y,NA,A,01,0,0,1,0,0,0,0,0,1,-,-,32.7770881652832,-117.12065887451172,SAN DIEGO,SAN DIEGO,-117.12061309814452,32.77703094482422
94406603,2024,2024-09-24,9650,2024-09-20,645,022739,NA,5,1,9,3700,0,2,4,NA,1,027,VALLEY CENTER ROAD,ROCK HILL RANCH ROAD,275,W,N,B,-,N,NA,NA,NA,NA,NA,NA,NA,NA,NA,Y,4,0,1,2,A,-,03,22350,NA,N,C,C,A,A,H,-,A,D,0,NA,NA,NA,NA,Y,NA,A,01,0,0,1,0,0,0,0,0,0,-,-,33.2282600402832,-117.00698089599608,SAN DIEGO,UNINCORPORATED,-117.00692749023438,33.228233337402344
9440874,2022,2022-05-11,3711,2022-04-26,1720,SD7972,NA,2,5,7,3711,0,0,0,NA,0,315,CAMINO DE LA REINA,MISSION CENTER RD,400,W,N,A,-,N,NA,NA,NA,NA,NA,NA,NA,NA,NA,Y,4,0,5,3,A,-,03,22350,NA,N,C,C,A,A,H,-,A,A,0,NA,NA,NA,NA,Y,NA,A,01,0,0,5,0,0,0,0,0,0,-,-,NA,NA,SAN DIEGO,SAN DIEGO,-117.15503692626952,32.76774215698242
94409524,2024,2024-09-26,9650,2024-09-20,1335,021359,NA,5,1,9,3700,0,3,5,NA,2,070,VILLA DE LA VALLE,LA GRACIA,0,NA,Y,A,-,N,NA,NA,NA,NA,NA,NA,NA,NA,NA,Y,3,0,2,4,A,-,03,22350,NA,N,C,C,A,A,H,-,A,D,0,NA,NA,NA,NA,Y,NA,D,22,0,1,1,0,0,0,0,0,0,-,-,33.010520935058594,-117.20365142822266,SAN DIEGO,UNINCORPORATED,NA,NA
94410060,2024,2024-09-26,9645,2024-09-26,1125,016156,NA,4,1,7,3711,0,1,1,NA,2,017,I-15 S/B,MIRAMAR ROAD,3062,S,N,A,-,Y,SD,NA,15,NA,M,13.683,H,NA,L,Y,3,0,1,1,A,-,08,22107,NA,N,F,A,A,A,H,-,A,D,0,NA,NA,Y,NA,Y,NA,C,02,0,1,0,0,0,0,0,0,1,-,-,32.885189056396484,-117.11144256591795,SAN DIEGO,SAN DIEGO,-117.111328125,32.8852424621582
9441203,2022,2022-05-19,3711,2022-04-27,1327,SD7049,NA,3,5,7,3711,0,0,0,NA,0,627,FRONT ST,FRONT ST 4000,0,NA,-,A,-,N,NA,NA,NA,NA,NA,NA,NA,NA,NA,Y,4,0,1,2,A,-,21,22106,NA,N,D,C,A,A,H,-,A,A,0,NA,NA,NA,NA,Y,NA,A,01,0,0,1,0,0,0,0,0,0,-,-,NA,NA,SAN DIEGO,SAN DIEGO,NA,NA
94412127,2024,2024-09-30,9650,2024-09-25,1914,020254,NA,3,2,6,3710,0,1,1,NA,2,005,I-5 S/B,OCEANSIDE BLVD,685,S,N,B,-,Y,SD,NA,5,NA,R,52.165,H,NA,L,Y,4,0,3,2,A,-,08,22107,NA,N,B,2,A,A,H,-,C,D,0,NA,NA,NA,NA,Y,NA,A,01,0,0,3,0,0,0,0,0,0,-,-,33.18844985961914,-117.36093902587892,SAN DIEGO,OCEANSIDE,-117.36093139648438,33.188453674316406
9441214,2022,2022-05-19,3711,2022-04-30,0035,SD7829,NA,6,5,7,3711,0,0,0,NA,0,313,KEARNY VILLA RD,CLAIREMONT MESA BL,0,NA,Y,A,-,N,NA,NA,NA,NA,NA,NA,NA,NA,NA,N,4,0,1,2,A,-,12,21453,A,N,D,C,A,A,H,-,C,A,0,NA,NA,NA,NA,Y,NA,A,01,0,0,1,0,0,0,0,0,0,-,-,NA,NA,SAN DIEGO,SAN DIEGO,-117.13842010498048,32.8315315246582
94412517,2024,2024-09-30,9650,2024-08-30,1850,023524,NA,5,2,5,3782,0,1,1,NA,2,007,INTERSTATE 5 S/B,BIRMINGHAM,898,S,N,B,-,Y,SD,NA,5,NA,R,39.654,H,NA,L,Y,4,0,1,2,A,-,03,22350,NA,N,C,C,A,A,H,-,A,A,0,NA,NA,NA,NA,Y,NA,A,07,0,0,1,0,0,0,0,0,0,-,-,33.02389144897461,-117.27413177490234,SAN DIEGO,ENCINITAS,-117.2739715576172,33.023921966552734
94414023,2024,2024-10-01,9650,2024-09-04,1400,019346,NA,3,2,5,3713,0,1,3,NA,2,017,SR-78 W/B,EMERALD DR,200,E,N,A,-,Y,SD,NA,78,NA,NA,4.622,H,NA,L,Y,3,0,1,3,A,-,08,22107,NA,N,B,C,A,A,H,-,A,D,0,NA,NA,NA,NA,Y,NA,A,07,0,1,0,0,0,0,0,0,0,-,-,33.18983840942383,-117.27601623535156,SAN DIEGO,VISTA,-117.27599334716795,33.18980407714844
9441421,2022,2022-05-27,3711,2022-05-06,0545,SD1026,NA,5,5,7,3711,0,0,0,NA,0,326,MONTEZUMA RD,MONTEZUMA RD 5400,0,NA,N,E,-,N,NA,NA,NA,NA,NA,NA,NA,NA,NA,N,4,0,1,1,A,-,03,22350,NA,N,F,J,A,A,H,-,D,D,0,NA,NA,NA,NA,Y,NA,A,01,0,0,1,0,0,0,0,0,0,-,-,NA,NA,SAN DIEGO,SAN DIEGO,-117.07047271728516,32.77071762084961
94414647,2024,2024-10-01,9650,2024-09-27,1755,022992,NA,5,2,9,3700,0,3,5,NA,1,212,LILAC ROAD,ROBLE VERDE,1800,E,N,A,-,N,NA,NA,NA,NA,NA,NA,NA,NA,NA,Y,4,0,2,2,A,-,05,21460,A,N,B,C,A,A,H,-,A,D,0,NA,NA,NA,NA,Y,NA,D,22,0,0,2,0,0,0,0,0,0,-,-,33.24708938598633,-117.05438995361328,SAN DIEGO,UNINCORPORATED,-117.0569076538086,33.24729537963867
94415996,2024,2024-10-02,9650,2024-09-28,2008,022892,NA,6,2,9,3700,0,3,5,NA,2,210,GOPHER CANYON RD,I-15 S/B,0,NA,Y,A,-,N,NA,NA,NA,NA,NA,NA,NA,NA,NA,Y,4,0,1,2,A,-,09,21800,C,N,A,C,A,A,H,-,C,D,0,NA,NA,NA,NA,Y,NA,A,01,0,0,1,0,0,0,0,0,0,-,-,33.25294876098633,-117.15692138671876,SAN DIEGO,UNINCORPORATED,-117.15616607666016,33.2529296875
94416111,2024,2024-10-02,9650,2024-09-25,1635,020747,NA,3,2,5,3712,0,1,3,NA,2,019,SR-78 E/B TO SAN MARCOS BLVD. OFF RAMP,SAN MARCOS BLVD,65,W,N,A,-,Y,SD,NA,78,NA,NA,12.11,H,NA,R,N,4,0,1,2,A,-,03,22350,NA,N,C,C,A,A,H,-,A,A,0,NA,NA,NA,Y,Y,NA,F,27,0,0,1,0,0,0,0,0,0,-,-,33.13788986206055,-117.17745208740234,SAN DIEGO,SAN MARCOS,-117.17734527587892,33.138092041015625
94416121,2024,2024-10-02,9650,2024-09-28,2220,022924,NA,6,3,9,3700,0,2,4,NA,2,061,E. MISSION ROAD,TIERRA ROJA DRIVE,200,W,N,A,-,N,NA,NA,NA,NA,NA,NA,NA,NA,NA,Y,4,0,3,3,A,-,08,22107,NA,N,B,C,A,A,H,-,D,D,0,NA,NA,NA,NA,Y,NA,D,22,0,0,3,0,0,0,0,0,0,-,-,33.39226150512695,-117.1930923461914,SAN DIEGO,UNINCORPORATED,-117.19357299804688,33.392147064208984
94418325,2024,2024-10-03,9650,2024-09-19,715,017828,NA,4,1,9,3700,0,1,1,NA,2,003,I-5 S/B,DONALD COOK ROAD,1600,N,N,B,-,Y,SD,NA,5,NA,R,58.681,H,NA,L,N,4,0,1,2,A,-,01,23152,F,N,C,C,A,A,H,-,A,D,0,NA,NA,NA,NA,Y,NA,D,22,0,0,1,0,0,0,0,0,0,-,-,33.260231018066406,-117.42835235595705,SAN DIEGO,UNINCORPORATED,-117.42839813232422,33.26020431518555
9441944,2022,2022-05-13,3702,2022-02-17,0746,CV1342,NA,4,5,6,3702,0,0,0,NA,0,013,3RD AV,L ST,104,N,N,A,-,N,NA,NA,NA,NA,NA,NA,NA,NA,NA,Y,4,0,2,2,A,-,04,21703,NA,N,C,C,A,A,H,-,A,D,0,NA,NA,NA,NA,Y,NA,A,07,0,0,2,0,0,0,0,0,0,-,-,NA,NA,SAN DIEGO,CHULA VISTA,-117.07189178466795,32.62086868286133
94423712,2024,2024-10-08,9680,2024-09-21,2000,022161,NA,6,2,9,3700,0,3,5,NA,2,003,LAKE JENNINGS PARK RD.,OLDE HIGHWAY 80,16,N,N,A,-,Y,NA,NA,NA,NA,NA,NA,NA,NA,NA,N,3,0,1,2,A,-,09,21803,A,N,B,C,A,A,H,-,C,A,0,NA,NA,NA,NA,Y,NA,D,22,0,1,0,0,0,0,0,0,0,-,-,32.843589782714844,-116.88111114501952,SAN DIEGO,UNINCORPORATED,NA,NA
94425127,2024,2024-10-09,9645,2024-09-24,1745,020992,NA,2,2,7,3711,0,1,1,NA,2,015,I-805 SOUTHBOUND,EASTGATE MALL,450,N,N,A,-,Y,SD,NA,805,NA,NA,26.515,H,NA,L,N,4,0,1,2,A,-,08,22107,NA,N,D,C,A,A,H,-,A,D,0,NA,NA,NA,NA,Y,NA,A,01,0,0,1,0,0,0,0,0,0,-,-,32.883331298828125,-117.20230865478516,SAN DIEGO,SAN DIEGO,-117.20216369628906,32.883365631103516
94425256,2024,2024-10-09,9650,2024-09-28,1755,023084,NA,6,2,9,3700,0,2,4,NA,2,063,RECHE ROAD,WILT ROAD,580,E,N,A,-,N,NA,NA,NA,NA,NA,NA,NA,NA,NA,N,4,0,4,3,A,-,03,22350,NA,N,C,C,A,A,H,-,A,D,0,NA,NA,NA,NA,Y,NA,-,-,0,0,4,0,0,0,0,0,0,-,-,33.36769104003906,-117.18173217773438,SAN DIEGO,UNINCORPORATED,-117.18161010742188,33.3676872253418
94425335,2024,2024-10-09,9650,2024-10-03,1845,018406,NA,4,2,5,3701,0,1,1,NA,2,005,I-5 N/B,LAS FLORES DR,195,N,N,B,-,Y,SD,NA,5,NA,R,50.725,H,NA,R,Y,4,0,2,3,A,-,03,22350,NA,N,C,2,A,A,H,-,C,D,0,NA,NA,NA,NA,Y,NA,A,01,0,0,2,0,0,0,0,0,0,-,-,33.17118835449219,-117.34678649902344,SAN DIEGO,CARLSBAD,-117.34676361083984,33.17120361328125
94430114,2024,2024-10-14,9680,2024-10-02,1030,023932,NA,3,1,9,3700,0,3,5,NA,2,002,BRABHAM STREET,VIA RANCHO SAN DIEGO,450,W,N,A,-,N,NA,NA,NA,NA,NA,NA,NA,NA,NA,Y,3,0,1,4,A,-,09,21804,A,N,D,C,A,A,H,-,A,D,0,NA,NA,NA,NA,Y,NA,A,07,0,1,0,0,0,0,0,0,0,-,-,32.74943923950195,-116.93131256103516,SAN DIEGO,UNINCORPORATED,-116.9311065673828,32.74945831298828
9443318,2022,2022-05-27,3702,2022-04-06,1522,CV1133,NA,3,5,6,3702,0,0,0,NA,0,022,MAIN ST,HILLTOP DR,0,NA,Y,A,-,N,NA,NA,NA,NA,NA,NA,NA,NA,NA,Y,4,0,1,3,A,-,12,21453,A,N,D,C,A,A,H,-,A,A,0,NA,NA,NA,NA,Y,NA,A,01,0,0,1,0,0,0,0,0,0,-,-,NA,NA,SAN DIEGO,CHULA VISTA,-117.0515365600586,32.59470748901367