CASE_ID,ACCIDENT_YEAR,PROC_DATE,JURIS,COLLISION_DATE,COLLISION_TIME,OFFICER_ID,REPORTING_DISTRICT,DAY_OF_WEEK,CHP_SHIFT,POPULATION,CNTY_CITY_LOC,SPECIAL_COND,BEAT_TYPE,CHP_BEAT_TYPE,CITY_DIVISION_LAPD,CHP_BEAT_CLASS,BEAT_NUMBER,PRIMARY_RD,SECONDARY_RD,DISTANCE,DIRECTION,INTERSECTION,WEATHER_1,WEATHER_2,STATE_HWY_IND,CALTRANS_COUNTY,CALTRANS_DISTRICT,STATE_ROUTE,ROUTE_SUFFIX,POSTMILE_PREFIX,POSTMILE,LOCATION_TYPE,RAMP_INTERSECTION,SIDE_OF_HWY,TOW_AWAY,COLLISION_SEVERITY,NUMBER_KILLED,NUMBER_INJURED,PARTY_COUNT,PRIMARY_COLL_FACTOR,PCF_CODE_OF_VIOL,PCF_VIOL_CATEGORY,PCF_VIOLATION,PCF_VIOL_SUBSECTION,HIT_AND_RUN,TYPE_OF_COLLISION,MVIW,PED_ACTION,ROAD_SURFACE,ROAD_COND_1,ROAD_COND_2,LIGHTING,CONTROL_DEVICE,CHP_ROAD_TYPE,PEDESTRIAN_ACCIDENT,BICYCLE_ACCIDENT,MOTORCYCLE_ACCIDENT,TRUCK_ACCIDENT,NOT_PRIVATE_PROPERTY,ALCOHOL_INVOLVED,STWD_VEHTYPE_AT_FAULT,CHP_VEHTYPE_AT_FAULT,COUNT_SEVERE_INJ,COUNT_VISIBLE_INJ,COUNT_COMPLAINT_PAIN,COUNT_PED_KILLED,COUNT_PED_INJURED,COUNT_BICYCLIST_KILLED,COUNT_BICYCLIST_INJURED,COUNT_MC_KILLED,COUNT_MC_INJURED,PRIMARY_RAMP,SECONDARY_RAMP,LATITUDE,LONGITUDE,COUNTY,CITY,POINT_X,POINT_Y
9493192,2022,2022-09-15,3709,2022-08-30,0945,NC5010,NA,2,5,5,3709,0,0,0,NA,0,020,D AV,E 2ND ST,0,NA,Y,A,-,N,NA,NA,NA,NA,NA,NA,NA,NA,NA,N,4,0,1,2,A,-,09,21802,A,N,D,C,A,A,H,-,A,A,0,NA,NA,NA,NA,Y,NA,D,22,0,0,1,0,0,0,0,0,0,-,-,NA,NA,SAN DIEGO,NATIONAL CITY,-117.10482025146484,32.6821403503418
94933397,2025,2025-11-17,9645,2025-11-15,1955,023628,NA,6,2,7,3711,0,1,1,NA,2,015,I-805 S/B,I-5,115,S,N,C,-,Y,SD,NA,805,NA,NA,28.463,H,NA,L,N,4,0,1,1,A,-,03,22350,NA,N,E,I,A,B,H,-,D,D,0,NA,NA,NA,NA,Y,NA,A,01,0,0,1,0,0,0,0,0,0,-,-,32.90367126464844,-117.22332000732422,SAN DIEGO,SAN DIEGO,-117.22340393066406,32.90360641479492
94933615,2025,2025-11-17,9645,2025-11-05,2015,023922,NA,3,2,7,3711,0,1,3,NA,2,020,SR-56 WB,CARMEL CREEK ROAD,2353,E,N,A,-,Y,SD,NA,56,NA,NA,1.281,H,NA,L,N,3,0,2,2,A,-,03,22350,NA,N,C,C,A,A,H,-,D,D,0,NA,NA,NA,NA,Y,NA,A,01,0,2,0,0,0,0,0,0,0,-,-,32.94010925292969,-117.22199249267578,SAN DIEGO,SAN DIEGO,-117.22196197509766,32.94007873535156
9493508,2022,2022-09-16,3711,2022-08-24,1345,SD1196,NA,3,5,7,3711,0,0,0,NA,0,525,G ST,3RD ST,0,NA,Y,A,-,N,NA,NA,NA,NA,NA,NA,NA,NA,NA,N,4,0,2,2,A,-,17,21461,A,N,D,C,A,A,H,-,A,A,0,NA,NA,NA,NA,Y,NA,A,01,0,0,2,0,0,0,0,0,0,-,-,NA,NA,SAN DIEGO,SAN DIEGO,-117.1619873046875,32.71257781982422
9493517,2022,2022-10-11,3711,2022-08-30,0800,SD6063,NA,2,5,7,3711,0,0,0,NA,0,124,SOLEDAD MOUNTAIN RD,RIDGEGATE ROW,78,S,N,A,-,N,NA,NA,NA,NA,NA,NA,NA,NA,NA,N,3,0,2,2,B,-,22,NA,NA,N,C,-,F,A,H,-,A,-,0,Y,Y,NA,NA,Y,NA,L,04,0,2,0,0,1,0,1,0,0,-,-,NA,NA,SAN DIEGO,SAN DIEGO,-117.24496459960938,32.83049392700195
94935950,2025,2025-11-18,9645,2025-11-09,659,022845,NA,7,1,7,3711,0,1,1,NA,2,007,I-5 N/B,SORRENTO VALLEY BLVD,1056,S,N,E,-,Y,SD,NA,805,NA,NA,28.114,H,NA,R,Y,3,0,2,2,A,-,03,22350,NA,N,C,C,A,A,D,-,A,D,0,NA,NA,NA,NA,Y,NA,D,22,0,2,0,0,0,0,0,0,0,-,-,32.90000915527344,-117.2195281982422,SAN DIEGO,SAN DIEGO,-117.21955108642578,32.89999771118164
94936238,2025,2025-11-18,9680,2025-11-06,1815,023841,NA,4,2,9,3700,0,1,3,NA,1,024,SR-94 EASTBOUND,LYONS VALLEY ROAD,200,E,N,A,-,Y,SD,NA,94,NA,NA,19.498,H,NA,R,Y,3,0,1,2,A,-,03,22350,NA,N,C,C,A,A,H,-,C,A,0,NA,NA,NA,NA,Y,NA,D,22,0,1,0,0,0,0,0,0,0,-,-,32.71969985961914,-116.88001251220705,SAN DIEGO,UNINCORPORATED,-116.88001251220705,32.71969985961914
9493680,2022,2022-09-20,3711,2022-07-16,1755,HB5062,NA,6,5,7,3711,0,0,0,NA,0,504,HARBOR DR,PARK BL,0,NA,Y,A,-,N,NA,NA,NA,NA,NA,NA,NA,NA,NA,Y,2,0,1,2,A,-,07,21658,A,N,D,C,A,A,H,-,A,A,0,NA,NA,Y,NA,Y,NA,A,01,1,0,0,0,0,0,0,0,1,-,-,NA,NA,SAN DIEGO,SAN DIEGO,-117.15760040283205,32.704776763916016
94938094,2025,2025-11-19,9680,2025-11-07,830,024144,NA,5,1,9,3700,0,3,5,NA,2,002,TYLER ST,CENTRAL AVE,6,E,N,A,-,N,NA,NA,NA,NA,NA,NA,NA,NA,NA,N,3,0,1,2,A,-,10,21950,A,N,G,B,B,A,H,-,A,A,0,Y,NA,NA,NA,Y,NA,A,07,0,1,0,0,1,0,0,0,0,-,-,32.73033905029297,-117.00997924804688,SAN DIEGO,UNINCORPORATED,-117.01004028320313,32.7303466796875
94939435,2025,2025-11-20,9645,2025-10-12,2335,021470,NA,7,3,7,3711,0,1,1,NA,2,010,I-8 E/B,MISSION CENTER PKWY,1934,E,N,A,-,Y,SD,NA,8,NA,NA,5.241,H,NA,R,Y,3,0,2,2,A,-,03,22350,NA,N,C,C,A,A,H,-,C,D,0,NA,NA,Y,NA,Y,NA,C,02,0,2,0,0,0,0,0,0,2,-,-,32.777671813964844,-117.11903381347656,SAN DIEGO,SAN DIEGO,-117.11907196044922,32.77774429321289
9493961,2022,2022-09-30,3711,2022-09-13,0955,SD6915,NA,2,5,7,3711,0,0,0,NA,0,233,BLACK MOUNTAIN RD,STARGAZE AV,36,S,N,B,-,N,NA,NA,NA,NA,NA,NA,NA,NA,NA,N,4,0,2,3,A,-,03,22350,NA,N,C,C,A,A,H,-,A,A,0,NA,NA,NA,NA,Y,NA,A,01,0,0,2,0,0,0,0,0,0,-,-,NA,NA,SAN DIEGO,SAN DIEGO,-117.13151550292967,32.974552154541016
9494149,2022,2022-10-07,3711,2022-09-27,2051,SD4310,NA,2,5,7,3711,0,0,0,NA,0,832,43RD ST,EL CAJON BL,0,NA,Y,A,-,N,NA,NA,NA,NA,NA,NA,NA,NA,NA,N,4,0,2,2,A,-,08,22102,NA,N,B,C,A,A,H,-,C,A,0,NA,NA,NA,NA,Y,NA,J,48,0,0,2,0,0,0,0,0,0,-,-,NA,NA,SAN DIEGO,SAN DIEGO,-117.10191345214844,32.755069732666016
9494295,2022,2022-09-28,3711,2022-09-18,1807,SD8695,NA,7,5,7,3711,0,0,0,NA,0,122,GRESHAM ST,ALY N GRAND AV,0,NA,-,A,-,N,NA,NA,NA,NA,NA,NA,NA,NA,NA,N,4,0,1,2,A,-,21,22106,NA,N,D,G,A,A,H,-,A,A,0,NA,Y,NA,NA,Y,NA,A,07,0,0,1,0,0,0,1,0,0,-,-,NA,NA,SAN DIEGO,SAN DIEGO,-117.24397277832033,32.797115325927734
94945760,2025,2025-11-24,9650,2025-11-07,1620,021876,NA,5,2,9,3700,0,1,1,NA,2,021,I-15 N/B,DEER SPRINGS RD,528,N,N,C,-,Y,SD,NA,15,NA,R,37.685,H,NA,R,Y,4,0,2,3,A,-,03,22350,NA,N,C,C,A,B,H,-,B,D,0,NA,NA,NA,NA,Y,NA,D,22,0,0,2,0,0,0,0,0,0,-,-,33.21059036254883,-117.13443756103516,SAN DIEGO,UNINCORPORATED,-117.13440704345705,33.21060562133789
94947023,2025,2025-11-25,9650,2025-11-19,655,017392,NA,3,1,5,3701,0,1,1,NA,2,005,I-5 S/B,POINSETTIA LANE,1584,N,N,A,-,Y,SD,NA,5,NA,R,46.08,H,NA,L,N,4,0,1,3,A,-,07,21658,A,N,B,C,A,A,H,-,A,D,0,NA,NA,NA,NA,Y,NA,A,01,0,0,1,0,0,0,0,0,0,-,-,33.109901428222656,-117.31484985351563,SAN DIEGO,CARLSBAD,-117.31488800048828,33.10988235473633
94947576,2025,2025-11-25,9645,2025-11-17,2231,024658,NA,1,3,7,3711,0,1,1,NA,2,013,I-805 S/B,MISSION CENTER RD,20,N,N,C,-,Y,SD,NA,805,NA,NA,19.21,H,NA,L,N,4,0,1,2,A,-,03,22350,NA,N,B,C,A,B,H,-,D,D,0,NA,NA,NA,NA,Y,NA,A,01,0,0,1,0,0,0,0,0,0,-,-,32.789241790771484,-117.14871978759766,SAN DIEGO,SAN DIEGO,-117.14881134033205,32.789215087890625
94952277,2025,2025-12-01,9650,2025-11-14,39,024744,NA,5,3,9,3700,0,2,4,NA,1,027,VALLEY CENTER RD,SUNSET RD,0,NA,Y,B,-,N,NA,NA,NA,NA,NA,NA,NA,NA,NA,N,3,0,1,1,A,-,01,23152,A,N,E,I,A,A,H,-,C,D,0,NA,NA,NA,NA,Y,Y,A,01,0,1,0,0,0,0,0,0,0,-,-,33.22829818725586,-116.98026275634766,SAN DIEGO,UNINCORPORATED,-116.98009490966795,33.228206634521484
94952580,2025,2025-12-01,9650,2025-11-26,1605,024814,NA,3,2,9,3700,0,3,5,NA,2,150,VISTA WAY,OSBORNE ST.,634,S,N,A,-,N,NA,NA,NA,NA,NA,NA,NA,NA,NA,N,4,0,1,2,A,-,03,22350,NA,N,C,C,A,A,H,-,A,A,0,NA,NA,NA,NA,Y,NA,A,01,0,0,1,0,0,0,0,0,0,-,-,33.23571014404297,-117.2261962890625,SAN DIEGO,UNINCORPORATED,-117.22624969482422,33.235904693603516
94952590,2025,2025-12-01,9650,2025-11-27,1046,018496,NA,4,1,9,3700,0,1,3,NA,1,028,SR-76,PALA DEL NORTE,1500,W,N,A,-,Y,SD,NA,76,NA,NA,21.045,H,NA,R,Y,4,0,3,2,A,-,03,22350,NA,N,A,C,A,A,H,-,A,D,0,NA,NA,NA,NA,Y,NA,A,07,0,0,3,0,0,0,0,0,0,-,-,33.3527717590332,-117.11289978027344,SAN DIEGO,UNINCORPORATED,-117.11289215087892,33.3527717590332
94952604,2025,2025-12-01,9680,2025-11-15,1810,021584,NA,6,2,9,3700,0,1,3,NA,1,091,STATE ROUTE 78,INDIAN OAKS ROAD,400,E,N,A,-,Y,SD,NA,78,NA,NA,32.154,H,NA,R,Y,3,0,1,2,A,-,05,21460,NA,N,A,C,A,B,H,-,D,A,0,NA,NA,NA,NA,Y,NA,A,01,0,1,0,0,0,0,0,0,0,-,-,33.071678161621094,-116.8991928100586,SAN DIEGO,UNINCORPORATED,-116.8991928100586,33.07167053222656
94952728,2025,2025-12-01,9650,2025-11-15,640,020673,NA,6,1,9,3700,0,2,4,NA,1,027,VALLEY CENTER RD.,S. RESORT DR.,260,S,N,C,-,N,NA,NA,NA,NA,NA,NA,NA,NA,NA,Y,2,0,1,1,A,-,08,22107,NA,F,E,8,A,A,H,-,A,D,0,NA,NA,NA,NA,Y,NA,-,99,1,0,0,0,0,0,0,0,0,-,-,33.26530075073242,-116.95371246337892,SAN DIEGO,UNINCORPORATED,-116.95378875732422,33.265438079833984
94953020,2025,2025-12-01,9645,2025-11-17,1738,024812,NA,1,2,7,3711,0,1,1,NA,2,010,I-8 EASTBOUND,HOTEL CIRCLE S,475,W,N,A,-,Y,SD,NA,8,NA,NA,2.152,H,NA,R,Y,2,0,3,3,A,-,01,23152,A,N,C,C,A,A,H,-,D,D,0,NA,NA,Y,NA,Y,NA,D,22,1,1,1,0,0,0,0,0,1,-,-,32.760948181152344,-117.16795349121094,SAN DIEGO,SAN DIEGO,-117.16791534423828,32.76085662841797
9495824,2022,2022-10-20,3709,2022-09-24,1947,NC0543,NA,6,5,5,3709,0,0,0,NA,0,020,D AV,E 1ST ST,0,NA,-,A,-,N,NA,NA,NA,NA,NA,NA,NA,NA,NA,Y,4,0,2,2,A,-,12,22450,A,M,D,D,A,A,H,-,C,D,0,NA,NA,NA,NA,Y,NA,D,22,0,0,2,0,0,0,0,0,0,-,-,NA,NA,SAN DIEGO,NATIONAL CITY,-117.10514068603516,32.6829948425293
94961889,2025,2025-12-08,9645,2025-10-26,40,024493,NA,7,3,7,3711,0,1,1,NA,2,021,SR-15 SOUTHBOUND TO SR-94 WESTBOUND,SR-94 W/B,56,N,N,A,-,Y,NA,NA,NA,NA,NA,NA,NA,NA,NA,Y,4,0,1,1,A,-,01,23152,A,N,E,I,A,A,H,-,C,D,0,NA,NA,NA,NA,Y,Y,A,01,0,0,1,0,0,0,0,0,0,-,-,32.71733093261719,-117.11865234375,SAN DIEGO,SAN DIEGO,-117.11797332763672,32.71731185913086
94962236,2025,2025-12-08,9680,2025-12-02,800,020780,NA,2,1,9,3700,0,2,4,NA,1,014,WINTER GARDENS BLVD,LEMON CREST DR,70,S,N,A,-,N,NA,NA,NA,NA,NA,NA,NA,NA,NA,N,4,0,1,2,A,-,03,22350,NA,N,C,C,A,B,H,-,A,A,0,NA,NA,NA,Y,Y,NA,F,26,0,0,1,0,0,0,0,0,0,-,-,32.849281311035156,-116.93103790283205,SAN DIEGO,UNINCORPORATED,-116.93109893798828,32.84928894042969
94962393,2025,2025-12-08,9645,2025-11-22,2255,023563,NA,6,3,7,3711,0,1,3,NA,2,014,SR-52 WESTBOUND,CONVOY STREET,2000,W,N,A,-,Y,SD,NA,52,NA,NA,5.103,H,NA,L,N,4,0,2,2,A,-,03,22350,NA,N,C,C,A,A,H,-,C,D,0,NA,NA,NA,NA,Y,NA,A,01,0,0,2,0,0,0,0,0,0,-,-,32.838130950927734,-117.1587371826172,SAN DIEGO,SAN DIEGO,-117.1587371826172,32.838134765625
9496392,2022,2022-08-30,3702,2022-06-30,1300,CV1264,NA,4,5,6,3702,0,0,0,NA,0,024,MAIN ST,MELROSE AV,463,E,N,A,-,N,NA,NA,NA,NA,NA,NA,NA,NA,NA,Y,4,0,1,2,A,-,09,21801,A,N,B,C,A,A,H,-,A,D,0,NA,NA,NA,NA,Y,NA,A,01,0,0,1,0,0,0,0,0,0,-,-,NA,NA,SAN DIEGO,CHULA VISTA,-117.0386199951172,32.59484100341797
9496474,2022,2022-11-21,3711,2022-09-14,0002,SD1515,NA,3,5,7,3711,0,0,0,NA,0,122,CHALCEDONY ST,BAYARD ST,0,NA,N,A,-,N,NA,NA,NA,NA,NA,NA,NA,NA,NA,Y,4,0,1,4,A,-,12,22450,A,N,D,C,A,A,H,-,C,A,0,NA,NA,NA,NA,Y,NA,A,01,0,0,1,0,0,0,0,0,0,-,-,NA,NA,SAN DIEGO,SAN DIEGO,-117.2550811767578,32.801605224609375
94965288,2025,2025-12-10,9650,2025-12-01,1737,024870,NA,1,2,9,3700,0,1,1,NA,2,001,I-5 S/B,LAS PULGAS RD,12518,N,N,A,-,Y,SD,NA,5,NA,R,64.57,H,NA,L,Y,2,0,4,3,A,-,01,23152,F,N,C,2,A,A,H,-,D,D,0,NA,NA,NA,NA,Y,NA,A,07,1,2,1,0,0,0,0,0,0,-,-,33.32659149169922,-117.48973846435548,SAN DIEGO,UNINCORPORATED,-117.48965454101563,33.32667541503906
94966038,2025,2025-12-10,9645,2025-11-21,757,023465,NA,5,1,7,3711,0,1,3,NA,2,006,STATE ROUTE 94 E/B (MARTIN LUTHER KING JR FREEWAY),EUCLID AVENUE,180,E,N,B,C,Y,SD,NA,94,NA,NA,5.203,H,NA,R,Y,4,0,1,3,A,-,03,22350,NA,N,B,2,A,B,G,-,A,D,0,NA,NA,NA,NA,Y,NA,A,07,0,0,1,0,0,0,0,0,0,-,-,32.71820831298828,-117.08396911621094,SAN DIEGO,SAN DIEGO,-117.08397674560548,32.71821975708008
94966704,2025,2025-12-10,9680,2025-05-02,1600,021353,NA,5,2,9,3700,0,3,5,NA,2,002,MAYA ST,LUTHER DR,355,N,N,A,-,N,NA,NA,NA,NA,NA,NA,NA,NA,NA,N,2,0,1,2,A,-,11,21954,A,N,G,B,D,A,H,-,A,D,0,Y,NA,NA,NA,Y,NA,N,60,1,0,0,0,1,0,0,0,0,-,-,32.71318817138672,-116.98964691162108,SAN DIEGO,UNINCORPORATED,-116.9896240234375,32.713035583496094
9496827,2022,2022-09-09,3711,2022-08-27,1240,SD1702,NA,6,5,7,3711,0,0,0,NA,0,828,EUCLID,UNIVERSITY AV,181,S,N,A,-,N,NA,NA,NA,NA,NA,NA,NA,NA,NA,N,4,0,4,4,A,-,21,22106,NA,N,D,D,A,A,H,-,A,D,0,NA,NA,NA,NA,Y,NA,A,01,0,0,4,0,0,0,0,0,0,-,-,NA,NA,SAN DIEGO,SAN DIEGO,-117.09229278564452,32.749053955078125
94972145,2025,2025-12-15,9680,2025-12-03,1300,015972,NA,3,1,5,3705,0,1,1,NA,2,082,INTERESTATE-8 WESTBOUND,NORTH MOLLISON AVENUE,28,E,N,A,-,Y,SD,NA,8,NA,NA,16.485,H,NA,L,N,4,0,1,2,A,-,03,22350,NA,N,C,C,A,A,H,-,A,D,0,NA,NA,NA,NA,Y,NA,A,01,0,0,1,0,0,0,0,0,0,-,-,32.80323028564453,-116.95081329345705,SAN DIEGO,EL CAJON,-116.95081329345705,32.80316925048828
94972599,2025,2025-12-15,9645,2025-12-03,1850,024747,NA,3,2,7,3711,0,1,1,NA,2,021,SR-15 SOUTHBOUND,MARKET ST,200,S,N,A,-,Y,SD,NA,15,NA,NA,1.695,H,NA,L,Y,4,0,1,2,A,-,03,22350,NA,N,C,C,A,A,H,-,C,A,0,NA,NA,NA,NA,Y,NA,A,01,0,0,1,0,0,0,0,0,0,-,-,32.70949935913086,-117.11991119384766,SAN DIEGO,SAN DIEGO,-117.11979675292967,32.70947265625
94972608,2025,2025-12-15,9680,2025-12-03,750,023077,NA,3,1,9,3700,0,3,5,NA,2,002,QUAILCREEK LN,TRALEE TERR,12,E,N,A,-,N,NA,NA,NA,NA,NA,NA,NA,NA,NA,N,3,0,1,2,A,-,10,21950,A,N,G,B,B,A,H,-,A,D,0,Y,NA,NA,NA,Y,NA,A,01,0,1,0,0,1,0,0,0,0,-,-,32.7430305480957,-116.98951721191406,SAN DIEGO,UNINCORPORATED,-116.98955535888672,32.74304962158203
94972695,2025,2025-12-15,9650,2025-12-04,732,024744,NA,4,1,9,3700,0,3,5,NA,1,160,GOPHER CANYON ROAD,ORMSBY WAY,75,E,N,A,-,N,NA,NA,NA,NA,NA,NA,NA,NA,NA,Y,3,0,1,2,A,-,03,22350,NA,N,C,C,A,A,H,-,A,D,0,NA,NA,NA,NA,Y,NA,D,22,0,1,0,0,0,0,0,0,0,-,-,33.24895095825195,-117.22483825683594,SAN DIEGO,UNINCORPORATED,-117.22476959228516,33.248966217041016
9497365,2022,2022-10-17,3711,2022-07-27,0150,SD7048,NA,3,5,7,3711,0,0,0,NA,0,521,MARKET ST,MARKET ST 1545,0,NA,Y,A,-,N,NA,NA,NA,NA,NA,NA,NA,NA,NA,N,4,0,1,3,B,-,22,NA,NA,M,C,C,A,A,H,-,C,A,0,NA,NA,NA,NA,Y,NA,A,07,0,0,1,0,0,0,0,0,0,-,-,NA,NA,SAN DIEGO,SAN DIEGO,-117.16378784179688,32.71141815185547
94975186,2025,2025-12-17,9650,2025-12-16,7,024870,NA,2,3,9,3700,0,3,5,NA,2,211,WOODS VALLEY RD,LAKE WOHLFORD RD,528,W,N,A,-,N,NA,NA,NA,NA,NA,NA,NA,NA,NA,Y,3,0,1,1,A,-,03,22350,NA,N,E,8,A,A,H,-,D,D,0,NA,NA,NA,NA,Y,NA,D,22,0,1,0,0,0,0,0,0,0,-,-,33.20560836791992,-116.97823333740234,SAN DIEGO,UNINCORPORATED,-116.9727020263672,33.20277404785156
94976018,2025,2025-12-17,9680,2025-12-05,755,023851,NA,5,1,9,3700,0,1,3,NA,2,027,SR-94 W/B,COLLEGE AVENUE U/C,20,E,N,A,-,Y,SD,NA,94,NA,NA,7.775,H,NA,L,N,4,0,1,2,A,-,03,22350,NA,N,C,C,A,A,H,-,A,D,0,NA,NA,NA,NA,Y,NA,D,22,0,0,1,0,0,0,0,0,0,-,-,32.742130279541016,-117.05077362060548,SAN DIEGO,UNINCORPORATED,-117.0507583618164,32.74211883544922
94977674,2025,2025-12-18,9645,2025-10-10,505,022932,NA,5,3,7,3711,0,1,1,NA,2,015,I-805 NORTHBOUND,LA JOLLA VILLAGE DR,870,N,N,A,-,Y,SD,NA,805,NA,NA,26.105,H,NA,R,N,4,0,1,1,A,-,01,23152,A,N,E,I,A,A,H,-,C,A,0,NA,NA,NA,NA,Y,Y,A,01,0,0,1,0,0,0,0,0,0,-,-,32.877708435058594,-117.19991302490234,SAN DIEGO,SAN DIEGO,-117.2001495361328,32.877655029296875
94979688,2025,2025-12-19,9680,2025-12-09,905,020500,NA,2,1,9,3700,0,1,3,NA,1,091,SR-78,WEEKEND VILLA RD,1056,E,N,A,-,Y,SD,NA,78,NA,NA,33.339,H,NA,R,N,4,0,1,2,A,-,04,21703,NA,N,C,C,A,A,H,-,A,D,0,NA,NA,NA,NA,Y,NA,D,22,0,0,1,0,0,0,0,0,0,-,-,33.06753921508789,-116.8808822631836,SAN DIEGO,UNINCORPORATED,-116.88088989257813,33.06752014160156
94979763,2025,2025-12-19,9645,2025-12-11,1751,024107,NA,4,2,5,3709,0,1,1,NA,2,001,I-5 SOUTHBOUND FROM YAMA STREET,YAMA STREET,40,S,N,A,-,Y,NA,NA,NA,NA,NA,NA,NA,NA,NA,Y,3,0,1,1,A,-,03,22350,NA,N,E,I,A,A,H,-,B,D,0,NA,NA,NA,NA,Y,NA,A,01,0,1,0,0,0,0,0,0,0,-,-,32.682498931884766,-117.11248779296876,SAN DIEGO,NATIONAL CITY,-117.11200714111328,32.6834831237793
94981707,2025,2025-12-22,9680,2025-12-01,1625,016415,NA,1,2,9,3700,0,3,5,NA,2,003,FRANCES DR.,HARBISON CANYON RD.,831,N,N,A,-,N,NA,NA,NA,NA,NA,NA,NA,NA,NA,Y,4,0,1,1,A,-,01,23152,A,N,E,I,A,A,H,-,A,A,0,NA,NA,NA,NA,Y,Y,D,22,0,0,1,0,0,0,0,0,0,-,-,32.821659088134766,-116.83162689208984,SAN DIEGO,UNINCORPORATED,-116.82952117919922,32.82054138183594
9498423,2022,2022-10-24,3711,2022-09-26,1107,SD1760,NA,1,5,7,3711,0,0,0,NA,0,628,INDIA ST,SASSAFRAS ST,0,NA,Y,A,-,N,NA,NA,NA,NA,NA,NA,NA,NA,NA,N,4,0,1,3,A,-,03,22350,NA,M,C,C,A,A,H,-,A,A,0,NA,NA,NA,NA,Y,NA,-,NA,0,0,1,0,0,0,0,0,0,-,-,NA,NA,SAN DIEGO,SAN DIEGO,-117.17601013183594,32.737327575683594
9498426,2022,2022-10-21,3711,2022-09-30,2222,SD1730,NA,5,5,7,3711,0,0,0,NA,0,627,1ST AV,BROOKES AV,13,E,N,A,-,N,NA,NA,NA,NA,NA,NA,NA,NA,NA,N,4,0,1,2,A,-,04,21703,NA,N,D,G,A,A,H,-,C,D,0,NA,Y,NA,NA,Y,Y,L,04,0,0,1,0,0,0,1,0,0,-,-,NA,NA,SAN DIEGO,SAN DIEGO,-117.16384887695313,32.74330139160156
94987411,2025,2025-12-26,9680,2025-12-11,1420,023467,NA,4,2,5,3705,0,1,1,NA,2,082,I-8 W/B,MOLLISON AVE,6,E,N,A,-,Y,SD,NA,8,NA,NA,16.483,H,NA,L,Y,3,0,2,3,A,-,03,22350,NA,N,C,C,A,A,H,-,A,D,0,NA,NA,NA,NA,Y,NA,D,22,0,2,0,0,0,0,0,0,0,-,-,32.803218841552734,-116.95085144042967,SAN DIEGO,EL CAJON,-116.95085144042967,32.80316925048828
9499043,2022,2022-10-20,3705,2022-07-29,0710,EC0397,NA,5,5,5,3705,0,0,0,NA,0,004,W WASHINGTON,LEMON ST,0,NA,Y,A,-,N,NA,NA,NA,NA,NA,NA,NA,NA,NA,N,4,0,1,3,A,-,03,22350,NA,N,C,C,A,A,H,-,A,D,0,NA,NA,NA,NA,Y,NA,A,01,0,0,1,0,0,0,0,0,0,-,-,NA,NA,SAN DIEGO,EL CAJON,-116.97303009033205,32.78765869140625
9499152,2022,2022-10-31,3711,2022-10-15,1300,SD8334,NA,6,5,7,3711,0,0,0,NA,0,444,MARKET ST,RT 805,0,NA,Y,B,-,Y,SD,11,805,-,-,12.779,R,4,N,Y,3,0,2,2,A,-,12,21453,A,N,D,C,A,A,H,-,A,A,0,NA,NA,NA,NA,Y,NA,A,01,0,1,1,0,0,0,0,0,0,-,NF,NA,NA,SAN DIEGO,SAN DIEGO,-117.09864807128906,32.70951843261719
9499171,2022,2022-10-21,3710,2022-10-06,0610,OC1492,NA,4,5,6,3710,0,0,0,NA,0,016,DOUGLAS DR,NORTH RIVER RD,0,NA,Y,A,-,N,NA,NA,NA,NA,NA,NA,NA,NA,NA,N,4,0,1,2,A,-,10,21950,A,N,G,B,B,A,H,-,C,A,0,Y,NA,NA,NA,Y,NA,A,01,0,0,1,0,1,0,0,0,0,-,-,NA,NA,SAN DIEGO,OCEANSIDE,-117.32264709472656,33.24536895751953
9499301,2022,2022-10-25,3711,2022-10-03,2000,SD7909,NA,1,5,7,3711,0,0,0,NA,0,115,EASTGATE MALL,TOWN CENTER DR,0,NA,Y,B,-,N,NA,NA,NA,NA,NA,NA,NA,NA,NA,Y,3,0,4,3,A,-,12,21453,A,N,D,C,A,A,H,-,C,A,0,NA,NA,NA,NA,Y,NA,A,07,0,1,3,0,0,0,0,0,0,-,-,NA,NA,SAN DIEGO,SAN DIEGO,-117.20789337158205,32.87928771972656