CASE_ID,ACCIDENT_YEAR,PROC_DATE,JURIS,COLLISION_DATE,COLLISION_TIME,OFFICER_ID,REPORTING_DISTRICT,DAY_OF_WEEK,CHP_SHIFT,POPULATION,CNTY_CITY_LOC,SPECIAL_COND,BEAT_TYPE,CHP_BEAT_TYPE,CITY_DIVISION_LAPD,CHP_BEAT_CLASS,BEAT_NUMBER,PRIMARY_RD,SECONDARY_RD,DISTANCE,DIRECTION,INTERSECTION,WEATHER_1,WEATHER_2,STATE_HWY_IND,CALTRANS_COUNTY,CALTRANS_DISTRICT,STATE_ROUTE,ROUTE_SUFFIX,POSTMILE_PREFIX,POSTMILE,LOCATION_TYPE,RAMP_INTERSECTION,SIDE_OF_HWY,TOW_AWAY,COLLISION_SEVERITY,NUMBER_KILLED,NUMBER_INJURED,PARTY_COUNT,PRIMARY_COLL_FACTOR,PCF_CODE_OF_VIOL,PCF_VIOL_CATEGORY,PCF_VIOLATION,PCF_VIOL_SUBSECTION,HIT_AND_RUN,TYPE_OF_COLLISION,MVIW,PED_ACTION,ROAD_SURFACE,ROAD_COND_1,ROAD_COND_2,LIGHTING,CONTROL_DEVICE,CHP_ROAD_TYPE,PEDESTRIAN_ACCIDENT,BICYCLE_ACCIDENT,MOTORCYCLE_ACCIDENT,TRUCK_ACCIDENT,NOT_PRIVATE_PROPERTY,ALCOHOL_INVOLVED,STWD_VEHTYPE_AT_FAULT,CHP_VEHTYPE_AT_FAULT,COUNT_SEVERE_INJ,COUNT_VISIBLE_INJ,COUNT_COMPLAINT_PAIN,COUNT_PED_KILLED,COUNT_PED_INJURED,COUNT_BICYCLIST_KILLED,COUNT_BICYCLIST_INJURED,COUNT_MC_KILLED,COUNT_MC_INJURED,PRIMARY_RAMP,SECONDARY_RAMP,LATITUDE,LONGITUDE,COUNTY,CITY,POINT_X,POINT_Y
9726293,2024,2024-08-30,3711,2024-08-09,1905,SD2016,NA,5,5,7,3711,0,0,0,NA,0,521,J ST,11TH AV,6,E,N,A,-,N,NA,NA,NA,NA,NA,NA,NA,NA,NA,N,4,0,1,2,A,-,08,22107,NA,M,G,B,B,A,H,-,A,A,0,Y,NA,NA,NA,Y,NA,A,01,0,0,1,0,1,0,0,0,0,-,-,NA,NA,SAN DIEGO,SAN DIEGO,-117.15460968017578,32.70941162109375
9726429,2024,2024-08-29,3711,2024-08-18,48,SD6513,NA,7,5,7,3711,0,0,0,NA,0,524,BROADWAY,8TH AVE,0,NA,Y,A,-,N,NA,NA,NA,NA,NA,NA,NA,NA,NA,N,4,0,1,2,A,-,12,21453,A,M,D,C,A,A,H,-,C,A,0,NA,NA,NA,NA,Y,NA,-,99,0,0,1,0,0,0,0,0,0,-,-,NA,NA,SAN DIEGO,SAN DIEGO,-117.15740966796876,32.715721130371094
9726668,2024,2024-09-13,3702,2024-08-11,1900,CV1391,NA,7,5,6,3702,0,0,0,NA,0,024,OLYMPIC PKWY,OLEANDER AV,200,W,N,A,-,N,NA,NA,NA,NA,NA,NA,NA,NA,NA,Y,4,0,1,2,A,-,01,23153,A,N,C,C,A,A,H,-,A,D,0,NA,NA,NA,NA,Y,Y,A,01,0,0,1,0,0,0,0,0,0,-,-,NA,NA,SAN DIEGO,CHULA VISTA,-117.03392028808594,32.606536865234375
9726985,2024,2024-12-09,3700,2024-10-24,838,SH0712,NA,4,5,4,3720,0,0,0,NA,0,603,BROADWAY,LEMON GROVE AV,0,NA,Y,A,-,N,NA,NA,NA,NA,NA,NA,NA,NA,NA,N,4,0,2,2,A,-,12,21453,A,N,D,C,A,A,H,-,A,A,0,NA,NA,NA,NA,Y,NA,I,09,0,0,2,0,0,0,0,0,0,-,-,NA,NA,SAN DIEGO,LEMON GROVE,-117.03054809570313,32.74264907836914
9727101,2024,2024-12-16,3711,2024-11-19,1910,SD1687,NA,2,5,7,3711,0,0,0,NA,0,626,FORT STOCKTON DR,TRIAS ST,75,N,N,A,-,N,NA,NA,NA,NA,NA,NA,NA,NA,NA,Y,4,0,1,1,A,-,08,22107,NA,N,E,J,A,A,H,-,C,A,0,NA,NA,NA,NA,Y,NA,A,01,0,0,1,0,0,0,0,0,0,-,-,NA,NA,SAN DIEGO,SAN DIEGO,-117.18714141845705,32.755638122558594
9727730,2024,2024-09-26,3709,2024-07-15,46,NC0533,NA,1,5,5,3709,0,0,0,NA,0,021,DIVISION ST,MESA AVE,0,NA,Y,A,-,N,NA,NA,NA,NA,NA,NA,NA,NA,NA,N,2,0,1,1,A,-,03,22350,NA,N,H,A,A,A,H,-,C,D,0,NA,NA,Y,NA,Y,NA,C,02,1,0,0,0,0,0,0,0,1,-,-,NA,NA,SAN DIEGO,NATIONAL CITY,-117.08324432373048,32.690059661865234
9727753,2024,2024-09-26,3709,2024-07-25,1455,NC0537,NA,4,5,5,3709,0,0,0,NA,0,021,EAST 8TH ST,E 8TH ST 2300,0,NA,N,A,-,N,NA,NA,NA,NA,NA,NA,NA,NA,NA,N,3,0,1,2,A,-,07,21658,A,N,C,G,A,A,H,-,A,D,0,NA,Y,NA,NA,Y,NA,L,04,0,1,0,0,0,0,1,0,0,-,-,NA,NA,SAN DIEGO,NATIONAL CITY,-117.10692596435548,32.67584228515625
9727852,2024,2024-09-24,3711,2024-08-02,520,SD2029,NA,5,5,7,3711,0,0,0,NA,0,243,KEARNY VILLA RD,MIRAMAR RD,0,NA,Y,B,-,N,NA,NA,NA,NA,NA,NA,NA,NA,NA,N,4,0,1,2,D,-,00,NA,NA,N,B,D,A,A,D,-,A,B,0,NA,NA,NA,Y,Y,NA,-,-,0,0,1,0,0,0,0,0,0,-,-,NA,NA,SAN DIEGO,SAN DIEGO,-117.11994934082033,32.893821716308594
9727854,2024,2024-08-29,3700,2024-08-01,2230,SH0817,NA,4,5,5,3712,0,0,0,NA,0,349,SAN ELIJO RD,BAKER ST,300,S,N,A,-,N,NA,NA,NA,NA,NA,NA,NA,NA,NA,Y,4,0,2,2,A,-,08,22100,B,N,D,C,A,A,H,-,C,D,0,NA,NA,NA,NA,Y,NA,A,07,0,0,2,0,0,0,0,0,0,-,-,NA,NA,SAN DIEGO,SAN MARCOS,-117.20183563232422,33.0968017578125
9728856,2024,2024-10-23,3711,2024-08-20,644,SD1703,NA,2,5,7,3711,0,0,0,NA,0,933,DEL MAR HEIGHTS RD,RT 5,6,S,N,A,-,Y,SD,11,5,-,R,34.347,R,1,S,N,3,0,1,2,A,-,09,21453,B,N,G,B,B,A,H,-,A,A,0,Y,NA,NA,NA,Y,NA,A,01,0,1,0,0,1,0,0,0,0,-,SF,NA,NA,SAN DIEGO,SAN DIEGO,-117.24441528320313,32.95305252075195
9729168,2024,2024-09-12,3702,2024-08-21,908,CV1410,NA,3,5,6,3702,0,0,0,NA,0,014,HILLTOP DR,CENTER ST,0,NA,Y,A,-,N,NA,NA,NA,NA,NA,NA,NA,NA,NA,Y,3,0,1,2,A,-,09,21801,A,N,A,C,A,A,H,-,A,D,0,NA,NA,NA,NA,Y,NA,A,01,0,1,0,0,0,0,0,0,0,-,-,NA,NA,SAN DIEGO,CHULA VISTA,-117.06717681884766,32.64346694946289
9730148,2024,2024-10-10,3700,2024-08-23,1650,SH0837,NA,5,5,5,3712,0,0,0,NA,0,350,WEST MISSION RD,MARCOS ST,14,W,N,A,-,N,NA,NA,NA,NA,NA,NA,NA,NA,NA,N,4,0,1,2,A,-,12,21453,A,N,D,G,A,A,H,-,A,A,0,NA,Y,NA,NA,Y,NA,L,04,0,0,1,0,0,0,1,0,0,-,-,NA,NA,SAN DIEGO,SAN MARCOS,-117.17033386230467,33.144561767578125
9730179,2024,2024-09-19,3711,2024-09-07,1243,SD6629,NA,6,5,7,3711,0,0,0,NA,0,452,61ST ST,SKYLINE DR,0,NA,Y,A,-,N,NA,NA,NA,NA,NA,NA,NA,NA,NA,N,2,0,1,2,A,-,09,21801,A,N,D,C,A,A,H,-,A,A,0,NA,NA,NA,NA,Y,NA,A,01,1,0,0,0,0,0,0,0,0,-,-,NA,NA,SAN DIEGO,SAN DIEGO,-117.06681823730467,32.70140838623047
9730180,2024,2024-09-23,3711,2024-09-07,1228,SD1608,NA,6,5,7,3711,0,0,0,NA,0,621,LINDA VISTA RD,KORINK AV,3,N,N,A,-,N,NA,NA,NA,NA,NA,NA,NA,NA,NA,N,4,0,1,2,A,-,04,21703,NA,M,C,C,A,A,H,-,A,D,0,NA,NA,NA,Y,Y,NA,-,NA,0,0,1,0,0,0,0,0,0,-,-,NA,NA,SAN DIEGO,SAN DIEGO,-117.16482543945313,32.79291534423828
9730317,2024,2024-09-26,3711,2024-09-08,1950,SD7986,NA,7,5,7,3711,0,0,0,NA,0,311,AERO DR,RUFFIN RD,661,E,N,A,F,N,NA,NA,NA,NA,NA,NA,NA,NA,NA,N,3,0,1,1,A,-,03,22350,NA,N,E,I,A,A,H,-,B,D,0,NA,NA,Y,NA,Y,NA,C,03,0,1,0,0,0,0,0,0,1,-,-,NA,NA,SAN DIEGO,SAN DIEGO,-117.12760162353516,32.80978012084961
9730324,2024,2024-09-26,3711,2024-09-06,1012,SD1715,NA,5,5,7,3711,0,0,0,NA,0,313,RUFFNER ST,OPPORTUNITY RD,0,NA,Y,A,-,N,NA,NA,NA,NA,NA,NA,NA,NA,NA,N,4,0,2,2,A,-,03,22350,NA,N,C,C,A,A,H,-,A,D,0,NA,NA,NA,NA,Y,NA,A,01,0,0,2,0,0,0,0,0,0,-,-,NA,NA,SAN DIEGO,SAN DIEGO,-117.15764617919922,32.82536697387695
9730349,2024,2024-09-30,3711,2024-09-06,1020,SD7152,NA,5,5,7,3711,0,0,0,NA,0,931,MIRA MESA BL,VISTA SORRENTO PKWY,0,NA,Y,A,-,N,NA,NA,NA,NA,NA,NA,NA,NA,NA,Y,3,0,1,2,A,-,12,21453,A,N,D,C,A,A,-,-,A,A,0,NA,NA,NA,Y,Y,NA,F,26,0,1,0,0,0,0,0,0,0,-,-,NA,NA,SAN DIEGO,SAN DIEGO,-117.2050323486328,32.89136505126953
9730350,2024,2024-10-10,3711,2024-09-06,2219,SD1978,NA,5,5,7,3711,0,0,0,NA,0,114,GENESEE AV,RT 52,0,NA,Y,A,-,Y,SD,11,52,-,-,2.656,R,4,E,Y,3,0,1,2,A,-,12,21453,A,N,D,C,A,A,D,-,B,A,0,NA,NA,NA,NA,Y,NA,A,01,0,1,0,0,0,0,0,0,0,-,WF,NA,NA,SAN DIEGO,SAN DIEGO,-117.1968994140625,32.84563064575195
9730670,2024,2024-09-12,3710,2024-07-20,1243,OC1487,NA,6,5,6,3710,0,0,0,NA,0,030,VISTA WY,RT 78,18,E,N,A,-,Y,SD,11,78,-,-,3.39,R,4,W,N,4,0,1,2,D,-,00,NA,NA,N,D,C,A,A,H,-,A,A,0,NA,NA,NA,NA,Y,NA,-,-,0,0,1,0,0,0,0,0,0,-,-,NA,NA,SAN DIEGO,OCEANSIDE,-117.29541015625,33.183284759521484
9730961,2024,2024-10-09,3710,2024-08-31,1426,OC1487,NA,6,5,6,3710,0,0,0,NA,0,027,ROSELLE AV,COLLEGE BL,23,E,N,A,-,N,NA,NA,NA,NA,NA,NA,NA,NA,NA,N,3,0,1,2,A,-,12,21453,A,N,C,C,A,A,H,-,A,A,0,NA,NA,NA,NA,Y,NA,A,01,0,1,0,0,0,0,0,0,0,-,-,NA,NA,SAN DIEGO,OCEANSIDE,-117.2947235107422,33.192047119140625
9731229,2024,2024-09-05,3710,2024-08-01,1714,OC1531,NA,4,5,6,3710,0,0,0,NA,0,027,COLLEGE BL,THUNDER DR,4,W,N,A,-,N,NA,NA,NA,NA,NA,NA,NA,NA,NA,N,3,0,1,2,A,-,08,22107,NA,F,C,G,A,A,H,-,A,D,0,NA,Y,NA,NA,Y,Y,-,99,0,1,0,0,0,0,1,0,0,-,-,NA,NA,SAN DIEGO,OCEANSIDE,-117.28846740722656,33.199344635009766
9731400,2024,2024-09-12,3711,2024-08-18,910,SD7087,NA,7,5,7,3711,0,0,0,NA,0,813,UNIVERSITY AV,UNIVERSITY AV 2000,0,NA,Y,A,-,N,NA,NA,NA,NA,NA,NA,NA,NA,NA,N,4,0,1,2,A,-,04,21703,NA,M,C,C,A,A,H,-,C,A,0,NA,NA,NA,NA,Y,NA,-,NA,0,0,1,0,0,0,0,0,0,-,-,NA,NA,SAN DIEGO,SAN DIEGO,-117.16390228271484,32.74827194213867
9732524,2024,2024-09-30,3711,2024-09-01,1846,SD1656,NA,7,5,7,3711,0,0,0,NA,0,824,EL CAJON BL,EL CAJON BL 4828,0,NA,N,A,-,N,NA,NA,NA,NA,NA,NA,NA,NA,NA,Y,4,0,3,4,B,-,22,NA,NA,N,B,C,A,A,H,-,A,D,0,NA,NA,NA,NA,Y,NA,A,01,0,0,3,0,0,0,0,0,0,-,-,NA,NA,SAN DIEGO,SAN DIEGO,-116.9778289794922,32.784767150878906
9732590,2024,2024-09-10,3702,2024-08-20,1450,CV1299,NA,2,5,6,3702,0,0,0,NA,0,042,BIRCH RD,DAWN CREST,0,NA,Y,A,-,N,NA,NA,NA,NA,NA,NA,NA,NA,NA,Y,3,0,2,2,A,-,09,21804,A,N,-,C,A,A,H,-,A,D,0,NA,NA,NA,NA,Y,NA,A,01,0,1,1,0,0,0,0,0,0,-,-,NA,NA,SAN DIEGO,CHULA VISTA,-116.96143341064452,32.62172317504883
9733847,2024,2024-10-21,3711,2024-09-07,2306,SD1466,NA,6,5,7,3711,0,0,0,NA,0,821,EL CAJON BL,71ST ST,0,NA,Y,A,-,N,NA,NA,NA,NA,NA,NA,NA,NA,NA,Y,3,0,3,2,A,-,09,21802,B,N,D,C,A,A,H,-,C,A,0,NA,NA,NA,NA,Y,NA,A,01,0,1,2,0,0,0,0,0,0,-,-,NA,NA,SAN DIEGO,SAN DIEGO,-117.04483795166016,32.76873779296875
9734122,2024,2024-10-07,3711,2024-09-11,116,SD7826,NA,3,5,7,3711,0,0,0,NA,0,511,MAIN ST,32ND ST,0,NA,-,-,-,N,NA,NA,NA,NA,NA,NA,NA,NA,NA,Y,3,0,1,1,A,-,01,23152,B,N,E,I,A,A,H,-,C,A,0,NA,NA,NA,NA,Y,Y,A,01,0,1,0,0,0,0,0,0,0,-,-,NA,NA,SAN DIEGO,SAN DIEGO,-117.12533569335938,32.69237518310547
9734836,2024,2024-10-09,3700,2024-08-05,2100,SH0392,NA,1,5,4,3780,0,0,0,NA,0,411,COMMUNITY RD,HILLEARY PL,0,NA,Y,A,-,N,NA,NA,NA,NA,NA,NA,NA,NA,NA,Y,2,0,3,2,D,-,00,NA,NA,N,D,C,A,A,H,-,E,A,0,NA,NA,NA,NA,Y,NA,-,-,3,0,0,0,0,0,0,0,0,-,-,NA,NA,SAN DIEGO,POWAY,-117.04055786132813,32.960044860839844
9736124,2024,2024-09-30,3711,2024-09-15,1705,SD1776,NA,7,5,7,3711,0,0,0,NA,0,122,MISSION BL,WEST MISSION BAY DR,0,NA,Y,A,-,N,NA,NA,NA,NA,NA,NA,NA,NA,NA,N,4,0,2,2,A,-,04,21703,NA,N,C,C,A,A,H,-,A,A,0,NA,NA,NA,NA,Y,NA,A,01,0,0,2,0,0,0,0,0,0,-,-,NA,NA,SAN DIEGO,SAN DIEGO,-117.25112915039063,32.77204132080078
9736667,2024,2024-10-14,3711,2024-09-11,700,7508,NA,3,5,7,3711,0,0,0,NA,0,524,INDIA ST,WEST BROADWAY,0,NA,Y,A,-,N,NA,NA,NA,NA,NA,NA,NA,NA,NA,Y,4,0,1,2,A,-,08,38314,NA,N,D,C,A,A,H,-,A,A,0,NA,NA,NA,NA,Y,NA,A,01,0,0,1,0,0,0,0,0,0,-,-,NA,NA,SAN DIEGO,SAN DIEGO,-117.16829681396484,32.71564865112305
9737081,2024,2024-10-18,3700,2024-09-13,1013,SH4688,NA,5,5,5,3712,0,0,0,NA,0,357,SOUTH TWIN OAKS VALLEY RD,N CITY DR,109,S,N,A,-,N,NA,NA,NA,NA,NA,NA,NA,NA,NA,Y,3,0,2,2,A,-,08,22107,NA,N,C,C,A,A,H,-,A,D,0,NA,NA,NA,NA,Y,NA,A,01,0,1,1,0,0,0,0,0,0,-,-,NA,NA,SAN DIEGO,SAN MARCOS,-117.16405487060548,33.13432312011719
9737088,2024,2024-10-01,3711,2024-09-10,236,SD1593,NA,2,5,7,3711,0,0,0,NA,0,521,1600 G ST,17TH ST,3,W,N,A,-,N,NA,NA,NA,NA,NA,NA,NA,NA,NA,Y,2,0,1,2,A,-,-,NA,NA,N,G,B,B,A,H,-,C,D,0,Y,NA,NA,NA,Y,Y,N,60,1,0,0,0,1,0,0,0,0,-,-,NA,NA,SAN DIEGO,SAN DIEGO,-117.14858245849608,32.71263122558594
9737410,2024,2024-10-02,3711,2024-09-17,324,SD7934,NA,2,5,7,3711,0,0,0,NA,0,724,PALM AV,PALM AV 2420,0,NA,Y,A,-,N,NA,NA,NA,NA,NA,NA,NA,NA,NA,N,3,0,1,3,A,-,08,22107,NA,N,E,I,A,A,H,-,C,A,0,NA,NA,NA,NA,Y,NA,A,01,0,1,0,0,0,0,0,0,0,-,-,NA,NA,SAN DIEGO,SAN DIEGO,-117.0857391357422,32.58381652832031
9737456,2024,2024-10-18,3711,2024-09-21,519,SD8861,NA,6,5,7,3711,0,0,0,NA,0,521,G ST,G ST 1300,0,NA,Y,A,-,N,NA,NA,NA,NA,NA,NA,NA,NA,NA,Y,4,0,1,2,A,-,08,22107,NA,M,B,C,A,A,H,-,C,A,0,NA,NA,NA,NA,Y,NA,-,99,0,0,1,0,0,0,0,0,0,-,-,NA,NA,SAN DIEGO,SAN DIEGO,-117.16380310058594,32.71255111694336
9738327,2024,2024-10-04,3711,2024-09-17,1843,SD6390,NA,2,5,7,3711,0,0,0,NA,0,441,OCEAN VIEW BL,S 36TH ST,60,E,N,A,-,N,NA,NA,NA,NA,NA,NA,NA,NA,NA,N,4,0,1,2,A,-,04,21703,NA,N,C,C,A,A,H,-,B,A,0,NA,NA,NA,NA,Y,NA,A,01,0,0,1,0,0,0,0,0,0,-,-,NA,NA,SAN DIEGO,SAN DIEGO,-117.11659240722656,32.70124816894531
9738777,2024,2024-11-18,3700,2024-09-11,1912,SH0817,NA,3,5,5,3712,0,0,0,NA,0,350,NORTH TWIN OAKS VALLEY DR,RT 78,225,N,N,A,-,Y,SD,11,78,-,-,13.039,R,4,E,Y,3,0,1,2,A,-,03,22350,NA,N,C,C,A,A,H,-,B,A,0,NA,NA,NA,NA,Y,NA,A,01,0,1,0,0,0,0,0,0,0,-,EO,NA,NA,SAN DIEGO,SAN MARCOS,-117.16146087646484,33.13718032836914
9739272,2024,2024-10-03,3710,2024-09-18,1413,OC1568,NA,3,5,6,3710,0,0,0,NA,0,028,MESA DR,COLLEGE BL,15,S,N,A,-,N,NA,NA,NA,NA,NA,NA,NA,NA,NA,N,4,0,1,2,A,-,01,23153,A,N,C,C,A,A,H,-,A,A,0,NA,NA,NA,NA,Y,Y,D,22,0,0,1,0,0,0,0,0,0,-,-,NA,NA,SAN DIEGO,OCEANSIDE,-117.29262542724608,33.225189208984375
9739909,2024,2024-10-08,3711,2024-09-17,1740,SD1926,NA,2,5,7,3711,0,0,0,NA,0,446,47TH ST,NOGAL ST,0,NA,Y,A,-,N,NA,NA,NA,NA,NA,NA,NA,NA,NA,N,4,0,1,2,A,-,12,22450,A,M,B,C,A,A,H,-,A,D,0,NA,NA,NA,NA,Y,NA,-,NA,0,0,1,0,0,0,0,0,0,-,-,NA,NA,SAN DIEGO,SAN DIEGO,-117.09368133544922,32.705936431884766
9739940,2024,2024-10-15,3711,2024-09-24,1835,SD1757,NA,2,5,7,3711,0,0,0,NA,0,813,EL CAJON BL,HAMILTON AV,150,W,N,A,-,N,NA,NA,NA,NA,NA,NA,NA,NA,NA,N,4,0,1,2,A,-,08,22107,NA,M,B,C,A,A,H,-,A,D,0,NA,NA,NA,NA,Y,NA,-,99,0,0,1,0,0,0,0,0,0,-,-,NA,NA,SAN DIEGO,SAN DIEGO,-117.13685607910156,32.755210876464844
9741404,2024,2024-10-11,3711,2024-07-02,1302,SD7734,NA,2,5,7,3711,0,0,0,NA,0,122,MAGNOLIA AV,FIGUEROA AV,0,NA,Y,A,-,N,NA,NA,NA,NA,NA,NA,NA,NA,NA,N,3,0,1,2,A,-,10,21950,A,N,G,B,B,A,H,-,A,D,0,Y,NA,NA,NA,Y,NA,A,01,0,1,0,0,1,0,0,0,0,-,-,NA,NA,SAN DIEGO,SAN DIEGO,-117.2193603515625,32.804386138916016
9741499,2024,2024-10-15,3700,2024-09-30,1337,SH3319,NA,1,5,5,3712,0,0,0,NA,0,352,NORTH TWIN OAKS VALLEY DR,BORDEN RD,153,S,N,A,-,N,NA,NA,NA,NA,NA,NA,NA,NA,NA,Y,3,0,3,3,A,-,01,23153,A,N,C,C,A,A,H,-,A,A,0,NA,NA,NA,Y,Y,Y,F,26,0,3,0,0,0,0,0,0,0,-,-,NA,NA,SAN DIEGO,SAN MARCOS,-117.16178894042967,33.15046310424805
9741544,2024,2024-10-18,3702,2024-09-26,1450,CV1519,NA,4,5,6,3702,0,0,0,NA,0,013,3RD AV,H ST,117,S,N,A,-,N,NA,NA,NA,NA,NA,NA,NA,NA,NA,Y,2,0,1,2,A,-,09,21804,A,N,D,C,A,A,H,-,A,D,0,NA,NA,NA,NA,Y,NA,A,01,1,0,0,0,0,0,0,0,0,-,-,NA,NA,SAN DIEGO,CHULA VISTA,-117.07711029052734,32.63409423828125
9742250,2024,2024-10-21,3711,2024-10-05,1529,SD1782,NA,6,5,7,3711,0,0,0,NA,0,625,ARISTA ST,JEFFERSON ST,0,NA,N,A,-,N,NA,NA,NA,NA,NA,NA,NA,NA,NA,N,4,0,1,2,D,-,00,NA,NA,N,-,-,A,A,H,-,A,D,0,NA,NA,NA,NA,Y,Y,-,-,0,0,1,0,0,0,0,0,0,-,-,NA,NA,SAN DIEGO,SAN DIEGO,-117.19447326660156,32.750091552734375
9743159,2024,2024-11-18,3705,2024-09-24,1051,EC0438,NA,2,5,5,3705,0,0,0,NA,0,001,PETREE ST,CUYAMACA ST,0,NA,Y,A,-,N,NA,NA,NA,NA,NA,NA,NA,NA,NA,Y,4,0,2,2,A,-,09,21801,A,N,D,C,A,A,H,-,A,A,0,NA,NA,NA,NA,Y,NA,A,01,0,0,2,0,0,0,0,0,0,-,-,NA,NA,SAN DIEGO,EL CAJON,-116.97953033447266,32.805809020996094
9744077,2024,2024-10-23,3711,2024-10-09,1732,SD5958,NA,3,5,7,3711,0,0,0,NA,0,242,CAMINO RUIZ,FLANDERS DR,0,NA,Y,A,-,N,NA,NA,NA,NA,NA,NA,NA,NA,NA,Y,4,0,2,2,A,-,12,21453,A,N,D,C,A,A,H,-,A,A,0,NA,NA,NA,NA,Y,NA,A,08,0,0,2,0,0,0,0,0,0,-,-,NA,NA,SAN DIEGO,SAN DIEGO,-117.14589691162108,32.90680694580078
9745113,2024,2024-10-24,3711,2024-10-08,1150,SD5072,NA,2,5,7,3711,0,0,0,NA,0,525,STATE ST,G ST,0,NA,Y,A,-,N,NA,NA,NA,NA,NA,NA,NA,NA,NA,N,4,0,1,2,A,-,09,21801,A,N,D,C,A,A,H,-,A,A,0,NA,NA,NA,NA,Y,NA,A,01,0,0,1,0,0,0,0,0,0,-,-,NA,NA,SAN DIEGO,SAN DIEGO,-117.16651153564452,32.71255111694336
9745207,2024,2024-10-23,3711,2024-10-15,1346,SD1512,NA,2,5,7,3711,0,0,0,NA,0,614,SUNSET CLIFFS BL,SARATOGA AV,0,NA,Y,B,-,N,NA,NA,NA,NA,NA,NA,NA,NA,NA,Y,4,0,1,4,A,-,12,22450,A,N,D,C,A,A,H,-,A,D,0,NA,NA,NA,NA,Y,NA,D,22,0,0,1,0,0,0,0,0,0,-,-,NA,NA,SAN DIEGO,SAN DIEGO,-117.24614715576172,32.746429443359375
9745217,2024,2024-10-30,3705,2024-08-19,1543,EC0438,NA,1,5,5,3705,0,0,0,NA,0,003,E WASHINGTON AV,GRANITE HILLS,72,W,N,A,-,N,NA,NA,NA,NA,NA,NA,NA,NA,NA,N,4,0,1,2,A,-,21,22106,NA,N,C,C,A,A,H,-,A,A,0,NA,NA,NA,Y,Y,NA,G,25,0,0,1,0,0,0,0,0,0,-,-,NA,NA,SAN DIEGO,EL CAJON,-116.91799926757813,32.78755569458008
9745426,2024,2024-10-23,3711,2024-10-11,1200,SD2008,NA,5,5,7,3711,0,0,0,NA,0,813,NORTH PARK WY,29TH ST,0,NA,Y,A,-,N,NA,NA,NA,NA,NA,NA,NA,NA,NA,N,4,0,1,2,A,-,12,22450,A,N,D,C,A,A,H,-,A,D,0,NA,NA,Y,NA,Y,NA,O,05,0,0,1,0,0,0,0,0,1,-,-,NA,NA,SAN DIEGO,SAN DIEGO,-117.13098907470705,32.747337341308594
9745468,2024,2024-10-25,3711,2024-10-10,739,SD7299,NA,4,5,7,3711,0,0,0,NA,0,242,HILLERY DR,HILLERY DR 9000,0,NA,Y,A,-,N,NA,NA,NA,NA,NA,NA,NA,NA,NA,N,3,0,1,2,A,-,10,21952,NA,N,H,G,A,A,H,-,A,D,0,NA,Y,NA,NA,Y,NA,A,01,0,1,0,0,0,0,1,0,0,-,-,NA,NA,SAN DIEGO,SAN DIEGO,NA,NA
9745694,2024,2024-11-13,3711,2024-10-18,1930,SD1590,NA,5,5,7,3711,0,0,0,NA,0,122,GARNET AV,MISSION BAY BL,0,NA,Y,A,-,N,NA,NA,NA,NA,NA,NA,NA,NA,NA,N,3,0,1,2,B,-,22,NA,NA,N,C,C,A,A,H,-,C,A,0,NA,Y,NA,Y,Y,NA,L,04,0,1,0,0,0,0,1,0,0,-,-,NA,NA,SAN DIEGO,SAN DIEGO,-117.2189712524414,32.80615234375
9746091,2024,2024-10-30,3710,2024-10-12,1230,OC1211,NA,6,5,6,3710,0,0,0,NA,0,011,OCEANSIDE BL,STATE TREE,357,W,N,A,-,N,NA,NA,NA,NA,NA,NA,NA,NA,NA,N,4,0,1,2,A,-,09,21804,A,N,D,C,A,A,H,-,A,A,0,NA,NA,NA,NA,Y,NA,A,01,0,0,1,0,0,0,0,0,0,-,-,NA,NA,SAN DIEGO,OCEANSIDE,-117.3599090576172,33.191768646240234
9746740,2024,2025-04-11,3711,2024-10-24,2000,SD6839,NA,4,5,7,3711,0,0,0,NA,0,931,MIRAMAR RD,MIRAMAR RD 5000,0,NA,N,-,-,N,NA,NA,NA,NA,NA,NA,NA,NA,NA,N,4,0,3,2,B,-,22,NA,NA,N,-,-,A,-,-,-,-,-,0,NA,NA,NA,NA,Y,NA,A,01,0,0,3,0,0,0,0,0,0,-,-,NA,NA,SAN DIEGO,SAN DIEGO,-117.19499969482422,32.875919342041016
9746750,2024,2024-11-08,3711,2024-10-17,1323,SD1931,NA,4,5,7,3711,0,0,0,NA,0,825,FAIRMOUNT AV,MEADE AV,20,N,N,A,-,N,NA,NA,NA,NA,NA,NA,NA,NA,NA,Y,4,0,1,1,A,-,08,22107,NA,N,F,A,A,A,H,-,A,-,0,NA,NA,Y,NA,Y,Y,C,03,0,0,1,0,0,0,0,0,1,-,-,NA,NA,SAN DIEGO,SAN DIEGO,-117.10186767578124,32.75712585449219
9747063,2024,2024-11-21,3711,2024-10-24,1528,SD2010,NA,4,5,7,3711,0,0,0,NA,0,115,NOBEL DR,RT 5,0,NA,Y,A,-,N,NA,NA,NA,NA,NA,NA,NA,NA,NA,N,3,0,1,2,A,-,12,21453,A,N,D,C,A,A,H,-,A,A,0,NA,NA,Y,NA,Y,NA,C,02,0,1,0,0,0,0,0,0,1,-,NO,NA,NA,SAN DIEGO,SAN DIEGO,-117.22972106933594,32.86820602416992
9747355,2024,2024-10-24,3711,2024-10-15,830,SD1764,NA,2,5,7,3711,0,0,0,NA,0,625,TAYLOR ST,ROSECRANS ST,0,NA,Y,B,-,N,NA,NA,NA,NA,NA,NA,NA,NA,NA,N,4,0,1,2,D,-,00,NA,NA,N,B,C,A,A,H,-,A,A,0,NA,NA,NA,NA,Y,NA,-,-,0,0,1,0,0,0,0,0,0,-,-,NA,NA,SAN DIEGO,SAN DIEGO,-117.20110321044922,32.75539016723633