CASE_ID,ACCIDENT_YEAR,PROC_DATE,JURIS,COLLISION_DATE,COLLISION_TIME,OFFICER_ID,REPORTING_DISTRICT,DAY_OF_WEEK,CHP_SHIFT,POPULATION,CNTY_CITY_LOC,SPECIAL_COND,BEAT_TYPE,CHP_BEAT_TYPE,CITY_DIVISION_LAPD,CHP_BEAT_CLASS,BEAT_NUMBER,PRIMARY_RD,SECONDARY_RD,DISTANCE,DIRECTION,INTERSECTION,WEATHER_1,WEATHER_2,STATE_HWY_IND,CALTRANS_COUNTY,CALTRANS_DISTRICT,STATE_ROUTE,ROUTE_SUFFIX,POSTMILE_PREFIX,POSTMILE,LOCATION_TYPE,RAMP_INTERSECTION,SIDE_OF_HWY,TOW_AWAY,COLLISION_SEVERITY,NUMBER_KILLED,NUMBER_INJURED,PARTY_COUNT,PRIMARY_COLL_FACTOR,PCF_CODE_OF_VIOL,PCF_VIOL_CATEGORY,PCF_VIOLATION,PCF_VIOL_SUBSECTION,HIT_AND_RUN,TYPE_OF_COLLISION,MVIW,PED_ACTION,ROAD_SURFACE,ROAD_COND_1,ROAD_COND_2,LIGHTING,CONTROL_DEVICE,CHP_ROAD_TYPE,PEDESTRIAN_ACCIDENT,BICYCLE_ACCIDENT,MOTORCYCLE_ACCIDENT,TRUCK_ACCIDENT,NOT_PRIVATE_PROPERTY,ALCOHOL_INVOLVED,STWD_VEHTYPE_AT_FAULT,CHP_VEHTYPE_AT_FAULT,COUNT_SEVERE_INJ,COUNT_VISIBLE_INJ,COUNT_COMPLAINT_PAIN,COUNT_PED_KILLED,COUNT_PED_INJURED,COUNT_BICYCLIST_KILLED,COUNT_BICYCLIST_INJURED,COUNT_MC_KILLED,COUNT_MC_INJURED,PRIMARY_RAMP,SECONDARY_RAMP,LATITUDE,LONGITUDE,COUNTY,CITY,POINT_X,POINT_Y
6363331,2014,2016-01-25,9645,2014-01-28,1100,14692,NA,2,1,6,3702,0,1,1,NA,2,009,RT 805,H ST,315,N,N,A,-,Y,SD,11,805,-,-,7.26,H,-,N,Y,3,0,1,2,A,-,03,22350,NA,N,C,C,A,A,H,-,A,D,1,NA,NA,NA,NA,Y,NA,A,07,0,1,0,0,0,0,0,0,0,-,-,32.64305,-117.05694,SAN DIEGO,CHULA VISTA,-117.05625729,32.64168135
6371608,2014,2014-06-03,9680,2014-01-17,0800,15578,NA,5,1,9,3700,0,3,5,NA,2,002,FURY LN,VIA RANCHO SAN DIEGO,369,N,N,A,-,N,NA,NA,NA,NA,NA,NA,NA,NA,NA,N,3,0,1,2,A,-,09,21804,A,F,D,G,A,A,H,-,A,D,0,NA,Y,NA,NA,Y,NA,A,01,0,1,0,0,0,0,1,0,0,-,-,32.7459,-116.9357,SAN DIEGO,UNINCORPORATED,-116.93595988,32.74574697
6372243,2014,2014-06-18,3706,2014-02-03,2016,0469,ESPD,1,5,6,3706,0,0,0,NA,0,044,ASH ST,LINCOLN AV,0,NA,Y,A,-,N,NA,NA,NA,NA,NA,NA,NA,NA,NA,Y,4,0,1,2,A,-,12,21453,A,N,D,C,A,A,H,-,C,A,0,NA,NA,NA,NA,Y,NA,D,22,0,0,1,0,0,0,0,0,0,-,-,NA,NA,SAN DIEGO,ESCONDIDO,-117.07293013,33.13905011
6375950,2014,2014-06-04,3702,2014-01-09,1815,CV1004,NA,4,5,6,3702,0,0,0,NA,0,021,BROADWAY,MAIN ST,0,NA,Y,A,-,N,NA,NA,NA,NA,NA,NA,NA,NA,NA,Y,4,0,1,2,A,-,12,21453,A,N,D,C,A,A,H,-,C,A,0,NA,NA,NA,NA,Y,NA,A,01,0,0,1,0,0,0,0,0,0,-,-,NA,NA,SAN DIEGO,CHULA VISTA,-117.07517012,32.59478007
6376676,2014,2014-06-19,3711,2014-02-03,1919,5999,NA,1,5,7,3711,0,0,0,NA,0,442,SOUTH 43RD ST,GAMMA ST,528,N,N,B,-,N,NA,NA,NA,NA,NA,NA,NA,NA,NA,N,4,0,1,2,A,-,08,22107,NA,N,G,B,F,A,H,-,C,D,0,Y,NA,NA,NA,Y,NA,-,NA,0,0,1,0,1,0,0,0,0,-,-,NA,NA,SAN DIEGO,SAN DIEGO,-117.10246,32.69125617
6378964,2014,2016-03-25,9650,2014-02-13,2340,017780,NA,4,3,6,3710,0,1,1,NA,2,005,RT 5,RT 76,2640,S,N,A,-,Y,SD,11,5,-,R,53.41,H,-,N,Y,4,0,1,2,A,-,03,22350,NA,N,C,C,A,A,D,-,C,A,1,NA,NA,NA,NA,Y,NA,A,01,0,0,1,0,0,0,0,0,0,-,-,33.20284,-117.37928,SAN DIEGO,OCEANSIDE,-117.37499995,33.20142188
6379270,2014,2016-03-21,9645,2014-02-06,1459,016728,NA,4,2,7,3711,0,1,1,NA,2,021,RT 15,RT 5,400,N,N,B,-,Y,SD,11,15,-,-,0.519,R,1,N,N,4,0,1,2,A,-,03,22350,NA,N,C,C,A,A,H,-,A,D,1,NA,NA,NA,NA,Y,NA,A,01,0,0,1,0,0,0,0,0,0,-,-,32.69724,-117.12057,SAN DIEGO,SAN DIEGO,-117.12062185,32.6999888
6381847,2014,2014-06-18,3711,2014-02-17,0945,6768,NA,1,5,7,3711,0,0,0,NA,0,731,ORANGE AV,FAIRMOUNT AV,0,NA,Y,A,-,N,NA,NA,NA,NA,NA,NA,NA,NA,NA,N,4,0,1,2,A,-,12,21453,A,N,G,B,B,A,H,-,A,A,0,Y,NA,NA,NA,Y,NA,A,01,0,0,1,0,1,0,0,0,0,-,-,NA,NA,SAN DIEGO,SAN DIEGO,-117.10086002,32.75317009
6381860,2014,2014-06-18,3708,2014-02-08,2118,1228,400,6,5,5,3708,0,0,0,NA,0,003,LAKE MURRAY BL,DUGAN AV,55,S,N,A,-,N,NA,NA,NA,NA,NA,NA,NA,NA,NA,Y,3,0,1,1,A,-,01,23152,A,N,E,I,A,A,H,-,C,D,0,NA,NA,NA,NA,Y,Y,A,07,0,1,0,0,0,0,0,0,0,-,-,NA,NA,SAN DIEGO,LA MESA,-117.02277357,32.78845387
6381894,2014,2014-06-17,3711,2014-02-13,1100,6080,NA,4,5,7,3711,0,0,0,NA,0,528,BEECH ST,UNION ST,0,NA,Y,A,-,N,NA,NA,NA,NA,NA,NA,NA,NA,NA,N,4,0,1,2,A,-,10,21950,A,M,G,B,B,A,H,-,A,D,0,Y,NA,NA,NA,Y,NA,-,NA,0,0,1,0,1,0,0,0,0,-,-,NA,NA,SAN DIEGO,SAN DIEGO,-117.16560007,32.7208901
6385251,2014,2016-02-11,9650,2014-02-11,0905,15758,NA,2,1,3,3783,0,1,1,NA,2,007,RT 5,VIA DE LA VALLE,2112,N,N,B,-,Y,SD,11,5,-,R,36.7,H,-,S,N,4,0,1,2,A,-,03,22350,NA,N,C,C,A,A,H,-,A,D,1,NA,NA,NA,NA,Y,NA,A,01,0,0,1,0,0,0,0,0,0,-,-,32.98583,-117.2551,SAN DIEGO,SOLANA BEACH,-117.2551569,32.98582339
6385763,2014,2014-06-06,3702,2014-01-02,1643,CV1017,NA,4,5,6,3702,0,0,0,NA,0,024,OLEANDER AV,EAST NAPLES ST,20,S,N,A,-,N,NA,NA,NA,NA,NA,NA,NA,NA,NA,N,3,0,2,2,A,-,01,23152,B,N,C,C,A,A,H,-,A,A,0,NA,NA,NA,NA,Y,Y,A,07,0,1,1,0,0,0,0,0,0,-,-,NA,NA,SAN DIEGO,CHULA VISTA,-117.03694469,32.62270409
6386759,2014,2016-03-16,9680,2014-02-17,0735,15462,NA,1,1,9,3700,0,1,3,NA,2,027,RT 94,LEMON GROVE AV,520,E,N,A,-,Y,SD,11,94,-,-,9.08,H,-,W,Y,4,0,1,1,A,-,08,22107,NA,N,E,I,A,A,H,-,A,D,1,NA,NA,NA,NA,Y,NA,A,01,0,0,1,0,0,0,0,0,0,-,-,32.74722,-117.02813,SAN DIEGO,UNINCORPORATED,-117.02950997,32.74682716
6387266,2014,2014-06-03,9650,2014-01-28,0830,015273,NA,2,1,9,3700,0,3,5,NA,1,160,GOPHER CANYON RD,LITTLE GOPHER CANYON RD,100,W,N,A,-,N,NA,NA,NA,NA,NA,NA,NA,NA,NA,Y,4,0,2,4,A,-,05,21460,A,N,A,C,A,A,H,-,A,D,0,NA,NA,NA,NA,Y,NA,A,01,0,0,2,0,0,0,0,0,0,-,-,NA,NA,SAN DIEGO,UNINCORPORATED,-117.21317131,33.25708374
6387274,2014,2016-03-21,9650,2014-01-30,1750,014886,NA,4,2,6,3706,0,1,1,NA,2,023,RT 15,VALLEY PKWY,500,S,N,B,-,Y,SD,11,15,S,-,30.54,H,-,N,Y,3,0,1,2,A,-,03,22350,NA,N,C,C,A,A,H,-,C,D,1,NA,NA,Y,NA,Y,NA,C,02,0,1,0,0,0,0,0,0,1,-,-,33.11267,-117.09705,SAN DIEGO,ESCONDIDO,-117.09817401,33.11401546
6389582,2014,2014-06-18,3711,2014-02-18,1544,6814,NA,2,5,7,3711,0,0,0,NA,0,529,5TH AV,KALMIA ST,23,S,N,A,-,N,NA,NA,NA,NA,NA,NA,NA,NA,NA,N,4,0,1,2,A,-,09,21802,A,N,D,C,A,A,H,-,A,A,0,NA,NA,NA,NA,Y,NA,-,NA,0,0,1,0,0,0,0,0,0,-,-,NA,NA,SAN DIEGO,SAN DIEGO,-117.16029939,32.730267
6390616,2014,2014-06-26,3702,2014-02-17,1610,CV0896,NA,1,5,6,3702,0,0,0,NA,0,013,L ST,3RD AV,40,W,N,A,-,N,NA,NA,NA,NA,NA,NA,NA,NA,NA,N,4,0,1,2,A,-,03,22350,NA,N,C,C,A,A,H,-,A,D,0,NA,NA,NA,NA,Y,NA,D,22,0,0,1,0,0,0,0,0,0,-,-,NA,NA,SAN DIEGO,CHULA VISTA,-117.07190363,32.62056747
6393542,2014,2014-06-19,3701,2014-02-26,1758,5392,72,3,5,5,3701,0,0,0,NA,0,006,PALOMAR AIRPORT RD,PASEO DEL NORTE,0,NA,Y,A,-,N,NA,NA,NA,NA,NA,NA,NA,NA,NA,Y,3,0,1,2,A,-,12,21453,A,N,D,C,A,A,H,-,B,A,0,NA,NA,NA,NA,Y,NA,A,01,0,1,0,0,0,0,0,0,0,-,-,NA,NA,SAN DIEGO,CARLSBAD,-117.31917005,33.12196006
6393691,2014,2016-02-11,9650,2014-02-12,1602,17743,NA,3,2,3,3783,0,1,1,NA,2,007,RT 5,LOMAS SANTA FE DR,100,N,N,A,-,Y,SD,11,5,-,R,37.564,R,1,S,Y,4,0,1,2,A,-,01,23152,E,N,C,C,A,A,H,-,A,D,1,NA,NA,NA,NA,Y,NA,A,01,0,0,1,0,0,0,0,0,0,TO,-,32.99597,-117.25768,SAN DIEGO,SOLANA BEACH,-117.25714377,32.99839595
6393748,2014,2014-06-17,9650,2014-02-18,1624,16275,NA,2,2,9,3700,0,3,5,NA,2,170,EAST VISTA WY,GOPHER CANYON RD,1056,S,N,A,-,N,NA,NA,NA,NA,NA,NA,NA,NA,NA,Y,4,0,1,4,A,-,03,22350,NA,N,C,C,A,A,H,-,A,D,0,NA,NA,NA,NA,Y,NA,A,01,0,0,1,0,0,0,0,0,0,-,-,33.21287,-117.28705,SAN DIEGO,UNINCORPORATED,-117.2268491,33.2443323
6396515,2014,2014-06-24,3706,2014-02-19,1231,342,ESPD,3,5,6,3706,0,0,0,NA,0,045,MISSION AV,QUINCE ST,324,E,N,A,-,N,NA,NA,NA,NA,NA,NA,NA,NA,NA,N,4,0,1,2,A,-,09,21804,A,N,G,B,F,A,H,-,A,D,0,Y,NA,NA,NA,Y,NA,-,NA,0,0,1,0,1,0,0,0,0,-,-,NA,NA,SAN DIEGO,ESCONDIDO,-117.0924192,33.12812426
6397649,2014,2014-06-23,3711,2014-02-15,1016,7100,NA,6,5,7,3711,0,0,0,NA,0,NA,UNIVERSITY AV,ARAGON DR,195,W,N,A,-,N,NA,NA,NA,NA,NA,NA,NA,NA,NA,Y,3,0,1,2,A,-,08,22107,NA,N,B,E,A,A,H,-,A,-,0,NA,NA,NA,NA,Y,NA,-,NA,0,1,0,0,0,0,0,0,0,-,-,NA,NA,SAN DIEGO,SAN DIEGO,-117.05537135,32.7554
6401661,2014,2016-02-01,3710,2014-01-27,1830,OC1355,NA,1,5,6,3710,0,0,0,NA,0,010,RT 76,N CANYON DR,785,E,N,A,-,Y,SD,11,76,-,R,1.31,H,-,W,Y,2,0,1,2,A,-,03,22350,NA,N,B,C,A,A,H,-,D,D,0,NA,NA,Y,NA,Y,NA,A,01,1,0,0,0,0,0,0,0,1,-,-,NA,NA,SAN DIEGO,OCEANSIDE,-117.36489787,33.21297857
6404478,2014,2015-11-10,9680,2014-02-12,1340,015081,NA,3,1,9,3700,0,1,3,NA,1,091,RT 78,HAVERFORD RD,9504,W,N,A,-,Y,SD,11,78,-,-,32.04,H,-,E,Y,3,0,1,1,A,-,05,21650,NA,N,E,I,A,A,H,-,A,D,0,NA,NA,Y,NA,Y,NA,C,02,0,1,0,0,0,0,0,0,1,-,-,33.04199,-116.54064,SAN DIEGO,UNINCORPORATED,-116.90104946,33.07225101
6408657,2014,2014-06-11,9680,2014-01-17,1315,18703,NA,5,1,9,3700,0,3,5,NA,2,003,ALPINE BL,E VICTORIA DR,860,W,N,A,-,N,NA,NA,NA,NA,NA,NA,NA,NA,NA,N,3,0,1,2,A,-,09,21801,A,N,D,G,A,-,A,H,A,D,0,NA,Y,NA,NA,Y,NA,A,01,0,1,0,0,0,0,1,0,0,-,-,32.83459,-116.75412,SAN DIEGO,UNINCORPORATED,-116.75395128,32.83457652
6408887,2014,2014-06-25,9645,2014-03-11,0811,012733,9645,2,1,7,3711,0,1,3,NA,2,002,RT 5,OLD TOWN AV,150,N,N,B,-,Y,NA,NA,5,NA,NA,NA,NA,NA,NA,Y,4,0,1,3,A,-,03,22350,NA,N,C,C,A,A,H,-,A,D,0,NA,NA,NA,NA,Y,NA,A,01,0,0,1,0,0,0,0,0,0,-,-,32.7552,-117.20197,SAN DIEGO,SAN DIEGO,-117.20191959,32.75524749
6384762,2014,2014-06-17,3701,2014-02-04,0919,5291,102,2,5,5,3701,0,0,0,NA,0,007,PIRAEUS ST,LA COSTA AV,69,S,N,A,-,N,NA,NA,NA,NA,NA,NA,NA,NA,NA,Y,4,0,1,1,A,-,03,22350,NA,N,F,A,A,A,H,-,A,D,0,NA,NA,NA,Y,Y,NA,F,27,0,0,1,0,0,0,0,0,0,-,-,NA,NA,SAN DIEGO,CARLSBAD,-117.2962322,33.08452416
6381902,2014,2014-06-17,3711,2014-02-12,1717,6691,NA,3,5,7,3711,0,0,0,NA,0,721,DONAX AV,16TH ST,40,E,N,A,-,N,NA,NA,NA,NA,NA,NA,NA,NA,NA,Y,4,0,2,2,A,-,08,22107,NA,N,A,C,A,A,H,-,A,D,0,NA,NA,NA,NA,Y,NA,-,NA,0,0,2,0,0,0,0,0,0,-,-,NA,NA,SAN DIEGO,SAN DIEGO,-117.09935059,32.58198948
6413584,2014,2014-06-24,3706,2014-03-01,1158,0475,ESPD,6,5,6,3706,0,0,0,NA,0,041,EL NORTE PKWY,BROADWAY,462,W,N,B,-,N,NA,NA,NA,NA,NA,NA,NA,NA,NA,Y,4,0,2,2,A,-,09,21801,A,N,D,C,A,A,H,-,A,D,0,NA,NA,NA,NA,Y,NA,A,01,0,0,2,0,0,0,0,0,0,-,-,NA,NA,SAN DIEGO,ESCONDIDO,-117.0895,33.13977
6413588,2014,2014-06-24,3710,2014-03-16,1636,OC0828,NA,7,5,6,3710,0,0,0,NA,0,008,OCEANSIDE BL,VINE ST,45,W,N,A,-,N,NA,NA,NA,NA,NA,NA,NA,NA,NA,N,4,0,1,2,A,-,03,22350,NA,N,C,C,A,A,H,-,A,B,0,NA,NA,NA,NA,Y,NA,A,01,0,0,1,0,0,0,0,0,0,-,-,NA,NA,SAN DIEGO,OCEANSIDE,-117.36432272,33.18871819
6413714,2014,2016-02-02,9645,2014-02-20,0925,11504,NA,4,1,7,3711,0,1,3,NA,2,023,RT 163,UNIVERSITY AV,40,N,N,A,-,Y,SD,11,163,-,-,2.62,H,-,S,Y,4,0,1,2,B,-,22,NA,NA,N,F,A,A,A,H,-,A,D,1,NA,NA,Y,NA,Y,NA,C,02,0,0,1,0,0,0,0,0,1,-,-,32.74892,-117.15587,SAN DIEGO,SAN DIEGO,-117.15594486,32.74858447
6377598,2014,2014-06-16,9645,2014-02-09,1440,18678,NA,7,2,7,3711,0,1,1,NA,2,003,RT 5,CESAR CHAVEZ PKWY,350,S,N,A,-,Y,NA,NA,5,NA,NA,NA,NA,NA,NA,Y,4,0,2,3,A,-,03,22350,NA,N,C,C,A,A,H,-,A,D,0,NA,NA,NA,NA,Y,NA,A,01,0,0,2,0,0,0,0,0,0,TO,-,32.70001,-117.14039,SAN DIEGO,SAN DIEGO,-117.1405068,32.69984332
6369345,2014,2015-11-10,3706,2014-01-29,1052,1331,ESPD,3,5,6,3706,0,0,0,NA,0,042,ASH ST,VALLEY PKWY,18,N,N,A,-,Y,SD,11,78,-,T,19.26,H,-,E,N,4,0,3,2,A,-,03,22350,NA,N,C,C,A,A,E,-,A,A,0,NA,NA,NA,NA,Y,NA,A,01,0,0,3,0,0,0,0,0,0,-,-,NA,NA,SAN DIEGO,ESCONDIDO,-117.06718709,33.13077304
6365955,2014,2016-02-01,9680,2014-02-01,1250,016891,NA,6,1,9,3700,0,1,3,NA,1,051,RT 79,FINK RD,11088,N,N,A,-,Y,SD,11,79,-,-,42.25,H,-,S,Y,2,0,1,1,A,-,05,21650,NA,N,F,A,A,A,H,-,A,D,0,NA,NA,Y,NA,Y,NA,C,02,1,0,0,0,0,0,0,0,1,-,-,33.33445,-116.71572,SAN DIEGO,UNINCORPORATED,-116.71372838,33.33397483
6417341,2014,2014-06-24,3711,2014-03-04,1200,6749,NA,2,5,7,3711,0,0,0,NA,0,813,WIGHTMAN,TEXAS,24,W,N,A,-,N,NA,NA,NA,NA,NA,NA,NA,NA,NA,N,3,0,1,2,A,-,09,21802,A,N,-,C,A,A,H,-,A,-,0,NA,NA,NA,NA,Y,NA,-,NA,0,1,0,0,0,0,0,0,0,-,-,NA,NA,SAN DIEGO,SAN DIEGO,-117.1390478,32.7474
6353806,2014,2016-01-25,9645,2014-01-16,1725,17473,NA,4,2,6,3702,0,1,1,NA,2,009,RT 805,H ST,1000,S,N,A,-,Y,SD,11,805,-,-,6.9,H,-,S,Y,4,0,2,3,A,-,03,22350,NA,N,C,C,A,A,H,-,A,D,1,NA,NA,NA,NA,Y,NA,A,01,0,0,2,0,0,0,0,0,0,-,-,32.63779,-117.05186,SAN DIEGO,CHULA VISTA,-117.05216656,32.63814429
6344255,2014,2014-08-12,3710,2014-06-11,1915,OC1022,NA,3,5,6,3710,0,0,0,NA,0,018,COLLEGE,BUCHANAN PARK,0,NA,Y,A,-,N,NA,NA,NA,NA,NA,NA,NA,NA,NA,N,3,0,1,2,A,-,12,21453,A,F,A,G,A,A,H,-,A,A,0,NA,Y,NA,NA,Y,NA,D,22,0,1,0,0,0,0,1,0,0,-,-,NA,NA,SAN DIEGO,OCEANSIDE,-117.29668736,33.24967194
6418228,2014,2014-06-24,3711,2014-03-07,1518,6082,NA,5,5,7,3711,0,0,0,NA,0,122,GARNET AV,HAINES ST,550,W,N,A,-,N,NA,NA,NA,NA,NA,NA,NA,NA,NA,N,3,0,1,2,A,-,08,22107,NA,N,B,G,A,A,H,-,A,D,0,NA,Y,NA,NA,Y,NA,-,NA,0,1,0,0,0,0,1,0,0,-,-,NA,NA,SAN DIEGO,SAN DIEGO,-117.24442149,32.79896449
6341117,2014,2014-06-02,3711,2014-01-01,2020,6665,NA,3,5,7,3711,0,0,0,NA,0,122,THOMAS AV,KENDALL ST,100,E,N,A,-,N,NA,NA,NA,NA,NA,NA,NA,NA,NA,N,3,0,1,2,A,-,08,22107,NA,N,D,E,A,A,H,-,C,D,0,NA,Y,NA,NA,Y,Y,L,04,0,1,0,0,0,0,1,0,0,-,-,NA,NA,SAN DIEGO,SAN DIEGO,-117.23594597,32.79771864
6418313,2014,2014-07-11,3711,2014-03-09,1250,4669,NA,7,5,7,3711,0,0,0,NA,0,233,CARMEL MOUNTAIN RD,BLACK MOUNTAIN RD,15,W,N,A,-,N,NA,NA,NA,NA,NA,NA,NA,NA,NA,Y,4,0,2,2,A,-,12,21453,A,N,D,C,A,A,H,-,A,A,0,NA,NA,NA,NA,Y,NA,-,NA,0,0,2,0,0,0,0,0,0,-,-,NA,NA,SAN DIEGO,SAN DIEGO,-117.1268264,32.96333742
6419680,2014,2014-06-24,3706,2014-03-13,1629,0318,ESPD,4,5,6,3706,0,0,0,NA,0,051,FELICITA AV,JUNIPER ST,326,W,N,A,-,N,NA,NA,NA,NA,NA,NA,NA,NA,NA,Y,3,0,2,3,A,-,03,22350,NA,N,C,C,A,A,H,-,A,D,0,NA,NA,NA,NA,Y,NA,A,01,0,1,1,0,0,0,0,0,0,-,-,NA,NA,SAN DIEGO,ESCONDIDO,-117.06959046,33.10638159
6341026,2014,2014-06-26,3701,2014-01-03,2234,5453,34,5,5,5,3701,0,0,0,NA,0,003,ADAMS ST,TAMARACK AV,151,N,N,A,-,N,NA,NA,NA,NA,NA,NA,NA,NA,NA,N,4,0,1,2,A,-,03,22350,NA,N,C,C,A,A,H,-,C,A,0,NA,NA,NA,NA,Y,NA,A,01,0,0,1,0,0,0,0,0,0,-,-,33.15357,-117.33413,SAN DIEGO,CARLSBAD,-117.3342303,33.15362557
6420718,2014,2014-06-16,3705,2014-02-01,1838,EC0160,NA,6,5,5,3705,0,0,0,NA,0,009,WASHINGTON,ANZA,180,W,N,A,-,N,NA,NA,NA,NA,NA,NA,NA,NA,NA,Y,3,0,2,2,A,-,03,22350,NA,N,C,C,A,A,H,-,C,D,0,NA,NA,NA,NA,Y,NA,A,01,0,1,1,0,0,0,0,0,0,-,-,NA,NA,SAN DIEGO,EL CAJON,-116.94877359,32.7876479
6420855,2014,2014-06-11,3705,2014-01-06,1745,EC0341,NA,1,5,5,3705,0,0,0,NA,0,009,CHASE,AVOCADO,343,E,N,A,-,N,NA,NA,NA,NA,NA,NA,NA,NA,NA,Y,4,0,1,2,A,-,09,21804,A,N,G,C,A,A,H,-,C,D,0,NA,NA,NA,NA,Y,NA,A,01,0,0,1,0,0,0,0,0,0,-,-,NA,NA,SAN DIEGO,EL CAJON,-116.95670822,32.7804
6333057,2014,2014-06-02,9650,2014-01-01,1648,15446,NA,3,2,9,3700,0,3,5,NA,2,231,VALENCIA DR,SUMMIT DR,1500,W,N,A,-,N,NA,NA,NA,NA,NA,NA,NA,NA,NA,Y,3,0,2,1,C,-,18,NA,NA,N,E,I,A,A,H,-,A,D,0,NA,NA,NA,NA,Y,NA,-,-,0,2,0,0,0,0,0,0,0,-,-,33.10727,-117.0467,SAN DIEGO,UNINCORPORATED,-117.04765033,33.10533495
6292639,2015,2015-09-16,9645,2015-06-11,2134,20301,NA,4,2,9,3700,0,1,3,NA,2,008,RT 54,RT 805,853,W,N,A,-,Y,SD,11,54,-,-,1.66,H,-,W,Y,1,1,0,2,A,-,11,21954,A,N,G,B,D,A,H,-,D,D,1,Y,NA,NA,NA,Y,NA,N,60,0,0,0,1,0,0,0,0,0,-,-,32.65888,-117.07822,SAN DIEGO,UNINCORPORATED,-117.07821477,32.6587388
6421922,2014,2014-06-25,9680,2014-03-15,1220,014420,NA,6,1,9,3700,0,2,4,NA,1,018,LOS COCHES RD,AURORA DR,160,S,N,A,-,N,NA,NA,NA,NA,NA,NA,NA,NA,NA,Y,4,0,2,2,A,-,09,21804,A,N,D,C,A,A,H,-,A,D,0,NA,NA,NA,NA,Y,NA,D,22,0,0,2,0,0,0,0,0,0,-,-,32.83148,-116.90446,SAN DIEGO,UNINCORPORATED,-116.9046573,32.83164511
6423409,2014,2015-11-09,3703,2014-03-12,0629,1028,NA,3,5,3,3703,0,0,0,NA,0,001,RT 75,C AV,135,E,N,A,-,Y,SD,11,75,-,R,19.82,H,-,S,N,4,0,2,3,A,-,03,22350,NA,N,C,C,A,A,H,-,A,D,0,NA,NA,NA,NA,Y,Y,A,01,0,0,2,0,0,0,0,0,0,-,-,NA,NA,SAN DIEGO,CORONADO,-117.17225281,32.69518399
6423590,2014,2014-06-30,3700,2014-03-19,0920,SH2439,NA,3,5,5,3713,0,0,0,NA,0,310,VISTA VILLAGE DR,NORTH SANTA FE AV,95,E,N,A,-,N,NA,NA,NA,NA,NA,NA,NA,NA,NA,Y,4,0,2,2,A,-,07,21658,A,N,D,C,A,A,H,-,A,A,0,NA,NA,NA,NA,Y,NA,D,22,0,0,2,0,0,0,0,0,0,-,-,NA,NA,SAN DIEGO,VISTA,-117.24363892,33.20253986
6424672,2014,2014-06-13,3711,2014-02-25,1240,6801,NA,2,5,7,3711,0,0,0,NA,0,451,COLLEGE GROVE DR,COLLEGE GROVE WY,14,E,N,A,-,N,NA,NA,NA,NA,NA,NA,NA,NA,NA,N,3,0,1,2,A,-,08,22107,NA,N,B,C,A,A,H,-,A,A,0,NA,NA,NA,NA,Y,NA,-,NA,0,1,0,0,0,0,0,0,0,-,-,NA,NA,SAN DIEGO,SAN DIEGO,-117.05829136,32.73821974
6425106,2014,2014-06-25,3700,2014-02-26,0835,SH0029,NA,3,5,5,3713,0,0,0,NA,0,305,NORTH MELROSE DR,BOBIER DR,650,S,N,B,-,N,NA,NA,NA,NA,NA,NA,NA,NA,NA,Y,3,0,1,3,A,-,03,22350,NA,N,C,C,A,A,H,-,A,A,0,NA,NA,NA,NA,Y,NA,A,01,0,1,0,0,0,0,0,0,0,-,-,NA,NA,SAN DIEGO,VISTA,-117.25792587,33.2192801
6291993,2014,2015-03-02,3700,2014-03-11,0840,SH7478,NA,2,5,4,3780,0,0,0,NA,0,410,TWIN PEAKS RD,MAPLEWOOD ST,141,W,N,A,-,N,NA,NA,NA,NA,NA,NA,NA,NA,NA,Y,1,1,0,2,A,-,17,21209,NA,N,G,B,E,A,H,-,A,A,0,Y,NA,NA,NA,Y,NA,A,01,0,0,0,1,0,0,0,0,0,-,-,NA,NA,SAN DIEGO,POWAY,-117.0552395,32.97842492
6291564,2014,2014-11-07,3711,2014-10-02,1122,4823,SANDI,4,5,7,3711,0,0,0,NA,0,451,EUCLID AV,LYONS ST,61,N,N,A,-,N,NA,NA,NA,NA,NA,NA,NA,NA,NA,N,1,1,0,2,A,-,11,21954,A,N,G,B,D,A,H,-,A,D,0,Y,NA,NA,NA,Y,NA,N,60,0,0,0,1,0,0,0,0,0,-,-,NA,NA,SAN DIEGO,SAN DIEGO,-117.08495863,32.72036708
6428266,2014,2014-07-01,3711,2014-03-03,0640,6521,NA,1,5,7,3711,0,0,0,NA,0,839,WIGHTMAN AV,39TH ST,20,W,N,A,-,N,NA,NA,NA,NA,NA,NA,NA,NA,NA,N,4,0,1,2,A,-,08,22107,NA,N,G,B,B,B,H,-,A,A,0,Y,NA,NA,NA,Y,NA,-,-,0,0,1,0,1,0,0,0,0,-,-,NA,NA,SAN DIEGO,SAN DIEGO,-117.11072482,32.74781105
6428278,2014,2014-06-26,3711,2014-03-02,1322,6034,NA,7,5,7,3711,0,0,0,NA,0,824,FAIRMOUNT AV,TALMADGE CANYON ROW,633,S,N,B,-,N,NA,NA,NA,NA,NA,NA,NA,NA,NA,Y,3,0,3,1,A,-,03,22350,NA,N,F,I,A,B,H,-,A,D,0,NA,NA,NA,NA,Y,NA,A,01,0,2,1,0,0,0,0,0,0,-,-,32.76533,-117.09683,SAN DIEGO,SAN DIEGO,-117.09683431,32.76529623
6291371,2014,2015-12-29,9650,2014-06-07,2115,17994,NA,6,2,6,3706,0,1,3,NA,2,019,RT 78,RT 15,1099,W,N,A,-,Y,SD,11,78,-,R,16.32,H,-,E,Y,1,1,2,1,A,-,01,23152,A,N,E,I,A,A,H,-,C,D,1,NA,NA,NA,NA,Y,Y,A,01,2,0,0,0,0,0,0,0,0,-,-,33.1266,-117.10868,SAN DIEGO,ESCONDIDO,-117.10847222,33.12668076
6431077,2014,2014-06-28,3700,2014-03-09,2213,SH7548,NA,7,5,5,3713,0,0,0,NA,0,308,MELROSE DR,WEST VISTA WY,153,N,N,A,-,N,NA,NA,NA,NA,NA,NA,NA,NA,NA,Y,3,0,1,2,A,-,01,23152,A,M,D,C,A,A,H,-,C,D,0,NA,NA,NA,NA,Y,Y,A,01,0,1,0,0,0,0,0,0,0,-,-,NA,NA,SAN DIEGO,VISTA,-117.25484754,33.19592145