CASE_ID,ACCIDENT_YEAR,PROC_DATE,JURIS,COLLISION_DATE,COLLISION_TIME,OFFICER_ID,REPORTING_DISTRICT,DAY_OF_WEEK,CHP_SHIFT,POPULATION,CNTY_CITY_LOC,SPECIAL_COND,BEAT_TYPE,CHP_BEAT_TYPE,CITY_DIVISION_LAPD,CHP_BEAT_CLASS,BEAT_NUMBER,PRIMARY_RD,SECONDARY_RD,DISTANCE,DIRECTION,INTERSECTION,WEATHER_1,WEATHER_2,STATE_HWY_IND,CALTRANS_COUNTY,CALTRANS_DISTRICT,STATE_ROUTE,ROUTE_SUFFIX,POSTMILE_PREFIX,POSTMILE,LOCATION_TYPE,RAMP_INTERSECTION,SIDE_OF_HWY,TOW_AWAY,COLLISION_SEVERITY,NUMBER_KILLED,NUMBER_INJURED,PARTY_COUNT,PRIMARY_COLL_FACTOR,PCF_CODE_OF_VIOL,PCF_VIOL_CATEGORY,PCF_VIOLATION,PCF_VIOL_SUBSECTION,HIT_AND_RUN,TYPE_OF_COLLISION,MVIW,PED_ACTION,ROAD_SURFACE,ROAD_COND_1,ROAD_COND_2,LIGHTING,CONTROL_DEVICE,CHP_ROAD_TYPE,PEDESTRIAN_ACCIDENT,BICYCLE_ACCIDENT,MOTORCYCLE_ACCIDENT,TRUCK_ACCIDENT,NOT_PRIVATE_PROPERTY,ALCOHOL_INVOLVED,STWD_VEHTYPE_AT_FAULT,CHP_VEHTYPE_AT_FAULT,COUNT_SEVERE_INJ,COUNT_VISIBLE_INJ,COUNT_COMPLAINT_PAIN,COUNT_PED_KILLED,COUNT_PED_INJURED,COUNT_BICYCLIST_KILLED,COUNT_BICYCLIST_INJURED,COUNT_MC_KILLED,COUNT_MC_INJURED,PRIMARY_RAMP,SECONDARY_RAMP,LATITUDE,LONGITUDE,COUNTY,CITY,POINT_X,POINT_Y
6509441,2014,2014-08-05,3711,2014-05-01,1111,6741,NA,4,5,7,3711,0,0,0,NA,0,528,WEST LAUREL ST,KETTNER BL,0,NA,Y,A,-,N,NA,NA,NA,NA,NA,NA,NA,NA,NA,Y,4,0,1,2,A,-,12,21453,A,N,D,C,A,A,H,-,A,A,0,NA,NA,NA,NA,Y,NA,A,01,0,0,1,0,0,0,0,0,0,-,-,NA,NA,SAN DIEGO,SAN DIEGO,-117.17200005,32.73007008
6511107,2014,2016-06-30,9645,2014-05-11,1645,20541,NA,7,2,5,3709,0,1,1,NA,2,001,RT 5,MAIN ST,480,N,N,A,-,Y,SD,11,5,-,-,5.49,H,-,S,Y,3,0,3,3,A,-,08,22107,NA,N,A,C,A,A,H,-,A,D,1,NA,NA,NA,NA,Y,NA,A,01,0,1,2,0,0,0,0,0,0,-,-,32.59722,-117.08949,SAN DIEGO,NATIONAL CITY,-117.08910032,32.59618695
6513293,2014,2014-07-02,3705,2014-04-07,1432,EC0160,NA,1,5,5,3705,0,0,0,NA,0,009,WASHINGTON AV,WICHITA AV,165,W,N,A,-,N,NA,NA,NA,NA,NA,NA,NA,NA,NA,N,4,0,3,2,A,-,08,22103,NA,N,D,C,A,A,H,-,A,D,0,NA,NA,NA,NA,Y,NA,A,07,0,0,3,0,0,0,0,0,0,-,-,NA,NA,SAN DIEGO,EL CAJON,-116.92353494,32.78719
6513317,2014,2014-07-02,3705,2014-04-13,1153,EC0279,NA,7,5,5,3705,0,0,0,NA,0,008,AVOCADO,CHASE,180,N,N,B,-,N,NA,NA,NA,NA,NA,NA,NA,NA,NA,Y,4,0,2,2,A,-,09,21804,A,N,D,C,A,A,H,-,A,-,0,NA,NA,NA,NA,Y,NA,A,01,0,0,2,0,0,0,0,0,0,-,-,NA,NA,SAN DIEGO,EL CAJON,-116.95776675,32.7808809
6513555,2014,2015-02-09,9645,2014-06-08,1322,019344,NA,7,1,7,3711,0,1,1,NA,2,010,RT 8,FAIRMOUNT AV,600,E,N,A,-,Y,SD,11,8,-,-,6.41,H,-,W,Y,4,0,1,2,A,-,07,21658,A,N,B,C,A,A,H,-,A,D,1,NA,NA,NA,NA,Y,NA,A,01,0,0,1,0,0,0,0,0,0,-,-,32.7782,-117.09725,SAN DIEGO,SAN DIEGO,-117.09860598,32.77965823
6513912,2014,2014-08-06,3711,2014-06-05,1350,4897,NA,4,5,7,3711,0,0,0,NA,0,012,WEST MISSION BAY DR,QUIVIRA RD,510,W,N,A,-,N,NA,NA,NA,NA,NA,NA,NA,NA,NA,Y,4,0,2,2,A,-,03,22350,NA,N,C,C,A,A,H,-,A,D,0,NA,NA,NA,NA,Y,NA,D,22,0,0,2,0,0,0,0,0,0,-,-,NA,NA,SAN DIEGO,SAN DIEGO,-117.23944802,32.76599919
6515850,2014,2015-03-05,9650,2014-06-02,0513,018675,NA,1,3,9,3700,0,1,1,NA,2,005,RT 5,COCKLEBURR,5280,S,N,B,-,Y,SD,11,5,-,R,56.98,H,-,N,Y,4,0,1,1,A,-,08,22107,NA,N,E,I,A,A,H,-,D,D,1,NA,NA,NA,NA,Y,NA,A,01,0,0,1,0,0,0,0,0,0,-,-,33.24298,-117.41598,SAN DIEGO,UNINCORPORATED,-117.41219201,33.24002363
6516129,2014,2014-08-11,3711,2014-06-13,0135,7153,NA,5,5,7,3711,0,0,0,NA,0,122,MISSION BL,GRAND AV,8,N,N,A,-,N,NA,NA,NA,NA,NA,NA,NA,NA,NA,Y,4,0,2,2,A,-,03,22350,NA,N,C,C,A,A,H,-,C,A,0,NA,NA,NA,NA,Y,NA,-,NA,0,0,2,0,0,0,0,0,0,-,-,NA,NA,SAN DIEGO,SAN DIEGO,-117.25492689,32.79473113
6516184,2014,2015-03-04,9650,2014-06-04,0840,012120,NA,3,1,9,3700,0,1,1,NA,2,001,RT 5,SAN ONOFRE INSPECTION FACILITY,300,S,N,A,-,Y,SD,11,5,-,R,67.12,H,-,N,Y,4,0,1,2,A,-,01,23152,E,N,C,C,A,A,H,-,A,D,1,NA,NA,NA,NA,Y,NA,A,01,0,0,1,0,0,0,0,0,0,-,-,NA,NA,SAN DIEGO,UNINCORPORATED,-117.52236523,33.35058742
6516188,2014,2015-04-21,9650,2014-06-11,1615,012835,NA,3,2,5,3701,0,1,1,NA,2,005,RT 5,POINSETTIA AV,1392,N,N,A,-,Y,SD,11,5,-,R,45.83,H,-,N,Y,4,0,1,3,A,-,03,22350,NA,N,C,C,A,A,H,-,A,D,1,NA,NA,NA,NA,Y,NA,A,01,0,0,1,0,0,0,0,0,0,-,-,33.10892,-117.31406,SAN DIEGO,CARLSBAD,-117.31258039,33.10672868
6518054,2014,2014-08-11,3710,2014-06-04,0855,NA,NA,3,5,6,3710,0,0,0,NA,0,037,COLLEGE,PLAZA,255,S,N,A,-,N,NA,NA,NA,NA,NA,NA,NA,NA,NA,Y,3,0,1,1,A,-,03,22350,NA,M,E,I,A,A,H,-,A,B,0,NA,NA,NA,NA,Y,NA,A,01,0,1,0,0,0,0,0,0,0,-,-,NA,NA,SAN DIEGO,OCEANSIDE,-117.29640682,33.18135249
6518062,2014,2014-08-11,3710,2014-06-02,0835,OC0658,NA,1,5,6,3710,0,0,0,NA,0,010,MISSION,SAN DIEGO,0,NA,Y,A,-,N,NA,NA,NA,NA,NA,NA,NA,NA,NA,Y,4,0,2,2,A,-,09,21800,A,N,D,C,A,A,H,-,A,A,0,NA,NA,NA,NA,Y,NA,A,01,0,0,2,0,0,0,0,0,0,-,-,NA,NA,SAN DIEGO,OCEANSIDE,-117.36907004,33.20178003
6518521,2014,2014-08-07,3706,2014-05-31,2318,0458,ESPD,6,5,6,3706,0,0,0,NA,0,044,DAISY ST,MISSION AV,360,N,N,-,-,N,NA,NA,NA,NA,NA,NA,NA,NA,NA,Y,3,0,1,2,A,-,01,23152,A,M,A,E,A,C,A,-,A,D,0,NA,NA,NA,NA,Y,Y,A,01,0,1,0,0,0,0,0,0,0,-,-,NA,NA,SAN DIEGO,ESCONDIDO,-117.05985402,33.14355668
6518530,2014,2014-08-07,3711,2014-05-31,0615,7070,NA,6,5,7,3711,0,0,0,NA,0,712,BORDER VILLAGE RD,E SAN YSIDRO,90,W,N,A,-,N,NA,NA,NA,NA,NA,NA,NA,NA,NA,N,3,0,1,2,A,-,10,21950,A,M,G,B,D,A,H,-,B,-,0,Y,NA,NA,NA,Y,NA,-,NA,0,1,0,0,1,0,0,0,0,-,-,NA,NA,SAN DIEGO,SAN DIEGO,-117.03902717,32.5509749
6518856,2014,2014-08-04,3710,2014-05-20,0055,OC1355,NA,2,5,6,3710,0,0,0,NA,0,033,COLLEGE,AVENIDA DE LA PLATA,795,N,N,A,-,N,NA,NA,NA,NA,NA,NA,NA,NA,NA,Y,4,0,1,1,A,-,01,23152,A,N,E,I,A,A,H,-,C,D,0,NA,NA,NA,NA,Y,Y,A,01,0,0,1,0,0,0,0,0,0,-,-,NA,NA,SAN DIEGO,OCEANSIDE,-117.28697911,33.21516813
6523571,2014,2014-07-18,3711,2014-04-24,2040,6469,NA,4,5,7,3711,0,0,0,NA,0,451,COLLEGE AV,COLLEGE GROVE DR,3,E,N,A,-,N,NA,NA,NA,NA,NA,NA,NA,NA,NA,N,4,0,1,2,A,-,11,21456,B,N,D,G,A,A,H,-,C,A,0,NA,Y,NA,NA,Y,NA,L,04,0,0,1,0,0,0,1,0,0,-,-,NA,NA,SAN DIEGO,SAN DIEGO,-117.05363156,32.74435592
6524234,2014,2014-08-06,3711,2014-05-06,1550,4523,NA,2,5,7,3711,0,0,0,NA,0,124,LA JOLLA BL,KOLMAR ST,18,S,N,A,-,N,NA,NA,NA,NA,NA,NA,NA,NA,NA,N,3,0,1,2,A,-,08,22107,NA,N,H,A,A,-,D,-,A,D,0,NA,NA,NA,NA,Y,NA,-,NA,0,1,0,0,0,0,0,0,0,-,-,NA,NA,SAN DIEGO,SAN DIEGO,-117.27703483,32.82827088
6524304,2014,2016-03-26,9680,2014-05-29,0240,14420,NA,4,3,9,3700,0,1,1,NA,2,083,RT 8,TAVERN RD,9504,W,N,A,-,Y,SD,11,8,-,R,26.55,H,-,W,Y,4,0,1,1,A,-,05,21650,NA,N,F,I,A,A,H,-,D,D,1,NA,NA,NA,NA,Y,NA,A,01,0,0,1,0,0,0,0,0,0,-,-,32.84316,-116.7998,SAN DIEGO,UNINCORPORATED,-116.80851094,32.85036637
6524327,2014,2014-08-05,3701,2014-05-02,1436,5347,3,5,5,5,3701,0,0,0,NA,0,002,HARDING ST,CHESTNUT AV,650,N,N,A,-,N,NA,NA,NA,NA,NA,NA,NA,NA,NA,Y,4,0,1,2,A,-,09,21804,A,N,D,C,A,A,H,-,A,D,0,NA,NA,NA,NA,Y,NA,A,01,0,0,1,0,0,0,0,0,0,-,-,NA,NA,SAN DIEGO,CARLSBAD,-117.34221869,33.15905807
6524615,2014,2014-08-09,9650,2014-06-05,1135,12168,NA,4,1,9,3700,0,3,5,NA,2,211,CENTRE CITY PKWY N,IVY DEL RD,0,NA,Y,A,-,N,NA,NA,NA,NA,NA,NA,NA,NA,NA,Y,4,0,3,2,A,-,09,21801,A,N,D,C,A,A,H,-,A,D,0,NA,NA,NA,NA,Y,NA,A,01,0,0,3,0,0,0,0,0,0,-,-,33.17075,-117.10648,SAN DIEGO,UNINCORPORATED,-117.10663011,33.17072007
6524735,2014,2014-07-17,3711,2014-04-15,1930,6236,NA,2,5,7,3711,0,0,0,NA,0,813,33RD ST,EL CAJON BL,108,N,N,A,-,N,NA,NA,NA,NA,NA,NA,NA,NA,NA,N,4,0,1,2,A,-,08,22107,NA,N,B,C,A,A,H,-,C,D,0,NA,NA,NA,NA,Y,NA,-,NA,0,0,1,0,0,0,0,0,0,-,-,NA,NA,SAN DIEGO,SAN DIEGO,-117.12221718,32.75550553
6524791,2014,2014-07-17,3702,2014-04-24,1755,CV0896,NA,4,5,6,3702,0,0,0,NA,0,014,3RD AV,N GLOVER AV,600,E,N,A,-,N,NA,NA,NA,NA,NA,NA,NA,NA,NA,N,3,0,1,3,A,-,03,22350,NA,N,B,E,A,A,H,-,A,D,0,NA,NA,NA,NA,Y,NA,A,01,0,1,0,0,0,0,0,0,0,-,-,NA,NA,SAN DIEGO,CHULA VISTA,-117.08458619,32.64992017
6524796,2014,2014-07-18,3700,2014-04-23,1633,SH0059,NA,3,5,5,3713,0,0,0,NA,0,303,EAST VISTA WY,ARCADIA AV,428,N,N,A,-,N,NA,NA,NA,NA,NA,NA,NA,NA,NA,Y,4,0,1,2,A,-,09,21804,A,N,D,C,A,A,H,-,A,A,0,NA,NA,NA,NA,Y,NA,A,01,0,0,1,0,0,0,0,0,0,-,-,NA,NA,SAN DIEGO,VISTA,-117.22614,33.22607251
6524829,2014,2016-03-23,3702,2014-05-18,1140,CV1080,NA,7,5,6,3702,0,0,0,NA,0,024,TELEGRAPH CANYON RD,HALECREST DR,75,W,N,A,-,Y,SD,11,805,-,-,5.847,R,4,N,Y,2,0,2,2,A,-,03,22350,NA,N,D,C,A,A,H,-,A,A,0,NA,NA,NA,NA,Y,NA,A,01,1,0,1,0,0,0,0,0,0,-,-,NA,NA,SAN DIEGO,CHULA VISTA,-117.04217468,32.62581137
6524967,2014,2016-03-26,9680,2014-05-26,1110,19270,NA,1,1,9,3700,0,1,3,NA,2,016,RT 67,BRADLEY AV,600,N,N,A,-,Y,SD,11,67,-,R,1.23,H,-,N,Y,4,0,1,1,A,-,01,23152,A,N,E,I,A,A,H,-,A,D,1,NA,NA,NA,NA,Y,Y,A,01,0,0,1,0,0,0,0,0,0,-,-,32.82124,-116.96071,SAN DIEGO,UNINCORPORATED,-116.96059755,32.8207558
6524969,2014,2016-02-06,3711,2014-06-10,1433,7044,NA,2,5,7,3711,0,0,0,NA,0,935,VIA DE LA VALLE,RT 5,528,E,N,A,-,Y,SD,11,5,-,R,36.128,R,4,S,N,4,0,2,4,A,-,04,21703,NA,N,C,C,A,A,H,-,A,D,0,NA,NA,NA,NA,Y,NA,-,NA,0,0,2,0,0,0,0,0,0,-,SO,NA,NA,SAN DIEGO,SAN DIEGO,-117.25248317,32.97788285
6525001,2014,2014-08-08,3711,2014-06-07,1300,7004,SOUTH,6,5,7,3711,0,0,0,NA,0,722,PALM AV,SATURN BL,0,NA,Y,A,-,N,NA,NA,NA,NA,NA,NA,NA,NA,NA,N,3,0,1,2,A,-,04,21703,NA,N,C,C,A,A,H,-,A,A,0,NA,NA,NA,NA,Y,NA,-,NA,0,1,0,0,0,0,0,0,0,-,-,NA,NA,SAN DIEGO,SAN DIEGO,-117.09263007,32.58374006
6525005,2014,2014-08-08,3711,2014-06-09,1212,7156,NA,1,5,7,3711,0,0,0,NA,0,531,PRESIDENTS WY,PARK BL,0,NA,Y,A,-,N,NA,NA,NA,NA,NA,NA,NA,NA,NA,Y,4,0,3,2,A,-,12,21453,A,N,D,C,A,A,H,-,A,A,0,NA,NA,NA,NA,Y,NA,-,NA,0,0,3,0,0,0,0,0,0,-,-,NA,NA,SAN DIEGO,SAN DIEGO,-117.15059004,32.72559008
6525022,2014,2014-08-20,3711,2014-06-01,1514,6403,SANDI,7,5,7,3711,0,0,0,NA,0,243,MIRAMAR RD,PADGETT ST,15,W,N,A,-,N,NA,NA,NA,NA,NA,NA,NA,NA,NA,Y,4,0,1,2,A,-,09,21801,A,N,D,C,A,A,H,-,A,D,0,NA,NA,NA,NA,Y,NA,A,01,0,0,1,0,0,0,0,0,0,-,-,NA,NA,SAN DIEGO,SAN DIEGO,-117.1270487,32.89371
6525037,2014,2014-08-11,3711,2014-06-08,2030,7030,SDPD,7,5,7,3711,0,0,0,NA,0,235,SAN PASQUAL VALLEY RD,MILE 29,189,E,N,A,-,N,NA,NA,NA,NA,NA,NA,NA,NA,NA,Y,4,0,1,1,A,-,03,22350,NA,N,E,I,A,A,H,-,D,D,0,NA,NA,NA,NA,Y,NA,-,NA,0,0,1,0,0,0,0,0,0,-,-,NA,NA,SAN DIEGO,SAN DIEGO,NA,NA
6527731,2014,2014-07-17,9680,2014-04-05,1830,19418,NA,6,2,9,3700,0,2,4,NA,1,025,SWEETWATER RD,JAMACHA RD,0,NA,Y,A,-,N,NA,NA,NA,NA,NA,NA,NA,NA,NA,Y,3,0,2,2,A,-,01,23152,A,N,D,C,A,A,H,-,A,A,0,NA,NA,NA,NA,Y,Y,A,01,0,1,1,0,0,0,0,0,0,-,-,32.71494,-117.01265,SAN DIEGO,UNINCORPORATED,-117.01272009,32.71476009
6528712,2014,2014-08-09,3710,2014-06-23,0942,OC0891,NA,1,5,6,3710,0,0,0,NA,0,016,MISSION,ACADEMY,0,NA,Y,A,-,N,NA,NA,NA,NA,NA,NA,NA,NA,NA,Y,4,0,1,2,A,-,09,21802,A,N,D,C,A,A,H,-,A,A,0,NA,NA,NA,NA,Y,NA,A,01,0,0,1,0,0,0,0,0,0,-,-,NA,NA,SAN DIEGO,OCEANSIDE,-117.3138401,33.23024011
6529764,2014,2014-08-20,3711,2014-06-18,0810,9249,NA,3,5,7,3711,0,0,0,NA,0,313,CLAREMONT MESA BL,KEARNY VILLA RD,0,NA,Y,A,-,N,NA,NA,NA,NA,NA,NA,NA,NA,NA,Y,4,0,1,2,A,-,12,21453,A,N,D,C,A,A,H,-,A,A,0,NA,NA,NA,NA,Y,NA,-,NA,0,0,1,0,0,0,0,0,0,-,-,NA,NA,SAN DIEGO,SAN DIEGO,-117.13842006,32.8315301
6529827,2014,2014-08-29,3711,2014-06-18,2017,6853,NA,3,5,7,3711,0,0,0,NA,0,512,NATIONAL AV,S 31ST ST,0,NA,Y,-,-,N,NA,NA,NA,NA,NA,NA,NA,NA,NA,Y,4,0,1,2,A,-,12,22450,A,N,D,C,A,-,-,-,-,A,0,NA,NA,NA,NA,Y,NA,-,-,0,0,1,0,0,0,0,0,0,-,-,NA,NA,SAN DIEGO,SAN DIEGO,-117.12729001,32.69597003
6532967,2014,2014-07-26,3711,2014-01-16,1830,6292,NA,4,5,7,3711,0,0,0,NA,0,521,17TH ST,K ST,0,NA,Y,A,-,N,NA,NA,NA,NA,NA,NA,NA,NA,NA,N,3,0,1,2,A,-,11,21954,A,N,G,B,D,A,H,-,C,D,0,Y,NA,NA,NA,Y,NA,N,60,0,1,0,0,1,0,0,0,0,-,-,NA,NA,SAN DIEGO,SAN DIEGO,-117.14853013,32.70835001
6533678,2014,2014-08-12,3710,2014-06-25,1230,OC1261,NA,3,5,6,3710,0,0,0,NA,0,025,OCEANSIDE BL,RANCHO DEL ORO,2100,W,N,A,-,N,NA,NA,NA,NA,NA,NA,NA,NA,NA,Y,3,0,2,2,A,-,09,21804,A,N,D,C,A,A,H,-,A,D,0,NA,NA,NA,NA,Y,NA,A,01,0,1,1,0,0,0,0,0,0,-,-,NA,NA,SAN DIEGO,OCEANSIDE,-117.31765855,33.20180203
6537926,2014,2016-03-28,9650,2014-06-22,2025,015803,NA,7,2,5,3713,0,1,3,NA,2,017,RT 78,SYCAMORE AV,800,W,N,A,-,Y,SD,11,78,-,-,8.94,H,-,E,Y,4,0,1,1,A,-,08,22107,NA,N,E,I,A,A,H,-,D,D,1,NA,NA,NA,NA,Y,NA,A,07,0,0,1,0,0,0,0,0,0,-,-,33.168,-117.216,SAN DIEGO,VISTA,-117.21670494,33.16851381
6538984,2014,2014-06-27,3705,2014-03-24,1555,EC0301,NA,1,5,5,3705,0,0,0,NA,0,009,E MAIN,1ST,53,E,N,B,-,N,NA,NA,NA,NA,NA,NA,NA,NA,NA,Y,4,0,1,2,C,-,18,NA,NA,N,C,C,A,A,H,-,A,A,0,NA,NA,NA,NA,Y,NA,-,-,0,0,1,0,0,0,0,0,0,-,-,NA,NA,SAN DIEGO,EL CAJON,-116.94442815,32.79494
6541361,2014,2014-07-26,3700,2014-03-13,1635,SH5656,NA,4,5,4,3720,0,0,0,NA,0,603,SKYLINE DR,LONGDALE DR,0,NA,Y,A,-,N,NA,NA,NA,NA,NA,NA,NA,NA,NA,N,4,0,2,2,A,-,12,22450,A,N,D,C,A,A,H,-,A,-,0,NA,NA,NA,NA,Y,NA,A,08,0,0,2,0,0,0,0,0,0,-,-,NA,NA,SAN DIEGO,LEMON GROVE,-117.02710007,32.73586003
6542541,2014,2014-08-20,3701,2014-06-17,2000,5407,8,2,5,5,3701,0,0,0,NA,0,004,MARRON RD,EL CAMINO REAL,792,W,N,A,-,N,NA,NA,NA,NA,NA,NA,NA,NA,NA,N,3,0,1,2,A,-,09,21804,NA,N,D,C,A,A,H,-,C,D,0,NA,NA,NA,NA,Y,NA,A,01,0,1,0,0,0,0,0,0,0,-,-,33.17695,-117.32922,SAN DIEGO,CARLSBAD,-117.3290913,33.17690679
6545014,2014,2015-09-24,3711,2014-06-25,1206,6781,SANDI,3,5,7,3711,0,0,0,NA,0,821,COLLEGE AV,AROSA ST,250,S,N,A,-,N,NA,NA,NA,NA,NA,NA,NA,NA,NA,N,4,0,1,3,A,-,03,22350,NA,N,C,C,A,A,H,-,A,A,0,NA,NA,NA,NA,Y,NA,-,NA,0,0,1,0,0,0,0,0,0,-,-,NA,NA,SAN DIEGO,SAN DIEGO,-117.06686297,32.76449556
6545068,2014,2014-08-20,3711,2014-06-28,2230,5388,NA,6,5,7,3711,0,0,0,NA,0,625,PACIFIC HWY,PACIFIC HWY 4700,0,NA,N,A,-,N,NA,NA,NA,NA,NA,NA,NA,NA,NA,N,3,0,1,2,A,-,11,21954,A,M,G,B,D,A,H,-,C,D,0,Y,NA,NA,NA,Y,Y,N,60,0,1,0,0,1,0,0,0,0,-,-,NA,NA,SAN DIEGO,SAN DIEGO,-117.20207602,32.75862895
6545406,2014,2014-08-08,9680,2014-06-23,1805,016622,NA,1,2,9,3700,0,2,4,NA,1,014,WINTER GARDENS BL,LEMON CREST DR,0,NA,Y,A,-,N,NA,NA,NA,NA,NA,NA,NA,NA,NA,N,4,0,2,2,A,-,09,21453,C,N,B,C,A,A,H,-,A,A,0,NA,NA,Y,NA,Y,NA,C,02,0,0,2,0,0,0,0,0,1,-,-,32.84966,-116.93096,SAN DIEGO,UNINCORPORATED,-116.93110011,32.84948001
6545980,2014,2014-08-11,9680,2014-06-19,0830,013741,NA,4,1,9,3700,0,3,5,NA,2,002,JAMACHA RD,CUYAMACA COLLEGE DR W,528,E,N,A,-,N,NA,NA,NA,NA,NA,NA,NA,NA,NA,Y,4,0,3,3,A,-,03,22350,NA,N,C,C,A,A,H,-,A,A,0,NA,NA,NA,NA,Y,NA,A,07,0,0,3,0,0,0,0,0,0,-,-,32.7416,-116.93765,SAN DIEGO,UNINCORPORATED,-116.93733732,32.74163381
6546938,2014,2014-08-21,3711,2014-07-02,1505,6418,NA,3,5,7,3711,0,0,0,NA,0,116,MORENO BL,INGULF ST,0,NA,Y,A,-,N,NA,NA,NA,NA,NA,NA,NA,NA,NA,Y,4,0,1,2,A,-,12,21453,A,N,D,C,A,A,H,-,A,A,0,NA,NA,NA,NA,Y,NA,D,22,0,0,1,0,0,0,0,0,0,-,-,NA,NA,SAN DIEGO,SAN DIEGO,-117.20600004,32.7895801
6546952,2014,2015-11-09,9650,2014-03-22,0145,017655,NA,6,3,9,3700,0,1,1,NA,2,001,RT 5,SAN ONOFRE INSPECTION FACILITY,528,S,N,A,-,Y,SD,11,5,-,R,67.01,H,-,N,Y,2,0,1,1,A,-,08,22107,NA,N,E,I,A,A,H,-,D,D,1,NA,NA,NA,NA,Y,NA,A,01,1,0,0,0,0,0,0,0,0,-,-,33.34983,-117.52201,SAN DIEGO,UNINCORPORATED,-117.52092533,33.34958435
6547699,2014,2016-03-30,3710,2014-06-28,1245,OC1157,NA,6,5,6,3710,0,0,0,NA,0,016,DOUGLAS,RT 76,110,N,N,A,-,Y,SD,11,76,-,R,3.745,I,6,W,N,4,0,2,2,A,-,04,21703,NA,N,C,C,A,A,H,-,A,A,0,NA,NA,NA,NA,Y,NA,D,22,0,0,2,0,0,0,0,0,0,-,-,NA,NA,SAN DIEGO,OCEANSIDE,-117.3256828,33.225875
6549379,2014,2016-05-24,3710,2014-07-04,1020,OC1126,NA,5,5,6,3710,0,0,0,NA,0,021,RT 76,TOWN CTR,330,E,N,A,-,Y,SD,11,76,-,R,5,H,-,W,Y,3,0,1,1,A,-,03,22350,NA,N,F,A,A,A,H,-,A,A,0,NA,NA,Y,NA,Y,NA,C,02,0,1,0,0,0,0,0,0,1,-,-,NA,NA,SAN DIEGO,OCEANSIDE,-117.30663283,33.23379284
6549693,2014,2016-03-28,9645,2014-05-27,1040,012460,NA,2,1,7,3711,0,1,3,NA,2,023,RT 163,RICHMOND ST,599,N,N,A,-,Y,SD,11,163,-,-,1.89,H,-,S,N,4,0,1,3,A,-,03,22350,NA,N,C,C,A,A,H,-,A,D,1,NA,NA,NA,NA,Y,NA,A,01,0,0,1,0,0,0,0,0,0,-,-,37.73718,-117.15605,SAN DIEGO,SAN DIEGO,-117.15616493,32.73806318
6550053,2014,2016-03-28,9645,2014-06-19,1550,016728,NA,4,2,7,3711,0,1,3,NA,2,023,RT 163,UNIVERSITY AV,60,S,N,A,-,Y,SD,11,163,-,-,2.6,H,-,S,Y,4,0,1,4,A,-,03,22350,NA,N,C,C,A,A,H,-,A,D,1,NA,NA,NA,NA,Y,NA,A,01,0,0,1,0,0,0,0,0,0,-,-,32.74792,-117.14522,SAN DIEGO,SAN DIEGO,-117.15604397,32.74830574
6550175,2014,2014-09-02,3711,2014-06-30,1550,6593,NA,1,5,7,3711,0,0,0,NA,0,723,PALM AV,PICCARD AV,10,N,N,A,-,N,NA,NA,NA,NA,NA,NA,NA,NA,NA,N,4,0,1,2,A,-,04,21703,NA,N,C,C,A,A,H,-,A,A,0,NA,NA,NA,NA,Y,NA,-,NA,0,0,1,0,0,0,0,0,0,-,-,NA,NA,SAN DIEGO,SAN DIEGO,-117.05048,32.58382
6550240,2014,2014-09-02,3711,2014-06-23,0849,5838,NA,1,5,7,3711,0,0,0,NA,0,723,30TH ST,CORONADO AV,475,S,N,A,-,N,NA,NA,NA,NA,NA,NA,NA,NA,NA,N,4,0,2,2,A,-,09,21804,A,N,D,C,A,A,H,-,A,A,0,NA,NA,NA,NA,Y,NA,A,07,0,0,2,0,0,0,0,0,0,-,-,NA,NA,SAN DIEGO,SAN DIEGO,-117.0689463,32.57540219
6551404,2014,2014-08-12,3711,2014-06-18,1609,7001,SDPD,3,5,7,3711,0,0,0,NA,0,611,WEST SIDEWALK,MIDWAY DR 2900,0,NA,N,A,-,N,NA,NA,NA,NA,NA,NA,NA,NA,NA,N,3,0,1,2,A,-,-,NA,NA,N,D,G,A,A,-,-,A,D,0,NA,Y,NA,NA,Y,NA,L,04,0,1,0,0,0,0,1,0,0,-,-,NA,NA,SAN DIEGO,SAN DIEGO,-117.20503628,32.74898639
6553905,2014,2016-05-24,3703,2014-07-01,1149,1037,NA,2,5,3,3703,0,0,0,NA,0,001,RT 75,5TH ST,0,NA,Y,A,-,Y,SD,11,75,-,-,19.486,I,5,N,Y,3,0,4,2,A,-,09,21804,NA,N,D,C,A,A,H,-,A,A,0,NA,NA,NA,NA,Y,NA,A,07,0,2,2,0,0,0,0,0,0,-,-,NA,NA,SAN DIEGO,CORONADO,-117.17560481,32.69301206
6557243,2014,2016-02-06,9645,2014-06-26,0810,17270,NA,4,1,7,3711,0,1,1,NA,2,003,RT 5,TAYLOR ST,10,S,N,A,-,Y,SD,11,5,-,R,19.73,H,-,N,Y,4,0,2,2,A,-,03,22350,NA,N,C,C,A,A,H,-,A,D,1,NA,NA,NA,NA,Y,NA,A,01,0,0,2,0,0,0,0,0,0,-,-,32.7549,-117.20126,SAN DIEGO,SAN DIEGO,-117.20146613,32.75485226
6557547,2014,2014-07-30,3705,2014-05-28,1602,EC0113,NA,3,5,5,3705,0,0,0,NA,0,007,MADISON,GREENFIELD DR,457,W,N,A,-,N,NA,NA,NA,NA,NA,NA,NA,NA,NA,Y,3,0,1,1,A,-,08,22107,NA,N,E,I,A,A,H,-,A,D,0,NA,NA,Y,NA,Y,NA,C,02,0,1,0,0,0,0,0,0,1,-,-,NA,NA,SAN DIEGO,EL CAJON,-116.90619075,32.80059868
6557585,2014,2014-08-11,3705,2014-05-30,1521,EC0279,NA,5,5,5,3705,0,0,0,NA,0,007,MOLLISON,SANDALWOOD,366,N,N,A,-,N,NA,NA,NA,NA,NA,NA,NA,NA,NA,Y,4,0,1,3,A,-,03,22350,NA,N,C,C,A,A,H,-,A,A,0,NA,NA,NA,NA,Y,NA,A,01,0,0,1,0,0,0,0,0,0,-,-,NA,NA,SAN DIEGO,EL CAJON,-116.95098,32.80528234
6557595,2014,2014-07-30,3705,2014-05-30,0831,EC0279,NA,5,5,5,3705,0,0,0,NA,0,009,DEHESA,GRANITE HILLS,0,NA,Y,A,-,N,NA,NA,NA,NA,NA,NA,NA,NA,NA,Y,4,0,1,4,A,-,12,21453,A,N,D,C,A,A,H,-,A,A,0,NA,NA,NA,NA,Y,NA,A,01,0,0,1,0,0,0,0,0,0,-,-,NA,NA,SAN DIEGO,EL CAJON,-116.91777002,32.78758001