CASE_ID,ACCIDENT_YEAR,PROC_DATE,JURIS,COLLISION_DATE,COLLISION_TIME,OFFICER_ID,REPORTING_DISTRICT,DAY_OF_WEEK,CHP_SHIFT,POPULATION,CNTY_CITY_LOC,SPECIAL_COND,BEAT_TYPE,CHP_BEAT_TYPE,CITY_DIVISION_LAPD,CHP_BEAT_CLASS,BEAT_NUMBER,PRIMARY_RD,SECONDARY_RD,DISTANCE,DIRECTION,INTERSECTION,WEATHER_1,WEATHER_2,STATE_HWY_IND,CALTRANS_COUNTY,CALTRANS_DISTRICT,STATE_ROUTE,ROUTE_SUFFIX,POSTMILE_PREFIX,POSTMILE,LOCATION_TYPE,RAMP_INTERSECTION,SIDE_OF_HWY,TOW_AWAY,COLLISION_SEVERITY,NUMBER_KILLED,NUMBER_INJURED,PARTY_COUNT,PRIMARY_COLL_FACTOR,PCF_CODE_OF_VIOL,PCF_VIOL_CATEGORY,PCF_VIOLATION,PCF_VIOL_SUBSECTION,HIT_AND_RUN,TYPE_OF_COLLISION,MVIW,PED_ACTION,ROAD_SURFACE,ROAD_COND_1,ROAD_COND_2,LIGHTING,CONTROL_DEVICE,CHP_ROAD_TYPE,PEDESTRIAN_ACCIDENT,BICYCLE_ACCIDENT,MOTORCYCLE_ACCIDENT,TRUCK_ACCIDENT,NOT_PRIVATE_PROPERTY,ALCOHOL_INVOLVED,STWD_VEHTYPE_AT_FAULT,CHP_VEHTYPE_AT_FAULT,COUNT_SEVERE_INJ,COUNT_VISIBLE_INJ,COUNT_COMPLAINT_PAIN,COUNT_PED_KILLED,COUNT_PED_INJURED,COUNT_BICYCLIST_KILLED,COUNT_BICYCLIST_INJURED,COUNT_MC_KILLED,COUNT_MC_INJURED,PRIMARY_RAMP,SECONDARY_RAMP,LATITUDE,LONGITUDE,COUNTY,CITY,POINT_X,POINT_Y
6705502,2014,2015-01-08,3711,2014-11-05,1905,6734,NA,3,5,7,3711,0,0,0,NA,0,614,BACON ST,WEST POINT LOMA BL,7,S,N,A,-,N,NA,NA,NA,NA,NA,NA,NA,NA,NA,Y,4,0,1,2,A,-,12,22450,NA,M,D,C,A,A,H,-,C,D,0,NA,NA,NA,NA,Y,NA,-,NA,0,0,1,0,0,0,0,0,0,-,-,NA,NA,SAN DIEGO,SAN DIEGO,-117.24552353,32.7532846
6705513,2014,2015-01-07,3711,2014-11-05,1155,4491,NA,3,5,7,3711,0,0,0,NA,0,441,NATIONAL,WEST BARRIER OF STORM DRAIN,19,W,N,A,-,N,NA,NA,NA,NA,NA,NA,NA,NA,NA,Y,4,0,1,1,A,-,08,22107,NA,N,F,J,A,A,H,-,A,D,0,NA,NA,NA,NA,Y,NA,-,NA,0,0,1,0,0,0,0,0,0,-,-,NA,NA,SAN DIEGO,SAN DIEGO,NA,NA
6708008,2014,2015-01-09,3711,2014-11-12,2113,5051,NA,3,5,7,3711,0,0,0,NA,0,446,SOUTH 47TH ST,IMPERIAL AV,0,NA,Y,B,-,N,NA,NA,NA,NA,NA,NA,NA,NA,NA,Y,4,0,1,3,A,-,12,21453,A,M,D,C,A,A,H,-,C,A,0,NA,NA,NA,NA,Y,Y,A,01,0,0,1,0,0,0,0,0,0,-,-,NA,NA,SAN DIEGO,SAN DIEGO,-117.09370012,32.70415004
6708341,2014,2014-12-05,3701,2014-10-26,1817,53985,23,7,5,5,3701,0,0,0,NA,0,004,COLLEGE BL,TAMARACK AV,700,S,N,A,-,N,NA,NA,NA,NA,NA,NA,NA,NA,NA,N,3,0,1,1,C,-,18,NA,NA,N,H,A,A,A,H,-,C,D,0,NA,NA,Y,NA,Y,NA,-,-,0,1,0,0,0,0,0,0,1,-,-,33.1721,-117.29269,SAN DIEGO,CARLSBAD,-117.29490258,33.16914149
6708390,2014,2014-12-05,3701,2014-10-29,0820,5314,13,3,5,5,3701,0,0,0,NA,0,003,CHESTNUT AV,VALLEY ST,6,E,N,A,-,N,NA,NA,NA,NA,NA,NA,NA,NA,NA,N,4,0,2,3,A,-,10,21950,A,N,G,B,B,A,H,-,A,D,0,Y,NA,NA,NA,Y,NA,A,01,0,0,2,0,2,0,0,0,0,-,-,NA,NA,SAN DIEGO,CARLSBAD,-117.33024057,33.16147177
6708552,2014,2016-02-23,9680,2014-11-03,0820,016598,NA,1,1,9,3700,0,3,5,NA,2,001,HAWLEY RD,OLDE HIGHWAY 80,1411,NA,N,A,-,N,NA,NA,NA,NA,NA,NA,NA,NA,NA,N,4,0,1,1,A,-,03,22350,NA,N,F,A,A,A,H,-,A,A,0,NA,NA,Y,NA,Y,NA,C,02,0,0,1,0,0,0,0,0,1,-,-,32.86215,-116.83456,SAN DIEGO,UNINCORPORATED,-116.8346,32.860387
6709619,2014,2014-11-26,9650,2014-10-30,2220,020422,NA,4,3,5,3713,0,1,3,NA,2,017,RT 78,MELROSE AV,1320,W,N,A,-,Y,NA,NA,NA,NA,NA,NA,NA,NA,NA,Y,4,0,1,1,A,-,08,22107,NA,N,E,I,A,A,H,-,C,D,0,NA,NA,NA,NA,Y,NA,A,01,0,0,1,0,0,0,0,0,0,-,-,34.19408,-117.25993,SAN DIEGO,VISTA,-117.25853719,33.19425
6709623,2014,2016-06-11,9650,2014-10-18,1650,017328,NA,6,2,9,3700,0,1,1,NA,2,001,RT 5,LAS PULGAS RD,6600,N,N,A,-,Y,SD,11,5,-,R,63.57,R,2,S,Y,3,0,1,1,A,-,03,22350,NA,N,F,A,A,A,H,-,A,D,1,NA,NA,Y,NA,Y,NA,C,02,0,1,0,0,0,0,0,0,1,-,-,33.31361,-117.482,SAN DIEGO,UNINCORPORATED,-117.48204582,33.31434369
6710910,2014,2015-01-23,3711,2014-11-13,1945,8824,SANDI,4,5,7,3711,0,0,0,NA,0,614,SUNSET CLIFFS BL,LONG BRANCH AV,24,S,N,A,-,N,NA,NA,NA,NA,NA,NA,NA,NA,NA,N,3,0,1,2,A,-,11,21950,B,N,G,B,D,A,H,-,C,D,0,Y,NA,NA,NA,Y,NA,N,60,0,1,0,0,1,0,0,0,0,-,-,NA,NA,SAN DIEGO,SAN DIEGO,-117.24427459,32.74862612
6712968,2014,2016-06-16,9680,2014-10-31,1206,015061,NA,5,1,9,3700,0,1,1,NA,2,083,RT 8,LOS COCHES RD,15,W,N,B,-,Y,SD,11,8,-,R,19.908,R,1,E,Y,4,0,5,3,A,-,03,22350,NA,N,B,C,A,A,H,-,A,A,1,NA,NA,NA,NA,Y,NA,A,07,0,0,5,0,0,0,0,0,0,TO,-,32.82591,-116.90285,SAN DIEGO,UNINCORPORATED,-116.90510017,32.8250805
6713015,2014,2016-02-23,9680,2014-11-07,1425,019822,NA,5,2,9,3700,0,2,4,NA,1,013,WILDCAT CANYON RD,OLD BARONA RD,9504,N,N,A,-,N,NA,NA,NA,NA,NA,NA,NA,NA,NA,Y,2,0,1,3,A,-,05,21460,A,N,B,C,A,A,H,-,A,A,0,NA,NA,Y,NA,Y,NA,C,02,1,0,0,0,0,0,0,0,1,-,-,32.93871,-116.86755,SAN DIEGO,UNINCORPORATED,-116.87110296,32.93090056
6713283,2014,2015-01-09,3711,2014-11-13,1813,5046,NA,4,5,7,3711,0,0,0,NA,0,437,PARADISE VALLEY RD,BRIARWOOD RD,0,NA,Y,A,-,N,NA,NA,NA,NA,NA,NA,NA,NA,NA,N,3,0,2,3,A,-,11,21456,B,M,G,B,B,A,H,-,C,A,0,Y,NA,NA,NA,Y,NA,N,60,0,2,0,0,2,0,0,0,0,-,-,NA,NA,SAN DIEGO,SAN DIEGO,-117.03679012,32.69176009
6713661,2014,2015-01-14,9650,2014-11-07,1415,015654,NA,5,2,3,3783,0,1,1,NA,2,007,RT 5,LOMAS SANTA FE DR,3696,N,N,A,-,Y,NA,NA,5,NA,NA,NA,NA,NA,NA,Y,4,0,1,2,A,-,03,22350,NA,N,C,C,A,A,H,-,A,D,0,NA,NA,NA,NA,Y,NA,D,22,0,0,1,0,0,0,0,0,0,-,-,33.00577,-117.25975,SAN DIEGO,SOLANA BEACH,-117.25965177,33.00586945
6713788,2014,2015-01-06,3702,2014-10-19,1640,CV0743,NA,7,5,6,3702,0,0,0,NA,0,013,WOODLAWN AV,J ST,27,N,N,A,-,N,NA,NA,NA,NA,NA,NA,NA,NA,NA,Y,4,0,2,2,A,-,01,23152,A,N,C,C,A,A,H,-,A,A,0,NA,NA,NA,NA,Y,Y,A,01,0,0,2,0,0,0,0,0,0,-,-,NA,NA,SAN DIEGO,CHULA VISTA,-117.09123832,32.62291997
6713853,2014,2015-01-07,9650,2014-11-04,0700,13696,NA,2,1,9,3700,0,1,1,NA,2,022,RT 15,RAINBOW VALLEY BL,528,N,N,A,-,Y,NA,NA,15,NA,NA,NA,NA,NA,NA,Y,2,0,1,2,A,-,03,22350,NA,N,B,C,A,A,H,-,A,D,0,NA,NA,Y,NA,Y,NA,C,02,1,0,0,0,0,0,0,0,1,-,-,33.43193,-117.14423,SAN DIEGO,UNINCORPORATED,-117.1443375,33.43204042
6714926,2014,2015-01-05,9645,2014-10-28,0656,015790,NA,2,1,7,3711,0,1,1,NA,2,001,RT 5,CIVIC CENTER DR,1056,S,N,A,-,Y,NA,NA,NA,NA,NA,NA,NA,NA,NA,Y,4,0,1,2,A,-,03,22350,NA,N,C,C,A,A,H,-,A,D,0,NA,NA,NA,NA,Y,NA,A,01,0,0,1,0,0,0,0,0,0,-,-,32.96371,-117.0956,SAN DIEGO,SAN DIEGO,-117.37208,33.20016
6716337,2014,2014-12-02,3702,2014-09-30,1100,CV0856,NA,2,5,6,3702,0,0,0,NA,0,013,3RD AV,L ST,70,S,N,A,-,N,NA,NA,NA,NA,NA,NA,NA,NA,NA,N,4,0,1,2,A,-,03,22350,NA,N,C,C,A,A,H,-,A,D,0,NA,NA,NA,NA,Y,NA,A,01,0,0,1,0,0,0,0,0,0,-,-,NA,NA,SAN DIEGO,CHULA VISTA,-117.07170933,32.62041783
6716895,2014,2015-01-12,9645,2014-11-06,1945,13784,NA,4,2,7,3711,0,1,1,NA,2,007,RT 5,CARMEL VALLEY RD,1500,N,N,A,-,Y,NA,NA,NA,NA,NA,NA,NA,NA,NA,N,4,0,1,2,A,-,03,22350,NA,F,C,C,A,A,H,-,-,D,0,NA,NA,NA,NA,Y,NA,A,01,0,0,1,0,0,0,0,0,0,-,-,NA,NA,SAN DIEGO,SAN DIEGO,-117.24166408,32.93643002
6716901,2014,2015-01-12,3702,2014-11-07,1825,CV1053,NA,5,5,6,3702,0,0,0,NA,0,041,OLYMPIC PKWY,LA MEDIA RD,198,E,N,A,-,N,NA,NA,NA,NA,NA,NA,NA,NA,NA,Y,4,0,1,2,A,-,08,22107,NA,N,B,C,A,A,H,-,C,D,0,NA,NA,Y,NA,Y,NA,A,01,0,0,1,0,0,0,0,0,1,-,-,NA,NA,SAN DIEGO,CHULA VISTA,-116.98566829,32.62532585
6716923,2014,2015-01-09,3702,2014-11-08,0725,CV1038,NA,6,5,6,3702,0,0,0,NA,0,021,MAIN ST,SILVAS ST,28,E,N,A,-,N,NA,NA,NA,NA,NA,NA,NA,NA,NA,N,3,0,1,1,A,-,03,22350,NA,N,H,J,A,A,A,-,A,D,0,NA,Y,NA,NA,Y,NA,L,04,0,1,0,0,0,0,1,0,0,-,-,NA,NA,SAN DIEGO,CHULA VISTA,-117.0769494,32.59478946
6717393,2014,2015-01-12,3700,2014-11-09,1327,SH2659,NA,7,5,5,3712,0,0,0,NA,0,360,SOUTH TWIN OAKS VALLEY RD,VILLAGE DR,23,S,N,A,-,N,NA,NA,NA,NA,NA,NA,NA,NA,NA,Y,3,0,2,2,A,-,09,21453,C,N,D,C,A,A,H,-,A,A,0,NA,NA,NA,NA,Y,NA,A,01,0,1,1,0,0,0,0,0,0,-,-,NA,NA,SAN DIEGO,SAN MARCOS,-117.16619974,33.12278753
6718081,2014,2015-02-11,9680,2014-12-13,1705,018583,NA,6,2,5,3708,0,1,1,NA,2,081,RT 8,EL CAJON BL,265,E,N,A,-,Y,SD,11,8,-,-,11.19,H,-,W,Y,1,1,1,3,A,-,01,23152,A,N,B,C,A,A,H,-,B,D,1,NA,NA,NA,NA,Y,Y,A,07,0,1,0,0,0,0,0,0,0,-,-,32.77125,-117.02028,SAN DIEGO,LA MESA,-117.01994183,32.77133781
6718811,2014,2015-01-13,3711,2014-11-11,1600,7128,SANDI,2,5,7,3711,0,0,0,NA,0,124,GILMAN DR,LA JOLLA VILLAGE DR,0,NA,Y,A,-,N,NA,NA,NA,NA,NA,NA,NA,NA,NA,N,4,0,1,2,A,-,17,21461,A,N,B,C,A,A,H,-,B,D,0,NA,NA,NA,NA,Y,NA,-,NA,0,0,1,0,0,0,0,0,0,-,-,NA,NA,SAN DIEGO,SAN DIEGO,-117.23794004,32.87169002
6718824,2014,2015-01-12,3711,2014-11-19,1029,5628,NA,3,5,7,3711,0,0,0,NA,0,315,MISSION CENTER CT,MISSION CENTER RD,110,E,N,A,-,N,NA,NA,NA,NA,NA,NA,NA,NA,NA,Y,4,0,1,2,A,-,08,22107,NA,N,B,E,A,A,H,-,A,D,0,NA,NA,NA,NA,Y,NA,A,07,0,0,1,0,0,0,0,0,0,-,-,NA,NA,SAN DIEGO,SAN DIEGO,-117.1538286,32.77349275
6718828,2014,2015-01-12,3711,2014-11-20,0825,5572,NA,4,5,7,3711,0,0,0,NA,0,311,HURLBUT,STERETT,14,W,N,A,-,N,NA,NA,NA,NA,NA,NA,NA,NA,NA,Y,4,0,1,2,A,-,09,21801,A,N,D,C,A,A,H,-,A,D,0,NA,NA,NA,NA,Y,NA,-,NA,0,0,1,0,0,0,0,0,0,-,-,NA,NA,SAN DIEGO,SAN DIEGO,-117.14191541,32.80492
6718847,2014,2016-02-24,3711,2014-11-14,1520,5672,NA,5,5,7,3711,0,0,0,NA,0,313,CLAIREMONT MESA BL,RT 163,133,W,N,A,-,N,NA,NA,NA,NA,NA,NA,NA,NA,NA,Y,4,0,1,3,A,-,04,21703,NA,N,-,C,A,A,H,-,A,A,0,NA,NA,NA,NA,Y,Y,-,NA,0,0,1,0,0,0,0,0,0,-,NF,NA,NA,SAN DIEGO,SAN DIEGO,-117.14141634,32.83212594
6719204,2014,2015-01-16,9650,2014-11-12,0803,15906,NA,3,1,9,3700,0,2,4,NA,1,027,VALLEY CENTER RD,LAKE WOHLFORD RD,7392,N,N,B,-,N,NA,NA,NA,NA,NA,NA,NA,NA,NA,Y,4,0,1,2,A,-,03,22350,NA,N,C,C,A,A,H,-,A,D,0,NA,NA,NA,NA,Y,NA,D,22,0,0,1,0,0,0,0,0,0,-,-,33.1804,-117.02361,SAN DIEGO,UNINCORPORATED,-117.02354175,33.1793433
6720361,2014,2014-12-10,3700,2014-09-16,0651,SH3121,NA,2,5,4,3707,0,0,0,NA,0,710,13TH ST,GROVE AV,0,NA,Y,A,-,N,NA,NA,NA,NA,NA,NA,NA,NA,NA,N,4,0,1,2,A,-,08,22107,NA,N,B,G,A,A,H,-,B,-,0,NA,Y,NA,NA,Y,NA,-,NA,0,0,1,0,0,0,1,0,0,-,-,NA,NA,SAN DIEGO,IMPERIAL BEACH,-117.10573011,32.57284003
6720578,2014,2015-01-23,9650,2014-11-16,0545,13696,NA,7,3,9,3700,0,1,1,NA,2,022,RT 15,RT 76,300,N,N,B,-,Y,NA,NA,15,NA,NA,NA,NA,NA,NA,Y,4,0,1,2,A,-,08,22107,NA,N,C,C,A,A,H,-,B,D,0,NA,NA,NA,NA,Y,NA,A,01,0,0,1,0,0,0,0,0,0,-,-,33.33218,-117.15921,SAN DIEGO,UNINCORPORATED,-117.15909166,33.33217878
6721125,2014,2015-01-15,9650,2014-11-12,0950,13696,NA,3,1,5,3782,0,1,1,NA,2,005,RT 5,LA COSTA AV,528,N,N,B,-,Y,NA,NA,5,NA,NA,NA,NA,NA,NA,Y,4,0,2,3,A,-,03,22350,NA,N,C,C,A,A,H,-,A,D,0,NA,NA,NA,NA,Y,NA,A,01,0,0,2,0,0,0,0,0,0,-,-,33.08625,-117.29942,SAN DIEGO,ENCINITAS,-117.29950246,33.08619377
6721252,2014,2015-01-09,3706,2014-11-20,1810,ES0393,NA,4,5,6,3706,0,0,0,NA,0,054,ASH ST,VALLEY PKWY,187,S,N,B,-,N,NA,NA,NA,NA,NA,NA,NA,NA,NA,N,4,0,1,2,A,-,03,22350,NA,N,C,C,A,A,H,-,C,A,0,NA,NA,NA,NA,Y,NA,A,01,0,0,1,0,0,0,0,0,0,-,-,NA,NA,SAN DIEGO,ESCONDIDO,-117.06679965,33.13000313
6721275,2014,2015-01-09,3706,2014-11-22,1610,ES0469,NA,6,5,6,3706,0,0,0,NA,0,044,ASH ST,WASHINGTON AV,0,NA,Y,A,-,N,NA,NA,NA,NA,NA,NA,NA,NA,NA,N,4,0,2,2,A,-,03,22350,NA,F,C,C,A,A,H,-,A,A,0,NA,NA,NA,NA,Y,NA,-,NA,0,0,2,0,0,0,0,0,0,-,-,NA,NA,SAN DIEGO,ESCONDIDO,-117.06800004,33.13311008
6721791,2014,2015-01-13,3711,2014-11-22,1812,7120,NA,6,5,7,3711,0,0,0,NA,0,813,HAMILTON ST,HOWARD AV,10,S,N,A,-,N,NA,NA,NA,NA,NA,NA,NA,NA,NA,Y,4,0,1,3,A,-,09,21802,A,N,D,C,A,A,H,-,C,A,0,NA,NA,NA,NA,Y,NA,-,NA,0,0,1,0,0,0,0,0,0,-,-,NA,NA,SAN DIEGO,SAN DIEGO,-117.13636971,32.75401261
6725738,2014,2015-01-20,3701,2014-11-17,0707,5294,51,1,5,5,3701,0,0,0,NA,0,005,EL CAMINIO REAL,COLLEGE BL,0,NA,Y,A,-,N,NA,NA,NA,NA,NA,NA,NA,NA,NA,Y,2,0,2,3,A,-,12,21453,A,N,D,C,A,A,H,-,A,A,0,NA,NA,NA,NA,Y,NA,D,22,1,0,1,0,0,0,0,0,0,-,-,NA,NA,SAN DIEGO,CARLSBAD,-117.28330005,33.14307012
6726873,2014,2015-01-15,3700,2014-11-22,1734,SH0817,NA,6,5,5,3713,0,0,0,NA,0,308,W VISTA WAY,GRAPEVINE RD,140,E,N,A,-,N,NA,NA,NA,NA,NA,NA,NA,NA,NA,N,3,0,1,2,D,-,00,NA,NA,F,G,B,D,A,H,-,C,A,0,Y,NA,NA,NA,Y,NA,-,-,0,1,0,0,1,0,0,0,0,-,-,NA,NA,SAN DIEGO,VISTA,-117.27468477,33.19061153
6726877,2014,2015-01-15,3706,2014-11-17,0200,ES0483,NA,1,5,6,3706,0,0,0,NA,0,052,ESCONDIDO BL,9TH AV,0,NA,Y,A,-,N,NA,NA,NA,NA,NA,NA,NA,NA,NA,Y,4,0,1,2,A,-,12,21453,A,F,B,C,A,A,H,-,C,A,0,NA,NA,NA,NA,Y,NA,A,01,0,0,1,0,0,0,0,0,0,-,-,NA,NA,SAN DIEGO,ESCONDIDO,-117.07910012,33.11311001
6727937,2014,2015-01-14,3711,2014-11-30,1550,7168,NA,7,5,7,3711,0,0,0,NA,0,122,JEWELL,THOMAS,0,NA,Y,A,-,N,NA,NA,NA,NA,NA,NA,NA,NA,NA,Y,3,0,1,2,A,-,09,21802,A,N,D,C,A,A,H,-,A,D,0,NA,NA,NA,NA,Y,NA,-,NA,0,1,0,0,0,0,0,0,0,-,-,NA,NA,SAN DIEGO,SAN DIEGO,-117.2381,32.7972601
6727951,2014,2015-01-15,3711,2014-11-23,1337,7158,NA,7,5,7,3711,0,0,0,NA,0,326,MONTEZUMA RD,YERBA SANTA DR,153,W,N,A,-,N,NA,NA,NA,NA,NA,NA,NA,NA,NA,N,4,0,1,1,C,-,18,NA,NA,N,H,A,A,-,H,-,A,D,0,NA,Y,NA,NA,Y,NA,-,-,0,0,1,0,0,0,1,0,0,-,-,NA,NA,SAN DIEGO,SAN DIEGO,-117.08492342,32.77059168
6727974,2014,2015-01-15,3711,2014-11-28,1629,5046,NA,5,5,7,3711,0,0,0,NA,0,521,G ST,11TH AV,0,NA,Y,A,-,N,NA,NA,NA,NA,NA,NA,NA,NA,NA,N,4,0,1,2,A,-,09,21453,B,N,-,C,A,A,H,-,A,A,0,NA,NA,NA,NA,Y,NA,A,01,0,0,1,0,0,0,0,0,0,-,-,NA,NA,SAN DIEGO,SAN DIEGO,-117.15469003,32.71260003
6729872,2014,2015-01-13,9645,2014-11-26,1325,015494,NA,3,1,7,3711,0,1,1,NA,2,005,RT 5,CLAIREMONT DR,2100,S,N,A,-,Y,NA,NA,5,NA,NA,NA,NA,NA,NA,Y,4,0,2,2,A,-,07,21658,A,N,C,C,A,A,H,-,A,D,0,NA,NA,NA,NA,Y,NA,A,07,0,0,2,0,0,0,0,0,0,-,-,32.78481,-117.20781,SAN DIEGO,SAN DIEGO,-117.20767557,32.78478668
6731011,2014,2015-01-20,3710,2014-11-30,0910,OC0778,NA,7,5,6,3710,0,0,0,NA,0,026,EL CAMINO REAL,RT 78,0,NA,Y,A,-,Y,NA,NA,NA,NA,NA,NA,NA,NA,NA,Y,4,0,1,2,A,-,12,21453,A,N,D,C,A,A,H,-,A,A,0,NA,NA,NA,NA,Y,NA,A,01,0,0,1,0,0,0,0,0,0,-,-,NA,NA,SAN DIEGO,OCEANSIDE,-117.32693008,33.18174012
6731285,2014,2015-01-02,3709,2014-10-24,0623,473,SCSC,5,5,5,3709,0,0,0,NA,0,020,MAIN ST,DIVISION ST,0,NA,Y,A,-,N,NA,NA,NA,NA,NA,NA,NA,NA,NA,Y,4,0,1,2,A,-,09,21801,A,N,D,C,A,A,H,-,B,D,0,NA,NA,Y,NA,Y,NA,A,01,0,0,1,0,0,0,0,0,1,-,-,NA,NA,SAN DIEGO,NATIONAL CITY,-117.11099004,32.68237006
6731329,2014,2014-12-31,3705,2014-10-29,1714,EC5309,NA,3,5,5,3705,0,0,0,NA,0,010,MAGNOLIA,LEXINGTON,0,NA,Y,A,-,N,NA,NA,NA,NA,NA,NA,NA,NA,NA,Y,3,0,3,2,A,-,17,21457,B,N,A,C,A,A,H,-,A,A,0,NA,NA,NA,NA,Y,NA,A,01,0,2,1,0,0,0,0,0,0,-,-,NA,NA,SAN DIEGO,EL CAJON,-116.96229007,32.7927101
6731854,2014,2015-01-26,3702,2014-11-30,0158,CV1032,NA,7,5,6,3702,0,0,0,NA,0,011,E ST,BROADWAY,180,W,N,A,-,N,NA,NA,NA,NA,NA,NA,NA,NA,NA,Y,4,0,1,2,A,-,09,21804,A,F,D,C,A,A,H,-,C,D,0,NA,NA,NA,NA,Y,NA,A,01,0,0,1,0,0,0,0,0,0,-,-,NA,NA,SAN DIEGO,CHULA VISTA,-117.09406375,32.64116641
6731882,2014,2015-01-29,3711,2014-12-09,1629,5929,NA,2,5,7,3711,0,0,0,NA,0,115,LA JOLLA VILLAGE DR,TOWNE CENTRE DR,33,E,N,A,-,N,NA,NA,NA,NA,NA,NA,NA,NA,NA,Y,4,0,1,3,A,-,04,21703,NA,N,-,C,A,A,H,-,C,A,0,NA,NA,NA,NA,Y,NA,-,NA,0,0,1,0,0,0,0,0,0,-,-,NA,NA,SAN DIEGO,SAN DIEGO,-117.20731433,32.8741149
6732707,2014,2015-01-16,3711,2014-11-30,1320,4759,NA,7,5,7,3711,0,0,0,NA,0,113,MORENA BL,AVATI DR,37,S,N,A,-,N,NA,NA,NA,NA,NA,NA,NA,NA,NA,Y,3,0,2,2,A,-,12,21453,A,N,D,C,A,A,H,-,A,A,0,NA,NA,NA,NA,Y,NA,-,NA,0,1,1,0,0,0,0,0,0,-,-,NA,NA,SAN DIEGO,SAN DIEGO,-117.21740497,32.8137248
6735042,2014,2015-02-06,3710,2014-12-24,1745,OC1322,NA,3,5,6,3710,0,0,0,NA,0,012,OCEANSIDE,GREENBRIER,228,W,N,A,-,N,NA,NA,NA,NA,NA,NA,NA,NA,NA,N,4,0,1,2,A,-,01,23152,A,N,D,C,A,A,H,-,C,D,0,NA,NA,NA,NA,Y,Y,A,01,0,0,1,0,0,0,0,0,0,-,-,NA,NA,SAN DIEGO,OCEANSIDE,-117.35558209,33.19388564
6735302,2014,2015-02-17,3710,2014-12-30,1904,OC1274,NA,2,5,6,3710,0,0,0,NA,0,037,PLAZA DR,THUNDER DR,640,W,N,B,-,N,NA,NA,NA,NA,NA,NA,NA,NA,NA,Y,3,0,2,2,A,-,05,21650,NA,N,A,C,A,B,H,-,C,D,0,NA,NA,NA,NA,Y,NA,A,01,0,1,1,0,0,0,0,0,0,-,-,NA,NA,SAN DIEGO,OCEANSIDE,-117.28983351,33.18293719
6735865,2014,2015-01-22,3701,2014-11-28,1018,5291,16,5,5,5,3701,0,0,0,NA,0,004,CARLSBAD VILLAGE DR,SANTA CLARA WY,23,W,N,A,-,N,NA,NA,NA,NA,NA,NA,NA,NA,NA,Y,4,0,1,2,A,-,09,21802,A,N,F,A,A,A,H,-,A,A,0,NA,NA,Y,NA,Y,NA,A,01,0,0,1,0,0,0,0,0,1,-,-,NA,NA,SAN DIEGO,CARLSBAD,-117.31659918,33.17074579
6736481,2014,2015-09-24,3700,2014-04-21,2118,SH0071,NA,1,5,5,3781,0,0,0,NA,0,511,CUYAMACA ST,MAST BL,0,NA,Y,A,-,N,NA,NA,NA,NA,NA,NA,NA,NA,NA,Y,4,0,2,2,A,-,12,21453,A,N,D,C,A,A,H,-,C,A,0,NA,NA,NA,NA,Y,NA,A,01,0,0,2,0,0,0,0,0,0,-,-,NA,NA,SAN DIEGO,SANTEE,-116.98306006,32.85512004
6736495,2014,2014-12-23,3700,2014-06-26,1112,SH1908,NA,4,5,5,3781,0,0,0,NA,0,509,CARLTON HILLS BL,CARLTON OAKS DR,470,S,N,A,-,N,NA,NA,NA,NA,NA,NA,NA,NA,NA,Y,4,0,1,2,A,-,03,22350,NA,N,C,C,A,A,H,-,A,D,0,NA,NA,NA,NA,Y,NA,A,01,0,0,1,0,0,0,0,0,0,-,-,NA,NA,SAN DIEGO,SANTEE,-116.99788527,32.84438982
6737231,2014,2015-02-03,9645,2014-12-05,2046,019496,NA,5,2,7,3711,0,1,1,NA,2,011,RT 805,UNIVERSITY AV,200,N,N,A,-,Y,NA,NA,805,NA,NA,NA,NA,NA,NA,Y,4,0,1,3,A,-,03,22350,NA,N,C,C,A,A,H,-,D,D,0,NA,NA,NA,NA,Y,NA,A,01,0,0,1,0,0,0,0,0,0,TO,-,32.7493,-117.12315,SAN DIEGO,SAN DIEGO,-117.12296674,32.74938786
6737491,2014,2015-01-20,3711,2014-11-26,1300,6706,MIDCI,3,5,7,3711,0,0,0,NA,0,822,UNIVERSITY AV,UNIVERSITY AV 5600,9,N,N,A,-,N,NA,NA,NA,NA,NA,NA,NA,NA,NA,Y,3,0,1,2,A,-,12,22450,A,N,B,C,A,A,H,-,A,A,0,NA,NA,NA,NA,Y,Y,-,NA,0,1,0,0,0,0,0,0,0,-,-,NA,NA,SAN DIEGO,SAN DIEGO,NA,NA
6737983,2014,2015-01-20,9645,2014-11-23,1400,17678,NA,7,2,9,3700,0,3,5,NA,2,018,OTAY LAKES RD,MILE MARKER 7.5,700,E,N,A,-,N,NA,NA,NA,NA,NA,NA,NA,NA,NA,N,3,0,1,1,A,-,03,22350,NA,N,F,A,A,A,H,-,A,D,0,NA,NA,Y,NA,Y,NA,C,02,0,1,0,0,0,0,0,0,1,-,-,NA,NA,SAN DIEGO,UNINCORPORATED,NA,NA
6738177,2014,2015-01-21,9680,2014-11-21,0715,017330,NA,5,1,9,3700,0,1,3,NA,1,017,RT 67,SLAUGHTERHOUSE RD,1584,N,N,B,-,Y,NA,NA,67,NA,NA,NA,NA,NA,NA,Y,4,0,1,1,A,-,03,22350,NA,N,E,I,A,B,H,-,B,D,0,NA,NA,NA,NA,Y,NA,D,22,0,0,1,0,0,0,0,0,0,-,-,32.91028,-116.94603,SAN DIEGO,UNINCORPORATED,-116.94683762,32.91007437
6738329,2014,2015-01-20,9680,2014-11-23,1124,15962,NA,7,1,9,3700,0,1,3,NA,1,030,RT 79,WILDWOOD GLEN LN,18,N,N,A,-,Y,NA,NA,79,NA,NA,NA,NA,NA,NA,Y,3,0,1,1,A,-,03,22350,NA,N,F,A,A,A,H,-,A,D,0,NA,NA,Y,NA,Y,NA,C,02,0,1,0,0,0,0,0,0,1,-,-,32.83625,-116.62076,SAN DIEGO,UNINCORPORATED,-116.62041434,32.83578086
6738678,2014,2015-01-30,3711,2014-12-05,2009,6261,NA,5,5,7,3711,0,0,0,NA,0,315,QUALCOMM WY,RIO SAN DIEGO,0,NA,Y,A,-,N,NA,NA,NA,NA,NA,NA,NA,NA,NA,N,4,0,1,2,A,-,09,21453,C,N,A,C,A,A,H,-,C,A,0,NA,NA,NA,NA,Y,NA,-,NA,0,0,1,0,0,0,0,0,0,-,-,NA,NA,SAN DIEGO,SAN DIEGO,-117.14128011,32.77567003