CASE_ID,ACCIDENT_YEAR,PROC_DATE,JURIS,COLLISION_DATE,COLLISION_TIME,OFFICER_ID,REPORTING_DISTRICT,DAY_OF_WEEK,CHP_SHIFT,POPULATION,CNTY_CITY_LOC,SPECIAL_COND,BEAT_TYPE,CHP_BEAT_TYPE,CITY_DIVISION_LAPD,CHP_BEAT_CLASS,BEAT_NUMBER,PRIMARY_RD,SECONDARY_RD,DISTANCE,DIRECTION,INTERSECTION,WEATHER_1,WEATHER_2,STATE_HWY_IND,CALTRANS_COUNTY,CALTRANS_DISTRICT,STATE_ROUTE,ROUTE_SUFFIX,POSTMILE_PREFIX,POSTMILE,LOCATION_TYPE,RAMP_INTERSECTION,SIDE_OF_HWY,TOW_AWAY,COLLISION_SEVERITY,NUMBER_KILLED,NUMBER_INJURED,PARTY_COUNT,PRIMARY_COLL_FACTOR,PCF_CODE_OF_VIOL,PCF_VIOL_CATEGORY,PCF_VIOLATION,PCF_VIOL_SUBSECTION,HIT_AND_RUN,TYPE_OF_COLLISION,MVIW,PED_ACTION,ROAD_SURFACE,ROAD_COND_1,ROAD_COND_2,LIGHTING,CONTROL_DEVICE,CHP_ROAD_TYPE,PEDESTRIAN_ACCIDENT,BICYCLE_ACCIDENT,MOTORCYCLE_ACCIDENT,TRUCK_ACCIDENT,NOT_PRIVATE_PROPERTY,ALCOHOL_INVOLVED,STWD_VEHTYPE_AT_FAULT,CHP_VEHTYPE_AT_FAULT,COUNT_SEVERE_INJ,COUNT_VISIBLE_INJ,COUNT_COMPLAINT_PAIN,COUNT_PED_KILLED,COUNT_PED_INJURED,COUNT_BICYCLIST_KILLED,COUNT_BICYCLIST_INJURED,COUNT_MC_KILLED,COUNT_MC_INJURED,PRIMARY_RAMP,SECONDARY_RAMP,LATITUDE,LONGITUDE,COUNTY,CITY,POINT_X,POINT_Y
7049984,2015,2015-09-22,3711,2015-08-16,0056,4495,NA,7,5,7,3711,0,0,0,NA,0,122,MISSION BAY DR,ROSEWOOD ST,57,S,N,A,-,N,NA,NA,NA,NA,NA,NA,NA,NA,NA,Y,2,0,1,2,A,-,09,21804,A,N,H,G,A,A,H,-,C,D,0,NA,Y,NA,Y,Y,Y,L,04,1,0,0,0,0,0,1,0,0,-,-,NA,NA,SAN DIEGO,SAN DIEGO,-117.21356694,32.80046158
7050249,2015,2017-01-14,9645,2015-08-25,0925,020561,NA,2,1,7,3711,0,1,1,NA,2,010,RT 8,COLLEGE AV,1320,W,N,B,-,Y,SD,11,8,-,-,8.09,H,-,E,Y,3,0,1,2,A,-,03,22350,NA,N,C,C,A,B,H,-,-,D,1,NA,NA,NA,NA,Y,NA,A,01,0,1,0,0,0,0,0,0,0,-,-,NA,NA,SAN DIEGO,SAN DIEGO,-117.07060901,32.77916497
7050251,2015,2016-12-20,9645,2015-08-27,1358,018678,NA,4,1,6,3702,0,1,1,NA,2,001,RT 5,E ST,727,N,N,A,-,Y,SD,11,5,-,-,8.7,H,-,S,Y,3,0,1,1,A,-,08,22107,NA,N,E,I,A,A,H,-,A,D,1,NA,NA,NA,NA,Y,NA,A,01,0,1,0,0,0,0,0,0,0,-,-,NA,NA,SAN DIEGO,CHULA VISTA,-117.10084046,32.64138171
7050266,2015,2017-01-14,9645,2015-08-29,1520,019344,NA,6,2,7,3711,0,1,1,NA,2,010,RT 8,RT 15,100,E,N,A,-,Y,SD,11,8,-,-,5.607,R,1,E,Y,4,0,1,2,A,-,03,22350,NA,N,C,C,A,A,H,-,A,-,1,NA,NA,NA,NA,Y,NA,A,01,0,0,1,0,0,0,0,0,0,TO,-,NA,NA,SAN DIEGO,SAN DIEGO,-117.11270932,32.77850257
7052848,2015,2015-09-19,3711,2015-09-02,0650,4663,NA,3,5,7,3711,0,0,0,NA,0,243,CAMINO RUIZ,ACTIVITY RD,65,N,N,A,-,N,NA,NA,NA,NA,NA,NA,NA,NA,NA,N,4,0,2,3,A,-,03,22350,NA,N,-,C,A,A,H,-,A,A,0,NA,NA,NA,NA,Y,NA,-,NA,0,0,2,0,0,0,0,0,0,-,-,NA,NA,SAN DIEGO,SAN DIEGO,-117.13516585,32.89587869
7053068,2015,2015-09-19,3711,2015-08-29,1840,7051,NA,6,5,7,3711,0,0,0,NA,0,111,CLAIREMONT MESA BL,RT 805,270,W,N,A,-,N,NA,NA,NA,NA,NA,NA,NA,NA,NA,N,4,0,1,2,A,-,04,21703,NA,N,C,C,A,A,H,-,A,D,0,NA,NA,NA,NA,Y,Y,-,NA,0,0,1,0,0,0,0,0,0,-,SF,NA,NA,SAN DIEGO,SAN DIEGO,-117.17019002,32.83396931
7053104,2015,2015-09-19,3711,2015-08-27,0812,6849,NA,4,5,7,3711,0,0,0,NA,0,437,S WOODMAN,SKYLINE DR,69,S,N,A,-,N,NA,NA,NA,NA,NA,NA,NA,NA,NA,Y,4,0,1,2,A,-,03,22350,NA,N,-,C,A,A,H,-,A,A,0,NA,NA,NA,NA,Y,NA,-,NA,0,0,1,0,0,0,0,0,0,-,-,NA,NA,SAN DIEGO,SAN DIEGO,-117.05470726,32.70110111
7053147,2015,2015-09-24,3711,2015-08-18,1235,7220,NA,2,5,7,3711,0,0,0,NA,0,724,INDUSTRIAL BL,MAIN ST,0,NA,Y,A,-,N,NA,NA,NA,NA,NA,NA,NA,NA,NA,Y,4,0,1,2,A,-,09,21801,A,N,D,C,A,A,H,-,A,A,0,NA,NA,NA,NA,Y,NA,-,NA,0,0,1,0,0,0,0,0,0,-,-,NA,NA,SAN DIEGO,SAN DIEGO,-117.08412011,32.59484006
7053196,2015,2015-09-26,3711,2015-08-27,1739,7123,SAN D,4,5,7,3711,0,0,0,NA,0,441,43RD ST,NEWTON,900,S,N,A,-,N,NA,NA,NA,NA,NA,NA,NA,NA,NA,N,4,0,1,2,A,-,08,22107,NA,N,B,G,A,A,H,-,A,D,0,NA,Y,NA,NA,Y,NA,-,NA,0,0,1,0,0,0,1,0,0,-,-,NA,NA,SAN DIEGO,SAN DIEGO,-117.10244066,32.69258525
7054030,2015,2015-09-14,9680,2015-08-24,0310,19946,NA,1,3,9,3700,0,3,5,NA,2,001,GARDENA RD,WALNUT RD,1056,N,N,A,-,N,NA,NA,NA,NA,NA,NA,NA,NA,NA,Y,4,0,1,1,A,-,01,23152,A,M,E,I,A,A,H,-,D,D,0,NA,NA,NA,NA,Y,Y,D,22,0,0,1,0,0,0,0,0,0,-,-,32.83515,-116.93623,SAN DIEGO,UNINCORPORATED,-116.93634446,32.83532893
7054116,2015,2015-09-29,9650,2015-09-13,1135,016485,NA,7,1,9,3700,0,3,5,NA,2,213,SOUTH GRADE RD,CANFIELD RD,6864,S,N,A,-,N,NA,NA,NA,NA,NA,NA,NA,NA,NA,N,3,0,1,1,A,-,03,22350,NA,N,F,A,A,A,H,-,A,D,0,NA,Y,NA,NA,Y,NA,L,04,0,1,0,0,0,0,1,0,0,-,-,33.30585,-116.87003,SAN DIEGO,UNINCORPORATED,-116.87010381,33.30577908
7054316,2015,2016-07-19,3700,2015-08-23,1810,SH4541,`,7,5,5,3712,0,0,0,NA,0,350,AUTUMN DR,TIGER WY,68,W,N,A,-,N,NA,NA,NA,NA,NA,NA,NA,NA,NA,N,4,0,2,2,A,-,03,22350,NA,M,C,C,A,A,H,-,A,A,0,NA,NA,NA,NA,Y,Y,A,01,0,0,2,0,0,0,0,0,0,-,-,NA,NA,SAN DIEGO,SAN MARCOS,-117.16792077,33.14341973
7055227,2015,2015-11-12,3708,2015-10-15,2039,LM1158,NA,4,5,5,3708,0,0,0,NA,0,001,EL CAJON BL,GUAVA AV,9,E,N,A,-,N,NA,NA,NA,NA,NA,NA,NA,NA,NA,N,2,0,1,2,A,-,11,21456,B,N,G,B,B,A,H,-,C,A,0,Y,NA,NA,NA,Y,NA,N,60,1,0,0,0,1,0,0,0,0,-,-,NA,NA,SAN DIEGO,LA MESA,-117.02820231,32.76893777
7055841,2015,2017-01-26,9645,2015-08-12,1955,18678,NA,3,2,5,3709,0,1,1,NA,2,009,RT 805,18TH ST,25,S,N,A,-,Y,SD,11,805,-,-,9.99,H,-,N,Y,3,0,4,3,A,-,04,21703,NA,N,C,C,A,A,H,-,C,D,1,NA,NA,NA,NA,Y,NA,A,01,0,2,2,0,0,0,0,0,0,-,-,32.67419,-117.08291,SAN DIEGO,NATIONAL CITY,-117.082485,32.67314616
7055896,2015,2017-01-14,9645,2015-08-26,0730,17990,NA,3,1,7,3711,0,1,1,NA,2,003,RT 5,6TH AV,20,N,N,A,-,Y,SD,11,5,-,R,16.31,H,-,N,Y,3,0,1,4,A,-,07,21658,A,N,B,C,A,A,H,-,A,D,1,NA,NA,Y,NA,Y,NA,-,NA,0,1,0,0,0,0,0,0,1,-,-,32.72298,-117.15932,SAN DIEGO,SAN DIEGO,-117.15936047,32.7231501
7055916,2015,2015-09-15,9645,2015-08-26,2347,16173,NA,3,3,9,3700,0,1,1,NA,2,001,LAKESHORE DR,PETITE LN,70,W,N,A,-,N,NA,NA,NA,NA,NA,NA,NA,NA,NA,Y,4,0,1,1,A,-,08,22107,NA,N,E,I,A,A,H,-,D,D,0,NA,NA,NA,NA,Y,NA,A,01,0,0,1,0,0,0,0,0,0,-,-,NA,NA,SAN DIEGO,UNINCORPORATED,-116.91268532,32.85848586
7056025,2015,2015-10-08,3711,2015-09-17,1323,6956,SANDI,4,5,7,3711,0,0,0,NA,0,822,54TH ST,TROJAN,270,S,N,A,-,N,NA,NA,NA,NA,NA,NA,NA,NA,NA,N,3,0,1,2,A,-,08,22107,NA,N,H,A,A,B,F,-,A,A,0,NA,NA,Y,NA,Y,NA,A,01,0,1,0,0,0,0,0,0,1,-,-,NA,NA,SAN DIEGO,SAN DIEGO,-117.0794159,32.75413056
7057433,2015,2015-12-03,9645,2015-11-02,0900,12733,NA,1,1,7,3711,0,1,3,NA,2,023,RT 163,RT 52,390,S,N,A,-,Y,NA,NA,163,NA,NA,NA,NA,NA,NA,Y,4,0,1,1,A,-,08,22107,NA,N,F,A,A,A,H,-,A,D,0,NA,NA,NA,NA,Y,NA,D,22,0,0,1,0,0,0,0,0,0,-,-,32.83982,-117.13511,SAN DIEGO,SAN DIEGO,-117.13501655,32.83973577
7060570,2015,2017-01-24,9645,2015-09-13,1200,015494,NA,7,1,7,3711,0,1,1,NA,2,001,RT 805,ADAMS AV,1200,S,N,A,-,Y,SD,11,805,-,-,16.76,H,-,S,Y,2,0,1,1,A,-,08,22107,NA,N,F,A,A,A,H,-,A,D,1,NA,NA,Y,NA,Y,NA,C,02,1,0,0,0,0,0,0,0,1,-,-,32.76861,-117.12984,SAN DIEGO,SAN DIEGO,-117.12668755,32.75989878
7060768,2015,2015-10-09,3702,2015-08-27,1400,1086,NA,4,5,6,3702,0,0,0,NA,0,014,3RD AV,F ST,180,N,N,A,-,N,NA,NA,NA,NA,NA,NA,NA,NA,NA,N,4,0,1,2,A,-,03,22350,NA,N,C,C,A,A,H,-,A,D,0,NA,NA,NA,NA,Y,NA,A,01,0,0,1,0,0,0,0,0,0,-,-,NA,NA,SAN DIEGO,CHULA VISTA,-117.08008686,32.64173979
7061512,2015,2017-01-27,9645,2015-09-18,0005,20265,NA,5,3,7,3711,0,1,3,NA,2,025,RT 163,RT 52,300,S,N,A,-,Y,SD,11,163,-,-,9.31,H,-,S,Y,4,0,2,2,A,-,08,22107,NA,N,D,C,A,A,H,-,C,D,1,NA,NA,NA,NA,Y,NA,A,07,0,0,2,0,0,0,0,0,0,-,-,32.83795,-117.13645,SAN DIEGO,SAN DIEGO,-117.13608558,32.83854134
7061592,2015,2015-10-21,3711,2015-09-26,1845,5423,NA,6,5,7,3711,0,0,0,NA,0,615,ROSECRANS ST,KEATS ST,17,S,N,A,-,N,NA,NA,NA,NA,NA,NA,NA,NA,NA,Y,4,0,1,2,A,-,04,21703,NA,N,C,C,A,A,H,-,B,D,0,NA,NA,NA,NA,Y,NA,-,NA,0,0,1,0,0,0,0,0,0,-,-,NA,NA,SAN DIEGO,SAN DIEGO,-117.22638233,32.72795228
7061921,2015,2017-01-14,9645,2015-09-15,1852,19352,NA,2,2,7,3711,0,1,1,NA,2,010,RT 8,MORENA BL,70,W,N,C,-,Y,SD,11,8,-,R,0.366,R,1,E,Y,4,0,3,2,A,-,03,22350,NA,N,B,C,A,B,H,-,C,D,0,NA,NA,NA,NA,Y,NA,D,22,0,0,3,0,0,0,0,0,0,FR,-,32.75977,-117.19833,SAN DIEGO,SAN DIEGO,-117.19812592,32.76005917
7062187,2015,2017-01-14,9645,2015-09-01,0640,20561,NA,2,1,7,3711,0,1,1,NA,2,010,RT 8,PRESIDIO PARK,100,W,N,B,-,Y,SD,11,8,-,-,0.92,H,-,W,Y,3,0,1,3,A,-,03,22350,NA,N,C,C,A,A,H,-,A,D,1,NA,NA,NA,NA,Y,NA,D,22,0,1,0,0,0,0,0,0,0,-,-,32.75994,-117.18885,SAN DIEGO,SAN DIEGO,-117.18872987,32.75992357
7063215,2015,2015-10-07,9680,2015-09-12,2133,19946,NA,6,2,9,3700,0,2,4,NA,1,013,WILDCAT CANYON RD,WILLOW RD,72,N,N,A,-,N,NA,NA,NA,NA,NA,NA,NA,NA,NA,Y,4,0,1,2,A,-,03,22350,NA,N,C,C,A,A,H,-,D,D,0,NA,NA,NA,NA,Y,NA,A,01,0,0,1,0,0,0,0,0,0,-,-,32.8751,-116.91007,SAN DIEGO,UNINCORPORATED,-116.9099028,32.87526311
7063217,2015,2015-11-16,3705,2015-08-13,2020,EC0309,NA,4,5,5,3705,0,0,0,NA,0,006,MARSHALL,MAIN,1295,N,N,A,-,N,NA,NA,NA,NA,NA,NA,NA,NA,NA,N,3,0,1,2,A,-,11,21955,NA,N,G,B,E,A,H,-,D,D,0,Y,NA,NA,NA,Y,NA,N,60,0,1,0,0,1,0,0,0,0,-,-,NA,NA,SAN DIEGO,EL CAJON,-116.97548788,32.79851555
7063279,2015,2017-01-13,9645,2015-09-15,1146,14669,NA,2,1,7,3711,0,1,1,NA,2,030,RT 15,POWAY RD,1235,S,N,C,-,Y,SD,11,15,S,-,17.95,H,-,N,Y,3,0,3,2,A,-,03,22350,NA,N,C,C,A,B,H,-,A,D,1,NA,NA,NA,NA,Y,NA,A,01,0,1,2,0,0,0,0,0,0,-,-,32.94513,-117.108,SAN DIEGO,SAN DIEGO,-117.10789438,32.94533767
7063548,2015,2016-07-19,3700,2015-09-30,1750,SH2076,NA,3,5,4,3780,0,0,0,NA,0,410,POMERADO RD,LEONE WY,0,NA,Y,A,-,N,NA,NA,NA,NA,NA,NA,NA,NA,NA,Y,4,0,2,2,A,-,01,23152,A,N,C,C,A,A,H,-,A,A,0,NA,NA,NA,NA,Y,Y,-,NA,0,0,2,0,0,0,0,0,0,-,-,NA,NA,SAN DIEGO,POWAY,-117.06247001,32.95685008
7063657,2015,2015-11-19,3711,2015-11-02,1912,7205,NA,1,5,7,3711,0,0,0,NA,0,313,CLAIREMONT MESA BL,KEARNY MESA RD,260,E,N,C,-,N,NA,NA,NA,NA,NA,NA,NA,NA,NA,Y,3,0,3,2,A,-,12,21453,A,N,D,C,A,B,H,-,C,A,0,NA,NA,NA,NA,Y,NA,-,-,0,1,2,0,0,0,0,0,0,-,-,NA,NA,SAN DIEGO,SAN DIEGO,-117.14269923,32.83284029
7063671,2015,2015-11-19,3711,2015-11-03,1235,6344,NA,2,5,7,3711,0,0,0,NA,0,313,BALBOA AV,MERCURY ST,525,W,N,B,-,N,NA,NA,NA,NA,NA,NA,NA,NA,NA,Y,3,0,2,2,A,-,09,21804,A,N,D,C,A,A,H,-,A,D,0,NA,NA,NA,NA,Y,NA,A,07,0,1,1,0,0,0,0,0,0,-,-,NA,NA,SAN DIEGO,SAN DIEGO,-117.15062312,32.82181
7064993,2015,2015-09-17,9650,2015-08-31,0750,13452,NA,1,1,9,3700,0,2,4,NA,2,061,EAST MISSION RD,OLD HIGHWAY 395,7392,W,N,A,-,N,NA,NA,NA,NA,NA,NA,NA,NA,NA,Y,4,0,1,2,A,-,03,22350,NA,N,C,C,A,A,H,-,A,D,0,NA,NA,Y,NA,Y,NA,A,01,0,0,1,0,0,0,0,0,0,-,-,33.3901,-117.1805,SAN DIEGO,UNINCORPORATED,-117.19767126,33.39272417
7064996,2015,2017-01-17,9650,2015-08-31,1827,15446,NA,1,2,6,3706,0,1,3,NA,2,019,RT 78,NORDAHL RD,1584,E,N,A,-,Y,SD,11,78,-,R,15.73,H,-,W,Y,4,0,3,2,A,-,03,22350,NA,N,C,C,A,A,H,-,A,D,1,NA,NA,NA,NA,Y,NA,A,01,0,0,3,0,0,0,0,0,0,-,-,33.13049,-117.11721,SAN DIEGO,ESCONDIDO,-117.11768081,33.13058522
7065275,2015,2016-12-22,9680,2015-08-29,1030,18152,NA,6,1,9,3700,0,1,1,NA,2,084,RT 8,E WILLOWS RD,4224,W,N,A,-,Y,SD,11,8,-,R,33.42,H,-,W,Y,4,0,1,2,A,-,03,22350,NA,N,C,C,A,A,H,-,A,A,1,NA,NA,NA,NA,Y,NA,A,01,0,0,1,0,0,0,0,0,0,-,-,32.83897,-116.69649,SAN DIEGO,UNINCORPORATED,-116.69667366,32.83890329
7065480,2015,2016-12-21,9680,2015-08-27,2245,018268,NA,4,3,5,3705,0,1,1,NA,2,082,RT 8,WEST MAIN ST,2640,W,N,A,-,Y,SD,11,8,-,-,14.09,H,-,E,Y,4,0,1,2,A,-,07,21658,A,N,B,C,A,A,H,-,C,D,1,NA,NA,NA,NA,Y,NA,A,01,0,0,1,0,0,0,0,0,0,-,-,32.78741,-116.97808,SAN DIEGO,EL CAJON,-116.97784276,32.78793044
7065501,2015,2017-01-04,9650,2015-08-28,1746,17328,NA,5,2,9,3700,0,1,1,NA,2,022,RT 15,PALA MESA,4488,N,N,A,-,Y,SD,11,15,-,R,48.02,H,-,N,Y,4,0,1,2,A,-,07,21658,A,N,B,C,A,A,H,-,A,D,1,NA,NA,Y,NA,Y,NA,A,01,0,0,1,0,0,0,0,0,1,-,-,33.35397,-117.15871,SAN DIEGO,UNINCORPORATED,-117.15876262,33.35366939
7065747,2015,2015-09-18,9650,2015-08-23,2140,18496,NA,7,2,9,3700,0,3,5,NA,2,230,QUESTHAVEN RD,ATTEBURY DR,2006,E,N,A,-,N,NA,NA,NA,NA,NA,NA,NA,NA,NA,Y,3,0,2,1,A,-,08,22107,NA,N,F,A,A,A,H,-,D,D,0,NA,NA,NA,NA,Y,NA,A,01,0,2,0,0,0,0,0,0,0,-,-,33.09443,-117.17132,SAN DIEGO,UNINCORPORATED,-117.17135717,33.09446076
7066381,2015,2015-09-22,3711,2015-09-13,1608,6193,NA,7,5,7,3711,0,0,0,NA,0,311,AERO DR,RUFFIN RD,18,E,N,A,-,N,NA,NA,NA,NA,NA,NA,NA,NA,NA,Y,3,0,2,3,A,-,03,22350,NA,N,B,C,A,A,H,-,A,A,0,NA,NA,NA,NA,Y,Y,A,01,0,1,1,0,0,0,0,0,0,-,-,NA,NA,SAN DIEGO,SAN DIEGO,-117.12968206,32.8098739
7066409,2015,2015-09-21,3711,2015-09-11,0103,5198,NA,5,5,7,3711,0,0,0,NA,0,242,CAMINO RUIZ,JADE COAST DR,6,W,N,A,-,N,NA,NA,NA,NA,NA,NA,NA,NA,NA,Y,3,0,1,3,A,-,08,22107,NA,N,C,E,A,A,H,-,C,D,0,NA,NA,NA,NA,Y,Y,A,01,0,1,0,0,0,0,0,0,0,-,-,NA,NA,SAN DIEGO,SAN DIEGO,-117.1441509,32.90190362
7066611,2015,2015-09-22,3711,2015-09-04,1625,6793,NA,5,5,7,3711,0,0,0,NA,0,242,ARCTURUS WY,SQUAMISH RD,120,E,N,A,-,N,NA,NA,NA,NA,NA,NA,NA,NA,NA,Y,4,0,1,2,A,-,03,22350,NA,N,C,E,A,A,H,-,A,D,0,NA,NA,NA,NA,Y,NA,-,NA,0,0,1,0,0,0,0,0,0,-,-,NA,NA,SAN DIEGO,SAN DIEGO,-117.13441024,32.92711179
7066783,2015,2015-09-23,3711,2015-09-05,1345,6704,NA,6,5,7,3711,0,0,0,NA,0,622,NAPA ST,LINDA VISTA RD,144,W,N,A,-,N,NA,NA,NA,NA,NA,NA,NA,NA,NA,N,3,0,1,2,A,-,11,21955,NA,N,G,B,D,A,H,-,A,D,0,Y,NA,NA,NA,Y,NA,N,60,0,1,0,0,1,0,0,0,0,-,-,NA,NA,SAN DIEGO,SAN DIEGO,-117.19741264,32.76544834
7067328,2015,2015-09-23,9650,2015-09-01,2140,017994,NA,2,2,9,3700,0,3,5,NA,2,213,PALA TEMECULA RD,PALA MISSION RD,9504,N,N,A,-,N,NA,NA,NA,NA,NA,NA,NA,NA,NA,Y,4,0,1,1,A,-,01,23152,A,N,E,I,A,A,H,-,D,D,0,NA,NA,NA,NA,Y,Y,A,01,0,0,1,0,0,0,0,0,0,-,-,33.38888,-117.08525,SAN DIEGO,UNINCORPORATED,-117.08523185,33.38903008
7067420,2015,2015-09-19,3711,2015-09-06,0247,6332,NA,7,5,7,3711,0,0,0,NA,0,326,COLLWOOD BL,MONTEZUMA RD,18,S,N,A,-,N,NA,NA,NA,NA,NA,NA,NA,NA,NA,Y,4,0,1,2,A,-,08,22107,NA,M,D,C,A,A,H,-,C,A,0,NA,NA,NA,NA,Y,NA,-,NA,0,0,1,0,0,0,0,0,0,-,-,NA,NA,SAN DIEGO,SAN DIEGO,-117.08598841,32.77002419
7068286,2015,2015-09-23,3711,2015-09-12,1508,6532,NA,6,5,7,3711,0,0,0,NA,0,611,SPORTS ARENA BL,EAST ST,0,NA,Y,A,-,N,NA,NA,NA,NA,NA,NA,NA,NA,NA,N,3,0,1,2,-,-,-,NA,NA,N,E,-,A,A,A,-,A,A,0,NA,Y,NA,NA,Y,NA,-,-,0,1,0,0,0,0,1,0,0,-,-,NA,NA,SAN DIEGO,SAN DIEGO,-117.20834006,32.75298009
7069073,2015,2015-09-23,3711,2015-09-13,0947,7124,NA,7,5,7,3711,0,0,0,NA,0,446,47TH ST,IMPERIAL AV,0,NA,Y,A,-,N,NA,NA,NA,NA,NA,NA,NA,NA,NA,Y,4,0,1,4,A,-,12,21453,A,N,D,C,A,A,H,-,A,A,0,NA,NA,NA,NA,Y,NA,A,07,0,0,1,0,0,0,0,0,0,-,-,NA,NA,SAN DIEGO,SAN DIEGO,-117.09370012,32.70415004
7069595,2015,2015-11-14,3711,2015-09-11,1902,6807,NA,5,5,7,3711,0,0,0,NA,0,725,OCEAN VIEW HILLS PKWY,HIDDEN TRAILS RD,0,NA,Y,B,-,N,NA,NA,NA,NA,NA,NA,NA,NA,NA,N,3,0,1,2,A,-,12,21453,A,N,G,B,B,A,H,-,B,A,0,Y,NA,NA,NA,Y,NA,-,NA,0,1,0,0,1,0,0,0,0,-,-,NA,NA,SAN DIEGO,SAN DIEGO,-117.01506005,32.57146004
7069948,2015,2015-11-12,3700,2015-10-22,1111,SH4541,NA,4,5,5,3712,0,0,0,NA,0,351,LAS POSAS RD,AVENIDA AZUL,662,S,N,A,-,N,NA,NA,NA,NA,NA,NA,NA,NA,NA,Y,3,0,1,1,A,-,03,22350,NA,N,F,I,A,A,H,-,C,D,0,NA,NA,NA,NA,Y,NA,A,01,0,1,0,0,0,0,0,0,0,-,-,NA,NA,SAN DIEGO,SAN MARCOS,-117.18927353,33.15147058
7070423,2015,2015-09-21,3710,2015-08-28,1715,OC0835,NA,5,5,6,3710,0,0,0,NA,0,016,MISSION AV,RANCHO DEL ORO,1400,W,N,A,-,N,NA,NA,NA,NA,NA,NA,NA,NA,NA,Y,3,0,1,2,A,-,09,21801,A,N,E,I,A,A,H,-,A,D,0,NA,NA,Y,NA,Y,NA,A,01,0,1,0,0,0,0,0,0,1,-,-,NA,NA,SAN DIEGO,OCEANSIDE,-117.32297732,33.22900594
7071982,2015,2015-09-17,3710,2015-08-20,2052,OC0727,NA,4,5,6,3710,0,0,0,NA,0,011,OCEANSIDE BL,GREENBRIER DR,41,W,N,A,-,N,NA,NA,NA,NA,NA,NA,NA,NA,NA,Y,4,0,4,3,A,-,03,22350,NA,N,C,C,A,A,H,-,C,A,0,NA,NA,NA,NA,Y,NA,A,01,0,0,4,0,0,0,0,0,0,-,-,NA,NA,SAN DIEGO,OCEANSIDE,-117.35505546,33.19414347
7071986,2015,2015-09-17,3710,2015-08-27,1858,OC1394,NA,4,5,6,3710,0,0,0,NA,0,036,N SANTA FE,MESA,0,NA,Y,A,-,N,NA,NA,NA,NA,NA,NA,NA,NA,NA,Y,3,0,3,4,A,-,12,21453,A,F,D,C,A,A,H,-,A,A,0,NA,NA,NA,NA,Y,NA,A,01,0,2,1,0,0,0,0,0,0,-,-,NA,NA,SAN DIEGO,OCEANSIDE,-117.27575007,33.2415001
7072280,2015,2017-01-13,9645,2015-09-10,1545,13648,NA,4,2,7,3711,0,1,1,NA,2,019,RT 15,RANCHO BERNARDO RD,120,N,N,B,-,Y,SD,11,15,-,M,23.869,R,1,N,Y,2,0,1,2,A,-,03,22350,NA,N,C,C,A,A,H,-,A,A,1,NA,NA,Y,Y,Y,NA,C,02,1,0,0,0,0,0,0,0,1,FR,-,32.98055,-117.08492,SAN DIEGO,SAN DIEGO,-117.0786314,33.02554132
7072287,2015,2017-01-14,9680,2015-09-02,1739,16519,NA,3,2,5,3708,0,1,1,NA,2,081,RT 8,FLETCHER PKWY,1584,E,N,A,-,Y,SD,11,8,-,-,10.08,H,-,E,Y,4,0,1,3,A,-,07,21658,A,N,B,C,A,A,H,-,A,D,1,NA,NA,NA,Y,Y,NA,A,01,0,0,1,0,0,0,0,0,0,-,-,32.77283,-117.03847,SAN DIEGO,LA MESA,-117.0381607,32.77294909
7072666,2015,2015-09-19,3711,2015-09-03,1445,6780,NA,4,5,7,3711,0,0,0,NA,0,826,CHAMOUNE,POLK AV,0,NA,Y,A,-,N,NA,NA,NA,NA,NA,NA,NA,NA,NA,N,4,0,2,2,A,-,21,22106,NA,M,H,C,A,A,H,-,A,D,0,NA,NA,NA,NA,Y,NA,-,NA,0,0,2,0,0,0,0,0,0,-,-,NA,NA,SAN DIEGO,SAN DIEGO,-117.09654005,32.75138007
7073575,2015,2015-09-24,3706,2015-09-12,0127,ES0484,NA,6,5,6,3706,0,0,0,NA,0,044,MISSION AV,HARDING ST,121,W,N,A,-,N,NA,NA,NA,NA,NA,NA,NA,NA,NA,Y,3,0,1,3,A,-,01,23152,A,M,A,E,A,A,-,-,C,D,0,NA,NA,NA,NA,Y,Y,A,01,0,1,0,0,0,0,0,0,0,-,-,NA,NA,SAN DIEGO,ESCONDIDO,-117.06850198,33.13721906
7073579,2015,2015-09-28,3706,2015-09-15,1704,ES0318,NA,2,5,6,3706,0,0,0,NA,0,045,MISSION AV,ANDREASEN DR,52,W,N,B,-,N,NA,NA,NA,NA,NA,NA,NA,NA,NA,N,4,0,1,2,A,-,21,22106,NA,N,C,C,A,A,H,-,A,A,0,NA,NA,NA,NA,Y,NA,D,22,0,0,1,0,0,0,0,0,0,-,-,NA,NA,SAN DIEGO,ESCONDIDO,-117.10652752,33.12413043
7075926,2015,2015-10-06,3710,2015-09-06,1925,OC1391,NA,7,5,6,3710,0,0,0,NA,0,013,JEFFERSON ST,LAGOON VIEW DR,0,NA,Y,A,-,N,NA,NA,NA,NA,NA,NA,NA,NA,NA,Y,3,0,1,1,A,-,01,23152,A,N,F,A,A,A,H,-,C,D,0,NA,NA,Y,NA,Y,Y,C,02,0,1,0,0,0,0,0,0,1,-,-,NA,NA,SAN DIEGO,OCEANSIDE,-117.34024823,33.17992328
7078672,2015,2017-01-14,3702,2015-08-13,0700,CV0506,NA,4,5,6,3702,0,0,0,NA,0,042,OTAY LAKES RD,RT 125,317,W,N,A,-,Y,SD,11,125,-,-,4.017,R,4,N,Y,3,0,1,2,A,-,07,21658,A,N,C,G,A,A,H,-,A,D,0,NA,Y,NA,NA,Y,NA,A,01,0,1,0,0,0,0,1,0,0,-,-,NA,NA,SAN DIEGO,CHULA VISTA,-116.97055917,32.64555956
7078687,2015,2017-01-28,9680,2015-09-02,1000,020249,NA,3,1,9,3700,0,1,3,NA,1,091,RT 78,OLIVE ST,312,W,N,A,-,Y,SD,11,78,-,-,35.06,H,-,E,Y,4,0,1,3,A,-,03,22350,NA,N,C,C,A,A,H,-,A,A,0,NA,NA,NA,NA,Y,NA,A,01,0,0,1,0,0,0,0,0,0,-,-,33.04812,-116.87126,SAN DIEGO,UNINCORPORATED,-116.87116515,33.04843643