CASE_ID,ACCIDENT_YEAR,PROC_DATE,JURIS,COLLISION_DATE,COLLISION_TIME,OFFICER_ID,REPORTING_DISTRICT,DAY_OF_WEEK,CHP_SHIFT,POPULATION,CNTY_CITY_LOC,SPECIAL_COND,BEAT_TYPE,CHP_BEAT_TYPE,CITY_DIVISION_LAPD,CHP_BEAT_CLASS,BEAT_NUMBER,PRIMARY_RD,SECONDARY_RD,DISTANCE,DIRECTION,INTERSECTION,WEATHER_1,WEATHER_2,STATE_HWY_IND,CALTRANS_COUNTY,CALTRANS_DISTRICT,STATE_ROUTE,ROUTE_SUFFIX,POSTMILE_PREFIX,POSTMILE,LOCATION_TYPE,RAMP_INTERSECTION,SIDE_OF_HWY,TOW_AWAY,COLLISION_SEVERITY,NUMBER_KILLED,NUMBER_INJURED,PARTY_COUNT,PRIMARY_COLL_FACTOR,PCF_CODE_OF_VIOL,PCF_VIOL_CATEGORY,PCF_VIOLATION,PCF_VIOL_SUBSECTION,HIT_AND_RUN,TYPE_OF_COLLISION,MVIW,PED_ACTION,ROAD_SURFACE,ROAD_COND_1,ROAD_COND_2,LIGHTING,CONTROL_DEVICE,CHP_ROAD_TYPE,PEDESTRIAN_ACCIDENT,BICYCLE_ACCIDENT,MOTORCYCLE_ACCIDENT,TRUCK_ACCIDENT,NOT_PRIVATE_PROPERTY,ALCOHOL_INVOLVED,STWD_VEHTYPE_AT_FAULT,CHP_VEHTYPE_AT_FAULT,COUNT_SEVERE_INJ,COUNT_VISIBLE_INJ,COUNT_COMPLAINT_PAIN,COUNT_PED_KILLED,COUNT_PED_INJURED,COUNT_BICYCLIST_KILLED,COUNT_BICYCLIST_INJURED,COUNT_MC_KILLED,COUNT_MC_INJURED,PRIMARY_RAMP,SECONDARY_RAMP,LATITUDE,LONGITUDE,COUNTY,CITY,POINT_X,POINT_Y
7122736,2015,2015-11-30,9645,2015-10-14,1453,18446,NA,3,2,9,3700,0,3,5,NA,2,018,BONITA RD,ACACIA AV,0,NA,Y,A,-,N,NA,NA,NA,NA,NA,NA,NA,NA,NA,Y,4,0,2,4,A,-,03,22350,NA,N,C,C,A,A,H,-,A,A,0,NA,NA,NA,NA,Y,NA,A,07,0,0,2,0,0,0,0,0,0,-,-,32.66555,-117.02392,SAN DIEGO,UNINCORPORATED,-117.02389001,32.66559003
7123965,2015,2015-12-01,3711,2015-11-17,2000,7299,SD,2,5,7,3711,0,0,0,NA,0,613,NIMITZ BL,SUNSET CLIFFS BL,5,S,N,A,-,N,NA,NA,NA,NA,NA,NA,NA,NA,NA,Y,4,0,1,2,A,-,03,22350,NA,N,C,C,A,A,H,-,C,A,0,NA,NA,NA,NA,Y,NA,-,NA,0,0,1,0,0,0,0,0,0,-,-,NA,NA,SAN DIEGO,SAN DIEGO,-117.23729935,32.75410631
7123981,2015,2017-02-03,3711,2015-11-16,1755,6193,NA,1,5,7,3711,0,0,0,NA,0,326,COLLEGE AV,RT 18,94,N,N,A,-,Y,SD,11,8,-,-,8.316,R,4,E,N,4,0,2,3,A,-,03,22350,NA,N,C,C,A,A,H,-,C,A,0,NA,NA,NA,NA,Y,NA,A,01,0,0,2,0,0,0,0,0,0,-,-,NA,NA,SAN DIEGO,SAN DIEGO,-117.06673737,32.77932242
7124075,2015,2015-12-01,3711,2015-11-12,1820,6495,SD,4,5,7,3711,0,0,0,NA,0,832,ORANGE AV,40TH ST,2,E,N,A,-,N,NA,NA,NA,NA,NA,NA,NA,NA,NA,N,4,0,1,2,A,-,11,21950,B,M,D,B,B,A,-,-,C,A,0,Y,NA,NA,NA,Y,NA,N,60,0,0,1,0,1,0,0,0,0,-,-,NA,NA,SAN DIEGO,SAN DIEGO,-117.10940352,32.75323974
7124968,2015,2015-12-04,3711,2015-11-14,2335,3815,NA,6,5,7,3711,0,0,0,NA,0,123,FIESTA ISLAND RD,EAST MISSION BAY DR,7920,N,N,A,-,N,NA,NA,NA,NA,NA,NA,NA,NA,NA,Y,4,0,5,2,A,-,03,22350,NA,N,F,A,A,A,H,-,D,D,0,NA,NA,NA,NA,Y,Y,A,01,0,0,5,0,0,0,0,0,0,-,-,NA,NA,SAN DIEGO,SAN DIEGO,-117.22230245,32.77966657
7125055,2015,2015-12-02,3711,2015-11-16,0957,6774,NA,1,5,7,3711,0,0,0,NA,0,115,GENESEE AV,NOBLE DR,4,S,N,A,-,N,NA,NA,NA,NA,NA,NA,NA,NA,NA,Y,4,0,2,2,D,-,00,NA,NA,N,D,C,A,A,H,-,A,A,0,NA,NA,NA,NA,Y,NA,-,-,0,0,2,0,0,0,0,0,0,-,-,NA,NA,SAN DIEGO,SAN DIEGO,-117.21366625,32.86687951
7125899,2015,2015-12-07,3703,2015-11-14,2212,1277,NA,6,5,3,3703,0,0,0,NA,0,002,ORANGE AV,LOMA AV,118,S,N,A,-,N,NA,NA,NA,NA,NA,NA,NA,NA,NA,Y,3,0,4,2,A,-,08,22107,NA,N,D,C,A,A,H,-,C,A,0,NA,NA,NA,NA,Y,NA,A,07,0,3,1,0,0,0,0,0,0,-,-,NA,NA,SAN DIEGO,CORONADO,-117.17889156,32.68328764
7125935,2015,2015-12-02,3706,2015-11-06,1947,ES0440,NA,5,5,6,3706,0,0,0,NA,0,044,WASHINGTON AV,MILLS ST,0,NA,Y,A,-,N,NA,NA,NA,NA,NA,NA,NA,NA,NA,N,4,0,1,2,A,-,11,21950,B,N,G,B,D,A,H,-,D,D,0,Y,NA,NA,NA,Y,Y,N,60,0,0,1,0,1,0,0,0,0,-,-,NA,NA,SAN DIEGO,ESCONDIDO,-117.06265004,33.13626003
7126642,2015,2015-12-10,3710,2015-11-25,1415,OC1253,NA,3,5,6,3710,0,0,0,NA,0,033,MISSION AV,AVENIDA CALAFIA,0,NA,Y,B,-,N,NA,NA,NA,NA,NA,NA,NA,NA,NA,N,4,0,1,2,A,-,08,22107,NA,N,D,C,A,A,H,-,A,D,0,NA,NA,Y,NA,Y,NA,I,11,0,0,1,0,0,0,0,0,1,-,-,NA,NA,SAN DIEGO,OCEANSIDE,-117.30029002,33.23403007
7127731,2015,2015-12-02,3711,2015-11-18,1715,4243,NA,3,5,7,3711,0,0,0,NA,0,111,BALBOA AV,CANNINGTON RD,454,E,N,A,-,N,NA,NA,NA,NA,NA,NA,NA,NA,NA,Y,4,0,1,2,A,-,03,22350,NA,N,C,C,A,A,H,-,D,D,0,NA,NA,NA,NA,Y,NA,A,01,0,0,1,0,0,0,0,0,0,-,-,NA,NA,SAN DIEGO,SAN DIEGO,-117.17004717,32.82037291
7127759,2015,2015-12-21,3711,2015-11-21,1405,7032,NA,6,5,7,3711,0,0,0,NA,0,811,ADAMS AV,39TH ST,0,NA,Y,A,-,N,NA,NA,NA,NA,NA,NA,NA,NA,NA,N,4,0,1,2,A,-,-,NA,NA,N,B,G,A,A,H,-,A,A,0,NA,Y,NA,NA,Y,NA,-,-,0,0,1,0,0,0,1,0,0,-,-,NA,NA,SAN DIEGO,SAN DIEGO,-117.11113002,32.76327007
7128765,2015,2015-12-21,3711,2015-11-26,0054,6865,NA,4,5,7,3711,0,0,0,NA,0,435,MALLARD ST,FEDERAL BL,0,NA,Y,A,-,N,NA,NA,NA,NA,NA,NA,NA,NA,NA,Y,3,0,1,1,A,-,03,22350,NA,M,E,I,A,A,H,-,C,A,0,NA,NA,NA,NA,Y,NA,-,NA,0,1,0,0,0,0,0,0,0,-,-,NA,NA,SAN DIEGO,SAN DIEGO,-117.06246004,32.72952003
7130632,2015,2015-12-10,3711,2015-11-29,0156,5876,CENTR,7,5,7,3711,0,0,0,NA,0,524,3RD AV,A ST,0,NA,Y,A,-,N,NA,NA,NA,NA,NA,NA,NA,NA,NA,Y,4,0,1,2,D,-,00,NA,NA,N,-,C,A,A,H,-,C,A,0,NA,NA,NA,NA,Y,NA,-,-,0,0,1,0,0,0,0,0,0,-,-,NA,NA,SAN DIEGO,SAN DIEGO,-117.16202006,32.71883009
7130743,2015,2015-12-09,3711,2015-11-28,2113,7318,SAN D,6,5,7,3711,0,0,0,NA,0,627,UNIVERSITY AV,7TH AV,0,NA,Y,A,-,N,NA,NA,NA,NA,NA,NA,NA,NA,NA,N,4,0,1,2,A,-,11,21456,B,N,D,B,B,A,H,-,C,A,0,Y,NA,NA,NA,Y,Y,-,-,0,0,1,0,1,0,0,0,0,-,-,NA,NA,SAN DIEGO,SAN DIEGO,-117.1583699,32.74838006
7132723,2015,2015-12-21,3700,2015-12-01,1828,SH0817,NA,2,5,5,3713,0,0,0,NA,0,311,VISTA VILLAGE DR,MICHIGAN AV,0,NA,Y,A,-,N,NA,NA,NA,NA,NA,NA,NA,NA,NA,Y,4,0,2,3,A,-,09,21802,A,N,D,C,A,A,H,-,C,A,0,NA,NA,NA,NA,Y,NA,A,01,0,0,2,0,0,0,0,0,0,-,-,NA,NA,SAN DIEGO,VISTA,-117.24183003,33.20343008
7133496,2015,2015-12-11,3700,2015-10-28,1240,SH0823,NA,3,5,5,3782,0,0,0,NA,0,215,NORTH EL CAMINO REAL,LA GRAN AV,190,N,N,B,-,N,NA,NA,NA,NA,NA,NA,NA,NA,NA,N,4,0,1,3,A,-,03,22350,NA,N,C,C,A,A,H,-,A,A,0,NA,NA,NA,NA,Y,Y,A,01,0,0,1,0,0,0,0,0,0,-,-,NA,NA,SAN DIEGO,ENCINITAS,-117.26219516,33.0554492
7133842,2015,2017-02-04,3710,2015-11-30,0630,OC1236,NA,1,5,6,3710,0,0,0,NA,0,021,RT 76,DOUGLAS DR,900,E,N,A,-,Y,SD,11,76,-,R,3.92,H,-,W,Y,4,0,1,1,A,-,04,21703,NA,N,H,A,A,A,H,-,A,D,0,NA,NA,Y,NA,Y,NA,C,02,0,0,1,0,0,0,0,0,1,-,-,NA,NA,SAN DIEGO,OCEANSIDE,-117.32289014,33.22666825
7133992,2015,2015-12-16,3711,2015-11-17,0824,6034,NA,2,5,7,3711,0,0,0,NA,0,234,PASEO LUCIDO,BERNARDO HEIGHTS RD,0,NA,Y,A,-,N,NA,NA,NA,NA,NA,NA,NA,NA,NA,Y,2,0,2,2,A,-,09,21801,A,N,D,C,A,A,H,-,A,D,0,NA,NA,NA,NA,Y,NA,A,01,1,0,1,0,0,0,0,0,0,-,-,NA,NA,SAN DIEGO,SAN DIEGO,-117.07561013,33.01343003
7134008,2015,2015-12-21,3700,2015-09-17,1105,SH3121,NA,4,5,4,3707,0,0,0,NA,0,706,3RD ST,ELM AV,0,NA,Y,A,-,N,NA,NA,NA,NA,NA,NA,NA,NA,NA,N,4,0,1,2,A,-,09,21802,A,N,D,G,A,A,H,-,A,-,0,NA,Y,NA,NA,Y,NA,L,04,0,0,1,0,0,0,1,0,0,-,-,NA,NA,SAN DIEGO,IMPERIAL BEACH,-117.12742009,32.58025005
7135372,2015,2016-08-10,3711,2015-12-01,1750,7058,NA,2,5,7,3711,0,0,0,NA,0,721,DORIS ST,SATURN BL,6,W,N,A,-,N,NA,NA,NA,NA,NA,NA,NA,NA,NA,N,3,0,1,2,A,-,05,21650,1,N,D,G,A,A,H,-,C,D,0,NA,Y,NA,NA,Y,NA,L,04,0,1,0,0,0,0,1,0,0,-,-,NA,NA,SAN DIEGO,SAN DIEGO,-117.09263935,32.58511871
7135376,2015,2015-12-10,3711,2015-12-01,2040,6304,NA,2,5,7,3711,0,0,0,NA,0,114,CLAIREMONT MESA BL,DUBOIS DR,85,E,N,A,-,N,NA,NA,NA,NA,NA,NA,NA,NA,NA,N,3,0,1,2,A,-,11,21954,A,N,G,B,D,A,H,-,C,A,0,Y,NA,NA,NA,Y,Y,N,60,0,1,0,0,1,0,0,0,0,-,-,NA,NA,SAN DIEGO,SAN DIEGO,-117.19744587,32.8344757
7136696,2015,2015-12-24,3705,2015-10-30,1359,EC0295,NA,5,5,5,3705,0,0,0,NA,0,007,N MOLLISON,MADISON,410,N,N,A,-,N,NA,NA,NA,NA,NA,NA,NA,NA,NA,Y,4,0,2,2,A,-,09,21801,A,N,D,C,A,A,H,-,A,D,0,NA,NA,NA,NA,Y,NA,A,07,0,0,2,0,0,0,0,0,0,-,-,NA,NA,SAN DIEGO,EL CAJON,-116.95097905,32.80127282
7137121,2015,2015-12-17,3711,2015-12-09,0000,7168,NA,3,5,7,3711,0,0,0,NA,0,522,1ST AV,W MARKET ST,0,NA,Y,A,-,N,NA,NA,NA,NA,NA,NA,NA,NA,NA,Y,4,0,1,2,A,-,12,21453,NA,N,D,C,A,A,H,-,C,A,0,NA,NA,NA,NA,Y,Y,-,-,0,0,1,0,0,0,0,0,0,-,-,NA,NA,SAN DIEGO,SAN DIEGO,-117.16379,32.71151009
7137123,2015,2015-12-17,3711,2015-12-08,0713,6857,SAN D,2,5,7,3711,0,0,0,NA,0,824,COLLWOOD BL,COLLWOOD BL 5000,22,W,N,A,-,N,NA,NA,NA,NA,NA,NA,NA,NA,NA,N,4,0,1,2,A,-,04,21703,NA,N,C,C,A,A,H,-,A,A,0,NA,NA,NA,NA,Y,NA,A,01,0,0,1,0,0,0,0,0,0,-,-,NA,NA,SAN DIEGO,SAN DIEGO,NA,NA
7137128,2015,2015-12-17,3711,2015-12-08,1914,5508,NA,2,5,7,3711,0,0,0,NA,0,934,CARMEL VALLEY RD,VILLAGE CENTER LOOP DR,0,NA,Y,A,-,N,NA,NA,NA,NA,NA,NA,NA,NA,NA,Y,3,0,2,2,A,-,09,21453,C,N,A,C,A,A,H,-,C,A,0,NA,NA,NA,NA,Y,NA,-,NA,0,1,1,0,0,0,0,0,0,-,-,NA,NA,SAN DIEGO,SAN DIEGO,-117.19192001,32.96062006
7137144,2015,2015-12-17,3711,2015-12-05,0020,6874,NA,6,5,7,3711,0,0,0,NA,0,512,S EVANS,IRVING,75,S,N,A,-,N,NA,NA,NA,NA,NA,NA,NA,NA,NA,N,3,0,1,2,A,-,08,22107,NA,N,B,G,A,A,H,-,C,D,0,NA,Y,NA,NA,Y,Y,L,04,0,1,0,0,0,0,1,0,0,-,-,NA,NA,SAN DIEGO,SAN DIEGO,-117.13876574,32.7014323
7140895,2015,2015-12-21,3701,2015-12-06,1553,7090,66,7,5,5,3701,0,0,0,NA,0,002,PASEO DEL NORTE,CAR COUNTRY,1056,N,N,A,-,N,NA,NA,NA,NA,NA,NA,NA,NA,NA,Y,4,0,1,1,A,-,03,22350,NA,N,-,I,A,A,H,-,A,A,0,NA,NA,NA,NA,Y,NA,A,07,0,0,1,0,0,0,0,0,0,-,-,33.129,-117.3244,SAN DIEGO,CARLSBAD,-117.325517,33.12996013
7140901,2015,2017-02-04,3710,2015-11-29,1948,OC1423,NA,7,5,6,3710,0,0,0,NA,0,010,RT 76,LORETTA ST,15,W,N,A,-,Y,SD,11,76,-,R,0.46,H,-,E,Y,3,0,1,1,A,-,08,22107,NA,M,E,I,A,A,H,-,C,D,0,NA,NA,NA,NA,Y,NA,D,22,0,1,0,0,0,0,0,0,0,-,-,NA,NA,SAN DIEGO,OCEANSIDE,-117.37820803,33.21003539
7140957,2015,2017-01-27,3701,2015-12-10,1352,5478,99,4,5,5,3701,0,0,0,NA,0,007,POINSETTIA LN,RT 5,0,NA,Y,A,-,Y,SD,11,5,-,-,45.724,R,4,N,Y,4,0,1,2,D,-,00,NA,NA,N,D,C,A,A,-,-,A,A,0,NA,NA,NA,NA,Y,NA,-,-,0,0,1,0,0,0,0,0,0,-,-,33.10365,-117.30971,SAN DIEGO,CARLSBAD,-117.31107357,33.10441057
7142172,2015,2015-12-28,3711,2015-12-10,0722,6857,SANDI,4,5,7,3711,0,0,0,NA,0,824,ALTADENA AV,EL CAJON BL,50,S,N,A,-,N,NA,NA,NA,NA,NA,NA,NA,NA,NA,N,3,0,1,2,A,-,11,21950,B,N,G,B,D,A,H,-,A,D,0,Y,NA,NA,NA,Y,NA,N,60,0,1,0,0,1,0,0,0,0,-,-,NA,NA,SAN DIEGO,SAN DIEGO,-117.085752,32.75681305
7144887,2015,2016-01-05,3706,2015-12-14,1310,ES0153,NA,1,5,6,3706,0,0,0,NA,0,041,E EL NORTE PKWY,BROADWAY,160,E,N,A,-,N,NA,NA,NA,NA,NA,NA,NA,NA,NA,Y,4,0,1,4,A,-,21,22106,NA,N,C,C,A,A,H,-,A,A,0,NA,NA,NA,NA,Y,NA,A,01,0,0,1,0,0,0,0,0,0,-,-,NA,NA,SAN DIEGO,ESCONDIDO,-117.0890123,33.13992401
7145423,2015,2016-01-04,3700,2015-12-11,2250,SH0322,NA,5,5,5,3713,0,0,0,NA,0,306,ANZA AV,PORTOLA ST,410,W,N,A,-,N,NA,NA,NA,NA,NA,NA,NA,NA,NA,Y,4,0,1,2,A,-,21,22106,NA,N,D,C,A,B,H,-,D,D,0,NA,NA,NA,NA,Y,NA,A,01,0,0,1,0,0,0,0,0,0,-,-,NA,NA,SAN DIEGO,VISTA,-117.23278056,33.21492056
7145887,2015,2016-01-28,3711,2015-12-14,1400,7377,NORTH,1,5,7,3711,0,0,0,NA,0,931,CARROLL CANYON RD,PACIFIC HEIGHTS BL,1906,N,N,A,-,N,NA,NA,NA,NA,NA,NA,NA,NA,NA,Y,3,0,1,1,A,-,03,22350,NA,N,H,I,A,A,H,-,A,D,0,NA,NA,NA,NA,Y,NA,-,NA,0,1,0,0,0,0,0,0,0,-,-,NA,NA,SAN DIEGO,SAN DIEGO,-117.18949,32.89303
7145888,2015,2016-01-28,3711,2015-12-14,1600,6825,NA,1,5,7,3711,0,0,0,NA,0,243,MIRAMAR RD,CAMINO RUIZ,1900,W,N,A,-,N,NA,NA,NA,NA,NA,NA,NA,NA,NA,N,4,0,1,2,A,-,-,NA,NA,N,H,G,A,A,H,-,A,D,0,NA,Y,NA,NA,Y,NA,-,-,0,0,1,0,0,0,1,0,0,-,-,NA,NA,SAN DIEGO,SAN DIEGO,-117.13930073,32.89179895
7146065,2015,2016-01-04,3706,2015-12-17,2349,ES0461,NA,4,5,6,3706,0,0,0,NA,0,054,OAK HILL DR,ARROW GLEN,103,W,N,A,-,N,NA,NA,NA,NA,NA,NA,NA,NA,NA,N,3,0,2,2,A,-,08,22107,NA,N,C,E,A,A,H,-,C,D,0,NA,NA,NA,NA,Y,NA,A,07,0,2,0,0,0,0,0,0,0,-,-,NA,NA,SAN DIEGO,ESCONDIDO,-117.06125658,33.12485844
7146100,2015,2016-01-08,3711,2015-12-16,1510,6629,SD126,3,5,7,3711,0,0,0,NA,0,433,IMPERIAL AV,62ND ST,80,W,N,A,-,N,NA,NA,NA,NA,NA,NA,NA,NA,NA,Y,4,0,1,2,-,-,-,NA,NA,N,D,C,A,A,H,-,A,A,0,NA,NA,NA,NA,Y,NA,-,-,0,0,1,0,0,0,0,0,0,-,-,NA,NA,SAN DIEGO,SAN DIEGO,-117.06417628,32.70979729
7146252,2015,2016-01-04,3701,2015-12-14,0911,5191,26,1,5,5,3701,0,0,0,NA,0,004,COLLEGE BL,RED BLUFF PL,0,NA,Y,A,-,N,NA,NA,NA,NA,NA,NA,NA,NA,NA,Y,3,0,2,2,A,-,12,21453,A,N,D,C,A,A,H,-,A,A,0,NA,NA,NA,NA,Y,NA,A,07,0,1,1,0,0,0,0,0,0,-,-,33.16412,-117.29392,SAN DIEGO,CARLSBAD,-117.29393004,33.16412007
7147392,2015,2016-01-04,3705,2015-10-28,1627,EC0295,NA,3,5,5,3705,0,0,0,NA,0,010,N MOLLISON,E PARK,0,NA,Y,A,-,N,NA,NA,NA,NA,NA,NA,NA,NA,NA,Y,4,0,1,2,A,-,17,21451,A,N,D,C,A,A,H,-,A,A,0,NA,NA,NA,NA,Y,NA,A,08,0,0,1,0,0,0,0,0,0,-,-,NA,NA,SAN DIEGO,EL CAJON,-116.95098009,32.7982001
7147998,2015,2016-01-07,3711,2015-12-02,0835,HB4132,NA,3,5,7,3711,0,0,0,NA,0,503,NORTH HARBOR DR,CELL PHONE LOT ACCESS,343,E,N,A,-,N,NA,NA,NA,NA,NA,NA,NA,NA,NA,Y,4,0,4,3,A,-,03,22350,NA,N,C,C,A,A,H,-,A,D,0,NA,NA,NA,NA,Y,NA,D,22,0,0,4,0,0,0,0,0,0,-,-,NA,NA,SAN DIEGO,SAN DIEGO,-117.18683302,32.72902348
7149419,2015,2016-01-06,3711,2015-12-27,1215,6344,NA,7,5,7,3711,0,0,0,NA,0,312,SANTO RD,SHIELDS ST,0,NA,Y,A,-,N,NA,NA,NA,NA,NA,NA,NA,NA,NA,Y,3,0,4,2,A,-,12,21453,A,N,D,C,A,A,H,-,A,A,0,NA,NA,NA,NA,Y,NA,-,NA,0,2,2,0,0,0,0,0,0,-,-,NA,NA,SAN DIEGO,SAN DIEGO,-117.10519011,32.81612011
7149431,2015,2016-01-06,3711,2015-12-26,2020,7390,SANDI,6,5,7,3711,0,0,0,NA,0,437,CERVANTES AV,PARADISE ST,50,W,N,A,-,N,NA,NA,NA,NA,NA,NA,NA,NA,NA,N,4,0,1,3,A,-,06,21750,NA,M,B,E,A,A,H,-,C,D,0,NA,NA,NA,NA,Y,NA,-,NA,0,0,1,0,0,0,0,0,0,-,-,NA,NA,SAN DIEGO,SAN DIEGO,-117.07780211,32.69373002
7150606,2015,2016-01-09,3710,2015-12-18,1715,OC5555,NA,5,5,6,3710,0,0,0,NA,0,006,NORTH COAST HWY,SURFRIDER,0,NA,Y,A,-,N,NA,NA,NA,NA,NA,NA,NA,NA,NA,N,4,0,1,2,D,-,00,NA,NA,F,G,B,B,-,-,-,B,A,0,Y,NA,NA,NA,Y,NA,-,-,0,0,1,0,1,0,0,0,0,-,-,NA,NA,SAN DIEGO,OCEANSIDE,-117.38239008,33.19929004
7151324,2016,2016-01-15,3711,2016-01-01,0056,4567,NA,5,5,7,3711,0,0,0,NA,0,437,PARADISE VALLEY RD,BRIARWOOD RD,0,NA,Y,A,-,N,NA,NA,NA,NA,NA,NA,NA,NA,NA,Y,4,0,1,2,A,-,09,21801,A,M,A,C,A,A,-,-,C,A,0,NA,NA,NA,NA,Y,NA,-,-,0,0,1,0,0,0,0,0,0,-,-,NA,NA,SAN DIEGO,SAN DIEGO,-117.03679012,32.69176009
7152071,2015,2016-01-19,3702,2015-10-16,0633,CV1091,NA,5,5,6,3702,0,0,0,NA,0,041,TELEGRAPH CANYON RD,HERITAGE RD,327,W,N,C,-,N,NA,NA,NA,NA,NA,NA,NA,NA,NA,Y,3,0,3,2,A,-,04,21703,NA,N,C,C,A,B,H,-,A,A,0,NA,NA,NA,NA,Y,NA,D,22,0,1,2,0,0,0,0,0,0,-,-,NA,NA,SAN DIEGO,CHULA VISTA,-117.00909212,32.62506627
7152287,2016,2017-02-10,3711,2016-01-01,1115,6415,NA,5,5,7,3711,0,0,0,NA,0,313,CLAIREMONT MESA BL,RT 15,50,W,N,A,-,Y,SD,11,15,-,R,10.134,R,4,N,N,4,0,1,2,A,-,08,22107,NA,M,-,C,A,A,H,-,A,A,0,NA,NA,NA,NA,Y,NA,-,99,0,0,1,0,0,0,0,0,0,-,NO,NA,NA,SAN DIEGO,SAN DIEGO,-117.11976567,32.83561232
7152300,2015,2016-01-14,3702,2015-10-30,2255,CV1114,NA,5,5,6,3702,0,0,0,NA,0,032,BONITA RD,ALLEN SCHOOL RD,490,E,N,A,-,N,NA,NA,NA,NA,NA,NA,NA,NA,NA,Y,4,0,1,2,A,-,09,21801,A,N,D,C,A,A,H,-,C,D,0,NA,NA,Y,NA,Y,NA,A,01,0,0,1,0,0,0,0,0,1,-,-,NA,NA,SAN DIEGO,CHULA VISTA,-117.03503319,32.66071402
7152341,2015,2016-01-14,3702,2015-10-24,1938,CV1111,NA,6,5,6,3702,0,0,0,NA,0,042,EAST PALOMAR ST,OLYMPIC PKWY,39,N,N,A,-,N,NA,NA,NA,NA,NA,NA,NA,NA,NA,Y,4,0,4,3,A,-,03,22350,NA,N,C,C,A,A,H,-,C,A,0,NA,NA,NA,NA,Y,NA,A,01,0,0,4,0,0,0,0,0,0,-,-,NA,NA,SAN DIEGO,CHULA VISTA,-116.97959759,32.62964425
7152397,2015,2016-01-13,3702,2015-10-22,1825,CV1090,NA,4,5,6,3702,0,0,0,NA,0,013,H ST,3RD AV,0,NA,Y,A,-,N,NA,NA,NA,NA,NA,NA,NA,NA,NA,Y,4,0,2,3,A,-,12,21453,A,N,D,C,A,A,H,-,C,A,0,NA,NA,NA,NA,Y,NA,A,01,0,0,2,0,0,0,0,0,0,-,-,NA,NA,SAN DIEGO,CHULA VISTA,-117.07723,32.63440008
7153322,2016,2016-01-25,3706,2016-01-01,1840,393,ESPD,5,5,6,3706,0,0,0,NA,0,054,GRAND AV,ROSE ST,0,NA,Y,A,-,N,NA,NA,NA,NA,NA,NA,NA,NA,NA,Y,4,0,2,2,A,-,09,21453,NA,N,D,C,A,A,H,-,C,A,0,NA,NA,NA,NA,Y,NA,-,-,0,0,2,0,0,0,0,0,0,-,-,NA,NA,SAN DIEGO,ESCONDIDO,-117.05741,33.13076012
7155481,2016,2016-01-15,3711,2016-01-04,1614,1137,NA,1,5,7,3711,0,0,0,NA,0,001,2ND AV,D AV,0,NA,Y,B,-,N,NA,NA,NA,NA,NA,NA,NA,NA,NA,N,4,0,1,2,A,-,09,21800,A,N,D,C,A,B,H,-,A,D,0,NA,NA,NA,NA,Y,NA,A,01,0,0,1,0,0,0,0,0,0,-,-,NA,NA,SAN DIEGO,SAN DIEGO,-117.17434,32.69782012
7155710,2015,2016-01-15,3706,2015-12-19,1118,374,ESCON,6,5,6,3706,0,0,0,NA,0,042,FIG ST,MISSION AV,587,S,N,A,-,N,NA,NA,NA,NA,NA,NA,NA,NA,NA,Y,4,0,2,2,A,-,09,21804,A,N,D,C,A,A,H,-,A,D,0,NA,NA,NA,NA,Y,NA,A,01,0,0,2,0,0,0,0,0,0,-,-,33.13292,-117.07733,SAN DIEGO,ESCONDIDO,-117.07659204,33.13137364
7157060,2016,2016-01-22,3711,2016-01-08,0658,6512,NA,5,5,7,3711,0,0,0,NA,0,233,CARMEL MOUNTAIN RD,RANCHO PENASQUITOS,15,S,N,B,-,N,NA,NA,NA,NA,NA,NA,NA,NA,NA,Y,4,0,1,2,A,-,12,21457,A,N,D,C,A,A,H,-,A,A,0,NA,NA,NA,NA,Y,NA,-,NA,0,0,1,0,0,0,0,0,0,-,-,NA,NA,SAN DIEGO,SAN DIEGO,-117.11541,32.95946
7158509,2016,2016-01-28,3711,2016-01-15,0630,7318,SD,5,5,7,3711,0,0,0,NA,0,623,HOTEL CIRCLE SOUTH,CAMINO DE LA REINA,0,NA,Y,A,-,N,NA,NA,NA,NA,NA,NA,NA,NA,NA,N,4,0,1,2,A,-,08,22107,NA,M,C,C,A,A,H,-,A,D,0,NA,NA,NA,NA,Y,Y,-,NA,0,0,1,0,0,0,0,0,0,-,-,NA,NA,SAN DIEGO,SAN DIEGO,-117.16663013,32.76171006
7164427,2015,2016-02-02,3700,2015-12-25,0817,SH1706,NA,5,5,5,3782,0,0,0,NA,0,221,VULCAN AV,SANTA FE DR,0,NA,Y,A,-,N,NA,NA,NA,NA,NA,NA,NA,NA,NA,N,4,0,1,2,A,-,09,21802,A,N,D,G,A,A,H,-,A,A,0,NA,Y,NA,NA,Y,NA,L,04,0,0,1,0,0,0,1,0,0,-,-,NA,NA,SAN DIEGO,ENCINITAS,-117.29113005,33.03618004
7164857,2016,2016-01-22,3706,2016-01-13,1518,322,ESCON,3,5,6,3706,0,0,0,NA,0,051,ESCONDIDO BL,FELICITA AV,0,NA,Y,A,-,N,NA,NA,NA,NA,NA,NA,NA,NA,NA,N,3,0,1,2,A,-,09,21801,A,N,H,G,A,A,H,-,A,A,0,NA,Y,NA,NA,Y,NA,D,22,0,1,0,0,0,0,1,0,0,-,-,33.10467,-117.07311,SAN DIEGO,ESCONDIDO,-117.07311005,33.10468011
7169148,2016,2016-01-27,3711,2016-01-06,1211,6929,NORTH,3,5,7,3711,0,0,0,NA,0,122,GARNET AV,PICO ST,27,W,N,B,-,N,NA,NA,NA,NA,NA,NA,NA,NA,NA,Y,4,0,2,3,A,-,03,22350,NA,N,C,C,A,A,H,-,A,D,0,NA,NA,NA,NA,Y,NA,-,NA,0,0,2,0,0,0,0,0,0,-,-,NA,NA,SAN DIEGO,SAN DIEGO,-117.22295398,32.805249
7170191,2016,2016-02-03,3711,2016-01-22,1303,6982,NA,5,5,7,3711,0,0,0,NA,0,111,LINDA VISTA RD,BALTIC ST,486,S,N,B,-,N,NA,NA,NA,NA,NA,NA,NA,NA,NA,Y,4,0,1,2,A,-,09,21804,A,N,B,C,A,A,H,-,A,A,0,NA,NA,NA,NA,Y,NA,-,NA,0,0,1,0,0,0,0,0,0,-,-,NA,NA,SAN DIEGO,SAN DIEGO,-117.15610408,32.80442883