CASE_ID,ACCIDENT_YEAR,PROC_DATE,JURIS,COLLISION_DATE,COLLISION_TIME,OFFICER_ID,REPORTING_DISTRICT,DAY_OF_WEEK,CHP_SHIFT,POPULATION,CNTY_CITY_LOC,SPECIAL_COND,BEAT_TYPE,CHP_BEAT_TYPE,CITY_DIVISION_LAPD,CHP_BEAT_CLASS,BEAT_NUMBER,PRIMARY_RD,SECONDARY_RD,DISTANCE,DIRECTION,INTERSECTION,WEATHER_1,WEATHER_2,STATE_HWY_IND,CALTRANS_COUNTY,CALTRANS_DISTRICT,STATE_ROUTE,ROUTE_SUFFIX,POSTMILE_PREFIX,POSTMILE,LOCATION_TYPE,RAMP_INTERSECTION,SIDE_OF_HWY,TOW_AWAY,COLLISION_SEVERITY,NUMBER_KILLED,NUMBER_INJURED,PARTY_COUNT,PRIMARY_COLL_FACTOR,PCF_CODE_OF_VIOL,PCF_VIOL_CATEGORY,PCF_VIOLATION,PCF_VIOL_SUBSECTION,HIT_AND_RUN,TYPE_OF_COLLISION,MVIW,PED_ACTION,ROAD_SURFACE,ROAD_COND_1,ROAD_COND_2,LIGHTING,CONTROL_DEVICE,CHP_ROAD_TYPE,PEDESTRIAN_ACCIDENT,BICYCLE_ACCIDENT,MOTORCYCLE_ACCIDENT,TRUCK_ACCIDENT,NOT_PRIVATE_PROPERTY,ALCOHOL_INVOLVED,STWD_VEHTYPE_AT_FAULT,CHP_VEHTYPE_AT_FAULT,COUNT_SEVERE_INJ,COUNT_VISIBLE_INJ,COUNT_COMPLAINT_PAIN,COUNT_PED_KILLED,COUNT_PED_INJURED,COUNT_BICYCLIST_KILLED,COUNT_BICYCLIST_INJURED,COUNT_MC_KILLED,COUNT_MC_INJURED,PRIMARY_RAMP,SECONDARY_RAMP,LATITUDE,LONGITUDE,COUNTY,CITY,POINT_X,POINT_Y
7208581,2016,2016-03-22,3700,2016-02-29,1424,SH1654,NA,1,5,5,3782,0,0,0,NA,0,223,NORTH EL CAMINO REAL,VIA MOLENA,251,N,N,A,-,N,NA,NA,NA,NA,NA,NA,NA,NA,NA,N,4,0,1,2,D,-,00,NA,NA,N,-,C,A,A,H,-,A,A,0,NA,NA,NA,NA,Y,Y,-,-,0,0,1,0,0,0,0,0,0,-,-,NA,NA,SAN DIEGO,ENCINITAS,-117.26013709,33.04941053
7209237,2016,2016-03-22,3711,2016-03-02,2348,5046,NA,3,5,7,3711,0,0,0,NA,0,524,F ST,6TH AV,0,NA,Y,A,-,N,NA,NA,NA,NA,NA,NA,NA,NA,NA,Y,3,0,1,2,A,-,12,21453,A,N,D,C,A,A,H,-,C,A,0,NA,NA,NA,NA,Y,NA,A,01,0,1,0,0,0,0,0,0,0,-,-,NA,NA,SAN DIEGO,SAN DIEGO,-117.15923012,32.71363012
7209304,2016,2016-03-16,3711,2016-03-02,1255,7290,SANDI,3,5,7,3711,0,0,0,NA,0,312,TIERRASANTA BL,TAMBOR RD,12,E,N,A,-,N,NA,NA,NA,NA,NA,NA,NA,NA,NA,Y,3,0,2,2,A,-,09,21802,A,N,A,C,A,A,H,-,A,D,0,NA,NA,NA,NA,Y,NA,A,01,0,1,1,0,0,0,0,0,0,-,-,NA,NA,SAN DIEGO,SAN DIEGO,-117.09079226,32.81762196
7209335,2016,2016-03-16,3710,2016-01-22,2030,OC0652,NA,5,5,6,3710,0,0,0,NA,0,009,OCEANSIDE BL,DITMAR ST,6,W,N,B,-,N,NA,NA,NA,NA,NA,NA,NA,NA,NA,N,3,0,1,2,A,-,10,21950,A,F,G,B,B,A,H,-,C,A,0,Y,NA,NA,NA,Y,NA,A,01,0,1,0,0,1,0,0,0,0,-,-,NA,NA,SAN DIEGO,OCEANSIDE,-117.36730587,33.1847704
7209356,2016,2016-03-16,3711,2016-03-03,1220,5569,NA,4,5,7,3711,0,0,0,NA,0,312,GURNARD ST,TAUSSIG ST,15,E,N,A,-,N,NA,NA,NA,NA,NA,NA,NA,NA,NA,N,3,0,1,2,A,-,10,21950,A,N,G,B,B,A,H,-,A,A,0,Y,NA,NA,NA,Y,NA,A,07,0,1,0,0,1,0,0,0,0,-,-,NA,NA,SAN DIEGO,SAN DIEGO,-117.10607443,32.80790561
7209378,2016,2016-03-23,3711,2016-03-06,1928,6758,NA,7,5,7,3711,0,0,0,NA,0,613,VOLTAIRE ST,SEASIDE ST,60,E,N,A,-,N,NA,NA,NA,NA,NA,NA,NA,NA,NA,Y,4,0,1,3,A,-,01,23152,NA,N,C,E,A,A,H,-,C,D,0,NA,NA,NA,NA,Y,Y,-,NA,0,0,1,0,0,0,0,0,0,-,-,NA,NA,SAN DIEGO,SAN DIEGO,-117.23891345,32.74716244
7209403,2016,2016-03-16,3711,2016-03-03,0900,6749,CA,4,5,7,3711,0,0,0,NA,0,824,POLK AV,47TH ST,0,NA,Y,A,-,N,NA,NA,NA,NA,NA,NA,NA,NA,NA,N,3,0,1,2,A,-,17,21657,NA,M,-,B,-,A,H,-,A,A,0,Y,NA,NA,NA,Y,NA,N,60,0,1,0,0,1,0,0,0,0,-,-,NA,NA,SAN DIEGO,SAN DIEGO,-117.09334008,32.75136008
7209488,2016,2016-03-18,3711,2016-02-27,0043,6461,NA,6,5,7,3711,0,0,0,NA,0,124,HIDDEN VALLEY RD,TORREY PINES RD,20,E,N,A,-,N,NA,NA,NA,NA,NA,NA,NA,NA,NA,Y,4,0,2,2,A,-,-,NA,NA,N,D,C,A,A,H,-,C,A,0,NA,NA,NA,NA,Y,NA,-,-,0,0,2,0,0,0,0,0,0,-,-,NA,NA,SAN DIEGO,SAN DIEGO,-117.25162,32.85004
7209850,2016,2016-03-23,3711,2016-02-24,0908,6193,NA,3,5,7,3711,0,0,0,NA,0,446,IMPERIAL AV,49TH ST,0,NA,Y,A,-,N,NA,NA,NA,NA,NA,NA,NA,NA,NA,N,2,0,1,2,A,-,10,21950,A,F,G,B,B,A,H,-,A,A,0,Y,NA,NA,NA,Y,NA,-,99,1,0,0,0,1,0,0,0,0,-,-,NA,NA,SAN DIEGO,SAN DIEGO,-117.0893701,32.704140100000004
7210353,2016,2016-03-28,3706,2016-03-11,1457,1603,ESCON,5,5,6,3706,0,0,0,NA,0,042,CEDAR ST,MISSION AV,247,N,N,B,-,N,NA,NA,NA,NA,NA,NA,NA,NA,NA,N,4,0,1,2,A,-,11,21954,A,N,G,B,D,A,H,-,A,D,0,Y,NA,NA,NA,Y,NA,N,60,0,0,1,0,1,0,0,0,0,-,-,NA,NA,SAN DIEGO,ESCONDIDO,-117.07371521,33.13528919
7213367,2016,2017-02-14,3711,2016-03-05,2347,7348,NA,6,5,7,3711,0,0,0,NA,0,934,DEL MAR HEIGHTS,RT 5,0,NA,Y,C,-,Y,SD,11,5,-,R,34.002,R,4,N,Y,3,0,1,2,A,-,12,21453,A,N,D,C,A,B,H,-,C,A,0,NA,NA,NA,NA,Y,NA,-,NA,0,1,0,0,0,0,0,0,0,-,NF,NA,NA,SAN DIEGO,SAN DIEGO,-117.24321669,32.94814623
8000323,2016,2016-03-28,3711,2016-03-16,0640,5702,SANDI,3,5,7,3711,0,0,0,NA,0,622,LINDA VISTA RD,MARIAN WY,0,NA,Y,B,-,N,NA,NA,NA,NA,NA,NA,NA,NA,NA,N,4,0,1,2,A,-,08,22101,NA,N,G,B,B,A,H,-,B,A,0,Y,NA,NA,NA,Y,NA,-,NA,0,0,1,0,1,0,0,0,0,-,-,NA,NA,SAN DIEGO,SAN DIEGO,-117.19442005,32.76801004
8000922,2016,2016-03-30,3711,2016-03-21,1500,6788,NA,1,5,7,3711,0,0,0,NA,0,313,KEARNY VILLA RD,BALBOA AV,10,N,N,A,-,N,NA,NA,NA,NA,NA,NA,NA,NA,NA,N,4,0,1,2,A,-,04,21703,NA,N,C,C,A,A,H,-,A,A,0,NA,NA,NA,NA,Y,NA,A,01,0,0,1,0,0,0,0,0,0,-,-,NA,NA,SAN DIEGO,SAN DIEGO,-117.14430879,32.82173571
8000953,2016,2016-03-30,3711,2016-03-09,0819,7297,NA,3,5,7,3711,0,0,0,NA,0,314,BERGER AV,KEARNY VILLA RD,189,N,N,A,-,N,NA,NA,NA,NA,NA,NA,NA,NA,NA,Y,4,0,1,2,A,-,09,21804,A,N,D,C,A,A,H,-,A,D,0,NA,NA,NA,NA,Y,NA,-,NA,0,0,1,0,0,0,0,0,0,-,-,NA,NA,SAN DIEGO,SAN DIEGO,-117.151986,32.803361
8001607,2016,2016-04-05,3708,2016-03-07,2330,LM1221,NA,1,5,5,3708,0,0,0,NA,0,004,FLETCHER PKWY,BUS COURT,270,W,N,C,-,N,NA,NA,NA,NA,NA,NA,NA,NA,NA,Y,4,0,1,1,A,-,03,22350,NA,N,A,I,A,B,H,-,C,D,0,NA,NA,NA,NA,Y,NA,A,01,0,0,1,0,0,0,0,0,0,-,-,NA,NA,SAN DIEGO,LA MESA,-117.01071761,32.78339771
8001678,2016,2016-08-24,3708,2016-03-02,1129,LM1225,NA,3,5,5,3708,0,0,0,NA,0,001,UNIVERSITY AV,LOIS ST,110,E,N,A,-,N,NA,NA,NA,NA,NA,NA,NA,NA,NA,N,4,0,1,3,A,-,03,22350,NA,N,C,C,A,A,H,-,A,B,0,NA,NA,NA,NA,Y,NA,A,01,0,0,1,0,0,0,0,0,0,-,-,NA,NA,SAN DIEGO,LA MESA,-117.04724085,32.75505593
8002345,2016,2016-04-05,3711,2016-03-17,1835,5916,NA,4,5,7,3711,0,0,0,NA,0,122,TURQUOISE ST,BAYARD ST,0,NA,Y,A,-,N,NA,NA,NA,NA,NA,NA,NA,NA,NA,N,3,0,1,4,A,-,08,22107,NA,N,B,E,A,A,H,-,A,D,0,NA,NA,Y,NA,Y,NA,C,02,0,1,0,0,0,0,0,0,1,-,-,NA,NA,SAN DIEGO,SAN DIEGO,-117.25690004,32.80913004
8002843,2016,2016-03-30,3711,2016-03-20,0204,6986,NA,7,5,7,3711,0,0,0,NA,0,524,BROADWAY,8TH,0,NA,Y,A,-,N,NA,NA,NA,NA,NA,NA,NA,NA,NA,NA,4,0,1,2,A,-,12,21453,A,N,D,C,A,A,H,-,C,A,0,NA,NA,NA,NA,Y,NA,-,NA,0,0,1,0,0,0,0,0,0,-,-,NA,NA,SAN DIEGO,SAN DIEGO,-117.15741009,32.71572001
8002845,2016,2016-04-14,3711,2016-03-18,1509,7230,NA,5,5,7,3711,0,0,0,NA,0,514,MARKET ST,25TH ST,34,W,N,A,-,N,NA,NA,NA,NA,NA,NA,NA,NA,NA,N,3,0,2,3,A,-,21,22106,NA,M,E,B,F,A,H,-,A,D,0,Y,NA,NA,NA,Y,Y,-,NA,0,2,0,0,2,0,0,0,0,-,-,NA,NA,SAN DIEGO,SAN DIEGO,-117.14038017,32.7116
8003080,2016,2016-04-05,3711,2016-03-14,2148,4310,NA,1,5,7,3711,0,0,0,NA,0,122,GRAND AV,HAINES ST,125,W,N,A,-,N,NA,NA,NA,NA,NA,NA,NA,NA,NA,Y,3,0,1,2,A,-,08,22107,NA,N,C,E,A,A,H,-,C,D,0,NA,NA,NA,NA,Y,NA,A,01,0,1,0,0,0,0,0,0,0,-,-,NA,NA,SAN DIEGO,SAN DIEGO,-117.2425229,32.79743538
8004998,2016,2016-03-28,3701,2016-03-15,1850,5351,79,2,5,5,3701,0,0,0,NA,0,006,CAMINO VIDA ROBLE,YARROW DR,123,E,N,A,-,N,NA,NA,NA,NA,NA,NA,NA,NA,NA,Y,3,0,1,1,A,-,03,22350,A,N,E,I,A,A,H,-,A,D,0,NA,NA,NA,NA,Y,NA,-,-,0,1,0,0,0,0,0,0,0,-,-,NA,NA,SAN DIEGO,CARLSBAD,-117.27315969,33.1191591
8006065,2016,2016-03-25,3702,2016-01-30,1315,CV0660,NA,6,5,6,3702,0,0,0,NA,0,031,DEL REY BL,EAST H ST,546,N,N,A,-,N,NA,NA,NA,NA,NA,NA,NA,NA,NA,Y,3,0,3,2,A,-,03,22350,NA,N,C,C,A,A,H,-,A,D,0,NA,NA,NA,NA,Y,NA,A,01,0,1,2,0,0,0,0,0,0,-,-,NA,NA,SAN DIEGO,CHULA VISTA,-117.03487341,32.63927723
8007859,2016,2016-04-08,3701,2016-03-19,1453,5325,3701,6,5,5,3701,0,0,0,NA,0,006,PALOMAR AIRPORT RD,CAMINO VIDA ROBLE,1742,W,N,A,-,N,NA,NA,NA,NA,NA,NA,NA,NA,NA,N,3,0,1,2,A,-,03,22350,A,N,C,G,A,A,H,-,A,A,0,NA,Y,NA,NA,Y,NA,L,04,0,1,0,0,0,0,1,0,0,-,-,NA,NA,SAN DIEGO,CARLSBAD,-117.28739263,33.11993721
8008582,2015,2016-11-19,9645,2015-06-26,1335,20066,NA,5,1,7,3711,0,1,1,NA,2,019,RT 15,BERNARDO CENTER,1200,S,N,A,-,Y,SD,11,15,-,M,22.63,H,-,N,N,4,0,1,2,A,-,03,22350,NA,N,C,C,A,A,H,-,A,D,1,NA,NA,NA,NA,Y,NA,A,07,0,0,1,0,0,0,0,0,0,-,-,33.00662,-117.08018,SAN DIEGO,SAN DIEGO,-117.08025391,33.0076198
8010201,2016,2017-02-14,3701,2016-03-22,1750,5449,3701,2,5,5,3701,0,0,0,NA,0,004,EL CAMINIO REAL,RT 78,45,S,N,A,-,Y,SD,11,78,-,-,1.313,R,4,E,Y,3,0,2,1,A,-,01,23152,A,N,A,I,A,A,H,-,A,A,0,NA,NA,NA,NA,Y,Y,A,01,0,1,1,0,0,0,0,0,0,-,EF,33.18077,-117.32686,SAN DIEGO,CARLSBAD,-117.33006196,33.1811107
8012021,2016,2016-04-06,3705,2016-03-17,0851,EC0295,NA,4,5,5,3705,0,0,0,NA,0,010,E MAIN,LINCOLN,0,NA,Y,A,-,N,NA,NA,NA,NA,NA,NA,NA,NA,NA,Y,4,0,1,3,A,-,12,21453,A,N,D,C,A,A,H,-,A,A,0,NA,NA,NA,NA,Y,NA,A,01,0,0,1,0,0,0,0,0,0,-,-,NA,NA,SAN DIEGO,EL CAJON,-116.95366999,32.79496012
8012289,2016,2016-04-06,3705,2016-02-23,1624,EC0130,NA,2,5,5,3705,0,0,0,NA,0,010,MONTROSE,MADISON,0,NA,Y,A,-,N,NA,NA,NA,NA,NA,NA,NA,NA,NA,Y,2,0,1,2,A,-,03,22350,NA,N,A,C,A,A,H,-,A,A,0,NA,NA,NA,NA,Y,NA,A,01,1,0,0,0,0,0,0,0,0,-,-,NA,NA,SAN DIEGO,EL CAJON,-116.96385012,32.80070003
8013089,2016,2016-04-13,3700,2016-03-19,0200,SH0817,NA,6,5,5,3713,0,0,0,NA,0,317,BUSINESS PARK DR,JOSHUA WY,45,S,N,A,-,N,NA,NA,NA,NA,NA,NA,NA,NA,NA,Y,3,0,1,1,A,-,01,23152,A,N,E,I,A,A,H,-,C,A,0,NA,NA,NA,NA,Y,Y,A,01,0,1,0,0,0,0,0,0,0,-,-,NA,NA,SAN DIEGO,VISTA,-117.23209732,33.14682857
8014842,2016,2016-04-08,3711,2016-03-26,2200,6518,NA,6,5,7,3711,0,0,0,NA,0,235,SAN PASQUAL VALLEY RD,BANDY CANYON RD,3696,E,N,A,-,N,NA,NA,NA,NA,NA,NA,NA,NA,NA,Y,4,0,1,3,A,-,03,22350,NA,N,A,C,A,A,H,-,D,D,0,NA,NA,NA,NA,Y,NA,-,NA,0,0,1,0,0,0,0,0,0,-,-,NA,NA,SAN DIEGO,SAN DIEGO,-116.94288933,33.09116561
8016250,2016,2016-04-18,3711,2016-03-27,1956,5762,NA,7,5,7,3711,0,0,0,NA,0,123,WEST MISSION BAY DR,SEA WORLD DR,528,S,N,A,-,N,NA,NA,NA,NA,NA,NA,NA,NA,NA,Y,4,0,1,4,A,-,04,21703,NA,N,C,C,A,A,H,-,C,D,0,NA,NA,NA,NA,Y,NA,-,NA,0,0,1,0,0,0,0,0,0,-,-,NA,NA,SAN DIEGO,SAN DIEGO,-117.23021,32.76131
8016262,2016,2016-04-20,3711,2016-03-30,2037,8722,NA,3,5,7,3711,0,0,0,NA,0,511,MAIN ST,28TH ST,0,NA,Y,A,-,N,NA,NA,NA,NA,NA,NA,NA,NA,NA,Y,4,0,1,2,A,-,12,21453,A,N,D,C,A,A,H,-,C,A,0,NA,NA,NA,NA,Y,NA,-,NA,0,0,1,0,0,0,0,0,0,-,-,NA,NA,SAN DIEGO,SAN DIEGO,-117.13373003,32.69280007
8016369,2016,2017-02-18,3711,2016-04-05,2314,8861,NA,2,5,7,3711,0,0,0,NA,0,613,SUNSET CLIFFS BL,RT 8,17,N,N,A,-,Y,SD,11,8,-,T,0.54,I,6,W,Y,4,0,1,1,A,-,08,22107,NA,N,E,I,A,A,H,-,C,A,0,NA,NA,NA,NA,Y,NA,-,NA,0,0,1,0,0,0,0,0,0,-,WF,NA,NA,SAN DIEGO,SAN DIEGO,-117.23342382,32.75613793
8016377,2016,2016-04-15,3711,2016-04-04,0830,6786,NA,1,5,7,3711,0,0,0,NA,0,628,INDIA ST,VINE ST,15,N,N,A,-,N,NA,NA,NA,NA,NA,NA,NA,NA,NA,Y,4,0,2,2,A,-,03,22350,A,N,C,C,A,A,H,-,A,-,0,NA,NA,NA,NA,Y,NA,-,NA,0,0,2,0,0,0,0,0,0,-,-,NA,NA,SAN DIEGO,SAN DIEGO,-117.17824866,32.73987319
8017809,2016,2017-05-22,3700,2016-03-07,1606,SH7341,NA,1,5,4,3780,0,0,0,NA,0,009,POWAY RD,SPRINGHURST DR,621,E,N,A,-,N,NA,NA,NA,NA,NA,NA,NA,NA,NA,Y,4,0,1,2,A,-,07,21658,A,N,B,C,A,B,H,-,A,D,0,NA,NA,NA,Y,Y,NA,F,26,0,0,1,0,0,0,0,0,0,-,-,NA,NA,SAN DIEGO,POWAY,-117.07665612,32.94793596
8017882,2016,2016-08-29,3702,2016-04-08,0300,CV1087,NA,5,5,6,3702,0,0,0,NA,0,012,H ST,BROADWAY,39,W,N,A,-,N,NA,NA,NA,NA,NA,NA,NA,NA,NA,Y,4,0,1,2,A,-,01,23152,A,N,C,C,A,B,H,-,C,A,0,NA,NA,NA,NA,Y,Y,A,01,0,0,1,0,0,0,0,0,0,-,-,NA,NA,SAN DIEGO,CHULA VISTA,-117.08957995,32.63092668
8017984,2016,2016-04-25,3702,2016-03-05,1200,CV1080,NA,6,5,6,3702,0,0,0,NA,0,013,L ST,BROADWAY,166,W,N,A,-,N,NA,NA,NA,NA,NA,NA,NA,NA,NA,N,3,0,1,2,A,-,11,21954,A,N,G,B,D,A,H,-,A,A,0,Y,NA,NA,NA,Y,NA,N,60,0,1,0,0,1,0,0,0,0,-,-,NA,NA,SAN DIEGO,CHULA VISTA,-117.08458977,32.6170164
8020433,2016,2016-04-13,3711,2016-03-30,1203,6198,NA,3,5,7,3711,0,0,0,NA,0,322,MISSION GORGE RD,ZION AV,20,S,N,B,C,N,NA,NA,NA,NA,NA,NA,NA,NA,NA,Y,4,0,1,4,A,-,09,21804,A,N,D,C,A,B,H,-,A,A,0,NA,NA,NA,NA,Y,NA,-,NA,0,0,1,0,0,0,0,0,0,-,-,NA,NA,SAN DIEGO,SAN DIEGO,-117.09759456,32.79289661
8020854,2016,2016-04-14,3706,2016-03-24,1410,ES0412,NA,4,5,6,3706,0,0,0,NA,0,044,ROSE ST,WASHINGTON AV,0,NA,Y,A,-,N,NA,NA,NA,NA,NA,NA,NA,NA,NA,Y,4,0,1,2,A,-,09,21801,A,N,D,C,A,A,H,-,A,A,0,NA,NA,NA,NA,Y,NA,A,01,0,0,1,0,0,0,0,0,0,-,-,NA,NA,SAN DIEGO,ESCONDIDO,-117.06090006,33.13729001
8020920,2016,2016-04-15,3711,2016-03-29,0509,7386,NA,2,5,7,3711,0,0,0,NA,0,524,10TH AV,B ST,0,N,N,A,-,N,NA,NA,NA,NA,NA,NA,NA,NA,NA,N,3,0,1,2,A,-,03,22350,A,N,G,B,B,A,H,-,C,A,0,Y,NA,NA,NA,Y,NA,A,01,0,1,0,0,1,0,0,0,0,-,-,NA,NA,SAN DIEGO,SAN DIEGO,-117.15562012,32.71782003
8022663,2016,2016-04-21,3706,2016-03-29,2114,465,ESCON,2,5,6,3706,0,0,0,NA,0,055,S CENTRE CITY PKWY,BROTHERTON RD,0,NA,Y,B,C,N,NA,NA,NA,NA,NA,NA,NA,NA,NA,Y,4,0,1,1,A,-,08,22107,NA,N,E,I,A,B,H,-,C,D,0,NA,NA,NA,NA,Y,NA,A,01,0,0,1,0,0,0,0,0,0,-,-,NA,NA,SAN DIEGO,ESCONDIDO,-117.07235005,33.09430009
8023071,2016,2017-02-15,3700,2016-02-01,0227,SH0742,NA,1,5,4,3780,0,0,0,NA,0,408,RT 67,CLOUDY MOON DR,1584,S,N,F,-,Y,SD,11,67,-,-,17.02,H,-,N,Y,4,0,1,1,A,-,03,22350,NA,N,F,A,A,B,H,-,D,D,0,NA,NA,NA,NA,Y,NA,A,07,0,0,1,0,0,0,0,0,0,-,-,NA,NA,SAN DIEGO,POWAY,-116.96226955,32.80327468
8023106,2016,2016-04-22,3702,2016-02-29,0654,CV0984,NA,1,5,6,3702,0,0,0,NA,0,042,GREENSGATE DR,EASTLAKE PKWY,18,E,N,E,-,N,NA,NA,NA,NA,NA,NA,NA,NA,NA,N,4,0,1,2,A,-,03,22350,NA,N,C,C,A,A,H,-,A,A,0,NA,NA,NA,NA,Y,NA,A,07,0,0,1,0,0,0,0,0,0,-,-,NA,NA,SAN DIEGO,CHULA VISTA,-116.96589984,32.64488492
8023155,2016,2016-04-22,3705,2016-01-29,2344,EC0361,NA,5,5,5,3705,0,0,0,NA,0,007,MOLLISON,GREENFIELD,282,S,N,A,-,N,NA,NA,NA,NA,NA,NA,NA,NA,NA,N,4,0,1,2,A,-,09,21804,A,N,D,C,A,A,H,-,C,D,0,NA,NA,Y,NA,Y,NA,A,01,0,0,1,0,0,0,0,0,1,-,-,NA,NA,SAN DIEGO,EL CAJON,-116.95096227,32.81257332
8024041,2016,2016-04-21,3711,2016-04-10,0850,5089,NA,7,5,7,3711,0,0,0,NA,0,234,POMERADO RD,AVENIDA LA VALENCIA,30,S,N,B,-,N,NA,NA,NA,NA,NA,NA,NA,NA,NA,Y,3,0,2,2,A,-,03,22350,NA,N,C,C,A,B,H,-,A,A,0,NA,NA,NA,NA,Y,Y,-,-,0,1,1,0,0,0,0,0,0,-,-,NA,NA,SAN DIEGO,SAN DIEGO,-117.05627504,33.01137057
8024158,2016,2016-04-19,3711,2016-04-08,0839,6035,NA,5,5,7,3711,0,0,0,NA,0,831,EL CAJON BL,CHAMOUNE AV,30,E,N,C,-,N,NA,NA,NA,NA,NA,NA,NA,NA,NA,Y,3,0,2,2,A,-,12,21453,A,N,-,C,A,B,-,-,A,A,0,NA,NA,NA,NA,Y,NA,A,01,0,1,1,0,0,0,0,0,0,-,-,NA,NA,SAN DIEGO,SAN DIEGO,-117.09683391,32.75541264
8024174,2016,2016-04-22,3711,2016-04-12,2124,7421,NA,2,5,7,3711,0,0,0,NA,0,833,FAIRMOUNT AV,UNIVERSITY AV,0,NA,Y,A,-,N,NA,NA,NA,NA,NA,NA,NA,NA,NA,Y,4,0,3,2,A,-,09,21453,C,N,A,C,A,A,H,-,C,A,0,NA,NA,NA,NA,Y,NA,-,-,0,0,3,0,0,0,0,0,0,-,-,NA,NA,SAN DIEGO,SAN DIEGO,-117.10090012,32.74960004
8024339,2016,2016-05-04,3711,2016-04-19,1640,7018,NA,2,5,7,3711,0,0,0,NA,0,321,FRIARS RD,SANTO RD,12,W,N,A,-,N,NA,NA,NA,NA,NA,NA,NA,NA,NA,Y,4,0,1,2,A,-,12,21453,A,N,A,C,A,A,H,-,A,A,0,NA,NA,NA,NA,Y,NA,D,22,0,0,1,0,0,0,0,0,0,-,-,NA,NA,SAN DIEGO,SAN DIEGO,-117.10515796,32.79035277
8026637,2016,2016-04-26,3706,2016-04-08,2324,461,NA,5,5,6,3706,0,0,0,NA,0,052,2ND AV,JUNIPER ST,0,NA,Y,B,-,N,NA,NA,NA,NA,NA,NA,NA,NA,NA,Y,4,0,2,2,A,-,12,21453,A,F,D,C,A,A,H,-,C,A,0,NA,NA,NA,NA,Y,NA,A,01,0,0,2,0,0,0,0,0,0,-,-,NA,NA,SAN DIEGO,ESCONDIDO,-117.07809002,33.12212005
8027177,2016,2016-04-26,3701,2016-04-13,2101,5454,104,3,5,5,3701,0,0,0,NA,0,008,EL CAMINIO REAL,COSTA DEL MAR RD,0,NA,Y,A,-,N,NA,NA,NA,NA,NA,NA,NA,NA,NA,Y,4,0,2,2,A,-,12,21453,A,N,D,C,A,A,H,-,C,A,0,NA,NA,NA,NA,Y,NA,A,07,0,0,2,0,0,0,0,0,0,-,-,33.08992,-117.26948,SAN DIEGO,CARLSBAD,-117.26946002,33.08933005
8027894,2016,2016-04-26,3711,2016-04-17,1050,6560,SD,7,5,7,3711,0,0,0,NA,0,611,TUSCALOOSA ST,BARNETT AV,0,NA,Y,A,-,N,NA,NA,NA,NA,NA,NA,NA,NA,NA,Y,3,0,1,3,A,-,08,22107,NA,N,A,C,A,A,H,-,A,A,0,NA,NA,NA,NA,Y,NA,-,NA,0,1,0,0,0,0,0,0,0,-,-,NA,NA,SAN DIEGO,SAN DIEGO,-117.20321012,32.74398012
8027913,2016,2016-04-27,3711,2016-04-18,1800,7303,MC,1,5,7,3711,0,0,0,NA,0,813,30TH ST,MEADE AV,400,N,N,A,-,N,NA,NA,NA,NA,NA,NA,NA,NA,NA,N,4,0,2,2,A,-,21,22106,NA,N,A,C,A,A,H,-,A,D,0,NA,NA,NA,NA,Y,NA,-,NA,0,0,2,0,0,0,0,0,0,-,-,NA,NA,SAN DIEGO,SAN DIEGO,-117.13017586,32.7583757
8028569,2016,2016-08-29,3705,2016-04-19,2159,EC0324,NA,2,5,5,3705,0,0,0,NA,0,009,E MADISON,EULA LN,125,E,N,A,-,N,NA,NA,NA,NA,NA,NA,NA,NA,NA,N,3,0,2,1,A,-,01,23152,A,N,B,I,A,A,H,-,C,D,0,NA,NA,Y,NA,Y,Y,C,02,0,2,0,0,0,0,0,0,2,-,-,NA,NA,SAN DIEGO,EL CAJON,-116.90180207,32.80318369
8030367,2016,2017-02-10,3705,2016-02-16,1225,EC0198,NA,2,5,5,3705,0,0,0,NA,0,006,MAIN,RT 8,0,NA,Y,A,-,Y,SD,11,8,-,-,14.484,R,4,W,N,4,0,2,2,A,-,03,22350,NA,M,C,C,A,A,H,-,A,A,0,NA,NA,NA,NA,Y,NA,-,NA,0,0,2,0,0,0,0,0,0,-,-,NA,NA,SAN DIEGO,EL CAJON,-116.97757922,32.79342314
8030672,2016,2016-08-29,3711,2016-04-19,1745,7208,NA,2,5,7,3711,0,0,0,NA,0,321,CAMINO DEL RIO N,FAIRMOUNT,200,W,N,A,-,N,NA,NA,NA,NA,NA,NA,NA,NA,NA,N,4,0,1,2,A,-,05,21460,A,N,C,C,A,A,H,-,A,D,0,NA,NA,NA,NA,Y,NA,-,NA,0,0,1,0,0,0,0,0,0,-,-,NA,NA,SAN DIEGO,SAN DIEGO,-117.102106,32.77992727
8032863,2016,2016-05-04,3711,2016-04-24,1822,7230,NA,7,5,7,3711,0,0,0,NA,0,515,28TH ST,TREAT ST,0,NA,Y,B,-,N,NA,NA,NA,NA,NA,NA,NA,NA,NA,N,3,0,2,2,A,-,09,21802,A,N,D,G,A,A,H,-,A,D,0,NA,Y,NA,NA,Y,NA,-,NA,0,2,0,0,0,0,1,0,0,-,-,NA,NA,SAN DIEGO,SAN DIEGO,-117.13377001,32.71435004
8034643,2016,2017-02-18,3703,2016-04-17,2200,1247,NA,7,5,3,3703,0,0,0,NA,0,003,RT 75,AVENIDA DE LAS ARENAS,0,NA,Y,A,-,Y,SD,11,75,-,-,18.129,I,5,S,N,4,0,1,2,A,-,05,21651,B,F,B,C,A,A,H,-,C,A,0,NA,NA,NA,NA,Y,NA,A,01,0,0,1,0,0,0,0,0,0,-,-,NA,NA,SAN DIEGO,CORONADO,-117.1722176,32.67673965
8035224,2015,2016-05-26,3711,2015-05-16,1540,7044,NA,6,5,7,3711,0,0,0,NA,0,622,MORENA BL,TAYLOR ST,448,N,N,B,-,N,NA,NA,NA,NA,NA,NA,NA,NA,NA,Y,3,0,1,2,A,-,04,21703,NA,N,C,C,A,A,H,-,A,D,0,NA,NA,NA,NA,Y,NA,-,NA,0,1,0,0,0,0,0,0,0,-,-,NA,NA,SAN DIEGO,SAN DIEGO,-117.1978561,32.75946368
8035238,2016,2016-08-29,3711,2016-05-12,1518,7269,NA,4,5,7,3711,0,0,0,NA,0,723,PALM AV,PICADOR AV,100,E,N,A,-,N,NA,NA,NA,NA,NA,NA,NA,NA,NA,Y,4,0,2,2,A,-,09,21804,A,N,A,C,A,A,H,-,A,D,0,NA,NA,NA,NA,Y,NA,-,NA,0,0,2,0,0,0,0,0,0,-,-,NA,NA,SAN DIEGO,SAN DIEGO,-117.06168676,32.58375846