CASE_ID,ACCIDENT_YEAR,PROC_DATE,JURIS,COLLISION_DATE,COLLISION_TIME,OFFICER_ID,REPORTING_DISTRICT,DAY_OF_WEEK,CHP_SHIFT,POPULATION,CNTY_CITY_LOC,SPECIAL_COND,BEAT_TYPE,CHP_BEAT_TYPE,CITY_DIVISION_LAPD,CHP_BEAT_CLASS,BEAT_NUMBER,PRIMARY_RD,SECONDARY_RD,DISTANCE,DIRECTION,INTERSECTION,WEATHER_1,WEATHER_2,STATE_HWY_IND,CALTRANS_COUNTY,CALTRANS_DISTRICT,STATE_ROUTE,ROUTE_SUFFIX,POSTMILE_PREFIX,POSTMILE,LOCATION_TYPE,RAMP_INTERSECTION,SIDE_OF_HWY,TOW_AWAY,COLLISION_SEVERITY,NUMBER_KILLED,NUMBER_INJURED,PARTY_COUNT,PRIMARY_COLL_FACTOR,PCF_CODE_OF_VIOL,PCF_VIOL_CATEGORY,PCF_VIOLATION,PCF_VIOL_SUBSECTION,HIT_AND_RUN,TYPE_OF_COLLISION,MVIW,PED_ACTION,ROAD_SURFACE,ROAD_COND_1,ROAD_COND_2,LIGHTING,CONTROL_DEVICE,CHP_ROAD_TYPE,PEDESTRIAN_ACCIDENT,BICYCLE_ACCIDENT,MOTORCYCLE_ACCIDENT,TRUCK_ACCIDENT,NOT_PRIVATE_PROPERTY,ALCOHOL_INVOLVED,STWD_VEHTYPE_AT_FAULT,CHP_VEHTYPE_AT_FAULT,COUNT_SEVERE_INJ,COUNT_VISIBLE_INJ,COUNT_COMPLAINT_PAIN,COUNT_PED_KILLED,COUNT_PED_INJURED,COUNT_BICYCLIST_KILLED,COUNT_BICYCLIST_INJURED,COUNT_MC_KILLED,COUNT_MC_INJURED,PRIMARY_RAMP,SECONDARY_RAMP,LATITUDE,LONGITUDE,COUNTY,CITY,POINT_X,POINT_Y
8035862,2016,2016-04-29,3705,2016-04-08,1510,EC0281,NA,5,5,5,3705,0,0,0,NA,0,010,MOLLISON,PARK,270,N,N,B,-,N,NA,NA,NA,NA,NA,NA,NA,NA,NA,N,4,0,2,2,A,-,08,22107,NA,N,D,C,A,A,H,-,A,D,0,NA,NA,NA,NA,Y,NA,A,01,0,0,2,0,0,0,0,0,0,-,-,NA,NA,SAN DIEGO,EL CAJON,-116.95097621,32.79893943
8037575,2016,2016-05-13,3711,2016-04-30,1323,7136,NA,6,5,7,3711,0,0,0,NA,0,514,19TH ST,MARKET,4,N,N,A,-,N,NA,NA,NA,NA,NA,NA,NA,NA,NA,N,3,0,1,2,A,-,10,21950,A,M,G,B,B,A,H,-,A,A,0,Y,NA,NA,NA,Y,NA,-,NA,0,1,0,0,1,0,0,0,0,-,-,NA,NA,SAN DIEGO,SAN DIEGO,-117.14673,32.71155096
8037665,2016,2016-05-13,3711,2016-04-30,1433,7231,3711,6,5,7,3711,0,0,0,NA,0,432,EUCLID AV,NARANJA ST,0,NA,Y,A,-,N,NA,NA,NA,NA,NA,NA,NA,NA,NA,N,4,0,1,2,A,-,10,21950,A,N,-,B,B,A,H,-,A,A,0,Y,NA,NA,NA,Y,NA,-,-,0,0,1,0,1,0,0,0,0,-,-,NA,NA,SAN DIEGO,SAN DIEGO,-117.08504008,32.70863008
8038169,2016,2016-05-31,3705,2016-04-18,1938,EC0297,NA,1,5,5,3705,0,0,0,NA,0,008,MAGNOLIA AV,WASHINGTON AV,0,NA,Y,A,-,N,NA,NA,NA,NA,NA,NA,NA,NA,NA,N,4,0,1,2,A,-,04,21703,NA,N,C,C,A,A,H,-,C,A,0,NA,NA,NA,NA,Y,NA,I,12,0,0,1,0,0,0,0,0,0,-,-,NA,NA,SAN DIEGO,EL CAJON,-116.96230004,32.78766007
8039964,2016,2016-05-17,3700,2016-04-04,0740,SH2397,NA,1,5,5,3713,0,0,0,NA,0,306,EAST BOBIER DR,PANTHER WY,45,W,N,A,-,N,NA,NA,NA,NA,NA,NA,NA,NA,NA,Y,4,0,1,3,A,-,03,22350,NA,N,C,C,A,A,H,-,A,A,0,NA,NA,NA,NA,Y,NA,A,07,0,0,1,0,0,0,0,0,0,-,-,NA,NA,SAN DIEGO,VISTA,-117.24175666,33.22135154
8040381,2016,2016-05-16,3700,2016-03-29,2229,SH5502,NA,2,5,5,3782,0,0,0,NA,0,223,NORTH RANCHO SANTA FE RD,EL CAMINIO DEL NORTE,0,NA,Y,B,-,N,NA,NA,NA,NA,NA,NA,NA,NA,NA,Y,4,0,1,2,A,-,12,22450,A,N,D,C,A,A,H,-,D,D,0,NA,NA,NA,NA,Y,NA,A,01,0,0,1,0,0,0,0,0,0,-,-,NA,NA,SAN DIEGO,ENCINITAS,-117.23334003,33.05002006
8040509,2016,2016-08-29,3705,2016-04-26,0710,EC0278,NA,2,5,5,3705,0,0,0,NA,0,009,MOLLISON,RT 8,325,S,N,A,-,N,NA,NA,NA,NA,NA,NA,NA,NA,NA,Y,4,0,2,3,A,-,03,22350,NA,N,C,C,A,A,H,-,A,A,0,NA,NA,NA,NA,Y,NA,A,01,0,0,2,0,0,0,0,0,0,-,EO,NA,NA,SAN DIEGO,EL CAJON,-116.95098,32.80295
8042481,2016,2016-05-16,3700,2016-04-05,0232,SH0029,NA,2,5,5,3713,0,0,0,NA,0,310,VISTA VILLAGE DR,LADO DE LOMA DR,105,N,N,A,-,N,NA,NA,NA,NA,NA,NA,NA,NA,NA,Y,4,0,1,1,A,-,07,21658,A,N,E,I,A,A,H,-,C,D,0,NA,NA,NA,NA,Y,NA,A,01,0,0,1,0,0,0,0,0,0,-,-,NA,NA,SAN DIEGO,VISTA,-117.24883969,33.19686451
8042648,2016,2016-05-18,3711,2016-04-27,1839,6162,NA,3,5,7,3711,0,0,0,NA,0,235,SAN PASQUAL RD,OLD MILKY WAY,1056,S,N,A,-,N,NA,NA,NA,NA,NA,NA,NA,NA,NA,Y,4,0,1,1,A,-,08,22107,NA,N,E,I,A,A,H,-,A,D,0,NA,NA,NA,NA,Y,NA,-,NA,0,0,1,0,0,0,0,0,0,-,-,NA,NA,SAN DIEGO,SAN DIEGO,-117.02192969,33.08816765
8045167,2016,2016-05-23,3702,2016-05-06,2316,CV1178,NA,5,5,6,3702,0,0,0,NA,0,031,TELEGRAPH CANYON RD,MEDICAL CENTER DR,0,NA,Y,A,-,N,NA,NA,NA,NA,NA,NA,NA,NA,NA,Y,2,0,1,2,A,-,01,23152,A,N,D,C,A,A,H,-,C,A,0,NA,NA,NA,NA,Y,Y,D,22,1,0,0,0,0,0,0,0,0,-,-,NA,NA,SAN DIEGO,CHULA VISTA,-117.02563004,32.62477001
8045187,2016,2016-05-23,3702,2016-05-09,1215,CV0652,NA,1,5,6,3702,0,0,0,NA,0,021,JACQUA ST,MAIN ST,63,S,N,B,-,N,NA,NA,NA,NA,NA,NA,NA,NA,NA,Y,4,0,1,3,A,-,08,22107,NA,N,-,C,A,A,H,-,A,D,0,NA,NA,NA,NA,Y,NA,-,NA,0,0,1,0,0,0,0,0,0,-,-,NA,NA,SAN DIEGO,CHULA VISTA,-117.0803,32.59463743
8045416,2016,2016-05-23,3702,2016-05-09,1330,CV0938,NA,1,5,6,3702,0,0,0,NA,0,031,H ST,BUENA VISTA WY,0,NA,Y,A,-,N,NA,NA,NA,NA,NA,NA,NA,NA,NA,Y,4,0,2,2,D,-,00,NA,NA,N,D,C,A,A,H,-,A,B,0,NA,NA,NA,NA,Y,NA,-,-,0,0,2,0,0,0,0,0,0,-,-,NA,NA,SAN DIEGO,CHULA VISTA,-117.00581009,32.64142006
8046368,2016,2016-05-23,3702,2016-03-17,1445,CV1178,NA,4,5,6,3702,0,0,0,NA,0,022,4TH AV,MOSS ST,385,S,N,A,-,N,NA,NA,NA,NA,NA,NA,NA,NA,NA,N,4,0,2,2,A,-,03,22350,NA,N,C,C,A,A,H,-,A,D,0,NA,NA,NA,NA,Y,NA,A,07,0,0,2,0,0,0,0,0,0,-,-,NA,NA,SAN DIEGO,CHULA VISTA,-117.07415158,32.61497799
8046694,2016,2016-05-17,3711,2016-05-05,0000,7169,NA,4,5,7,3711,0,0,0,NA,0,838,UNIVERSITY AV,UNIVERSITY AV 3400,0,NA,N,A,-,N,NA,NA,NA,NA,NA,NA,NA,NA,NA,N,3,0,1,2,A,-,11,21950,B,M,G,B,F,A,H,-,C,D,0,Y,NA,NA,NA,Y,Y,N,60,0,1,0,0,1,0,0,0,0,-,-,NA,NA,SAN DIEGO,SAN DIEGO,-117.12065399,32.74933831
8046698,2016,2016-05-17,3711,2016-05-08,1905,7008,SD,7,5,7,3711,0,0,0,NA,0,831,EL CAJON BL,HIGHLAND AV,0,NA,Y,A,-,N,NA,NA,NA,NA,NA,NA,NA,NA,NA,NA,4,0,1,2,A,-,-,NA,NA,M,D,G,A,A,H,-,A,A,0,NA,Y,NA,NA,Y,NA,L,04,0,0,1,0,0,0,1,0,0,-,-,NA,NA,SAN DIEGO,SAN DIEGO,-117.09920013,32.75510004
8047102,2016,2016-05-23,3710,2016-04-09,1430,OC1391,NA,6,5,6,3710,0,0,0,NA,0,013,EL CAMINIO REAL,VISTA WY,450,S,N,A,-,N,NA,NA,NA,NA,NA,NA,NA,NA,NA,N,4,0,2,3,A,-,03,22350,NA,N,C,C,A,A,H,-,A,A,0,NA,NA,NA,NA,Y,NA,A,08,0,0,2,0,0,0,0,0,0,-,-,NA,NA,SAN DIEGO,OCEANSIDE,-117.32694235,33.18196233
8047632,2016,2016-08-29,3711,2016-05-11,1106,7359,NA,3,5,7,3711,0,0,0,NA,0,327,70TH ST,ALVARADO RD,12,S,N,A,-,N,NA,NA,NA,NA,NA,NA,NA,NA,NA,Y,4,0,1,2,A,-,12,21453,A,N,B,C,A,A,H,-,A,A,0,NA,NA,NA,NA,Y,NA,-,NA,0,0,1,0,0,0,0,0,0,-,-,NA,NA,SAN DIEGO,SAN DIEGO,-117.04661514,32.77322972
8047635,2016,2016-05-23,3711,2016-05-12,1835,8906,NA,4,5,7,3711,0,0,0,NA,0,431,KELTON RD,LUBER ST,276,N,N,A,-,N,NA,NA,NA,NA,NA,NA,NA,NA,NA,Y,4,0,1,2,A,-,05,21651,B,N,A,C,A,A,H,-,A,D,0,NA,NA,NA,NA,Y,NA,-,NA,0,0,1,0,0,0,0,0,0,-,-,NA,NA,SAN DIEGO,SAN DIEGO,-117.07499689,32.71880913
8048171,2016,2016-05-26,3702,2016-04-23,0900,CV1091,NA,6,5,6,3702,0,0,0,NA,0,031,TELEGRAPH CANYON RD,PASEO DEL REY,7,W,N,A,-,N,NA,NA,NA,NA,NA,NA,NA,NA,NA,N,4,0,1,3,A,-,12,21453,A,N,D,C,A,A,H,-,A,A,0,NA,NA,NA,NA,Y,NA,A,01,0,0,1,0,0,0,0,0,0,-,-,NA,NA,SAN DIEGO,CHULA VISTA,-117.03431068,32.62751783
8049236,2016,2016-06-03,3711,2016-05-16,1241,5838,NA,1,5,7,3711,0,0,0,NA,0,838,FEDERAL BL,FEDERAL BL 3900,200,E,N,A,-,N,NA,NA,NA,NA,NA,NA,NA,NA,NA,Y,4,0,6,1,A,-,03,22350,NA,M,F,A,A,A,H,-,A,D,0,NA,NA,NA,NA,Y,NA,A,07,0,0,6,0,0,0,0,0,0,-,-,NA,NA,SAN DIEGO,SAN DIEGO,NA,NA
8049275,2016,2016-06-01,3711,2016-05-23,1657,6677,NA,1,5,7,3711,0,0,0,NA,0,324,JACKSON DR,LAKE BADIN AV,900,W,N,A,-,N,NA,NA,NA,NA,NA,NA,NA,NA,NA,N,4,0,1,2,A,-,03,22350,NA,N,C,C,A,A,H,-,A,D,0,NA,NA,NA,NA,Y,NA,A,01,0,0,1,0,0,0,0,0,0,-,-,NA,NA,SAN DIEGO,SAN DIEGO,-117.02675375,32.79486902
8049298,2016,2016-06-02,3711,2016-05-21,1542,7293,NA,6,5,7,3711,0,0,0,NA,0,111,GENESEE,CHATEAU DR,0,NA,Y,A,-,N,NA,NA,NA,NA,NA,NA,NA,NA,NA,Y,3,0,1,2,A,-,12,21453,A,N,B,C,A,A,H,-,A,A,0,NA,NA,NA,NA,Y,NA,-,NA,0,1,0,0,0,0,0,0,0,-,-,NA,NA,SAN DIEGO,SAN DIEGO,-117.19332005,32.82858012
8049318,2016,2016-06-02,3711,2016-05-20,0130,6888,NA,5,5,7,3711,0,0,0,NA,0,621,COMSTOCK,WEST JEWETT ST,6,E,N,A,-,N,NA,NA,NA,NA,NA,NA,NA,NA,NA,Y,4,0,1,3,A,-,08,22107,NA,N,B,E,A,A,H,-,C,D,0,NA,NA,NA,NA,Y,NA,-,NA,0,0,1,0,0,0,0,0,0,-,-,NA,NA,SAN DIEGO,SAN DIEGO,-117.17454807,32.78731364
8049342,2016,2016-06-02,3711,2016-05-21,0111,6366,NA,6,5,7,3711,0,0,0,NA,0,524,KETTNER BL,BROADWAY,404,N,N,B,-,N,NA,NA,NA,NA,NA,NA,NA,NA,NA,N,4,0,1,2,C,-,18,NA,NA,N,G,B,F,A,H,-,C,D,0,Y,NA,NA,NA,Y,NA,-,-,0,0,1,0,1,0,0,0,0,-,-,NA,NA,SAN DIEGO,SAN DIEGO,-117.16917398,32.71687617
8049923,2016,2016-06-08,3711,2016-05-28,1750,7169,NA,6,5,7,3711,0,0,0,NA,0,833,WIGHTMAN ST,WIGHTMAN ST 4470,10,S,N,B,-,N,NA,NA,NA,NA,NA,NA,NA,NA,NA,N,4,0,1,3,A,-,09,21804,A,N,D,C,A,A,H,-,A,D,0,NA,NA,NA,NA,Y,NA,-,NA,0,0,1,0,0,0,0,0,0,-,-,NA,NA,SAN DIEGO,SAN DIEGO,NA,NA
8049943,2016,2016-06-14,3711,2016-05-29,1336,6842,NA,7,5,7,3711,0,0,0,NA,0,124,LA JOLLA VILLAGE DR,VILLA LA JOLLA DR,900,E,N,B,-,N,NA,NA,NA,NA,NA,NA,NA,NA,NA,Y,3,0,3,2,A,-,03,22350,NA,N,C,C,A,A,H,-,A,A,0,NA,NA,NA,NA,Y,NA,-,NA,0,3,0,0,0,0,0,0,0,-,-,NA,NA,SAN DIEGO,SAN DIEGO,-117.23098367,32.87183767
8050399,2016,2016-06-10,3701,2016-05-27,1644,5434,8,5,5,5,3701,0,0,0,NA,0,004,MARRON RD,MONROE ST,80,W,N,B,-,N,NA,NA,NA,NA,NA,NA,NA,NA,NA,N,4,0,2,2,A,-,03,22350,NA,N,C,C,A,A,H,-,A,A,0,NA,NA,NA,NA,Y,NA,A,01,0,0,2,0,0,0,0,0,0,-,-,33.17649,-117.33721,SAN DIEGO,CARLSBAD,-117.33721679,33.17639242
8051192,2016,2017-02-14,3709,2016-05-13,2039,457,NA,5,5,5,3709,0,0,0,NA,0,021,EAST PLAZA BL,RT 805,30,E,N,A,-,Y,SD,11,805,-,-,10.124,R,4,N,N,3,0,1,2,A,-,04,21703,NA,N,C,C,A,A,H,-,A,A,0,NA,NA,NA,NA,Y,NA,A,01,0,1,0,0,0,0,0,0,0,-,NF,NA,NA,SAN DIEGO,NATIONAL CITY,-117.08328223,32.67500623
8051936,2016,2016-06-06,3710,2016-05-03,0930,OC1421,NA,2,5,6,3710,0,0,0,NA,0,027,KELTON DR,BRANDEIS DR,50,W,N,A,-,N,NA,NA,NA,NA,NA,NA,NA,NA,NA,N,4,0,1,2,A,-,09,21800,A,N,B,C,A,A,H,-,A,D,0,NA,NA,NA,NA,Y,NA,A,01,0,0,1,0,0,0,0,0,0,-,-,NA,NA,SAN DIEGO,OCEANSIDE,-117.30511904,33.20023982
8053167,2016,2016-06-09,3711,2016-05-27,0834,7331,NA,5,5,7,3711,0,0,0,NA,0,524,B ST,10TH AV,33,W,N,B,-,N,NA,NA,NA,NA,NA,NA,NA,NA,NA,NA,3,0,1,2,C,-,18,NA,NA,N,H,G,A,A,H,-,A,A,0,NA,Y,NA,NA,Y,NA,-,-,0,1,0,0,0,0,1,0,0,-,-,NA,NA,SAN DIEGO,SAN DIEGO,-117.15572693,32.71781885
8053404,2016,2016-06-10,3705,2016-05-17,1317,EC0337,NA,2,5,5,3705,0,0,0,NA,0,008,EAST CHASE,AVOCADO,0,NA,Y,B,-,N,NA,NA,NA,NA,NA,NA,NA,NA,NA,Y,4,0,2,2,A,-,12,21453,A,N,D,C,A,A,H,-,A,A,0,NA,NA,NA,NA,Y,NA,A,07,0,0,2,0,0,0,0,0,0,-,-,NA,NA,SAN DIEGO,EL CAJON,-116.95782001,32.78039007
8055347,2016,2016-06-08,3711,2016-05-18,1846,6532,NA,3,5,7,3711,0,0,0,NA,0,622,NAPA ST,MORENA BL,108,S,N,B,-,N,NA,NA,NA,NA,NA,NA,NA,NA,NA,N,4,0,1,2,A,-,03,22350,NA,M,C,C,A,A,H,-,A,A,0,NA,NA,NA,NA,Y,NA,-,NA,0,0,1,0,0,0,0,0,0,-,-,NA,NA,SAN DIEGO,SAN DIEGO,-117.19805552,32.76566875
8057448,2016,2016-06-14,3711,2016-06-02,1615,5315,NA,4,5,7,3711,0,0,0,NA,0,124,GILMAN DR,VILLA LA JOLLA DR,15,S,N,B,-,N,NA,NA,NA,NA,NA,NA,NA,NA,NA,N,4,0,1,2,A,-,10,21950,NA,N,-,B,-,A,H,-,A,A,0,Y,NA,NA,NA,Y,NA,-,NA,0,0,1,0,1,0,0,0,0,-,-,NA,NA,SAN DIEGO,SAN DIEGO,-117.23621836,32.8641201
8057997,2016,2016-07-21,3711,2016-07-10,1411,7444,NA,7,5,7,3711,0,0,0,NA,0,627,5TH AV,UPAS ST,42,N,N,A,-,N,NA,NA,NA,NA,NA,NA,NA,NA,NA,N,4,0,1,2,A,-,04,21703,NA,M,C,G,A,A,H,-,A,D,0,NA,Y,NA,NA,Y,NA,A,01,0,0,1,0,0,0,1,0,0,-,-,NA,NA,SAN DIEGO,SAN DIEGO,-117.16036338,32.74091502
8062975,2016,2016-09-30,3700,2016-08-14,1537,SH7341,NA,7,5,4,3780,0,0,0,NA,0,415,OAK KNOLL RD,POMERADO RD,1085,E,N,A,-,N,NA,NA,NA,NA,NA,NA,NA,NA,NA,N,4,0,2,2,A,-,03,22350,NA,N,C,C,A,A,H,-,A,D,0,NA,NA,NA,NA,Y,NA,A,07,0,0,2,0,0,0,0,0,0,-,-,NA,NA,SAN DIEGO,POWAY,-117.05905833,32.95037875
8064971,2016,2016-06-17,3711,2016-06-08,1753,6134,SD,3,5,7,3711,0,0,0,NA,0,115,REGENTS RD,BERINO CT,110,N,N,A,-,N,NA,NA,NA,NA,NA,NA,NA,NA,NA,N,4,0,1,1,A,-,03,22350,NA,N,F,I,A,A,H,-,A,D,0,NA,NA,NA,NA,Y,NA,-,NA,0,0,1,0,0,0,0,0,0,-,-,NA,NA,SAN DIEGO,SAN DIEGO,-117.2222101,32.86410505
8065164,2016,2016-06-18,3700,2016-05-27,1534,SH0918,NA,5,5,5,3712,0,0,0,NA,0,359,WEST SAN MARCOS BL,VIA VERA CRUZ,628,E,N,A,-,N,NA,NA,NA,NA,NA,NA,NA,NA,NA,N,3,0,1,2,A,-,17,21209,NA,N,B,C,A,A,H,-,A,D,0,NA,NA,Y,NA,Y,NA,C,02,0,1,0,0,0,0,0,0,1,-,-,NA,NA,SAN DIEGO,SAN MARCOS,-117.18601711,33.13535987
8065269,2016,2016-06-18,3702,2016-04-24,2131,CV1111,NA,7,5,6,3702,0,0,0,NA,0,023,TELEGRAPH CANYON RD,OLEANDER AV,15,W,N,A,-,N,NA,NA,NA,NA,NA,NA,NA,NA,NA,Y,4,0,2,2,A,-,12,21453,A,N,A,C,A,A,H,-,C,A,0,NA,NA,NA,NA,Y,NA,A,01,0,0,2,0,0,0,0,0,0,-,-,NA,NA,SAN DIEGO,CHULA VISTA,-117.0367582,32.62787496
8065707,2016,2016-06-20,3703,2016-06-14,2044,1189,NA,2,5,3,3703,0,0,0,NA,0,002,CHURCHILL PL,CHURCHILL PL 1200,0,NA,-,A,-,N,NA,NA,NA,NA,NA,NA,NA,NA,NA,Y,4,0,1,2,A,-,08,22103,NA,N,D,C,A,A,H,-,D,D,0,NA,NA,NA,NA,Y,NA,A,01,0,0,1,0,0,0,0,0,0,-,-,NA,NA,SAN DIEGO,CORONADO,-117.17928886,32.68270616
8067443,2016,2016-07-06,3702,2016-04-27,1455,CV1018,NA,3,5,6,3702,0,0,0,NA,0,031,EAST H ST,PASEO DEL REY,67,W,N,A,-,N,NA,NA,NA,NA,NA,NA,NA,NA,NA,Y,2,0,3,4,A,-,09,21453,B,N,C,C,A,A,H,-,A,A,0,NA,NA,NA,NA,Y,NA,A,01,1,0,2,0,0,0,0,0,0,-,-,NA,NA,SAN DIEGO,CHULA VISTA,-117.02949572,32.63603892
8068114,2016,2016-06-22,3711,2016-06-07,1755,6837,NA,2,5,7,3711,0,0,0,NA,0,521,G ST,14TH ST,25,E,N,A,-,N,NA,NA,NA,NA,NA,NA,NA,NA,NA,N,4,0,1,2,A,-,09,21801,A,M,A,C,A,A,H,-,A,A,0,NA,NA,NA,NA,Y,NA,-,NA,0,0,1,0,0,0,0,0,0,-,-,NA,NA,SAN DIEGO,SAN DIEGO,-117.15183899,32.71261053
8068118,2016,2016-06-22,3711,2016-06-11,1520,8192,NA,6,5,7,3711,0,0,0,NA,0,838,EL CAJON BL,38TH ST,20,E,N,A,-,N,NA,NA,NA,NA,NA,NA,NA,NA,NA,N,4,0,2,2,A,-,08,22107,NA,N,B,C,A,A,H,-,A,A,0,NA,NA,NA,NA,Y,NA,A,01,0,0,2,0,0,0,0,0,0,-,-,NA,NA,SAN DIEGO,SAN DIEGO,-117.11141517,32.75526
8068137,2016,2016-06-29,3711,2016-06-09,1721,7181,SD,4,5,7,3711,0,0,0,NA,0,114,CLAIRMONT DR,CLAIREMONT MESA DR,3,S,N,A,-,N,NA,NA,NA,NA,NA,NA,NA,NA,NA,N,4,0,1,2,A,-,08,22107,NA,N,C,C,A,A,H,-,A,A,0,NA,NA,NA,NA,Y,NA,-,NA,0,0,1,0,0,0,0,0,0,-,-,NA,NA,SAN DIEGO,SAN DIEGO,-117.20615,32.82770178
8069934,2016,2016-07-12,3701,2016-06-10,1019,5291,104,5,5,5,3701,0,0,0,NA,0,008,EL CAMINIO REAL,LA COSTA AV,516,N,N,A,-,N,NA,NA,NA,NA,NA,NA,NA,NA,NA,N,3,0,1,2,A,-,09,21801,A,N,D,G,A,A,H,-,A,D,0,NA,Y,NA,NA,Y,NA,A,01,0,1,0,0,0,0,1,0,0,-,-,33.0869,-117.26877,SAN DIEGO,CARLSBAD,-117.26899029,33.08682146
8070185,2016,2016-06-28,3705,2016-06-14,0005,EC0319,NA,2,5,5,3705,0,0,0,NA,0,010,GRAVES AV,LLOYD PL,6,S,N,A,-,N,NA,NA,NA,NA,NA,NA,NA,NA,NA,Y,3,0,1,1,A,-,01,23152,A,N,E,I,A,A,H,-,C,A,0,NA,NA,NA,NA,Y,Y,A,01,0,1,0,0,0,0,0,0,0,-,-,NA,NA,SAN DIEGO,EL CAJON,-116.96035,32.8038
8070366,2016,2016-07-14,3700,2016-02-25,1308,SH5794,NA,4,5,5,3781,0,0,0,NA,0,516,MISSION GORGE RD,MESA RD,1031,W,N,A,-,N,NA,NA,NA,NA,NA,NA,NA,NA,NA,Y,3,0,2,2,A,-,09,21801,A,N,D,C,A,A,H,-,A,D,0,NA,NA,NA,NA,Y,NA,A,01,0,1,1,0,0,0,0,0,0,-,-,NA,NA,SAN DIEGO,SANTEE,-117.01660727,32.83582931
8070863,2016,2016-06-30,3702,2016-05-21,0330,CV1160,NA,6,5,6,3702,0,0,0,NA,0,021,OXFORD ST,BROADWAY,425,E,N,A,-,N,NA,NA,NA,NA,NA,NA,NA,NA,NA,Y,4,0,1,8,A,-,08,22107,NA,N,C,C,A,A,H,-,C,D,0,NA,NA,NA,NA,Y,NA,A,01,0,0,1,0,0,0,0,0,0,-,-,NA,NA,SAN DIEGO,CHULA VISTA,-117.07876232,32.60712404
8070868,2016,2016-06-30,3708,2016-05-30,1539,LM1117,NA,1,5,5,3708,0,0,0,NA,0,003,LAKE MURRAY BL,KIOWA DR,192,W,N,B,-,N,NA,NA,NA,NA,NA,NA,NA,NA,NA,Y,3,0,1,1,A,-,03,22350,NA,N,H,J,A,A,H,-,A,D,0,NA,NA,Y,NA,Y,NA,C,02,0,1,0,0,0,0,0,0,1,-,-,NA,NA,SAN DIEGO,LA MESA,-117.0411861,32.77926078
8072438,2016,2016-07-12,3711,2016-06-21,1324,4663,NA,2,5,7,3711,0,0,0,NA,0,242,MIRA MESA BL,WESTVIEW PKWY,0,NA,Y,A,-,N,NA,NA,NA,NA,NA,NA,NA,NA,NA,N,4,0,1,2,A,-,09,21453,B,M,B,C,A,A,H,-,A,A,0,NA,NA,NA,NA,Y,NA,-,NA,0,0,1,0,0,0,0,0,0,-,-,NA,NA,SAN DIEGO,SAN DIEGO,-117.12052007,32.9173201
8073270,2016,2016-07-12,3711,2016-06-20,1323,5985,NA,1,5,7,3711,0,0,0,NA,0,516,G ST,32ND ST,0,NA,Y,A,-,N,NA,NA,NA,NA,NA,NA,NA,NA,NA,N,2,0,1,2,A,-,11,21950,B,N,G,B,E,A,H,-,A,D,0,Y,NA,NA,Y,Y,NA,N,60,1,0,0,0,1,0,0,0,0,-,-,NA,NA,SAN DIEGO,SAN DIEGO,-117.12527004,32.71276009
8073719,2016,2016-07-13,3705,2016-06-10,1937,EC0295,NA,5,5,5,3705,0,0,0,NA,0,009,JAMACHA,DOROTHY,347,S,N,A,-,N,NA,NA,NA,NA,NA,NA,NA,NA,NA,N,4,0,1,2,A,-,00,21720,NA,N,D,C,A,A,H,-,A,D,0,NA,NA,Y,NA,Y,NA,C,03,0,0,1,0,0,0,0,0,1,-,-,NA,NA,SAN DIEGO,EL CAJON,-116.93202515,32.79115747
8074911,2016,2016-07-06,3711,2016-06-23,1957,6303,NA,4,5,7,3711,0,0,0,NA,0,517,21ST ST,E ST,55,N,N,A,-,N,NA,NA,NA,NA,NA,NA,NA,NA,NA,N,4,0,1,2,A,-,08,22107,NA,N,B,E,A,A,H,-,A,-,0,NA,NA,NA,NA,Y,Y,A,01,0,0,1,0,0,0,0,0,0,-,-,NA,NA,SAN DIEGO,SAN DIEGO,-117.14492145,32.71489066
8075585,2016,2016-08-11,3706,2016-06-11,1307,432,NA,6,5,6,3706,0,0,0,NA,0,042,BROADWAY,MISSION AV,0,NA,Y,A,-,N,NA,NA,78,NA,NA,NA,NA,NA,NA,Y,4,0,2,2,A,-,12,21453,A,N,D,C,A,A,H,-,A,A,0,NA,NA,NA,Y,Y,NA,F,26,0,0,2,0,0,0,0,0,0,-,-,33.13046,-117.08545,SAN DIEGO,ESCONDIDO,-117.08541363,33.13047594
8077056,2016,2016-07-14,3700,2016-03-01,1658,SH2405,NA,2,5,5,3781,0,0,0,NA,0,516,MISSION GORGE RD,HIGHLANDS MOBILE HOME PARK,0,NA,Y,A,-,N,NA,NA,NA,NA,NA,NA,NA,NA,NA,N,3,0,1,2,A,-,09,21801,A,N,D,G,A,A,H,-,A,-,0,NA,Y,NA,NA,Y,NA,A,01,0,1,0,0,0,0,1,0,0,-,-,NA,NA,SAN DIEGO,SANTEE,-117.035206,32.834335
8077106,2016,2016-07-13,3706,2016-07-01,1428,464,ESCON,5,5,6,3706,0,0,0,NA,0,042,BROADWAY,MISSION AV,105,N,N,A,-,N,NA,NA,78,NA,NA,NA,NA,NA,NA,Y,4,0,1,2,A,-,09,21801,A,N,D,C,A,A,H,-,A,A,0,NA,NA,NA,NA,Y,NA,A,01,0,0,1,0,0,0,0,0,0,-,-,33.13046,-117.08545,SAN DIEGO,ESCONDIDO,-117.08541363,33.13047594
8079797,2016,2016-07-13,3711,2016-07-13,1630,7315,3711,3,5,7,3711,0,0,0,NA,0,813,EL CAJON BL,IOWA ST,0,NA,-,A,-,N,NA,NA,NA,NA,NA,NA,NA,NA,NA,N,4,0,1,2,A,-,04,21703,NA,N,C,C,A,A,H,-,A,A,0,NA,NA,NA,NA,Y,NA,-,NA,0,0,1,0,0,0,0,0,0,-,-,NA,NA,SAN DIEGO,SAN DIEGO,-117.12646,32.75540009
8081056,2016,2016-09-27,3711,2016-07-15,1645,7073,NA,5,5,7,3711,0,0,0,NA,0,NA,MIDWAY DR,ROSECRANS ST,0,NA,Y,A,-,N,NA,NA,NA,NA,NA,NA,NA,NA,NA,N,3,0,1,2,A,-,11,21456,B,N,B,G,A,A,H,-,A,A,0,NA,Y,NA,NA,Y,NA,L,04,0,1,0,0,0,0,1,0,0,-,-,NA,NA,SAN DIEGO,SAN DIEGO,-117.20617001,32.74970006
8082252,2016,2016-08-30,3710,2016-06-26,1820,OC1197,NA,7,5,6,3710,0,0,0,NA,0,016,EL CAMINIO REAL,COCONUT WY,0,NA,Y,A,-,N,NA,NA,NA,NA,NA,NA,NA,NA,NA,Y,4,0,1,2,A,-,08,22100,B,N,D,C,A,A,H,-,C,D,0,NA,NA,NA,NA,Y,NA,A,01,0,0,1,0,0,0,0,0,0,-,-,NA,NA,SAN DIEGO,OCEANSIDE,-117.32949346,33.22921844