CASE_ID,ACCIDENT_YEAR,PROC_DATE,JURIS,COLLISION_DATE,COLLISION_TIME,OFFICER_ID,REPORTING_DISTRICT,DAY_OF_WEEK,CHP_SHIFT,POPULATION,CNTY_CITY_LOC,SPECIAL_COND,BEAT_TYPE,CHP_BEAT_TYPE,CITY_DIVISION_LAPD,CHP_BEAT_CLASS,BEAT_NUMBER,PRIMARY_RD,SECONDARY_RD,DISTANCE,DIRECTION,INTERSECTION,WEATHER_1,WEATHER_2,STATE_HWY_IND,CALTRANS_COUNTY,CALTRANS_DISTRICT,STATE_ROUTE,ROUTE_SUFFIX,POSTMILE_PREFIX,POSTMILE,LOCATION_TYPE,RAMP_INTERSECTION,SIDE_OF_HWY,TOW_AWAY,COLLISION_SEVERITY,NUMBER_KILLED,NUMBER_INJURED,PARTY_COUNT,PRIMARY_COLL_FACTOR,PCF_CODE_OF_VIOL,PCF_VIOL_CATEGORY,PCF_VIOLATION,PCF_VIOL_SUBSECTION,HIT_AND_RUN,TYPE_OF_COLLISION,MVIW,PED_ACTION,ROAD_SURFACE,ROAD_COND_1,ROAD_COND_2,LIGHTING,CONTROL_DEVICE,CHP_ROAD_TYPE,PEDESTRIAN_ACCIDENT,BICYCLE_ACCIDENT,MOTORCYCLE_ACCIDENT,TRUCK_ACCIDENT,NOT_PRIVATE_PROPERTY,ALCOHOL_INVOLVED,STWD_VEHTYPE_AT_FAULT,CHP_VEHTYPE_AT_FAULT,COUNT_SEVERE_INJ,COUNT_VISIBLE_INJ,COUNT_COMPLAINT_PAIN,COUNT_PED_KILLED,COUNT_PED_INJURED,COUNT_BICYCLIST_KILLED,COUNT_BICYCLIST_INJURED,COUNT_MC_KILLED,COUNT_MC_INJURED,PRIMARY_RAMP,SECONDARY_RAMP,LATITUDE,LONGITUDE,COUNTY,CITY,POINT_X,POINT_Y
81409522,2021,2021-02-17,3706,2021-02-04,1810,461,ESCON,4,5,6,3706,0,0,0,NA,0,041,CONWAY DR,LAKE FOREST ST,292,N,N,A,-,N,NA,NA,NA,NA,NA,NA,NA,NA,NA,N,3,0,1,2,A,-,08,22107,NA,N,B,E,A,A,H,-,C,D,0,NA,NA,NA,NA,Y,NA,A,01,0,1,0,0,0,0,0,0,0,-,-,33.16582107543945,-117.08379364013672,SAN DIEGO,ESCONDIDO,-117.08396911621094,33.16678237915039
81411301,2021,2021-02-19,3706,2021-02-10,2331,473,ESCON,3,5,6,3706,0,0,0,NA,0,054,VALLEY PY,MIDWAY DR,0,NA,Y,A,-,N,NA,NA,NA,NA,NA,NA,NA,NA,NA,N,3,0,1,2,A,-,08,22107,NA,N,C,G,A,A,H,-,C,A,0,NA,Y,NA,NA,Y,NA,A,01,0,1,0,0,0,0,1,0,0,-,-,33.13711166381836,-117.05198669433594,SAN DIEGO,ESCONDIDO,-117.05181121826172,33.13751220703125
8141408,2016,2016-10-12,3705,2016-09-21,0710,EC0281,NA,3,5,5,3705,0,0,0,NA,0,006,MARSHALL,PALM,0,NA,Y,C,-,N,NA,NA,NA,NA,NA,NA,NA,NA,NA,Y,4,0,1,2,A,-,12,21453,A,N,A,C,A,B,H,-,A,A,0,NA,NA,NA,NA,Y,NA,A,07,0,0,1,0,0,0,0,0,0,-,-,NA,NA,SAN DIEGO,EL CAJON,-116.97551005,32.79133001
8141776,2016,2016-10-13,3711,2016-09-15,1915,7255,NA,4,5,7,3711,0,0,0,NA,0,611,CAMINO DEL RIO W,MOORE ST,83,E,N,A,-,N,NA,NA,NA,NA,NA,NA,NA,NA,NA,Y,3,0,5,2,A,-,17,21461,A,N,D,C,A,A,H,-,C,D,0,NA,NA,NA,NA,Y,Y,A,01,0,2,3,0,0,0,0,0,0,-,-,NA,NA,SAN DIEGO,SAN DIEGO,-117.20492954,32.7555948
8141831,2016,2017-02-06,3711,2016-09-29,0521,6398,NA,4,5,7,3711,0,0,0,NA,0,446,IMPERIAL AV,47TH ST,80,E,N,A,-,N,NA,NA,NA,NA,NA,NA,NA,NA,NA,N,4,0,1,2,A,-,11,21955,NA,M,G,B,D,A,H,-,C,D,0,Y,NA,NA,NA,Y,Y,N,60,0,0,1,0,1,0,0,0,0,-,-,NA,NA,SAN DIEGO,SAN DIEGO,-117.09344082,32.70415
8141939,2016,2016-10-12,3711,2016-10-04,1315,5245,NA,2,5,7,3711,0,0,0,NA,0,322,MISSION GORGE RD,OLD CLIFFS RD,0,NA,Y,A,-,N,NA,NA,NA,NA,NA,NA,NA,NA,NA,Y,3,0,2,2,A,-,12,21453,A,N,D,C,A,A,H,-,A,A,0,NA,NA,NA,NA,Y,NA,-,NA,0,1,1,0,0,0,0,0,0,-,-,NA,NA,SAN DIEGO,SAN DIEGO,-117.09177011,32.79974001
8141995,2016,2016-10-13,3711,2016-10-02,1310,5278,NA,7,5,7,3711,0,0,0,NA,0,235,SAN PASQUAL VALLEY RD,YSABEL CREEK RD,0,NA,Y,A,-,N,NA,NA,NA,NA,NA,NA,NA,NA,NA,Y,3,0,2,2,A,-,09,21801,A,N,D,C,A,A,H,-,A,D,0,NA,NA,NA,NA,Y,NA,A,01,0,2,0,0,0,0,0,0,0,-,-,NA,NA,SAN DIEGO,SAN DIEGO,-116.98961001,33.0858401
8142405,2016,2016-10-20,3708,2016-09-30,1506,IM1267,NA,5,5,5,3708,0,0,0,NA,0,001,UNIVERSITY AV,MARIAN ST,306,E,N,A,-,N,NA,NA,NA,NA,NA,NA,NA,NA,NA,Y,4,0,1,3,A,-,08,22107,NA,N,B,E,A,A,D,-,A,D,0,NA,NA,NA,NA,Y,NA,A,01,0,0,1,0,0,0,0,0,0,-,-,NA,NA,SAN DIEGO,LA MESA,-117.0456725,32.75456
81436575,2021,2021-03-26,3706,2021-03-09,2059,530,ESCON,2,5,6,3706,0,0,0,NA,0,051,BEAR VALLEY PY,BEETHOVEN DR,52,W,N,A,-,N,NA,NA,NA,NA,NA,NA,NA,NA,NA,Y,4,0,1,2,A,-,03,22350,NA,F,C,C,A,B,H,-,C,A,0,NA,NA,NA,NA,Y,Y,D,22,0,0,1,0,0,0,0,0,0,-,-,33.0689582824707,-117.06111907958984,SAN DIEGO,ESCONDIDO,-117.0609893798828,33.069190979003906
8144342,2016,2016-12-03,3711,2016-07-29,1800,7386,NA,5,5,7,3711,0,0,0,NA,0,524,5TH AV,ASH ST,17,S,N,A,-,N,NA,NA,NA,NA,NA,NA,NA,NA,NA,Y,4,0,1,2,A,-,12,21453,A,N,D,D,A,A,H,-,A,A,0,NA,NA,NA,NA,Y,NA,A,01,0,0,1,0,0,0,0,0,0,-,-,NA,NA,SAN DIEGO,SAN DIEGO,-117.16019,32.71984343
8144479,2016,2017-02-28,3701,2016-11-17,2129,5487,123,4,5,5,3701,0,0,0,NA,0,008,LA COSTA AV,RANCHO SANTA FE RD,135,E,N,A,-,N,NA,NA,NA,NA,NA,NA,NA,NA,NA,Y,4,0,1,2,A,-,01,23152,A,N,C,C,A,A,H,-,C,A,0,NA,NA,NA,NA,Y,Y,A,01,0,0,1,0,0,0,0,0,0,-,-,NA,NA,SAN DIEGO,CARLSBAD,-117.23663059,33.08135613
81447560,2021,2021-04-12,3706,2021-03-20,2138,548,ESCON,6,5,6,3706,0,0,0,NA,0,042,VALLEY PY,JUNIPER ST,0,NA,Y,A,-,N,NA,NA,NA,NA,NA,NA,NA,NA,NA,Y,4,0,1,2,A,-,09,21801,A,N,A,C,A,A,H,-,C,A,0,NA,NA,NA,NA,Y,Y,A,01,0,0,1,0,0,0,0,0,0,-,-,33.12395095825195,-117.07933807373048,SAN DIEGO,ESCONDIDO,-117.07939910888672,33.12394332885742
81447563,2021,2021-04-12,3706,2021-04-01,0812,544,ESCON,4,5,6,3706,0,0,0,NA,0,043,I-15 SB OFF RA,EL NORTE PKWY,19,S,N,A,-,Y,NA,NA,15,NA,NA,NA,R,NA,S,Y,3,0,1,2,A,-,03,22350,NA,M,C,C,A,A,H,-,A,A,0,NA,NA,NA,NA,Y,NA,A,01,0,1,0,0,0,0,0,0,0,-,-,33.146728515625,-117.10468292236328,SAN DIEGO,ESCONDIDO,-117.10468292236328,33.146728515625
8146117,2016,2016-12-29,3706,2016-10-06,1334,374,ESCON,4,5,6,3706,0,0,0,NA,0,043,CENTRE CITY PKWY,EL NORTE PKWY,0,NA,Y,A,-,N,NA,NA,NA,NA,NA,NA,NA,NA,NA,Y,4,0,2,2,A,-,09,21453,C,N,D,C,A,A,H,-,A,A,0,NA,NA,NA,Y,Y,NA,A,01,0,0,2,0,0,0,0,0,0,-,-,33.13977,-117.09332,SAN DIEGO,ESCONDIDO,-117.09339013,33.13979005
8146196,2016,2016-10-17,3706,2016-10-07,1509,429,ESCON,5,5,6,3706,0,0,0,NA,0,043,IRIS LN,FOREST GLEN,82,N,N,A,-,N,NA,NA,NA,NA,NA,NA,NA,NA,NA,Y,4,0,3,4,A,-,03,22350,NA,N,C,C,A,A,H,-,A,D,0,NA,NA,NA,NA,Y,NA,A,01,0,0,3,0,0,0,0,0,0,-,-,33.14901,-117.09652,SAN DIEGO,ESCONDIDO,-117.09634336,33.14918949
8146211,2016,2016-10-17,3706,2016-10-11,1845,359,NA,2,5,6,3706,0,0,0,NA,0,052,2ND AV,BROADWAY,0,NA,Y,A,-,N,NA,NA,NA,NA,NA,NA,NA,NA,NA,N,4,0,2,2,A,-,08,22100,B,N,B,C,A,A,H,-,C,A,0,NA,NA,NA,NA,Y,NA,A,01,0,0,2,0,0,0,0,0,0,-,-,33.12075,-117.0808,SAN DIEGO,ESCONDIDO,-117.08086012,33.12073007
81465819,2021,2021-05-05,3701,2021-05-01,0515,CB5539,084,6,5,5,3701,0,0,0,NA,0,006,MELROSE DR,PALOMAR AIRPORT RD,0,NA,Y,A,-,N,NA,NA,NA,NA,NA,NA,NA,NA,NA,Y,3,0,2,2,A,-,12,21453,A,N,D,D,A,A,H,-,C,A,0,NA,NA,NA,NA,Y,NA,A,01,0,1,1,0,0,0,0,0,0,-,-,33.130210876464844,-117.24543762207033,SAN DIEGO,CARLSBAD,-117.24546813964844,33.1302604675293
8146681,2016,2017-03-24,3711,2016-10-04,1027,5985,NA,2,5,7,3711,0,0,0,NA,0,526,A ST,10TH AV,0,NA,Y,A,-,N,NA,NA,NA,NA,NA,NA,NA,NA,NA,Y,4,0,2,2,D,-,00,NA,NA,N,D,C,A,A,H,-,A,A,0,NA,NA,NA,NA,Y,NA,-,-,0,0,2,0,0,0,0,0,0,-,-,NA,NA,SAN DIEGO,SAN DIEGO,-117.15562006,32.71886007
81489288,2021,2021-06-04,3701,2021-05-23,0846,CB5548,012,7,5,5,3701,0,0,0,NA,0,003,CARLSBAD VILLAGE DR,MONROE ST,0,NA,Y,A,-,N,NA,NA,NA,NA,NA,NA,NA,NA,NA,N,3,0,1,1,A,-,08,22107,NA,N,H,A,A,A,H,-,A,A,0,NA,Y,NA,NA,Y,NA,L,04,0,1,0,0,0,0,1,0,0,-,-,33.16950988769531,-117.33155059814452,SAN DIEGO,CARLSBAD,-117.33280181884766,33.168697357177734
8148962,2016,2016-10-20,3705,2016-10-04,1007,EC0279,NA,2,5,5,3705,0,0,0,NA,0,006,WEST MAIN ST,DOUGLAS AV,177,W,N,A,-,N,NA,NA,NA,NA,NA,NA,NA,NA,NA,N,4,0,1,3,A,-,08,22107,NA,N,B,C,A,A,H,-,A,A,0,NA,NA,NA,NA,Y,NA,A,01,0,0,1,0,0,0,0,0,0,-,-,NA,NA,SAN DIEGO,EL CAJON,-116.96786,32.79457
81490028,2021,2021-06-07,3706,2021-06-02,0958,547,ESCON,3,5,6,3706,0,0,0,NA,0,055,09TH AV,PINE ST,24,W,N,A,-,N,NA,NA,NA,NA,NA,NA,NA,NA,NA,N,4,0,1,2,A,-,03,22350,NA,N,C,C,A,A,H,-,A,A,0,NA,NA,NA,NA,Y,NA,A,01,0,0,1,0,0,0,0,0,0,-,-,33.111690521240234,-117.08199310302734,SAN DIEGO,ESCONDIDO,-117.082077,33.111622
8149045,2016,2017-01-19,3705,2016-10-02,2220,EC0354,NA,7,5,5,3705,0,0,0,NA,0,007,N MOLLISON AV,BRADLEY,830,N,N,A,-,N,NA,NA,NA,NA,NA,NA,NA,NA,NA,Y,2,0,1,3,A,-,03,22350,NA,N,C,E,A,A,H,-,D,D,0,NA,NA,NA,NA,Y,Y,A,01,1,0,0,0,0,0,0,0,0,-,-,NA,NA,SAN DIEGO,EL CAJON,-116.94975,32.82138714
81494594,2021,2021-06-11,3706,2021-06-01,1707,548,ESCON,2,5,6,3706,0,0,0,NA,0,046,LINCOLN AV,MIDWAY DR,0,NA,Y,A,-,N,NA,NA,NA,NA,NA,NA,NA,NA,NA,N,3,0,1,2,A,-,12,22450,A,F,D,C,A,A,H,-,A,D,0,NA,NA,NA,NA,Y,NA,A,01,0,1,0,0,0,0,0,0,0,-,-,33.147071838378906,-117.05893707275392,SAN DIEGO,ESCONDIDO,-117.0588607788086,33.14738845825195
81494675,2021,2021-06-11,3701,2021-05-24,1720,CB5562,068,1,5,5,3701,0,0,0,NA,0,002,CARLSBAD BL,CEREZO DR,0,NA,Y,A,-,N,NA,NA,NA,NA,NA,NA,NA,NA,NA,N,3,0,1,2,A,-,06,21755,NA,N,D,C,A,A,H,-,A,A,0,NA,NA,Y,NA,Y,NA,C,02,0,1,0,0,0,0,0,0,1,-,-,33.1285285949707,-117.33273315429688,SAN DIEGO,CARLSBAD,-117.33269500732422,33.1285514831543
8149695,2016,2016-10-24,3710,2016-09-30,0602,OC1211,NA,5,5,6,3710,0,0,0,NA,0,019,NORTH RIVER RD,LEON ST,987,W,N,A,-,N,NA,NA,NA,NA,NA,NA,NA,NA,NA,Y,3,0,1,1,A,-,03,22350,NA,N,A,I,A,A,H,-,B,A,0,NA,NA,NA,NA,Y,NA,A,01,0,1,0,0,0,0,0,0,0,-,-,NA,NA,SAN DIEGO,OCEANSIDE,-117.29337766,33.25584045
8149733,2016,2016-10-24,3710,2016-10-06,1310,OC1065,NA,4,5,6,3710,0,0,0,NA,0,031,CANNON RD,LAKE BL,220,E,N,A,-,N,NA,NA,NA,NA,NA,NA,NA,NA,NA,Y,4,0,1,2,A,-,08,22100,A,N,D,C,A,A,H,-,A,D,0,NA,NA,NA,NA,Y,NA,A,01,0,0,1,0,0,0,0,0,0,-,-,NA,NA,SAN DIEGO,OCEANSIDE,-117.25435151,33.17117735
81500107,2021,2021-06-18,3701,2021-06-14,0708,CB5434,002,1,5,5,3701,0,0,0,NA,0,001,GRAND AV,STATE ST,139,E,N,A,-,N,NA,NA,NA,NA,NA,NA,NA,NA,NA,Y,4,0,1,1,A,-,01,23152,A,N,E,I,A,A,H,-,A,D,0,NA,NA,NA,NA,Y,NA,A,01,0,0,1,0,0,0,0,0,0,-,-,33.16061019897461,-117.34957885742188,SAN DIEGO,CARLSBAD,-117.34925079345705,33.1609001159668
8150290,2016,2016-10-31,3700,2016-06-21,1615,SH7710,NA,2,5,5,3781,0,0,0,NA,0,507,NORTH MAGNOLIA AV,EL NOPAL,143,S,N,A,-,N,NA,NA,NA,NA,NA,NA,NA,NA,NA,Y,3,0,2,2,A,-,05,21650,NA,N,A,C,A,A,H,-,A,A,0,NA,NA,NA,NA,Y,NA,A,01,0,1,1,0,0,0,0,0,0,-,-,NA,NA,SAN DIEGO,SANTEE,-116.97115297,32.86196837
81504879,2021,2021-06-24,3701,2021-06-07,1622,CB5542,091,1,5,5,3701,0,0,0,NA,0,007,EL CAMINO REAL,POINSETTIA LN,0,NA,Y,A,-,N,NA,NA,NA,NA,NA,NA,NA,NA,NA,Y,4,0,1,2,A,-,12,21453,A,N,D,C,A,A,H,-,A,A,0,NA,NA,NA,NA,Y,NA,A,01,0,0,1,0,0,0,0,0,0,-,-,33.10942840576172,-117.26978302001952,SAN DIEGO,CARLSBAD,-117.2697982788086,33.109649658203125
8151103,2016,2018-02-13,3710,2016-10-12,0905,OC1322,NA,3,5,6,3710,0,0,0,NA,0,010,RT 76,RT 5,45,E,N,A,-,Y,SD,11,76,-,R,0.09,H,-,W,Y,4,0,3,3,A,-,07,21658,A,N,C,C,A,A,H,-,A,A,0,NA,NA,NA,NA,Y,NA,A,01,0,0,3,0,0,0,0,0,0,-,-,NA,NA,SAN DIEGO,OCEANSIDE,-117.38278743,33.20620551
8151111,2016,2016-10-26,3710,2016-10-07,1536,OC1428,NA,5,5,6,3710,0,0,0,NA,0,026,RANCHO DEL ORO DR,VIZCAYA WY,0,NA,Y,A,-,N,NA,NA,NA,NA,NA,NA,NA,NA,NA,Y,4,0,1,2,A,-,12,21453,A,N,D,C,A,A,H,-,A,A,0,NA,NA,NA,NA,Y,NA,A,01,0,0,1,0,0,0,0,0,0,-,-,NA,NA,SAN DIEGO,OCEANSIDE,-117.30937004,33.19271003
8151433,2016,2017-02-06,3705,2016-09-19,2157,EC0324,NA,1,5,5,3705,0,0,0,NA,0,009,WASHINGTON,WATERLOO,11,W,N,A,-,N,NA,NA,NA,NA,NA,NA,NA,NA,NA,Y,4,0,2,2,A,-,03,22350,NA,N,C,C,A,A,H,-,C,D,0,NA,NA,NA,NA,Y,NA,A,01,0,0,2,0,0,0,0,0,0,-,-,NA,NA,SAN DIEGO,EL CAJON,-116.92217566,32.78719
81515245,2021,2021-07-08,3706,2021-07-02,2047,346,ESCON,5,5,6,3706,0,0,0,NA,0,042,ASH ST,VALLEY PY,97,N,N,A,-,Y,NA,NA,78,NA,NA,NA,NA,NA,NA,N,4,0,1,2,A,-,09,21804,A,N,B,C,A,A,A,D,C,A,0,NA,NA,Y,NA,Y,Y,A,07,0,0,1,0,0,0,0,0,1,-,-,33.13018035888672,-117.06726837158205,SAN DIEGO,ESCONDIDO,-117.06697845458984,33.13032531738281
81518552,2021,2021-07-13,3706,2021-06-30,1905,544,ESCON,3,5,6,3706,0,0,0,NA,0,041,BROADWAY,STANLEY AV,0,NA,Y,A,-,N,NA,NA,NA,NA,NA,NA,NA,NA,NA,Y,4,0,2,2,A,-,09,21802,A,N,D,C,A,A,H,-,B,A,0,NA,NA,NA,NA,Y,NA,A,01,0,0,2,0,0,0,0,0,0,-,-,33.15658187866211,-117.0922393798828,SAN DIEGO,ESCONDIDO,-117.09219360351563,33.15654754638672
8151871,2016,2016-10-26,3711,2016-10-14,2126,64558,NA,5,5,7,3711,0,0,0,NA,0,523,L ST,5TH AV,68,E,N,A,-,N,NA,NA,NA,NA,NA,NA,NA,NA,NA,N,4,0,1,2,A,-,08,22107,NA,N,A,G,A,A,H,-,C,A,0,NA,Y,NA,NA,Y,Y,-,NA,0,0,1,0,0,0,1,0,0,-,-,NA,NA,SAN DIEGO,SAN DIEGO,-117.15998984,32.70727734
8151901,2016,2016-10-26,3711,2016-10-12,0845,7040,NA,3,5,7,3711,0,0,0,NA,0,841,UNIVERSITY AV,COLLEGE AV,30,E,N,A,-,N,NA,NA,NA,NA,NA,NA,NA,NA,NA,N,4,0,1,2,A,-,09,21804,A,N,D,G,A,A,H,-,A,D,0,NA,Y,NA,NA,Y,NA,-,NA,0,0,1,0,0,0,1,0,0,-,-,NA,NA,SAN DIEGO,SAN DIEGO,-117.06438847,32.75288774
8151954,2016,2016-12-02,3711,2016-10-14,1426,7266,NA,5,5,7,3711,0,0,0,NA,0,627,BACHMAN PL,LEWIS ST,5,N,N,A,-,N,NA,NA,NA,NA,NA,NA,NA,NA,NA,N,3,0,1,2,A,-,08,22107,NA,N,G,B,B,A,H,-,A,D,0,Y,NA,NA,NA,Y,NA,N,60,0,1,0,0,1,0,0,0,0,-,-,NA,NA,SAN DIEGO,SAN DIEGO,-117.16321042,32.75187369
81523976,2021,2021-07-20,3706,2021-07-01,2119,540,ESCON,4,5,6,3706,0,0,0,NA,0,051,CENTRE CITY PY,UNNAMED PUBLIC RD (E),0,NA,Y,A,-,N,NA,NA,NA,NA,NA,NA,NA,NA,NA,Y,4,0,2,2,A,-,09,21802,A,N,D,C,A,A,H,-,C,A,0,NA,NA,NA,NA,Y,NA,A,07,0,0,2,0,0,0,0,0,0,-,-,33.08654022216797,-117.07187652587892,SAN DIEGO,ESCONDIDO,NA,NA
81523984,2021,2021-07-20,3706,2021-07-12,0948,455,ESCON,1,5,6,3706,0,0,0,NA,0,044,WASHINGTON AV,ROSE ST,0,NA,Y,A,-,N,NA,NA,NA,NA,NA,NA,NA,NA,NA,N,4,0,1,2,A,-,04,21703,NA,N,C,C,A,A,H,-,A,A,0,NA,NA,NA,NA,Y,NA,D,22,0,0,1,0,0,0,0,0,0,-,-,33.13724136352539,-117.06095123291016,SAN DIEGO,ESCONDIDO,-117.06089782714844,33.13728713989258
81528355,2021,2021-07-26,3706,2021-07-13,0719,445,ESCON,2,5,6,3706,0,0,0,NA,0,053,CENTRE CITY PY,ESCONDIDO BL,56,N,N,A,-,Y,NA,NA,NA,NA,NA,NA,NA,NA,NA,Y,3,0,2,4,A,-,08,22107,NA,N,B,C,A,A,H,-,A,A,0,NA,NA,NA,NA,Y,NA,A,01,0,1,1,0,0,0,0,0,0,-,-,33.097190856933594,-117.07163238525392,SAN DIEGO,ESCONDIDO,-117.07135009765624,33.08671188354492
81531332,2021,2021-07-29,3701,2021-07-05,1824,CB5570,079,1,5,5,3701,0,0,0,NA,0,006,EL CAMINO REAL,PALOMAR AIRPORT RD,70,N,N,A,-,N,NA,NA,NA,NA,NA,NA,NA,NA,NA,Y,3,0,1,1,A,-,03,22350,NA,N,E,I,A,A,H,-,A,A,0,NA,NA,Y,NA,Y,NA,C,02,0,1,0,0,0,0,0,0,1,-,-,33.129581451416016,-117.26673889160156,SAN DIEGO,CARLSBAD,-117.26681518554688,33.129852294921875
8141428,2016,2016-10-11,3705,2016-09-10,2212,EC0351,NA,6,5,5,3705,0,0,0,NA,0,008,EMERALD AV,CHAMBERLAIN AV,51,S,N,A,-,N,NA,NA,NA,NA,NA,NA,NA,NA,NA,Y,4,0,1,3,A,-,01,23152,A,N,A,E,A,A,H,-,C,D,0,NA,NA,NA,NA,Y,Y,A,08,0,0,1,0,0,0,0,0,0,-,-,NA,NA,SAN DIEGO,EL CAJON,-116.96879924,32.78935033
8144127,2016,2016-11-30,3706,2016-11-02,1132,223,ESCON,3,5,6,3706,0,0,0,NA,0,055,2ND AV,QUINCE ST,0,NA,Y,A,-,N,NA,NA,NA,NA,NA,NA,NA,NA,NA,Y,4,0,1,2,A,-,12,21453,A,N,D,C,A,A,H,-,A,A,0,NA,NA,NA,NA,Y,NA,D,22,0,0,1,0,0,0,0,0,0,-,-,NA,NA,SAN DIEGO,ESCONDIDO,-117.08789008,33.11779008
81536241,2021,2021-08-04,3706,2021-07-03,1055,1862,ESCON,6,5,6,3706,0,0,0,NA,0,045,VALLEY PY,CITRACADO PY,0,NA,Y,A,-,N,NA,NA,NA,NA,NA,NA,NA,NA,NA,Y,4,0,1,2,A,-,12,21453,A,N,D,C,A,A,H,-,A,A,0,NA,NA,NA,NA,Y,NA,A,01,0,0,1,0,0,0,0,0,0,-,-,33.09782028198242,-117.11074829101563,SAN DIEGO,ESCONDIDO,-117.11077880859376,33.09775161743164
8153650,2016,2016-12-28,3706,2016-09-15,1530,424,ESCON,4,5,6,3706,0,0,0,NA,0,052,2ND AV,JUNIPER ST,0,NA,Y,A,-,N,NA,NA,NA,NA,NA,NA,NA,NA,NA,N,4,0,1,2,A,-,03,22350,NA,M,E,I,A,A,H,-,A,A,0,NA,NA,NA,NA,Y,NA,A,01,0,0,1,0,0,0,0,0,0,-,-,NA,NA,SAN DIEGO,ESCONDIDO,-117.07809002,33.12212005
81542976,2021,2021-08-12,3706,2021-08-06,1033,510,ESCON,5,5,6,3706,0,0,0,NA,0,054,GRAND AV,ROSE ST,0,NA,Y,A,-,N,NA,NA,NA,NA,NA,NA,NA,NA,NA,N,3,0,1,2,A,-,09,21453,C,N,G,B,B,A,H,-,A,A,0,Y,NA,NA,NA,Y,NA,A,01,0,1,0,0,1,0,0,0,0,-,-,33.130859375,-117.05748748779295,SAN DIEGO,ESCONDIDO,-117.05741119384766,33.13076400756836
81548529,2021,2021-08-19,3706,2021-08-02,0850,450,ESCON,1,5,6,3706,0,0,0,NA,0,045,BARHAM DR,MEYERS AV,185,E,N,A,-,N,NA,NA,NA,NA,NA,NA,NA,NA,NA,Y,4,0,2,2,A,-,09,21804,A,N,D,C,A,A,H,-,A,D,0,NA,NA,NA,NA,Y,NA,A,01,0,0,2,0,0,0,0,0,0,-,-,33.132869720458984,-117.12863159179688,SAN DIEGO,ESCONDIDO,-117.12787628173828,33.13252258300781
81548776,2021,2021-08-19,3701,2021-07-18,1337,CB5494,032,7,5,5,3701,0,0,0,NA,0,003,HILLSIDE DR,SKYLINE RD,150,E,N,A,-,N,NA,NA,NA,NA,NA,NA,NA,NA,NA,N,3,0,1,1,A,-,08,22107,NA,N,H,A,A,A,H,-,A,D,0,NA,Y,NA,NA,Y,NA,L,04,0,1,0,0,0,0,1,0,0,-,-,33.149539947509766,-117.31980895996094,SAN DIEGO,CARLSBAD,-117.31957244873048,33.149192810058594
8155283,2016,2016-11-01,3710,2016-10-20,2139,OC1416,NA,4,5,6,3710,0,0,0,NA,0,028,AVENIDA DE LA PLATA,AVENIDA DE SUENOS,285,S,N,A,-,N,NA,NA,NA,NA,NA,NA,NA,NA,NA,N,4,0,1,1,A,-,03,22350,NA,N,E,I,A,A,H,-,C,D,0,NA,NA,Y,NA,Y,NA,C,02,0,0,1,0,0,0,0,0,1,-,-,NA,NA,SAN DIEGO,OCEANSIDE,-117.28111748,33.21560519
8155481,2016,2016-11-01,3711,2016-10-19,0750,7535,NA,3,5,7,3711,0,0,0,NA,0,937,ARTESIAN RD,ARTESIAN RD 8181,108,W,N,A,-,N,NA,NA,NA,NA,NA,NA,NA,NA,NA,N,4,0,1,2,A,-,03,22350,NA,N,G,B,E,A,H,-,A,D,0,Y,NA,NA,NA,Y,NA,A,01,0,0,1,0,1,0,0,0,0,-,-,NA,NA,SAN DIEGO,SAN DIEGO,NA,NA
8155513,2016,2016-11-01,3711,2016-10-19,1229,7426,3711,3,5,7,3711,0,0,0,NA,0,122,GARNET AV,MISSION BAY DR,0,NA,Y,A,-,N,NA,NA,NA,NA,NA,NA,NA,NA,NA,N,4,0,1,1,A,-,00,22351,A,N,-,-,A,A,H,-,A,-,0,NA,NA,Y,NA,Y,NA,-,-,0,0,1,0,0,0,0,0,1,-,-,NA,NA,SAN DIEGO,SAN DIEGO,-117.21897002,32.806150099999996
81558911,2021,2021-08-31,3706,2021-08-02,1351,318,ESCON,1,5,6,3706,0,0,0,NA,0,056,LAKE WOHLFORD RD,FOXLEY DR,357,E,N,A,-,N,NA,NA,NA,NA,NA,NA,NA,NA,NA,Y,2,0,3,1,A,-,03,22350,NA,N,E,I,A,A,H,-,A,D,0,NA,NA,NA,NA,Y,NA,D,22,3,0,0,0,0,0,0,0,0,-,-,33.1603889465332,-117.02873229980467,SAN DIEGO,ESCONDIDO,-117.0278549194336,33.16066360473633
81559040,2021,2021-08-31,3701,2021-07-30,1106,CB5484,057,5,5,5,3701,0,0,0,NA,0,005,COLLEGE BL,SALK AV,10,S,N,A,-,N,NA,NA,NA,NA,NA,NA,NA,NA,NA,N,1,1,0,2,A,-,11,21954,A,F,G,B,E,A,H,-,C,A,0,Y,NA,NA,NA,Y,Y,N,60,0,0,0,1,0,0,0,0,0,-,-,33.13978958129883,-117.28279876708984,SAN DIEGO,CARLSBAD,-117.28379058837892,33.13932418823242
81565837,2021,2021-09-09,3706,2021-08-27,0631,1833,ESCON,5,5,6,3706,0,0,0,NA,0,052,SAN PASQUAL VALLEY RD,GRAND AV,0,NA,Y,A,-,N,NA,NA,NA,NA,NA,NA,NA,NA,NA,Y,4,0,1,3,A,-,03,22350,NA,F,C,C,A,A,H,-,A,A,0,NA,NA,NA,NA,Y,NA,A,01,0,0,1,0,0,0,0,0,0,-,-,33.126888275146484,-117.06578826904295,SAN DIEGO,ESCONDIDO,-117.065538,33.127192