CASE_ID,ACCIDENT_YEAR,PROC_DATE,JURIS,COLLISION_DATE,COLLISION_TIME,OFFICER_ID,REPORTING_DISTRICT,DAY_OF_WEEK,CHP_SHIFT,POPULATION,CNTY_CITY_LOC,SPECIAL_COND,BEAT_TYPE,CHP_BEAT_TYPE,CITY_DIVISION_LAPD,CHP_BEAT_CLASS,BEAT_NUMBER,PRIMARY_RD,SECONDARY_RD,DISTANCE,DIRECTION,INTERSECTION,WEATHER_1,WEATHER_2,STATE_HWY_IND,CALTRANS_COUNTY,CALTRANS_DISTRICT,STATE_ROUTE,ROUTE_SUFFIX,POSTMILE_PREFIX,POSTMILE,LOCATION_TYPE,RAMP_INTERSECTION,SIDE_OF_HWY,TOW_AWAY,COLLISION_SEVERITY,NUMBER_KILLED,NUMBER_INJURED,PARTY_COUNT,PRIMARY_COLL_FACTOR,PCF_CODE_OF_VIOL,PCF_VIOL_CATEGORY,PCF_VIOLATION,PCF_VIOL_SUBSECTION,HIT_AND_RUN,TYPE_OF_COLLISION,MVIW,PED_ACTION,ROAD_SURFACE,ROAD_COND_1,ROAD_COND_2,LIGHTING,CONTROL_DEVICE,CHP_ROAD_TYPE,PEDESTRIAN_ACCIDENT,BICYCLE_ACCIDENT,MOTORCYCLE_ACCIDENT,TRUCK_ACCIDENT,NOT_PRIVATE_PROPERTY,ALCOHOL_INVOLVED,STWD_VEHTYPE_AT_FAULT,CHP_VEHTYPE_AT_FAULT,COUNT_SEVERE_INJ,COUNT_VISIBLE_INJ,COUNT_COMPLAINT_PAIN,COUNT_PED_KILLED,COUNT_PED_INJURED,COUNT_BICYCLIST_KILLED,COUNT_BICYCLIST_INJURED,COUNT_MC_KILLED,COUNT_MC_INJURED,PRIMARY_RAMP,SECONDARY_RAMP,LATITUDE,LONGITUDE,COUNTY,CITY,POINT_X,POINT_Y
81791505,2022,2022-06-09,3706,2022-05-18,1832,530,ESCON,3,5,6,3706,0,0,0,NA,0,052,02ND AV,ORANGE ST,0,NA,Y,A,-,N,NA,NA,NA,NA,NA,NA,NA,NA,NA,Y,4,0,2,2,A,-,09,21453,B,N,D,C,A,A,H,-,A,A,0,NA,NA,NA,NA,Y,NA,A,01,0,0,2,0,0,0,0,0,0,-,-,33.1185302734375,-117.0852279663086,SAN DIEGO,ESCONDIDO,NA,NA
8179453,2016,2016-12-09,3711,2016-11-26,0800,4300,SDPD,6,5,7,3711,0,0,0,NA,0,517,28TH ST,ASH ST,0,NA,Y,A,-,N,NA,NA,NA,NA,NA,NA,NA,NA,NA,Y,4,0,1,4,A,-,09,21802,A,N,D,C,A,A,H,-,A,A,0,NA,NA,NA,NA,Y,NA,-,NA,0,0,1,0,0,0,0,0,0,-,-,NA,NA,SAN DIEGO,SAN DIEGO,-117.13390008,32.7203001
8179457,2016,2016-12-09,3711,2016-11-28,1839,7413,MIDCI,1,5,7,3711,0,0,0,NA,0,823,UNIVERSITY AV,60TH ST,0,NA,Y,C,E,N,NA,NA,NA,NA,NA,NA,NA,NA,NA,N,4,0,1,2,A,-,10,21950,A,N,G,B,B,B,H,-,C,A,0,Y,NA,Y,NA,Y,NA,C,06,0,0,1,0,1,0,0,0,0,-,-,NA,NA,SAN DIEGO,SAN DIEGO,-117.0669001,32.75235012
81800472,2022,2022-06-22,3706,2022-06-15,0823,450,ESCON,3,5,6,3706,0,0,0,NA,0,NA,ESCONDIDO BL,10TH AV,81,N,N,A,-,N,NA,NA,NA,NA,NA,NA,NA,NA,NA,N,4,0,1,3,A,-,08,22107,NA,N,B,E,A,A,H,-,A,D,0,NA,NA,NA,NA,Y,NA,A,01,0,0,1,0,0,0,0,0,0,-,-,33.11220932006836,-117.07849884033205,SAN DIEGO,ESCONDIDO,-117.07861328125,33.1124382019043
81809257,2022,2022-07-04,3706,2022-06-30,0721,346,ESCON,4,5,6,3706,0,0,0,NA,0,044,VALLEY PY,HARDING ST,0,NA,Y,A,-,N,NA,NA,NA,NA,NA,NA,NA,NA,NA,Y,3,0,2,2,A,-,12,21453,A,N,D,C,A,A,H,-,A,A,0,NA,NA,NA,NA,Y,NA,D,22,0,1,1,0,0,0,0,0,0,-,-,33.13175964355469,-117.06378936767578,SAN DIEGO,ESCONDIDO,-117.06356811523438,33.1320686340332
81811704,2022,2022-07-07,3706,2022-06-14,1403,562,ESCON,2,5,6,3706,0,0,0,NA,0,042,WASHINGTON AV,ESCONDIDO BL,70,E,N,A,-,N,NA,NA,NA,NA,NA,NA,NA,NA,NA,N,4,0,1,2,A,-,08,22107,NA,F,B,C,A,A,H,-,A,A,0,NA,NA,Y,NA,Y,NA,A,07,0,0,1,0,0,0,0,0,1,-,-,33.1257209777832,-117.087890625,SAN DIEGO,ESCONDIDO,-117.08772277832033,33.12577438354492
8181361,2016,2017-01-05,3711,2016-11-18,1149,HB5408,NA,5,5,7,3711,0,0,0,NA,0,710,NORTH HARBOR DR,N HARBOR DR 3665,0,NA,N,A,-,N,NA,NA,NA,NA,NA,NA,NA,NA,NA,N,3,0,1,2,B,-,22,NA,NA,N,G,B,E,A,H,-,A,D,0,Y,NA,NA,NA,Y,NA,A,08,0,1,0,0,1,0,0,0,0,-,-,NA,NA,SAN DIEGO,SAN DIEGO,-117.20461518,32.72948905
81822868,2022,2022-07-22,3701,2022-07-11,2238,CB5547,017,1,5,5,3701,0,0,0,NA,0,004,CARLSBAD VILLAGE DR,EL CAMINO REAL,0,NA,Y,A,-,N,NA,NA,NA,NA,NA,NA,NA,NA,NA,Y,4,0,1,2,A,-,12,21453,A,N,D,C,A,A,H,-,C,A,0,NA,NA,NA,NA,Y,NA,A,01,0,0,1,0,0,0,0,0,0,-,-,33.17171096801758,-117.32260894775392,SAN DIEGO,CARLSBAD,-117.32254028320313,33.17173385620117
81831947,2022,2022-08-03,3701,2022-07-15,2044,CB5572,007,5,5,5,3701,0,0,0,NA,0,003,OAK AV,HIGHLAND DR,720,W,N,A,-,N,NA,NA,NA,NA,NA,NA,NA,NA,NA,N,3,0,1,1,A,-,03,22350,NA,N,F,A,A,A,H,-,D,D,0,NA,NA,Y,NA,Y,NA,C,03,0,1,0,0,0,0,0,0,1,-,-,33.16484069824219,-117.33679962158205,SAN DIEGO,CARLSBAD,-117.3388214111328,33.16366958618164
8184995,2016,2016-12-15,3705,2016-12-05,0618,EC0160,NA,1,5,5,3705,0,0,0,NA,0,006,N MARSHALL AV,ARNELE AV,0,NA,Y,A,-,N,NA,NA,NA,NA,NA,NA,NA,NA,NA,N,3,0,1,2,A,-,12,21453,A,N,D,G,A,A,H,-,A,A,0,NA,Y,NA,NA,Y,NA,L,04,0,1,0,0,0,0,1,0,0,-,-,NA,NA,SAN DIEGO,EL CAJON,-116.97551012,32.80394006
8185055,2016,2016-12-15,3702,2016-11-21,1846,CV1053,NA,1,5,6,3702,0,0,0,NA,0,014,E ST,GARRETT AV,99,W,N,B,-,N,NA,NA,NA,NA,NA,NA,NA,NA,NA,N,3,0,1,2,A,-,11,21954,A,N,G,B,D,A,H,-,C,D,0,Y,NA,NA,NA,Y,NA,N,60,0,1,0,0,1,0,0,0,0,-,-,NA,NA,SAN DIEGO,CHULA VISTA,-117.08356452,32.64411541
8185058,2016,2016-12-21,3702,2016-11-12,1400,CV1141,NA,6,5,6,3702,0,0,0,NA,0,031,TELEGRAPH CANYON RD,MEDICAL CENTER DR,50,E,N,A,-,N,NA,NA,NA,NA,NA,NA,NA,NA,NA,Y,3,0,6,5,A,-,08,22107,NA,N,C,C,A,A,H,-,A,A,0,NA,NA,NA,NA,Y,NA,A,01,0,1,5,0,0,0,0,0,0,-,-,NA,NA,SAN DIEGO,CHULA VISTA,-117.02548998,32.6247014
8185064,2016,2016-12-15,3709,2016-11-17,0700,499,SAN D,4,5,5,3709,0,0,0,NA,0,020,EAST 18TH ST,D AV,0,NA,Y,A,-,N,NA,NA,NA,NA,NA,NA,NA,NA,NA,N,4,0,1,2,A,-,10,21950,NA,N,G,B,B,A,H,-,A,A,0,Y,NA,NA,NA,Y,NA,-,NA,0,0,1,0,1,0,0,0,0,-,-,NA,NA,SAN DIEGO,NATIONAL CITY,-117.09944003,32.66834007
8185171,2016,2016-12-14,3702,2016-10-30,0410,CV1140,NA,7,5,6,3702,0,0,0,NA,0,041,OLYMPIC PKWY,HERITAGE RD,938,W,N,A,-,N,NA,NA,NA,NA,NA,NA,NA,NA,NA,Y,4,0,1,1,A,-,08,22107,NA,N,F,I,A,A,H,-,C,D,0,NA,NA,NA,NA,Y,Y,A,01,0,0,1,0,0,0,0,0,0,-,-,NA,NA,SAN DIEGO,CHULA VISTA,-117.00500464,32.61621076
81853755,2022,2022-08-31,3706,2022-08-18,1109,1891,ESCON,4,5,6,3706,0,0,0,NA,0,052,GRAND AV,FIG ST,0,NA,Y,A,-,N,NA,NA,NA,NA,NA,NA,NA,NA,NA,Y,4,0,1,2,A,-,09,21801,A,N,B,C,A,A,H,-,A,A,0,NA,NA,NA,NA,Y,NA,A,01,0,0,1,0,0,0,0,0,0,-,-,33.12491989135742,-117.07303619384766,SAN DIEGO,ESCONDIDO,-117.07289123535156,33.12492370605469
81859553,2022,2022-09-08,3701,2022-08-25,1256,CB5550,093,4,5,5,3701,0,0,0,NA,0,007,ORIOLE CT,POINSETTIA LN,228,S,N,A,-,N,NA,NA,NA,NA,NA,NA,NA,NA,NA,N,3,0,1,1,A,-,08,22107,NA,N,E,I,A,A,H,-,A,D,0,NA,Y,NA,NA,Y,NA,L,04,0,1,0,0,0,0,1,0,0,-,-,33.10837173461914,-117.27422332763672,SAN DIEGO,CARLSBAD,-117.2743682861328,33.10783004760742
81875059,2022,2022-09-28,3706,2022-09-12,1316,455,ESCON,1,5,6,3706,0,0,0,NA,0,056,LAKE WOHLFORD RD,FOXLEY DR,5491,E,N,A,-,N,NA,NA,NA,NA,NA,NA,NA,NA,NA,Y,3,0,1,3,A,-,05,21651,B,F,B,C,A,A,H,-,A,D,0,NA,NA,NA,Y,Y,NA,A,01,0,1,0,0,0,0,0,0,0,-,-,33.15993118286133,-117.02886199951172,SAN DIEGO,ESCONDIDO,-117.01849365234376,33.166221618652344
81883678,2022,2022-10-06,3701,2022-09-28,1546,CB5528,082,3,5,5,3701,0,0,0,NA,0,006,EL CAMINO REAL,CAMINO VIDA ROBLE,0,NA,Y,A,-,N,NA,NA,NA,NA,NA,NA,NA,NA,NA,Y,3,0,2,2,A,-,12,21453,A,N,D,C,A,A,H,-,A,A,0,NA,NA,NA,NA,Y,NA,D,22,0,2,0,0,0,0,0,0,0,-,-,33.11988830566406,-117.2673568725586,SAN DIEGO,CARLSBAD,-117.26718902587892,33.11983871459961
8188737,2016,2016-12-14,3700,2016-12-02,0740,SH2439,NA,5,5,5,3713,0,0,0,NA,0,307,BEAUMONT DR,EUCALYPTUS AV,70,N,N,A,-,N,NA,NA,NA,NA,NA,NA,NA,NA,NA,N,3,0,1,2,A,-,10,21952,NA,N,G,B,F,A,H,-,A,D,0,Y,NA,NA,NA,Y,NA,A,07,0,1,0,0,1,0,0,0,0,-,-,NA,NA,SAN DIEGO,VISTA,-117.22481561,33.19741397
81887918,2022,2022-10-12,3706,2022-10-04,0502,553,ESCON,2,5,6,3706,0,0,0,NA,0,045,VALLEY PY,09TH AV,0,NA,Y,A,-,N,NA,NA,NA,NA,NA,NA,NA,NA,NA,Y,4,0,1,2,A,-,12,21453,A,N,D,D,A,A,H,-,C,A,0,NA,NA,NA,NA,Y,NA,-,-,0,0,1,0,0,0,0,0,0,-,-,33.11071014404297,-117.1035614013672,SAN DIEGO,ESCONDIDO,NA,NA
81892280,2022,2022-10-18,3706,2022-09-02,1512,569,ESCON,5,5,6,3706,0,0,0,NA,0,052,GRAND AV,FIG ST,0,NA,Y,A,-,N,NA,NA,NA,NA,NA,NA,NA,NA,NA,Y,4,0,1,2,A,-,09,21801,A,N,D,C,A,A,H,-,A,A,0,NA,NA,NA,NA,Y,NA,A,01,0,0,1,0,0,0,0,0,0,-,-,NA,NA,SAN DIEGO,ESCONDIDO,-117.07289123535156,33.12492370605469
81892282,2022,2022-10-18,3706,2022-09-27,1741,511,ESCON,2,5,6,3706,0,0,0,NA,0,045,VALLEY PY,CITRACADO PY,150,W,N,A,-,N,NA,NA,NA,NA,NA,NA,NA,NA,NA,Y,3,0,2,3,A,-,09,21801,A,N,D,C,A,A,H,-,A,D,0,NA,NA,Y,NA,Y,NA,A,01,0,1,1,0,0,0,0,0,1,-,-,33.09782028198242,-117.11074829101563,SAN DIEGO,ESCONDIDO,-117.11099243164063,33.097381591796875
81892483,2022,2022-10-18,3701,2022-09-30,1625,CB5570,079,5,5,5,3701,0,0,0,NA,0,006,PALOMAR AIRPORT RD,YARROW DR,0,NA,Y,A,-,N,NA,NA,NA,NA,NA,NA,NA,NA,NA,Y,4,0,1,5,A,-,08,22107,NA,N,B,C,A,A,H,-,A,A,0,NA,NA,NA,NA,Y,NA,A,07,0,0,1,0,0,0,0,0,0,-,-,33.12554931640625,-117.27545166015624,SAN DIEGO,CARLSBAD,-117.2753448486328,33.125389099121094
8189757,2016,2017-01-13,3711,2016-11-06,2238,6946,NA,7,5,7,3711,0,0,0,NA,0,242,CAMINO SANTA FE,FLANDERS,0,NA,Y,A,-,N,NA,NA,NA,NA,NA,NA,NA,NA,NA,N,4,0,4,2,A,-,09,21453,C,N,D,C,A,A,H,-,C,A,0,NA,NA,NA,NA,Y,NA,-,NA,0,0,4,0,0,0,0,0,0,-,-,NA,NA,SAN DIEGO,SAN DIEGO,-117.17106005,32.90504007
81899341,2022,2022-10-26,3706,2022-10-04,1356,445,ESCON,2,5,6,3706,0,0,0,NA,0,052,09TH AV,JUNIPER ST,15,W,N,A,-,N,NA,NA,NA,NA,NA,NA,NA,NA,NA,N,3,0,1,2,A,-,12,22450,A,N,D,G,A,A,H,-,A,A,0,NA,Y,NA,NA,Y,NA,L,04,0,1,0,0,0,0,1,0,0,-,-,33.11581039428711,-117.07367706298828,SAN DIEGO,ESCONDIDO,NA,NA
8190002,2016,2017-01-12,3711,2016-12-07,1709,7487,SAN D,3,5,7,3711,0,0,0,NA,0,114,LAKEHURST AV,CLAIREMONT DR,0,NA,Y,A,-,N,NA,NA,NA,NA,NA,NA,NA,NA,NA,N,4,0,1,2,A,-,-,NA,NA,N,G,B,B,A,H,-,B,A,0,Y,NA,NA,NA,Y,NA,-,NA,0,0,1,0,1,0,0,0,0,-,-,NA,NA,SAN DIEGO,SAN DIEGO,-117.20591002,32.83083005
8190795,2016,2016-12-21,3701,2016-12-05,1614,5497,66,1,5,5,3701,0,0,0,NA,0,002,PASEO DEL NORTE,CANNON,1074,S,N,A,-,N,NA,NA,NA,NA,NA,NA,NA,NA,NA,Y,4,0,1,2,A,-,03,22350,NA,N,B,C,A,A,H,-,B,D,0,NA,NA,NA,NA,Y,NA,A,01,0,0,1,0,0,0,0,0,0,-,-,33.13247,-117.32659,SAN DIEGO,CARLSBAD,-117.32657149,33.13259665
81908053,2022,2022-11-03,3706,2022-10-22,0832,1894,ESCON,6,5,6,3706,0,0,0,NA,0,044,LINCOLN AV,DAISY ST (E),16,N,N,A,-,N,NA,NA,NA,NA,NA,NA,NA,NA,NA,Y,4,0,2,2,A,-,09,21801,A,N,D,C,A,A,H,-,A,D,0,NA,NA,NA,NA,Y,NA,A,07,0,0,2,0,0,0,0,0,0,-,-,33.14567947387695,-117.06163024902344,SAN DIEGO,ESCONDIDO,-117.06192016601563,33.14558410644531
81914288,2022,2022-11-10,3706,2022-10-24,1338,424,ESCON,1,5,6,3706,0,0,0,NA,0,045,AUTO PARK WY,CITRACADO PY,288,E,N,A,-,N,NA,NA,NA,NA,NA,NA,NA,NA,NA,Y,4,0,1,2,A,-,08,22107,NA,N,D,C,A,A,H,-,A,D,0,NA,NA,NA,NA,Y,NA,A,07,0,0,1,0,0,0,0,0,0,-,-,33.1239013671875,-117.11847686767578,SAN DIEGO,ESCONDIDO,-117.11729431152344,33.123497009277344
8191799,2016,2016-12-21,3706,2016-12-08,0730,346,ESCON,4,5,6,3706,0,0,0,NA,0,056,GRAND AV,BEAR VALLEY PKWY,209,W,N,A,-,N,NA,NA,NA,NA,NA,NA,NA,NA,NA,N,4,0,1,2,A,-,03,22350,NA,N,C,C,A,A,H,-,A,A,0,NA,NA,NA,NA,Y,NA,A,01,0,0,1,0,0,0,0,0,0,-,-,NA,NA,SAN DIEGO,ESCONDIDO,-117.04474225,33.13533214
8191807,2016,2016-12-21,3706,2016-12-09,1718,318,ESCON,5,5,6,3706,0,0,0,NA,0,046,MIDWAY DR,CACTUS PL,128,S,N,A,-,N,NA,NA,NA,NA,NA,NA,NA,NA,NA,N,3,0,1,2,A,-,09,21804,A,N,D,G,A,A,H,-,C,D,0,NA,Y,NA,NA,Y,NA,L,04,0,1,0,0,0,0,1,0,0,-,-,33.14303,-117.05503,SAN DIEGO,ESCONDIDO,-117.05483796,33.14263461
8191846,2016,2016-12-21,3706,2016-11-22,1118,392,ESCON,2,5,6,3706,0,0,0,NA,0,052,CENTRE CITY PKWY,2ND AV,0,NA,Y,A,-,N,NA,NA,NA,NA,NA,NA,NA,NA,NA,Y,4,0,1,2,A,-,12,21453,A,N,D,C,A,A,H,-,A,A,0,NA,NA,NA,NA,Y,NA,A,01,0,0,1,0,0,0,0,0,0,-,-,33.11817,-117.08602,SAN DIEGO,ESCONDIDO,-117.08613007,33.11811007
81920911,2022,2022-11-18,3706,2022-11-07,0915,488,ESCON,1,5,6,3706,0,0,0,NA,0,041,BROADWAY,LINCOLN AV,0,NA,Y,B,-,Y,NA,NA,NA,NA,NA,NA,NA,NA,NA,N,4,0,3,2,A,-,12,21453,A,N,D,C,A,A,H,-,A,A,0,NA,NA,NA,NA,Y,NA,A,01,0,0,3,0,0,0,0,0,0,-,-,33.13386917114258,-117.08690643310548,SAN DIEGO,ESCONDIDO,-117.08679962158205,33.133750915527344
8192322,2016,2016-12-29,3711,2016-12-09,0832,6252,NA,5,5,7,3711,0,0,0,NA,0,622,MORENA BL,DORCAS ST,276,N,N,A,-,N,NA,NA,NA,NA,NA,NA,NA,NA,NA,N,3,0,1,2,A,-,08,22107,NA,N,G,B,F,A,H,-,A,D,0,Y,NA,NA,NA,Y,NA,A,01,0,1,0,0,1,0,0,0,0,-,-,NA,NA,SAN DIEGO,SAN DIEGO,-117.2017643,32.7705289
8192346,2016,2016-12-30,3711,2016-12-08,1550,4604,SANDI,4,5,7,3711,0,0,0,NA,0,122,GARNET AV,BOND ST,0,NA,Y,-,-,N,NA,NA,NA,NA,NA,NA,NA,NA,NA,N,4,0,1,2,A,-,00,14601,1,N,-,-,A,-,-,-,-,-,0,NA,NA,NA,NA,Y,NA,-,NA,0,0,1,0,0,0,0,0,0,-,-,NA,NA,SAN DIEGO,SAN DIEGO,-117.22109008,32.80570003
81924838,2022,2022-11-23,3706,2022-11-13,1307,1894,ESCON,7,5,6,3706,0,0,0,NA,0,053,VIA RANCHO PY,DEL LAGO BL,10,E,N,A,-,N,NA,NA,NA,NA,NA,NA,NA,NA,NA,N,4,0,1,2,A,-,21,22106,NA,N,C,C,A,A,H,-,A,A,0,NA,NA,NA,NA,Y,NA,A,01,0,0,1,0,0,0,0,0,0,-,-,33.069610595703125,-117.0712890625,SAN DIEGO,ESCONDIDO,-117.07105255126952,33.06978988647461
81934828,2022,2022-12-06,3701,2022-11-09,1418,CB5544,105,3,5,5,3701,0,0,0,NA,0,007,ALGA RD,CORTE CASITAS,22,E,N,A,-,N,NA,NA,NA,NA,NA,NA,NA,NA,NA,Y,3,0,1,1,A,-,03,22350,NA,N,E,I,A,A,H,-,A,D,0,NA,NA,Y,NA,Y,NA,C,02,0,1,0,0,0,0,0,0,1,-,-,33.102149963378906,-117.25147247314452,SAN DIEGO,CARLSBAD,-117.25133514404295,33.102272033691406
8193708,2016,2017-03-24,3711,2016-12-13,1730,7104,NA,2,5,7,3711,0,0,0,NA,0,234,BERNARDO CENTER DR,RT 15,255,E,N,A,-,N,NA,NA,NA,NA,NA,NA,NA,NA,NA,Y,4,0,1,2,A,-,09,21801,A,N,D,C,A,A,H,-,C,D,0,NA,NA,NA,NA,Y,NA,-,NA,0,0,1,0,0,0,0,0,0,-,NO,NA,NA,SAN DIEGO,SAN DIEGO,-117.08001,33.01219
8193712,2016,2017-01-14,3711,2016-12-14,1535,6412,NA,3,5,7,3711,0,0,0,NA,0,838,UNIVERSITY AV,39TH ST,69,W,N,A,-,N,NA,NA,NA,NA,NA,NA,NA,NA,NA,N,4,0,1,4,A,-,04,21703,NA,M,C,C,A,A,H,-,A,D,0,NA,NA,NA,NA,Y,NA,-,NA,0,0,1,0,0,0,0,0,0,-,-,NA,NA,SAN DIEGO,SAN DIEGO,-117.11087365,32.7496918
8193728,2016,2017-01-12,3711,2016-12-12,1409,5985,NA,1,5,7,3711,0,0,0,NA,0,311,RUFFIN RD,MISSION VILLAGE DR,0,NA,Y,A,-,N,NA,NA,NA,NA,NA,NA,NA,NA,NA,Y,4,0,2,2,C,-,18,NA,NA,N,D,C,A,A,H,-,A,A,0,NA,NA,NA,NA,Y,NA,-,-,0,0,2,0,0,0,0,0,0,-,-,NA,NA,SAN DIEGO,SAN DIEGO,-117.1289501,32.80187012
8193761,2016,2017-01-12,3711,2016-12-14,0802,6461,NA,3,5,7,3711,0,0,0,NA,0,123,PACIFIC BEACH DR,PACIFIC BEACH DR 2211,43,W,N,A,-,N,NA,NA,NA,NA,NA,NA,NA,NA,NA,N,3,0,1,2,A,-,08,22107,NA,N,D,G,A,A,H,-,A,A,0,NA,Y,NA,NA,Y,NA,L,04,0,1,0,0,0,0,1,0,0,-,-,NA,NA,SAN DIEGO,SAN DIEGO,NA,NA
81938982,2022,2022-12-12,3701,2022-11-10,1559,CB5573,NA,4,5,5,3701,0,0,0,NA,0,NA,LA COSTA AV,EL CAMINO REAL,1689,W,N,A,-,N,NA,NA,NA,NA,NA,NA,NA,NA,NA,N,4,0,1,2,A,-,03,22350,NA,N,C,C,A,A,H,-,A,D,0,NA,NA,NA,NA,Y,NA,A,01,0,0,1,0,0,0,0,0,0,-,-,33.08538055419922,-117.26850128173828,SAN DIEGO,CARLSBAD,-117.27379608154295,33.085784912109375
8195618,2017,2017-02-08,3711,2017-01-08,2320,6146,NA,7,5,7,3711,0,0,0,NA,0,524,BROADWAY,10TH AV,0,NA,Y,A,-,N,NA,NA,NA,NA,NA,NA,NA,NA,NA,Y,4,0,2,2,B,-,22,NA,NA,N,D,C,A,A,H,-,C,A,0,NA,NA,NA,NA,Y,NA,J,41,0,0,2,0,0,0,0,0,0,-,-,NA,NA,SAN DIEGO,SAN DIEGO,-117.15561008,32.71572008
8197962,2016,2018-04-12,3701,2016-12-22,1303,5444,99,4,5,5,3701,0,0,0,NA,0,007,RT 5,PIRAEUS ST,283,W,N,B,-,Y,SD,11,5,-,R,43.911,R,4,N,Y,4,0,1,2,A,-,03,22350,NA,N,D,C,A,A,H,-,A,A,0,NA,NA,NA,NA,Y,NA,A,01,0,0,1,0,0,0,0,0,0,-,-,33.08438,-117.29725,SAN DIEGO,CARLSBAD,-117.29720657,33.08202218
81980108,2023,2023-01-27,3701,2023-01-20,1811,CB5566,3701,5,5,5,3701,0,0,0,NA,0,002,CARLSBAD BL,TAMARACK AV,0,NA,Y,A,-,N,NA,NA,NA,NA,NA,NA,NA,NA,NA,N,3,0,1,2,A,-,12,21453,A,N,D,G,A,A,H,-,B,A,0,NA,Y,NA,NA,Y,NA,M,91,0,1,0,0,0,0,1,0,0,-,-,33.147430419921875,-117.34551239013672,SAN DIEGO,CARLSBAD,-117.34535980224608,33.14752960205078
8199306,2016,2017-01-03,3711,2016-12-12,1254,5959,NA,1,5,7,3711,0,0,0,NA,0,447,FEDERAL BL,FEDERAL BL 4700,0,NA,Y,A,-,N,NA,NA,NA,NA,NA,NA,NA,NA,NA,Y,2,0,1,2,A,-,12,22450,A,N,D,C,A,A,G,-,A,A,0,NA,NA,NA,NA,Y,NA,-,NA,1,0,0,0,0,0,0,0,0,-,-,NA,NA,SAN DIEGO,SAN DIEGO,-117.09353149,32.72145077
8199349,2016,2017-01-03,3711,2016-12-16,2254,4567,NA,5,5,7,3711,0,0,0,NA,0,441,LOGAN AV,WEST ST,0,NA,Y,A,-,N,NA,NA,NA,NA,NA,NA,NA,NA,NA,Y,4,0,1,2,A,-,09,21804,A,M,D,C,A,A,H,-,C,D,0,NA,NA,NA,NA,Y,NA,-,NA,0,0,1,0,0,0,0,0,0,-,-,NA,NA,SAN DIEGO,SAN DIEGO,-117.09697007,32.69681004
81995820,2023,2023-02-16,3701,2023-02-10,1349,CB5497,002,5,5,5,3701,0,0,0,NA,0,001,LAGUNA DR,JEFFERSON ST,0,NA,Y,A,-,N,NA,NA,NA,NA,NA,NA,NA,NA,NA,N,4,0,1,2,A,-,09,21801,A,N,D,C,A,A,H,-,A,A,0,NA,NA,NA,NA,Y,NA,A,01,0,0,1,0,0,0,0,0,0,-,-,33.16518020629883,-117.34832763671876,SAN DIEGO,CARLSBAD,-117.34837341308594,33.16523361206055
82013267,2023,2023-03-09,3701,2023-03-02,1726,CB5566,3701,4,5,5,3701,0,0,0,NA,0,001,GRAND AV,STATE ST,0,NA,Y,A,-,N,NA,NA,NA,NA,NA,NA,NA,NA,NA,N,3,0,1,2,A,-,12,21453,A,N,A,G,A,A,H,-,A,A,0,NA,Y,NA,NA,Y,NA,L,04,0,1,0,0,0,0,1,0,0,-,-,33.16061019897461,-117.34957885742188,SAN DIEGO,CARLSBAD,-117.34961700439452,33.16067886352539
8201447,2017,2017-03-28,3700,2017-03-04,1846,SH3183,NA,6,5,5,3713,0,0,0,NA,0,309,VISTA VILLAGE DR,CAMINO CORTO,180,S,N,A,-,N,NA,NA,NA,NA,NA,NA,NA,NA,NA,N,3,0,1,2,A,-,11,21954,A,N,G,B,D,A,H,-,C,D,0,Y,NA,NA,NA,Y,Y,N,60,0,1,0,0,1,0,0,0,0,-,-,NA,NA,SAN DIEGO,VISTA,-117.24763659,33.19974293
8201565,2017,2017-03-29,3711,2017-03-13,1218,7495,NA,1,5,7,3711,0,0,0,NA,0,314,CARDINAL DR,BOBOLINK WY,50,N,N,A,-,N,NA,NA,NA,NA,NA,NA,NA,NA,NA,Y,3,0,1,2,A,-,08,22107,NA,N,B,E,A,A,H,-,A,A,0,NA,NA,NA,NA,Y,NA,-,NA,0,1,0,0,0,0,0,0,0,-,-,NA,NA,SAN DIEGO,SAN DIEGO,-117.15736043,32.78601673
8201618,2017,2017-03-30,3711,2017-03-13,0850,6044,3711,1,5,7,3711,0,0,0,NA,0,123,E MISSION BAY,CLAIREMONT DR,4752,S,N,A,-,N,NA,NA,NA,NA,NA,NA,NA,NA,NA,N,4,0,1,2,A,-,03,22350,NA,N,-,C,A,A,H,-,A,A,0,NA,NA,NA,NA,Y,NA,D,22,0,0,1,0,0,0,0,0,0,-,-,NA,NA,SAN DIEGO,SAN DIEGO,-117.20965034,32.77785669
8201739,2017,2017-04-03,3711,2017-02-24,0753,HB5892,NA,5,5,7,3711,0,0,0,NA,0,503,NORTH HARBOR DR,N HARBOR DR 2700,0,NA,N,A,-,N,NA,NA,NA,NA,NA,NA,NA,NA,NA,N,3,0,1,2,A,-,-,NA,NA,M,B,C,A,A,H,-,A,A,0,NA,NA,Y,NA,Y,NA,-,-,0,1,0,0,0,0,0,0,1,-,-,NA,NA,SAN DIEGO,SAN DIEGO,-117.18008101,32.72763054
8202432,2016,2017-01-06,3700,2016-11-09,2313,SH1725,NA,3,5,5,3712,0,0,0,NA,0,351,BORDEN RD,VIA DE PLATA,0,E,N,A,-,N,NA,NA,NA,NA,NA,NA,NA,NA,NA,Y,4,0,1,1,A,-,07,21658,A,N,E,I,A,A,H,-,C,D,0,NA,NA,NA,NA,Y,NA,D,22,0,0,1,0,0,0,0,0,0,-,-,NA,NA,SAN DIEGO,SAN MARCOS,-117.1811101,33.16034012