CASE_ID,ACCIDENT_YEAR,PROC_DATE,JURIS,COLLISION_DATE,COLLISION_TIME,OFFICER_ID,REPORTING_DISTRICT,DAY_OF_WEEK,CHP_SHIFT,POPULATION,CNTY_CITY_LOC,SPECIAL_COND,BEAT_TYPE,CHP_BEAT_TYPE,CITY_DIVISION_LAPD,CHP_BEAT_CLASS,BEAT_NUMBER,PRIMARY_RD,SECONDARY_RD,DISTANCE,DIRECTION,INTERSECTION,WEATHER_1,WEATHER_2,STATE_HWY_IND,CALTRANS_COUNTY,CALTRANS_DISTRICT,STATE_ROUTE,ROUTE_SUFFIX,POSTMILE_PREFIX,POSTMILE,LOCATION_TYPE,RAMP_INTERSECTION,SIDE_OF_HWY,TOW_AWAY,COLLISION_SEVERITY,NUMBER_KILLED,NUMBER_INJURED,PARTY_COUNT,PRIMARY_COLL_FACTOR,PCF_CODE_OF_VIOL,PCF_VIOL_CATEGORY,PCF_VIOLATION,PCF_VIOL_SUBSECTION,HIT_AND_RUN,TYPE_OF_COLLISION,MVIW,PED_ACTION,ROAD_SURFACE,ROAD_COND_1,ROAD_COND_2,LIGHTING,CONTROL_DEVICE,CHP_ROAD_TYPE,PEDESTRIAN_ACCIDENT,BICYCLE_ACCIDENT,MOTORCYCLE_ACCIDENT,TRUCK_ACCIDENT,NOT_PRIVATE_PROPERTY,ALCOHOL_INVOLVED,STWD_VEHTYPE_AT_FAULT,CHP_VEHTYPE_AT_FAULT,COUNT_SEVERE_INJ,COUNT_VISIBLE_INJ,COUNT_COMPLAINT_PAIN,COUNT_PED_KILLED,COUNT_PED_INJURED,COUNT_BICYCLIST_KILLED,COUNT_BICYCLIST_INJURED,COUNT_MC_KILLED,COUNT_MC_INJURED,PRIMARY_RAMP,SECONDARY_RAMP,LATITUDE,LONGITUDE,COUNTY,CITY,POINT_X,POINT_Y
8794303,2019,2019-02-11,3711,2019-01-29,0906,8192,NA,2,5,7,3711,0,0,0,NA,0,832,UNIVERSITY AV,43RD ST,0,NA,Y,A,-,Y,NA,NA,NA,NA,NA,NA,NA,NA,NA,N,4,0,1,2,A,-,12,21453,A,N,D,C,A,B,H,-,A,A,0,NA,NA,NA,NA,Y,NA,A,08,0,0,1,0,0,0,0,0,0,-,-,NA,NA,SAN DIEGO,SAN DIEGO,-117.10202026367188,32.74961853027344
8794778,2019,2019-05-23,3711,2019-02-07,1125,SD6366,NA,4,5,7,3711,0,0,0,NA,0,311,AERO DR,RT 15,60,E,N,A,-,Y,SD,11,15,-,R,8.205,R,4,S,Y,4,0,2,3,A,-,04,21703,NA,N,C,C,A,A,H,-,A,A,0,NA,NA,NA,NA,Y,NA,D,22,0,0,2,0,0,0,0,0,0,-,SF,NA,NA,SAN DIEGO,SAN DIEGO,-117.1139678955078,32.80806350708008
8794946,2019,2019-02-22,3711,2019-01-23,1101,7574,SAN D,3,5,7,3711,0,0,0,NA,0,611,SPORTS ARENA BL,EAST DR,4186,E,N,A,-,N,NA,NA,NA,NA,NA,NA,NA,NA,NA,N,3,0,1,2,A,-,03,22350,NA,N,D,G,A,A,H,-,A,D,0,NA,Y,NA,NA,Y,NA,L,04,0,1,0,0,0,0,1,0,0,-,-,NA,NA,SAN DIEGO,SAN DIEGO,-117.20494079589844,32.751529693603516
8794958,2019,2019-02-22,3711,2019-01-25,2224,7305,NA,5,5,7,3711,0,0,0,NA,0,512,BANCROFT ST,OCEANVIEW BL,120,S,N,A,-,N,NA,NA,NA,NA,NA,NA,NA,NA,NA,N,3,0,1,2,A,-,03,22350,NA,N,A,B,D,A,H,-,C,A,0,Y,NA,NA,NA,Y,Y,A,01,0,1,0,0,1,0,0,0,0,-,-,NA,NA,SAN DIEGO,SAN DIEGO,-117.12399291992188,32.700862884521484
8795239,2019,2019-02-12,3708,2019-01-06,0750,LM1174,NA,7,5,5,3708,0,0,0,NA,0,002,LA MESA BL,JACKSON DR,0,NA,Y,C,-,N,NA,NA,NA,NA,NA,NA,NA,NA,NA,Y,4,0,1,2,A,-,12,21453,A,N,D,C,A,B,H,-,A,A,0,NA,NA,NA,NA,Y,NA,A,01,0,0,1,0,0,0,0,0,0,-,-,NA,NA,SAN DIEGO,LA MESA,-117.00824737548828,32.77069091796875
8799164,2018,2019-02-22,3700,2018-05-18,1350,SH0138,NA,5,5,5,3781,0,0,0,NA,0,519,N MAGNOLIA,RT 52,48,S,N,A,-,N,NA,NA,NA,NA,NA,NA,NA,NA,NA,Y,4,0,1,2,A,-,03,22350,NA,N,C,C,A,A,H,-,A,A,0,NA,NA,NA,NA,Y,NA,A,01,0,0,1,0,0,0,0,0,0,-,EF,NA,NA,SAN DIEGO,SANTEE,NA,NA
8799172,2018,2019-02-22,3700,2018-05-24,0613,SH0138,NA,4,5,5,3781,0,0,0,NA,0,518,CUYAMACA ST,RT 52,114,N,N,C,-,N,NA,NA,NA,NA,NA,NA,NA,NA,NA,Y,4,0,1,1,A,-,03,22350,NA,N,F,I,A,B,H,-,A,A,0,NA,NA,NA,NA,Y,NA,A,01,0,0,1,0,0,0,0,0,0,-,WF,NA,NA,SAN DIEGO,SANTEE,-116.98387908935548,32.83306121826172
8801078,2019,2019-02-22,3711,2019-02-03,1137,SD6200,NA,7,5,7,3711,0,0,0,NA,0,327,MONTEZUMA RD,COLLEGE AV,528,W,N,B,-,N,NA,NA,NA,NA,NA,NA,NA,NA,NA,N,4,0,1,4,A,-,03,22350,NA,N,C,C,A,B,H,-,A,D,0,NA,NA,NA,NA,Y,Y,A,01,0,0,1,0,0,0,0,0,0,-,-,NA,NA,SAN DIEGO,SAN DIEGO,-117.07151794433594,32.770713806152344
8802389,2019,2019-03-20,3711,2019-02-18,1605,8861,NA,1,5,7,3711,0,0,0,NA,0,512,OCEAN VIEW BL,SOUTH 32ND ST,33,W,N,A,-,N,NA,NA,NA,NA,NA,NA,NA,NA,NA,Y,3,0,1,2,D,-,00,NA,NA,N,D,C,A,A,H,-,A,A,0,NA,NA,NA,NA,Y,NA,-,-,0,1,0,0,0,0,0,0,0,-,-,NA,NA,SAN DIEGO,SAN DIEGO,-117.12529754638672,32.70119094848633
8802735,2019,2019-02-22,3711,2019-02-04,2049,6799,NA,1,5,7,3711,0,0,0,NA,0,115,DECORO ST,CAMINO KIOSCO,0,NA,Y,B,C,N,NA,NA,NA,NA,NA,NA,NA,NA,NA,N,3,0,1,3,A,-,03,22350,NA,N,D,C,A,B,H,-,C,D,0,NA,NA,NA,NA,Y,Y,-,NA,0,1,0,0,0,0,0,0,0,-,-,NA,NA,SAN DIEGO,SAN DIEGO,-117.2139892578125,32.86415100097656
8802780,2019,2019-02-19,3711,2019-02-01,1501,8861,NA,5,5,7,3711,0,0,0,NA,0,526,W BEECH ST,FRONT ST,3,W,N,A,-,N,NA,NA,NA,NA,NA,NA,NA,NA,NA,Y,2,0,1,4,A,-,08,22107,NA,N,E,I,A,A,H,-,A,A,0,NA,NA,NA,NA,Y,NA,A,01,1,0,0,0,0,0,0,0,0,-,-,NA,NA,SAN DIEGO,SAN DIEGO,-117.16475677490234,32.72090148925781
8802979,2019,2019-02-26,3706,2019-01-25,0748,523,ESCON,5,5,6,3706,0,0,0,NA,0,045,MISSION RD,AUTO PARK WY,20,W,N,A,-,N,NA,NA,NA,NA,NA,NA,NA,NA,NA,Y,3,0,2,3,A,-,03,22350,NA,N,C,C,A,A,H,-,A,D,0,NA,NA,NA,NA,Y,NA,A,01,0,1,1,0,0,0,0,0,0,-,-,NA,NA,SAN DIEGO,ESCONDIDO,-117.12274169921876,33.130470275878906
8803488,2019,2019-02-27,3705,2019-02-04,1351,EC0163,NA,1,5,5,3705,0,0,0,NA,0,001,FLETCHER,WESTWIND,32,W,N,B,-,N,NA,NA,NA,NA,NA,NA,NA,NA,NA,Y,4,0,1,2,A,-,03,22350,NA,N,C,C,A,A,H,-,A,A,0,NA,NA,NA,NA,Y,NA,A,01,0,0,1,0,0,0,0,0,0,-,-,NA,NA,SAN DIEGO,EL CAJON,-116.99375915527344,32.80318832397461
8803678,2019,2019-02-27,3710,2019-01-30,1138,OC1422,001,3,5,6,3710,0,0,0,NA,0,001,S HARBOR DR,NORTH HARBOR DR,103,S,N,A,-,N,NA,NA,NA,NA,NA,NA,NA,NA,NA,N,2,0,1,2,A,-,08,22107,NA,N,H,G,A,A,H,-,A,D,0,NA,Y,NA,NA,Y,NA,A,01,1,0,0,0,0,0,1,0,0,-,-,NA,NA,SAN DIEGO,OCEANSIDE,-117.39022064208984,33.207157135009766
8804381,2019,2019-03-07,3710,2019-02-20,1915,OC1401,011,3,5,6,3710,0,0,0,NA,0,004,MISSION AV,CAROLYN CIR,115,E,N,C,-,N,NA,NA,NA,NA,NA,NA,NA,NA,NA,Y,4,0,3,2,A,-,01,23152,A,N,C,C,A,B,H,-,C,D,0,NA,NA,NA,NA,Y,Y,A,01,0,0,3,0,0,0,0,0,0,-,-,33.21324920654297,-117.34815216064452,SAN DIEGO,OCEANSIDE,-117.34800720214844,33.21356964111328
8807106,2019,2019-03-15,3711,2019-02-13,1226,8192,NA,3,5,7,3711,0,0,0,NA,0,827,UNIVERSITY AV,52ND ST,0,NA,Y,B,-,N,NA,NA,NA,NA,NA,NA,NA,NA,NA,Y,4,0,2,4,A,-,09,21453,C,M,B,B,E,A,H,-,A,A,0,Y,NA,NA,NA,Y,NA,-,NA,0,0,2,0,1,0,0,0,0,-,-,NA,NA,SAN DIEGO,SAN DIEGO,-117.08358764648438,32.74909973144531
8807112,2019,2019-03-05,3700,2019-02-09,0100,CB5524,XX,6,5,5,3782,0,0,0,NA,0,0XX,OLIVENHAIN RD,EL CAMINIO REAL,33,E,N,A,-,N,NA,NA,NA,NA,NA,NA,NA,NA,NA,Y,3,0,1,1,A,-,01,23153,A,N,F,I,A,A,H,-,C,A,0,NA,NA,NA,NA,Y,Y,A,01,0,1,0,0,0,0,0,0,0,-,-,NA,NA,SAN DIEGO,ENCINITAS,-117.26203155517578,33.067684173583984
8807228,2018,2019-03-15,3711,2018-12-22,0230,7143,NA,6,5,7,3711,0,0,0,NA,0,524,9TH AV,10TH AV,0,NA,Y,A,-,N,NA,NA,NA,NA,NA,NA,NA,NA,NA,N,3,0,1,1,A,-,08,22107,NA,N,F,I,A,A,H,-,C,A,0,NA,NA,NA,NA,Y,Y,-,NA,0,1,0,0,0,0,0,0,0,-,-,NA,NA,SAN DIEGO,SAN DIEGO,NA,NA
8807396,2018,2019-04-02,3711,2018-12-24,2033,6629,SDMON,1,5,7,3711,0,0,0,NA,0,432,CHURCHWARD ST,CHURCHWARD ST 5100,12,S,N,A,-,N,NA,NA,NA,NA,NA,NA,NA,NA,NA,N,3,0,1,2,A,-,11,21950,B,N,G,B,D,A,H,-,C,A,0,Y,NA,NA,NA,Y,NA,N,60,0,1,0,0,1,0,0,0,0,-,-,32.7041015625,-117.08429718017578,SAN DIEGO,SAN DIEGO,-117.08433867,32.70411415
8808113,2019,2019-04-30,3711,2019-03-18,1431,SD6366,NA,1,5,7,3711,0,0,0,NA,0,445,47TH ST,HILLTOP DR,0,NA,Y,A,-,N,NA,NA,NA,NA,NA,NA,NA,NA,NA,Y,1,1,1,2,A,-,12,21453,A,N,D,C,A,A,H,-,A,A,0,NA,NA,NA,NA,Y,NA,A,01,0,0,1,0,0,0,0,0,0,-,-,NA,NA,SAN DIEGO,SAN DIEGO,-117.09358978271484,32.715049743652344
8808390,2019,2019-07-24,3711,2019-06-15,0445,SD7008,NA,6,5,7,3711,0,0,0,NA,0,315,CAMINO DEL RIO N,QUALCOMM WY,0,NA,Y,A,-,N,NA,NA,NA,NA,NA,NA,NA,NA,NA,N,1,1,0,2,A,-,10,21950,A,N,G,B,B,A,H,-,C,A,0,Y,NA,NA,NA,Y,NA,A,01,0,0,0,1,0,0,0,0,0,-,-,NA,NA,SAN DIEGO,SAN DIEGO,-117.14019012451172,32.77201843261719
8811126,2019,2019-03-14,3710,2019-01-24,0640,OC1236,016,4,5,6,3710,0,0,0,NA,0,008,DOUGLAS DR,EL CAMINIO REAL,618,N,N,A,-,N,NA,NA,NA,NA,NA,NA,NA,NA,NA,N,3,0,6,2,A,-,07,21658,A,N,B,C,A,A,H,-,A,D,0,NA,NA,NA,NA,Y,NA,A,01,0,1,5,0,0,0,0,0,0,-,-,33.23114013671875,-117.32576751708984,SAN DIEGO,OCEANSIDE,-117.32491302490234,33.232574462890625
8811320,2019,2019-03-19,3711,2019-02-03,1530,5062,NA,7,5,7,3711,0,0,0,NA,0,504,CONVENTION WY,CONVENTION WY 600,0,NA,-,A,-,N,NA,NA,NA,NA,NA,NA,NA,NA,NA,N,3,0,1,1,A,-,03,22350,NA,N,H,A,A,A,H,-,A,D,0,NA,NA,NA,NA,Y,NA,M,94,0,1,0,0,0,0,0,0,0,-,-,NA,NA,SAN DIEGO,SAN DIEGO,NA,NA
8811361,2019,2019-03-15,3711,2019-02-19,1037,SD6418,NA,2,5,7,3711,0,0,0,NA,0,115,GENESEE AV,ESPLANADE CT,0,NA,Y,A,-,N,NA,NA,NA,NA,NA,NA,NA,NA,NA,Y,3,0,3,2,A,-,12,21453,A,N,D,C,A,A,D,E,A,A,0,NA,NA,NA,NA,Y,NA,A,01,0,1,2,0,0,0,0,0,0,-,-,NA,NA,SAN DIEGO,SAN DIEGO,-117.2141571044922,32.86994934082031
8814932,2019,2019-03-05,3711,2019-02-05,0115,7067,NA,2,5,7,3711,0,0,0,NA,0,611,SPORTS ARENA BL,CAMINO DEL RIO,50,W,N,A,-,N,NA,NA,NA,NA,NA,NA,NA,NA,NA,Y,3,0,1,1,A,-,05,21650,A,M,A,I,A,A,H,-,C,A,0,NA,NA,NA,NA,Y,NA,-,NA,0,1,0,0,0,0,0,0,0,-,-,NA,NA,SAN DIEGO,SAN DIEGO,-117.2051010131836,32.751529693603516
8815873,2019,2019-03-20,3711,2019-02-19,2131,SD6146,NA,2,5,7,3711,0,0,0,NA,0,234,RANCHO BERNARDO RD,CRESTA DR,0,NA,Y,A,-,N,NA,NA,NA,NA,NA,NA,NA,NA,NA,Y,2,0,4,2,A,-,12,22450,A,N,D,C,A,A,H,-,C,D,0,NA,NA,NA,NA,Y,NA,A,01,2,1,1,0,0,0,0,0,0,-,-,NA,NA,SAN DIEGO,SAN DIEGO,-117.058837890625,33.01839828491211
8818324,2019,2019-03-22,3711,2019-03-12,1253,7806,NA,2,5,7,3711,0,0,0,NA,0,242,CAMINO RUIZ,CAMINO RUIZ 10800,20,W,N,A,-,N,NA,NA,NA,NA,NA,NA,NA,NA,NA,NA,3,0,1,2,A,-,03,22350,NA,N,C,C,A,A,H,-,A,A,0,NA,NA,NA,NA,Y,NA,-,-,0,1,0,0,0,0,0,0,0,-,-,NA,NA,SAN DIEGO,SAN DIEGO,NA,NA
8818328,2019,2019-03-22,3711,2019-03-11,2130,7750,NA,1,5,7,3711,0,0,0,NA,0,627,5TH AV,F ST,0,NA,Y,C,-,N,NA,NA,NA,NA,NA,NA,NA,NA,NA,N,3,0,1,2,A,-,10,21950,NA,N,G,B,B,B,H,-,C,D,0,Y,NA,NA,NA,Y,NA,A,01,0,1,0,0,1,0,0,0,0,-,-,NA,NA,SAN DIEGO,SAN DIEGO,-117.16014862060548,32.713619232177734
8819527,2017,2019-03-12,3700,2017-07-25,2244,SH0473,NA,2,5,4,3720,0,0,0,NA,0,604,SAN MIGUEL AV,JANIYA PL,388,E,N,A,-,N,NA,NA,NA,NA,NA,NA,NA,NA,NA,Y,4,0,1,2,A,-,03,22350,NA,M,D,C,A,A,H,-,C,D,0,NA,NA,NA,NA,Y,Y,A,01,0,0,1,0,0,0,0,0,0,-,-,NA,NA,SAN DIEGO,LEMON GROVE,-117.04851477,32.73514512
8819699,2019,2019-03-18,3711,2019-02-27,0449,8816,NA,3,5,7,3711,0,0,0,NA,0,123,QUIVIRA RD,DEAD END,300,N,N,A,-,N,NA,NA,NA,NA,NA,NA,NA,NA,NA,Y,3,0,1,3,A,-,08,22107,NA,M,A,C,A,A,D,-,C,A,0,NA,NA,NA,NA,Y,NA,A,01,0,1,0,0,0,0,0,0,0,-,-,NA,NA,SAN DIEGO,SAN DIEGO,NA,NA
8819720,2019,2019-03-18,3711,2019-03-03,1234,6891,NA,7,5,7,3711,0,0,0,NA,0,121,VENTURA PL,MISSION BL,75,W,N,A,-,N,NA,NA,NA,NA,NA,NA,NA,NA,NA,N,4,0,2,3,A,-,03,22350,NA,N,C,C,A,A,H,-,A,D,0,NA,NA,Y,NA,Y,NA,C,02,0,0,2,0,0,0,0,0,2,-,-,NA,NA,SAN DIEGO,SAN DIEGO,-117.25146484375,32.77204132080078
8819748,2019,2019-03-15,3711,2019-02-22,0004,SD6146,NA,5,5,7,3711,0,0,0,NA,0,511,SAMPSON ST,NATIONAL AV,0,NA,Y,A,-,N,NA,NA,NA,NA,NA,NA,NA,NA,NA,Y,4,0,1,1,A,-,08,22107,NA,N,E,I,A,A,H,-,C,A,0,NA,NA,NA,NA,Y,NA,A,07,0,0,1,0,0,0,0,0,0,-,-,NA,NA,SAN DIEGO,SAN DIEGO,-117.14006042480467,32.69721984863281
8820248,2019,2019-03-21,3711,2019-01-04,1740,5813,PACIF,5,5,7,3711,0,0,0,NA,0,122,GRAND AV,BAYARD ST,0,NA,Y,A,-,N,NA,NA,NA,NA,NA,NA,NA,NA,NA,N,4,0,1,2,A,-,10,21950,A,N,G,B,B,A,H,-,C,A,0,Y,NA,NA,NA,Y,NA,A,07,0,0,1,0,1,0,0,0,0,-,-,NA,NA,SAN DIEGO,SAN DIEGO,-117.25308227539063,32.79513168334961
8820352,2019,2019-03-21,3711,2019-03-03,1523,SD7145,NA,7,5,7,3711,0,0,0,NA,0,522,ISLAND AV,ISLAND AV 200,2,N,N,B,-,N,NA,NA,NA,NA,NA,NA,NA,NA,NA,N,3,0,1,1,D,-,00,NA,NA,N,H,J,A,A,H,-,A,D,0,NA,NA,NA,NA,Y,NA,-,-,0,1,0,0,0,0,0,0,0,-,-,NA,NA,SAN DIEGO,SAN DIEGO,NA,NA
8825370,2019,2019-03-29,3702,2019-03-09,1840,CV1108,2,6,5,6,3702,0,0,0,NA,0,002,BROADWAY,ANITA ST,0,NA,Y,A,-,N,NA,NA,NA,NA,NA,NA,NA,NA,NA,Y,3,0,2,2,A,-,09,21803,A,N,D,C,A,A,H,-,C,A,0,NA,NA,NA,NA,Y,NA,A,01,0,1,1,0,0,0,0,0,0,-,-,NA,NA,SAN DIEGO,CHULA VISTA,-117.07682037353516,32.59846878051758
8827171,2019,2019-03-29,3711,2019-03-14,1438,5604,NA,4,5,7,3711,0,0,0,NA,0,611,CAMINO DEL RIO W,CAMINO DEL RIO W 3700,0,NA,-,A,-,N,NA,NA,NA,NA,NA,NA,NA,NA,NA,N,4,0,1,2,A,-,03,22350,A,N,C,C,A,A,H,-,A,A,0,NA,NA,NA,NA,Y,NA,A,01,0,0,1,0,0,0,0,0,0,-,-,NA,NA,SAN DIEGO,SAN DIEGO,NA,NA
8828475,2019,2019-04-09,3700,2019-03-22,1625,SH0817,NA,5,5,5,3712,0,0,0,NA,0,354,NORDAHL RD,CENTER DR,220,S,N,A,-,N,NA,NA,NA,NA,NA,NA,NA,NA,NA,N,4,0,1,3,C,-,18,NA,NA,N,B,C,A,A,H,-,A,A,0,NA,NA,Y,NA,Y,NA,-,-,0,0,1,0,0,0,0,0,1,-,-,NA,NA,SAN DIEGO,SAN MARCOS,-117.12094116210938,33.133052825927734
8829593,2019,2019-04-24,3711,2019-03-17,1213,7285,NA,7,5,7,3711,0,0,0,NA,0,813,ORANGE AV,32ND ST,0,NA,Y,A,-,N,NA,NA,NA,NA,NA,NA,NA,NA,NA,Y,4,0,2,2,A,-,09,21801,A,N,B,C,A,A,H,-,A,D,0,NA,NA,NA,NA,Y,NA,-,NA,0,0,2,0,0,0,0,0,0,-,-,NA,NA,SAN DIEGO,SAN DIEGO,-117.12522888183594,32.75408172607422
8830861,2019,2019-03-27,3711,2019-03-12,1725,SD7230,NA,2,5,7,3711,0,0,0,NA,0,512,IRVING AV,CESAR CHAVEZ PKWY,150,E,N,A,-,N,NA,NA,NA,NA,NA,NA,NA,NA,NA,N,3,0,2,1,A,-,17,21663,NA,N,E,I,A,A,H,-,A,D,0,NA,NA,NA,NA,Y,Y,A,01,0,2,0,0,0,0,0,0,0,-,-,NA,NA,SAN DIEGO,SAN DIEGO,-117.14153289794922,32.70362854003906
8831471,2019,2019-04-25,3711,2019-03-03,1131,7852,NA,7,5,7,3711,0,0,0,NA,0,122,DIAMOND ST,CASS ST,155,E,N,A,-,N,NA,NA,NA,NA,NA,NA,NA,NA,NA,N,3,0,1,1,B,-,22,NA,NA,N,H,-,A,A,H,-,A,-,0,NA,NA,NA,NA,Y,NA,-,99,0,1,0,0,0,0,0,0,0,-,-,NA,NA,SAN DIEGO,SAN DIEGO,-117.25218963623048,32.80022430419922
8832879,2019,2019-04-04,3703,2019-03-19,1638,1334,NA,2,5,3,3703,0,0,0,NA,0,002,9TH ST,ORANGE AV,24,E,N,A,-,N,NA,NA,NA,NA,NA,NA,NA,NA,NA,Y,4,0,2,4,A,-,03,22350,NA,N,C,C,A,A,H,-,A,D,0,NA,NA,NA,NA,Y,NA,A,07,0,0,2,0,0,0,0,0,0,-,-,NA,NA,SAN DIEGO,CORONADO,-117.17905426025392,32.68732452392578
8834374,2019,2019-04-12,3705,2019-03-19,0936,EC5368,NA,2,5,5,3705,0,0,0,NA,0,001,FLETCHER PKWY,SHARON WY,0,NA,Y,A,-,N,NA,NA,NA,NA,NA,NA,NA,NA,NA,Y,4,0,1,2,A,-,12,21453,A,N,D,C,A,A,H,-,A,A,0,NA,NA,NA,NA,Y,NA,A,01,0,0,1,0,0,0,0,0,0,-,-,NA,NA,SAN DIEGO,EL CAJON,-116.993714,32.803317
8834611,2019,2019-04-16,3705,2019-03-20,1611,EC5368,NA,3,5,5,3705,0,0,0,NA,0,004,S MOLLISON AV,E CHASE AV,28,N,N,B,-,N,NA,NA,NA,NA,NA,NA,NA,NA,NA,N,4,0,1,2,A,-,03,22350,NA,N,B,C,A,B,H,-,A,A,0,NA,NA,NA,NA,Y,NA,A,01,0,0,1,0,0,0,0,0,0,-,-,NA,NA,SAN DIEGO,EL CAJON,-116.95094299316406,32.78047561645508
8834751,2019,2019-05-28,3700,2019-04-09,1644,SH0690,NA,2,5,5,3712,0,0,0,NA,0,360,VIA VERA CRUZ,CIMA DR,335,S,N,A,-,N,NA,NA,NA,NA,NA,NA,NA,NA,NA,N,4,0,1,2,A,-,08,22107,NA,N,E,E,A,A,H,-,A,D,0,NA,NA,NA,NA,Y,NA,A,01,0,0,1,0,0,0,0,0,0,-,-,NA,NA,SAN DIEGO,SAN MARCOS,-117.18875122070313,33.12176513671875
8834767,2019,2019-04-19,3700,2019-03-30,1359,SH3079,NA,6,5,5,3713,0,0,0,NA,0,303,EAST VISTA WY,WARMLANDS AV,985,S,N,A,-,N,NA,NA,NA,NA,NA,NA,NA,NA,NA,Y,4,0,1,2,A,-,05,21460,C,N,D,C,A,A,H,-,A,D,0,NA,NA,NA,NA,Y,NA,A,01,0,0,1,0,0,0,0,0,0,-,-,NA,NA,SAN DIEGO,VISTA,-117.22617340087892,33.23052215576172
8834864,2019,2019-04-17,3711,2019-04-01,2100,7712,NA,1,5,7,3711,0,0,0,NA,0,827,UNIVERSITY AV,52ND ST,300,W,N,A,-,N,NA,NA,NA,NA,NA,NA,NA,NA,NA,Y,3,0,1,3,A,-,00,23107,NA,N,B,E,A,A,H,-,C,D,0,NA,NA,NA,NA,Y,NA,A,07,0,1,0,0,0,0,0,0,0,-,-,NA,NA,SAN DIEGO,SAN DIEGO,-117.08456420898438,32.74910354614258
8835028,2019,2019-04-18,3711,2019-03-31,1000,SD7798,NA,7,5,7,3711,0,0,0,NA,0,521,G ST,17TH ST,0,NA,Y,A,-,N,NA,NA,NA,NA,NA,NA,NA,NA,NA,N,3,0,1,1,B,-,22,NA,NA,N,H,A,A,A,H,-,A,D,0,NA,NA,Y,NA,Y,NA,C,02,0,1,0,0,0,0,0,0,1,-,-,NA,NA,SAN DIEGO,SAN DIEGO,-117.14856719970705,32.71263122558594
8835558,2019,2019-04-12,3702,2019-03-11,1634,CV1004,NA,1,5,6,3702,0,0,0,NA,0,031,EAST H ST,HIDDEN VISTA,50,E,N,C,-,N,NA,NA,NA,NA,NA,NA,NA,NA,NA,N,2,0,1,3,A,-,03,22350,NA,N,C,C,A,B,H,-,A,A,0,NA,NA,NA,NA,Y,NA,A,07,1,0,0,0,0,0,0,0,0,-,-,NA,NA,SAN DIEGO,CHULA VISTA,-117.04924011230467,32.640567779541016
8835635,2019,2019-04-11,3711,2019-03-21,1515,7202,NA,4,5,7,3711,0,0,0,NA,0,437,PARTHENON DR,PINECONE LN,0,NA,Y,B,-,N,NA,NA,NA,NA,NA,NA,NA,NA,NA,N,4,0,1,2,A,-,09,21801,A,N,A,C,A,A,H,-,A,A,0,NA,NA,NA,NA,Y,NA,-,NA,0,0,1,0,0,0,0,0,0,-,-,NA,NA,SAN DIEGO,SAN DIEGO,-117.0437469482422,32.67407989501953
8836537,2019,2019-04-12,3711,2019-04-01,1843,7787,NA,1,5,7,3711,0,0,0,NA,0,832,EL CAJON BL,EL CAJON BL 4100,37,S,N,A,-,N,NA,NA,NA,NA,NA,NA,NA,NA,NA,N,4,0,1,2,A,-,03,22350,NA,N,C,C,A,A,H,-,B,D,0,NA,NA,NA,NA,Y,NA,-,NA,0,0,1,0,0,0,0,0,0,-,-,NA,NA,SAN DIEGO,SAN DIEGO,NA,NA
8836789,2019,2019-04-19,3702,2019-03-13,1845,CV1133,NA,3,5,6,3702,0,0,0,NA,0,041,LA MEDIA RD,TELEGRAPH CANYON RD,635,S,N,A,-,N,NA,NA,NA,NA,NA,NA,NA,NA,NA,Y,3,0,1,2,A,-,07,21658,A,M,E,I,A,A,H,-,A,D,0,NA,NA,Y,NA,Y,NA,-,99,0,1,0,0,0,0,0,0,1,-,-,NA,NA,SAN DIEGO,CHULA VISTA,-116.98925018310548,32.637203216552734
8837067,2018,2019-07-02,3709,2018-12-20,1259,NC0473,NA,4,5,5,3709,0,0,0,NA,0,021,PARADISE VALLEY RD,PARADISE VALLEY RD 400,0,NA,Y,A,-,N,NA,NA,NA,NA,NA,NA,NA,NA,NA,Y,2,0,8,3,A,-,03,22350,NA,N,A,C,A,A,H,-,A,D,0,NA,NA,NA,NA,Y,NA,A,01,5,2,1,0,0,0,0,0,0,-,-,NA,NA,SAN DIEGO,NATIONAL CITY,-117.01069951,32.70468894
8841563,2019,2019-04-16,3709,2019-03-10,0007,NC0497,NA,7,5,5,3709,0,0,0,NA,0,020,HARBOR DR,WEST 8TH ST,0,NA,Y,A,-,N,NA,NA,NA,NA,NA,NA,NA,NA,NA,N,3,0,1,1,A,-,03,22350,NA,N,E,I,A,A,H,-,E,D,0,NA,NA,NA,NA,Y,NA,-,NA,0,1,0,0,0,0,0,0,0,-,-,NA,NA,SAN DIEGO,NATIONAL CITY,-117.11483764648438,32.673648834228516
8841796,2019,2019-04-26,3701,2019-03-22,0735,CB5501,NA,5,5,5,3701,0,0,0,NA,0,002,MAGNOLIA AV,JEFFERSON ST,142,W,N,A,-,N,NA,NA,NA,NA,NA,NA,NA,NA,NA,Y,4,0,1,2,A,-,03,22350,NA,N,C,E,A,A,E,-,A,D,0,NA,NA,NA,NA,Y,NA,A,01,0,0,1,0,0,0,0,0,0,-,-,NA,NA,SAN DIEGO,CARLSBAD,-117.34017944335938,33.15411376953125
8843774,2019,2019-04-17,3711,2019-04-08,1600,SD7233,NA,1,5,7,3711,0,0,0,NA,0,246,WOODCRAFT WY,HEARTWOOD WY,162,W,N,A,-,N,NA,NA,NA,NA,NA,NA,NA,NA,NA,N,3,0,1,2,A,-,09,21804,A,N,D,G,A,A,H,-,A,D,0,NA,Y,NA,NA,Y,NA,L,04,0,1,0,0,0,0,1,0,0,-,-,NA,NA,SAN DIEGO,SAN DIEGO,-117.09944915771484,32.92543029785156
8843794,2019,2019-04-18,3711,2019-04-04,0600,SD5245,NA,4,5,7,3711,0,0,0,NA,0,315,FRIARS RD,NORTHSIDE DR,0,NA,Y,A,-,N,NA,NA,NA,NA,NA,NA,NA,NA,NA,Y,4,0,2,3,A,-,12,21453,A,N,D,C,A,A,H,-,B,A,0,NA,NA,NA,NA,Y,NA,A,01,0,0,2,0,0,0,0,0,0,-,-,NA,NA,SAN DIEGO,SAN DIEGO,-117.12787628173828,32.78409194946289