CASE_ID,ACCIDENT_YEAR,PROC_DATE,JURIS,COLLISION_DATE,COLLISION_TIME,OFFICER_ID,REPORTING_DISTRICT,DAY_OF_WEEK,CHP_SHIFT,POPULATION,CNTY_CITY_LOC,SPECIAL_COND,BEAT_TYPE,CHP_BEAT_TYPE,CITY_DIVISION_LAPD,CHP_BEAT_CLASS,BEAT_NUMBER,PRIMARY_RD,SECONDARY_RD,DISTANCE,DIRECTION,INTERSECTION,WEATHER_1,WEATHER_2,STATE_HWY_IND,CALTRANS_COUNTY,CALTRANS_DISTRICT,STATE_ROUTE,ROUTE_SUFFIX,POSTMILE_PREFIX,POSTMILE,LOCATION_TYPE,RAMP_INTERSECTION,SIDE_OF_HWY,TOW_AWAY,COLLISION_SEVERITY,NUMBER_KILLED,NUMBER_INJURED,PARTY_COUNT,PRIMARY_COLL_FACTOR,PCF_CODE_OF_VIOL,PCF_VIOL_CATEGORY,PCF_VIOLATION,PCF_VIOL_SUBSECTION,HIT_AND_RUN,TYPE_OF_COLLISION,MVIW,PED_ACTION,ROAD_SURFACE,ROAD_COND_1,ROAD_COND_2,LIGHTING,CONTROL_DEVICE,CHP_ROAD_TYPE,PEDESTRIAN_ACCIDENT,BICYCLE_ACCIDENT,MOTORCYCLE_ACCIDENT,TRUCK_ACCIDENT,NOT_PRIVATE_PROPERTY,ALCOHOL_INVOLVED,STWD_VEHTYPE_AT_FAULT,CHP_VEHTYPE_AT_FAULT,COUNT_SEVERE_INJ,COUNT_VISIBLE_INJ,COUNT_COMPLAINT_PAIN,COUNT_PED_KILLED,COUNT_PED_INJURED,COUNT_BICYCLIST_KILLED,COUNT_BICYCLIST_INJURED,COUNT_MC_KILLED,COUNT_MC_INJURED,PRIMARY_RAMP,SECONDARY_RAMP,LATITUDE,LONGITUDE,COUNTY,CITY,POINT_X,POINT_Y
8889322,2019,2019-07-15,3711,2019-06-17,1847,SD6946,NA,1,5,7,3711,0,0,0,NA,0,242,HILLERY DR,GREENFORD DR,0,NA,Y,A,-,N,NA,NA,NA,NA,NA,NA,NA,NA,NA,N,4,0,1,2,A,-,12,22450,A,N,D,C,A,A,H,-,A,A,0,NA,NA,NA,NA,Y,NA,A,01,0,0,1,0,0,0,0,0,0,-,-,NA,NA,SAN DIEGO,SAN DIEGO,-117.13143157958984,32.91202926635742
8889338,2019,2019-07-15,3711,2019-06-26,1606,7417,SAN D,3,5,7,3711,0,0,0,NA,0,436,BENSON AV,WOODMAN,20,W,N,A,-,N,NA,NA,NA,NA,NA,NA,NA,NA,NA,N,4,0,1,1,A,-,08,22107,NA,N,E,J,A,A,H,-,A,D,0,NA,NA,Y,NA,Y,NA,C,03,0,0,1,0,0,0,0,0,1,-,-,NA,NA,SAN DIEGO,SAN DIEGO,-117.05531311035156,32.70504379272461
8889601,2019,2019-07-22,3708,2019-06-07,1548,LM1259,NA,5,5,5,3708,0,0,0,NA,0,002,ECHO DR,PANORAMA DR,236,W,N,A,-,N,NA,NA,NA,NA,NA,NA,NA,NA,NA,Y,4,0,1,1,A,-,01,23152,B,N,E,I,A,A,H,-,A,D,0,NA,NA,NA,NA,Y,Y,A,01,0,0,1,0,0,0,0,0,0,-,-,NA,NA,SAN DIEGO,LA MESA,-117.00856018066406,32.75655746459961
8890169,2019,2019-07-19,3701,2019-06-18,1514,CB5539,79,2,5,5,3701,0,0,0,NA,0,006,CORTE DE LA PINA,CORTE DEL CEDRO,8,W,N,A,-,N,NA,NA,NA,NA,NA,NA,NA,NA,NA,NA,4,0,1,1,A,-,08,22107,NA,N,H,A,A,A,B,-,A,D,0,NA,NA,Y,NA,Y,NA,C,02,0,0,1,0,0,0,0,0,1,-,-,NA,NA,SAN DIEGO,CARLSBAD,-117.27242279052734,33.12282180786133
8890174,2019,2019-07-24,3706,2019-06-02,2032,491,ESCON,7,5,6,3706,0,0,0,NA,0,056,VALLEY PKWY,CITRUS AV,0,NA,Y,A,-,N,NA,NA,NA,NA,NA,NA,NA,NA,NA,NA,4,0,3,2,A,-,01,23152,A,N,D,C,A,A,H,-,C,A,0,NA,NA,NA,NA,Y,Y,A,01,0,0,3,0,0,0,0,0,0,-,-,33.14051818847656,-117.0443878173828,SAN DIEGO,ESCONDIDO,-117.04425048828124,33.14099884033203
8891091,2019,2019-08-07,3711,2019-05-30,1700,SD8822,NA,4,5,7,3711,0,0,0,NA,0,322,MISSION GORGE RD,OLD CLIFFS RD,160,N,N,A,-,N,NA,NA,NA,NA,NA,NA,NA,NA,NA,N,4,0,1,5,A,-,03,22350,NA,N,C,C,A,A,H,-,A,A,0,NA,NA,NA,NA,Y,NA,A,01,0,0,1,0,0,0,0,0,0,-,-,NA,NA,SAN DIEGO,SAN DIEGO,-117.09149169921876,32.80010986328125
8891100,2019,2019-07-12,3711,2019-06-22,1306,SD7824,NA,6,5,7,3711,0,0,0,NA,0,122,GRAND AV,BOND ST,40,E,N,A,-,N,NA,NA,NA,NA,NA,NA,NA,NA,NA,N,3,0,1,2,A,-,11,21950,B,N,G,B,D,A,H,-,A,D,0,Y,NA,NA,NA,Y,NA,N,60,0,1,0,0,1,0,0,0,0,-,-,NA,NA,SAN DIEGO,SAN DIEGO,-117.2199249267578,32.80242156982422
8893482,2019,2019-08-01,3711,2019-07-02,1451,SD7939,NA,2,5,7,3711,0,0,0,NA,0,123,QUIVIRA WY,QUIVIRA ACCESS 1999,0,NA,Y,A,-,N,NA,NA,NA,NA,NA,NA,NA,NA,NA,N,3,0,1,2,A,-,08,22107,NA,N,B,C,A,A,H,-,A,D,0,NA,NA,NA,NA,Y,NA,-,NA,0,1,0,0,0,0,0,0,0,-,-,NA,NA,SAN DIEGO,SAN DIEGO,NA,NA
8893506,2019,2019-08-01,3711,2019-07-03,1835,7820,NA,3,5,7,3711,0,0,0,NA,0,712,WEST SAN YSIDRO BL,VIA DE SAN YSIDRO,40,W,N,A,-,N,NA,NA,NA,NA,NA,NA,NA,NA,NA,Y,4,0,1,2,A,-,03,22350,NA,N,B,C,A,A,H,-,A,A,0,NA,NA,NA,NA,Y,NA,-,NA,0,0,1,0,0,0,0,0,0,-,-,NA,NA,SAN DIEGO,SAN DIEGO,-117.04506683349608,32.55251693725586
8895685,2019,2019-07-16,3703,2019-06-30,2216,1343,NA,7,5,3,3703,0,0,0,NA,0,001,ALAMEDA BL,6TH ST,254,N,N,A,-,N,NA,NA,NA,NA,NA,NA,NA,NA,NA,Y,3,0,1,2,A,-,01,23152,A,M,B,E,A,A,H,-,D,D,0,NA,NA,NA,NA,Y,Y,A,07,0,1,0,0,0,0,0,0,0,-,-,NA,NA,SAN DIEGO,CORONADO,-117.18508911132813,32.69599151611328
8895723,2019,2019-07-16,3710,2019-06-02,0050,OC1472,NA,7,5,6,3710,0,0,0,NA,0,016,DOUGLAS DR,PALA RD,0,NA,Y,A,-,N,NA,NA,NA,NA,NA,NA,NA,NA,NA,Y,4,0,1,2,A,-,12,21453,A,F,D,C,A,A,H,-,C,A,0,NA,NA,NA,NA,Y,Y,A,01,0,0,1,0,0,0,0,0,0,-,-,NA,NA,SAN DIEGO,OCEANSIDE,-117.32257080078124,33.237998962402344
8898237,2019,2019-07-29,3700,2019-04-10,0534,SH3079,NA,3,5,5,3713,0,0,0,NA,0,305,W BOBIER DR,W KNAPP DR,0,NA,Y,A,-,N,NA,NA,NA,NA,NA,NA,NA,NA,NA,Y,2,0,1,2,A,-,09,21802,A,N,D,C,A,A,H,-,D,A,0,NA,NA,Y,NA,Y,NA,D,22,1,0,0,0,0,0,0,0,1,-,-,NA,NA,SAN DIEGO,VISTA,-117.25116729736328,33.221160888671875
8898499,2019,2019-07-17,3711,2019-06-24,0519,SD6616,NA,1,5,7,3711,0,0,0,NA,0,523,BROADWAY,5TH AV,0,NA,Y,B,-,N,NA,NA,NA,NA,NA,NA,NA,NA,NA,N,4,0,1,2,A,-,10,21950,A,N,A,B,B,A,H,-,B,A,0,Y,NA,NA,NA,Y,NA,-,NA,0,0,1,0,1,0,0,0,0,-,-,NA,NA,SAN DIEGO,SAN DIEGO,-117.16014862060548,32.7157096862793
8898533,2019,2019-07-18,3711,2019-06-26,0040,SD7825,NA,3,5,7,3711,0,0,0,NA,0,516,IMPERIAL AV,31ST ST,40,W,N,A,-,N,NA,NA,NA,NA,NA,NA,NA,NA,NA,N,4,0,1,2,A,-,07,21658,A,N,A,E,A,A,H,-,C,D,0,NA,NA,NA,NA,Y,Y,A,01,0,0,1,0,0,0,0,0,0,-,-,NA,NA,SAN DIEGO,SAN DIEGO,-117.12750244140624,32.706417083740234
8898537,2019,2019-07-18,3711,2019-06-22,0250,SD7759,NA,6,5,7,3711,0,0,0,NA,0,122,FANUEL ST,GRAND AV,0,NA,Y,B,-,N,NA,NA,NA,NA,NA,NA,NA,NA,NA,N,3,0,1,2,A,-,12,21453,A,M,G,B,B,A,H,-,C,A,0,Y,NA,NA,NA,Y,NA,-,99,0,1,0,0,1,0,0,0,0,-,-,NA,NA,SAN DIEGO,SAN DIEGO,-117.2458038330078,32.79671859741211
8900181,2019,2019-07-25,3711,2019-06-11,1239,SD5628,NA,2,5,7,3711,0,0,0,NA,0,931,ROSELLE ST,ROSELLE ST 10600,0,NA,-,A,-,N,NA,NA,NA,NA,NA,NA,NA,NA,NA,N,4,0,1,2,A,-,09,21804,A,N,D,C,A,A,H,-,A,A,0,NA,NA,NA,NA,Y,NA,A,07,0,0,1,0,0,0,0,0,0,-,-,NA,NA,SAN DIEGO,SAN DIEGO,NA,NA
8900896,2019,2019-08-07,3700,2019-07-12,0827,SH2439,NA,5,5,5,3713,0,0,0,NA,0,308,WEST VISTA WY,GRAPEVINE CANYON RD,565,E,N,A,-,N,NA,NA,NA,NA,NA,NA,NA,NA,NA,Y,2,0,2,2,A,-,01,23152,F,N,A,C,A,A,H,-,A,D,0,NA,NA,NA,NA,Y,NA,A,01,1,0,1,0,0,0,0,0,0,-,-,NA,NA,SAN DIEGO,VISTA,-117.2734832763672,33.19118881225586
8903739,2019,2019-08-07,3711,2019-07-19,2315,7699,SD,5,5,7,3711,0,0,0,NA,0,722,CORONADO AV,HOLLISTER ST,11,E,N,A,-,N,NA,NA,NA,NA,NA,NA,NA,NA,NA,Y,3,0,1,2,A,-,12,21453,NA,N,D,C,A,A,H,-,C,A,0,NA,NA,NA,NA,Y,Y,D,22,0,1,0,0,0,0,0,0,0,-,-,NA,NA,SAN DIEGO,SAN DIEGO,-117.08404541015624,32.576480865478516
8904187,2019,2019-08-09,3710,2019-07-01,1755,OC1157,NA,1,5,6,3710,0,0,0,NA,0,013,VISTA WY,EL CAMINIO REAL,50,E,N,A,-,N,NA,NA,NA,NA,NA,NA,NA,NA,NA,N,4,0,2,2,A,-,03,22350,NA,N,C,C,A,A,H,-,A,A,0,NA,NA,NA,NA,Y,NA,A,01,0,0,2,0,0,0,0,0,0,-,-,NA,NA,SAN DIEGO,OCEANSIDE,-117.32691192626952,33.18319320678711
8905034,2019,2019-10-03,3711,2019-09-03,1358,SD4897,NA,2,5,7,3711,0,0,0,NA,0,126,LA JOLLA VILLAGE DR,VILLA LA JOLLA DR 9000,0,NA,Y,A,-,N,NA,NA,NA,NA,NA,NA,NA,NA,NA,Y,4,0,1,2,A,-,09,21806,A,N,D,C,A,A,H,-,A,A,0,NA,NA,NA,NA,Y,NA,A,01,0,0,1,0,0,0,0,0,0,-,-,NA,NA,SAN DIEGO,SAN DIEGO,NA,NA
8905490,2019,2019-08-01,3711,2019-07-15,0138,SD4759,NA,1,5,7,3711,0,0,0,NA,0,122,REED AV,MISSION BL,242,W,N,B,-,N,NA,NA,NA,NA,NA,NA,NA,NA,NA,N,3,0,2,1,A,-,08,22107,NA,N,E,I,A,A,H,-,C,D,0,NA,NA,Y,NA,Y,Y,C,03,0,2,0,0,0,0,0,0,2,-,-,NA,NA,SAN DIEGO,SAN DIEGO,-117.25506591796876,32.79253387451172
8905527,2019,2019-08-06,3703,2019-07-16,1445,1270,NA,2,5,3,3703,0,0,0,NA,0,NA,ALAMEDA BL,3RD ST,293,N,N,A,-,N,NA,NA,NA,NA,NA,NA,NA,NA,NA,N,4,0,1,2,A,-,08,22107,NA,N,B,C,A,A,H,-,A,D,0,NA,NA,Y,NA,Y,NA,C,02,0,0,1,0,0,0,0,0,1,-,-,NA,NA,SAN DIEGO,CORONADO,-117.18251037597656,32.700340270996094
8905549,2019,2019-08-01,3711,2019-07-12,1213,SD7604,NA,5,5,7,3711,0,0,0,NA,0,934,CARMEL CREEK RD,MYKONOS LN,0,NA,Y,A,-,N,NA,NA,NA,NA,NA,NA,NA,NA,NA,Y,3,0,1,2,A,-,12,21453,A,N,D,C,A,A,H,-,A,A,0,NA,NA,NA,NA,Y,NA,A,01,0,1,0,0,0,0,0,0,0,-,-,NA,NA,SAN DIEGO,SAN DIEGO,-117.228271484375,32.94601821899414
8905569,2019,2019-08-01,3711,2019-07-13,1742,SD7201,NA,6,5,7,3711,0,0,0,NA,0,315,RIO SAN DIEGO,GILL VILLAGE WY,0,NA,Y,B,-,N,NA,NA,NA,NA,NA,NA,NA,NA,NA,N,3,0,2,2,A,-,08,22108,NA,N,D,C,A,A,H,-,A,A,0,NA,NA,NA,NA,Y,NA,A,01,0,1,1,0,0,0,0,0,0,-,-,NA,NA,SAN DIEGO,SAN DIEGO,-117.14669036865234,32.77421951293945
8908084,2019,2019-08-09,3703,2019-07-28,1811,1331,NA,7,5,3,3703,0,0,0,NA,0,001,A AV,4TH ST,55,N,N,A,-,N,NA,NA,NA,NA,NA,NA,NA,NA,NA,N,4,0,1,2,A,-,04,21703,NA,N,C,C,A,A,H,-,A,A,0,NA,NA,NA,NA,Y,NA,A,08,0,0,1,0,0,0,0,0,0,-,-,NA,NA,SAN DIEGO,CORONADO,-117.17132568359376,32.693172454833984
8908504,2019,2019-08-05,3702,2019-06-28,2245,CV1160,NA,5,5,6,3702,0,0,0,NA,0,023,EAST L ST,MELROSE AV,13,E,N,A,-,N,NA,NA,NA,NA,NA,NA,NA,NA,NA,N,3,0,1,2,A,-,09,21804,A,M,C,G,A,A,H,-,D,A,0,NA,Y,NA,NA,Y,NA,-,-,0,1,0,0,0,0,1,0,0,-,-,NA,NA,SAN DIEGO,CHULA VISTA,-117.0493392944336,32.62696075439453
8909204,2019,2019-08-09,3706,2019-07-28,0144,509,ESCON,7,5,6,3706,0,0,0,NA,0,056,BEAR VALLEY PY,CITRUS AV,125,W,N,A,-,N,NA,NA,NA,NA,NA,NA,NA,NA,NA,Y,3,0,1,1,A,-,01,23152,A,N,E,I,A,A,H,-,C,A,0,NA,NA,NA,Y,Y,Y,G,25,0,1,0,0,0,0,0,0,0,-,-,33.137630462646484,-117.04210662841795,SAN DIEGO,ESCONDIDO,-117.0423583984375,33.13740158081055
8911039,2020,2020-05-12,3711,2020-03-13,2142,SD6146,NA,5,5,7,3711,0,0,0,NA,0,931,CAMINO SANTA FE,MIRATECH DR,352,S,N,B,-,N,NA,NA,NA,NA,NA,NA,NA,NA,NA,Y,1,3,1,1,A,-,08,22107,NA,N,E,I,A,B,H,-,C,D,0,NA,NA,NA,NA,Y,NA,D,22,1,0,0,0,0,0,0,0,0,-,-,NA,NA,SAN DIEGO,SAN DIEGO,-117.17020416259766,32.89744567871094
8911488,2020,2020-09-02,3711,2020-07-10,0946,SD5600,NA,5,5,7,3711,0,0,0,NA,0,242,BLACK MOUNTAIN RD,CAPRICORN WY,0,NA,Y,A,-,N,NA,NA,NA,NA,NA,NA,NA,NA,NA,Y,1,1,0,2,A,-,10,21950,NA,N,G,B,B,A,H,-,A,A,0,Y,NA,NA,NA,Y,NA,D,22,0,0,0,1,0,0,0,0,0,-,-,NA,NA,SAN DIEGO,SAN DIEGO,-117.1246337890625,32.92433166503906
8911851,2020,2020-12-01,3711,2020-09-25,0956,SD5972,NA,5,5,7,3711,0,0,0,NA,0,937,CARMEL VALLEY RD,BLACK MOUNTAIN RD,0,NA,-,A,-,N,NA,NA,NA,NA,NA,NA,NA,NA,NA,N,1,1,0,2,A,-,03,22350,NA,N,C,G,A,A,H,-,A,D,0,NA,Y,NA,Y,Y,NA,L,04,0,0,0,0,0,1,0,0,0,-,-,NA,NA,SAN DIEGO,SAN DIEGO,-117.13201904296876,32.985130310058594
8911888,2020,2022-06-14,3705,2020-09-10,2302,EC0279,NA,4,5,5,3705,0,0,0,NA,0,004,WASHINGTON AV,ORANGE AV,43,E,N,A,-,N,NA,NA,NA,NA,NA,NA,NA,NA,NA,N,1,1,0,2,A,-,11,21954,A,N,A,B,D,A,H,-,C,D,0,Y,NA,NA,NA,Y,NA,N,60,0,0,0,1,0,0,0,0,0,-,-,NA,NA,SAN DIEGO,EL CAJON,-116.96340942382813,32.78765869140625
8913037,2019,2019-08-29,3705,2019-07-30,1040,EC0396,NA,2,5,5,3705,0,0,0,NA,0,003,PEPPER DR,JASMINE ST,0,NA,Y,A,-,N,NA,NA,NA,NA,NA,NA,NA,NA,NA,Y,4,0,2,2,A,-,09,21802,A,N,D,C,A,A,H,-,A,A,0,NA,NA,NA,NA,Y,NA,A,01,0,0,2,0,0,0,0,0,0,-,-,NA,NA,SAN DIEGO,EL CAJON,-116.91803741455078,32.81645965576172
8913312,2019,2019-09-04,3701,2019-07-12,0632,CD5541,084,5,5,5,3701,0,0,0,NA,0,006,PALOMAR AIRPORT RD,MELROSE DR,11,W,N,A,-,N,NA,NA,NA,NA,NA,NA,NA,NA,NA,Y,3,0,2,5,A,-,12,21453,A,N,D,C,A,A,H,-,A,A,0,NA,NA,NA,NA,Y,NA,A,08,0,1,1,0,0,0,0,0,0,-,-,NA,NA,SAN DIEGO,CARLSBAD,-117.24552917480467,33.130104064941406
8913675,2019,2019-12-12,3701,2019-08-02,0911,CB5492,055,5,5,5,3701,0,0,0,NA,0,005,EL FUERTE ST,PALOMAR AIRPORT RD,138,S,N,A,-,N,NA,NA,NA,NA,NA,NA,NA,NA,NA,NA,4,0,1,3,A,-,03,22350,NA,N,C,C,A,A,H,-,A,A,0,NA,NA,NA,NA,Y,NA,A,01,0,0,1,0,0,0,0,0,0,-,-,NA,NA,SAN DIEGO,CARLSBAD,-117.25283050537108,33.12932205200195
8913893,2019,2019-08-12,3711,2019-07-24,2131,7800,NA,3,5,7,3711,0,0,0,NA,0,721,PALM,HOLLISTER ST,60,E,N,A,-,N,NA,NA,NA,NA,NA,NA,NA,NA,NA,N,4,0,1,2,A,-,10,21950,A,N,G,B,B,A,H,-,C,A,0,Y,NA,NA,NA,Y,NA,A,01,0,0,1,0,1,0,0,0,0,-,-,NA,NA,SAN DIEGO,SAN DIEGO,-117.08387756347656,32.58379364013672
8914713,2019,2019-08-13,3702,2019-06-19,1830,CV1077,NA,3,5,6,3702,0,0,0,NA,0,032,FENTON ST,EASTLAKE PKWY,0,NA,Y,A,-,N,NA,NA,NA,NA,NA,NA,NA,NA,NA,Y,4,0,1,3,A,-,12,21453,A,N,A,C,A,A,H,-,A,A,0,NA,NA,NA,NA,Y,NA,A,07,0,0,1,0,0,0,0,0,0,-,-,NA,NA,SAN DIEGO,CHULA VISTA,-116.96642303466795,32.65079879760742
8915625,2019,2019-08-14,3710,2019-03-28,1000,OC1018,001,4,5,6,3710,0,0,0,NA,0,001,SAN SIMEON ST,CAPISTRANO DR,135,S,N,A,-,N,NA,NA,NA,NA,NA,NA,NA,NA,NA,N,3,0,1,1,A,-,03,22350,NA,N,H,A,A,A,H,-,A,D,0,NA,NA,Y,NA,Y,NA,C,02,0,1,0,0,0,0,0,0,1,-,-,33.21979904174805,-117.37270355224608,SAN DIEGO,OCEANSIDE,-117.37284088134766,33.219512939453125
8915807,2019,2019-08-13,3710,2019-07-29,2105,OC1429,NA,1,5,6,3710,0,0,0,NA,0,027,COLLEGE BL,OCEANSIDE BL,8,N,N,A,-,N,NA,NA,NA,NA,NA,NA,NA,NA,NA,N,4,0,2,2,A,-,09,21804,A,N,D,C,A,A,H,-,C,D,0,NA,NA,NA,NA,Y,NA,A,01,0,0,2,0,0,0,0,0,0,-,-,NA,NA,SAN DIEGO,OCEANSIDE,-117.28505706787108,33.20732116699219
8916488,2019,2019-08-16,3711,2019-07-24,2213,SD7776,NA,3,5,7,3711,0,0,0,NA,0,627,ROBINSON AV,5TH ST,15,E,N,A,-,N,NA,NA,NA,NA,NA,NA,NA,NA,NA,N,3,0,1,2,A,-,11,21456,B,M,A,B,B,A,H,-,C,A,0,Y,NA,NA,NA,Y,NA,N,60,0,1,0,0,1,0,0,0,0,-,-,NA,NA,SAN DIEGO,SAN DIEGO,-117.16036224365234,32.74694061279297
8921183,2019,2019-09-05,3711,2019-08-06,0055,SD7233,NA,2,5,7,3711,0,0,0,NA,0,836,FAIRMONT AV,LAUREL ST,0,NA,Y,A,-,N,NA,NA,NA,NA,NA,NA,NA,NA,NA,Y,3,0,3,3,A,-,09,21801,A,N,D,C,A,A,H,-,C,D,0,NA,NA,NA,NA,Y,Y,A,01,0,2,1,0,0,0,0,0,0,-,-,NA,NA,SAN DIEGO,SAN DIEGO,-117.10108947753906,32.731441497802734
8921557,2019,2019-08-29,3711,2019-08-05,1653,SD7578,NA,1,5,7,3711,0,0,0,NA,0,627,GOLDFINCH ST,WEST WASHINGTON ST,16,N,N,A,-,N,NA,NA,NA,NA,NA,NA,NA,NA,NA,N,3,0,1,2,A,-,06,21760,NA,N,D,G,A,-,H,-,A,A,0,NA,Y,NA,NA,Y,NA,-,NA,0,1,0,0,0,0,1,0,0,-,-,NA,NA,SAN DIEGO,SAN DIEGO,-117.17137908935548,32.74995422363281
8924556,2019,2019-10-21,3711,2019-07-11,1800,SD7954,NA,4,5,7,3711,0,0,0,NA,0,315,FRIARS RD,RIVER RUN DR,0,NA,Y,-,-,N,NA,NA,NA,NA,NA,NA,NA,NA,NA,N,3,0,1,2,A,-,10,21950,A,N,G,B,B,A,H,-,A,A,0,Y,NA,NA,NA,Y,NA,A,01,0,1,0,0,1,0,0,0,0,-,-,NA,NA,SAN DIEGO,SAN DIEGO,-117.13421630859376,32.779170989990234
8928388,2019,2019-09-03,3711,2019-08-10,0159,SD4576,NA,6,5,7,3711,0,0,0,NA,0,524,A ST,10TH AV,0,NA,Y,A,-,N,NA,NA,NA,NA,NA,NA,NA,NA,NA,Y,4,0,1,2,A,-,12,21453,A,N,D,C,A,A,H,-,C,A,0,NA,NA,NA,NA,Y,NA,A,07,0,0,1,0,0,0,0,0,0,-,-,NA,NA,SAN DIEGO,SAN DIEGO,-117.15561676025392,32.7188606262207
8929612,2019,2019-09-09,3711,2019-08-17,1245,7669,NA,6,5,7,3711,0,0,0,NA,0,521,11TH ST,11TH ST 520,0,NA,-,A,-,N,NA,NA,NA,NA,NA,NA,NA,NA,NA,N,4,0,1,2,D,-,00,NA,NA,N,-,B,D,A,H,-,A,D,0,Y,NA,NA,NA,Y,NA,-,-,0,0,1,0,1,0,0,0,0,-,-,NA,NA,SAN DIEGO,SAN DIEGO,NA,NA
8929619,2019,2019-09-19,3711,2019-08-12,1540,SD5672,NA,1,5,7,3711,0,0,0,NA,0,315,MURRAY CANYON RD,MISSION HEIGHTS RD,16,S,N,A,-,N,NA,NA,NA,NA,NA,NA,NA,NA,NA,Y,4,0,1,2,A,-,08,22107,NA,N,D,C,A,A,H,-,A,D,0,NA,NA,NA,NA,Y,NA,A,01,0,0,1,0,0,0,0,0,0,-,-,NA,NA,SAN DIEGO,SAN DIEGO,-117.15792846679688,32.775779724121094
8929631,2019,2019-09-19,3711,2019-08-12,1022,SD7378,NA,1,5,7,3711,0,0,0,NA,0,823,STREAMVIEW DR,BOREN ST,10,E,N,A,-,N,NA,NA,NA,NA,NA,NA,NA,NA,NA,N,3,0,1,2,A,-,22,23123,A,M,G,B,B,A,H,-,A,A,0,Y,NA,NA,NA,Y,NA,-,NA,0,1,0,0,1,0,0,0,0,-,-,NA,NA,SAN DIEGO,SAN DIEGO,-117.05947113037108,32.744728088378906
8929663,2019,2019-09-19,3711,2019-08-16,0931,SD5300,NA,5,5,7,3711,0,0,0,NA,0,111,BALBOA AV,CHARGER BL,0,NA,Y,A,-,N,NA,NA,NA,NA,NA,NA,NA,NA,NA,Y,4,0,1,2,A,-,12,21453,A,N,D,C,A,A,H,-,A,A,0,NA,NA,NA,NA,Y,NA,A,01,0,0,1,0,0,0,0,0,0,-,-,NA,NA,SAN DIEGO,SAN DIEGO,-117.16710662841795,32.82059097290039
8930317,2019,2019-09-09,3711,2019-08-11,1946,SD5300,NA,7,5,7,3711,0,0,0,NA,0,825,COPELAND AV,MEADE AV,120,N,N,A,-,N,NA,NA,NA,NA,NA,NA,NA,NA,NA,Y,4,0,1,3,A,-,03,22350,NA,M,A,E,A,A,H,-,D,D,0,NA,NA,NA,NA,Y,NA,A,01,0,0,1,0,0,0,0,0,0,-,-,NA,NA,SAN DIEGO,SAN DIEGO,-117.10397338867188,32.757408142089844
8931161,2019,2019-09-11,3700,2019-07-21,1452,SH2558,NA,7,5,5,3712,0,0,0,NA,0,359,WEST SAN MARCOS BL,VIA VERA CRUZ,0,NA,Y,A,-,N,NA,NA,NA,NA,NA,NA,NA,NA,NA,N,4,0,1,2,A,-,03,22350,NA,F,C,C,A,A,H,-,A,A,0,NA,NA,NA,NA,Y,NA,A,08,0,0,1,0,0,0,0,0,0,-,-,NA,NA,SAN DIEGO,SAN MARCOS,-117.18797302246094,33.134849548339844
8931288,2019,2019-09-16,3711,2019-08-08,2018,SD7233,NA,4,5,7,3711,0,0,0,NA,0,511,HARBOR DR,SIGSBEE ST,6,W,N,A,-,N,NA,NA,NA,NA,NA,NA,NA,NA,NA,Y,2,0,1,2,A,-,07,21658,A,N,D,G,A,A,H,-,C,D,0,NA,Y,NA,NA,Y,NA,L,04,1,0,0,0,0,0,1,0,0,-,-,NA,NA,SAN DIEGO,SAN DIEGO,-117.15081787109376,32.70048141479492
8931351,2019,2019-09-12,3711,2019-08-22,1250,SD7787,NA,4,5,7,3711,0,0,0,NA,0,831,EL CAJON BL,FAIRMOUNT AV,0,NA,Y,A,-,N,NA,NA,NA,NA,NA,NA,NA,NA,NA,N,4,0,1,2,A,-,03,22350,NA,M,C,C,A,A,H,-,A,A,0,NA,NA,NA,NA,Y,NA,A,08,0,0,1,0,0,0,0,0,0,-,-,NA,NA,SAN DIEGO,SAN DIEGO,-117.100830078125,32.75519943237305
8931355,2019,2019-09-12,3711,2019-08-22,1318,SD6418,NA,4,5,7,3711,0,0,0,NA,0,115,GULLSTRAND ST,GOVERNOR DR,218,N,N,A,-,N,NA,NA,NA,NA,NA,NA,NA,NA,NA,N,3,0,2,2,A,-,08,22107,NA,N,A,C,A,A,-,-,A,D,0,NA,NA,NA,NA,Y,NA,A,01,0,1,1,0,0,0,0,0,0,-,-,NA,NA,SAN DIEGO,SAN DIEGO,-117.19131469726563,32.85319900512695
8932296,2019,2019-09-17,3700,2019-08-31,1456,SH0320,NA,6,5,5,3713,0,0,0,NA,0,316,SYCAMORE AV,UNIVERSITY DR,503,N,N,A,-,N,NA,NA,NA,NA,NA,NA,NA,NA,NA,Y,4,0,1,2,A,-,09,21801,A,N,D,C,A,A,H,-,A,D,0,NA,NA,NA,NA,Y,NA,A,07,0,0,1,0,0,0,0,0,0,-,-,NA,NA,SAN DIEGO,VISTA,-117.2116470336914,33.17070770263672
8933017,2019,2019-11-19,3700,2019-09-04,1233,SH0154,NA,3,5,5,3712,0,0,0,NA,0,357,NORTH TWIN OAKS VALLEY DR,SAN MARCOS BL,0,NA,Y,A,-,N,NA,NA,NA,NA,NA,NA,NA,NA,NA,Y,3,0,1,2,A,-,12,21453,A,N,D,C,A,A,H,-,A,A,0,NA,NA,NA,NA,Y,NA,I,11,0,1,0,0,0,0,0,0,0,-,-,NA,NA,SAN DIEGO,SAN MARCOS,-117.16394805908205,33.14094924926758
8934189,2019,2019-09-18,3711,2019-08-23,1500,SD7719,NA,5,5,7,3711,0,0,0,NA,0,612,ROSECRANS ST,JAMES ST,66,S,N,A,-,N,NA,NA,NA,NA,NA,NA,NA,NA,NA,N,3,0,1,3,B,-,22,NA,NA,N,F,C,A,A,H,-,A,D,0,NA,NA,NA,NA,Y,NA,A,01,0,1,0,0,0,0,0,0,0,-,-,NA,NA,SAN DIEGO,SAN DIEGO,-117.21363830566406,32.742923736572266