CASE_ID,ACCIDENT_YEAR,PROC_DATE,JURIS,COLLISION_DATE,COLLISION_TIME,OFFICER_ID,REPORTING_DISTRICT,DAY_OF_WEEK,CHP_SHIFT,POPULATION,CNTY_CITY_LOC,SPECIAL_COND,BEAT_TYPE,CHP_BEAT_TYPE,CITY_DIVISION_LAPD,CHP_BEAT_CLASS,BEAT_NUMBER,PRIMARY_RD,SECONDARY_RD,DISTANCE,DIRECTION,INTERSECTION,WEATHER_1,WEATHER_2,STATE_HWY_IND,CALTRANS_COUNTY,CALTRANS_DISTRICT,STATE_ROUTE,ROUTE_SUFFIX,POSTMILE_PREFIX,POSTMILE,LOCATION_TYPE,RAMP_INTERSECTION,SIDE_OF_HWY,TOW_AWAY,COLLISION_SEVERITY,NUMBER_KILLED,NUMBER_INJURED,PARTY_COUNT,PRIMARY_COLL_FACTOR,PCF_CODE_OF_VIOL,PCF_VIOL_CATEGORY,PCF_VIOLATION,PCF_VIOL_SUBSECTION,HIT_AND_RUN,TYPE_OF_COLLISION,MVIW,PED_ACTION,ROAD_SURFACE,ROAD_COND_1,ROAD_COND_2,LIGHTING,CONTROL_DEVICE,CHP_ROAD_TYPE,PEDESTRIAN_ACCIDENT,BICYCLE_ACCIDENT,MOTORCYCLE_ACCIDENT,TRUCK_ACCIDENT,NOT_PRIVATE_PROPERTY,ALCOHOL_INVOLVED,STWD_VEHTYPE_AT_FAULT,CHP_VEHTYPE_AT_FAULT,COUNT_SEVERE_INJ,COUNT_VISIBLE_INJ,COUNT_COMPLAINT_PAIN,COUNT_PED_KILLED,COUNT_PED_INJURED,COUNT_BICYCLIST_KILLED,COUNT_BICYCLIST_INJURED,COUNT_MC_KILLED,COUNT_MC_INJURED,PRIMARY_RAMP,SECONDARY_RAMP,LATITUDE,LONGITUDE,COUNTY,CITY,POINT_X,POINT_Y
8934926,2019,2019-12-07,3706,2019-08-10,1613,464,ESCON,6,5,6,3706,0,0,0,NA,0,045,QUINCE ST,VALLEY PKWY,0,NA,Y,A,-,N,NA,NA,NA,NA,NA,NA,NA,NA,NA,N,3,0,3,3,A,-,12,21453,A,N,D,C,A,A,H,-,A,A,0,NA,NA,NA,NA,Y,NA,A,01,0,1,2,0,0,0,0,0,0,-,-,33.119049072265625,-117.08921813964844,SAN DIEGO,ESCONDIDO,-117.08882904052734,33.11922836303711
8935427,2019,2019-09-23,3702,2019-07-24,0957,CV1174,NA,3,5,6,3702,0,0,0,NA,0,031,EAST H ST,PASEO DEL REY,0,NA,Y,A,-,N,NA,NA,NA,NA,NA,NA,NA,NA,NA,Y,3,0,2,2,D,-,00,NA,NA,N,D,C,A,A,H,-,A,A,0,NA,NA,NA,NA,Y,NA,-,-,0,1,1,0,0,0,0,0,0,-,-,NA,NA,SAN DIEGO,CHULA VISTA,-117.02928161621094,32.63602066040039
8935763,2019,2019-09-20,3711,2019-08-25,0730,6134,NA,7,5,7,3711,0,0,0,NA,0,113,BALBOA AV,CLAIREMONT DR,350,W,N,A,-,N,NA,NA,NA,NA,NA,NA,NA,NA,NA,N,3,0,1,1,A,-,08,22107,NA,N,E,I,A,A,H,-,A,D,0,NA,NA,NA,NA,Y,NA,A,01,0,1,0,0,0,0,0,0,0,-,-,NA,NA,SAN DIEGO,SAN DIEGO,-117.20220184326172,32.81180953979492
8935820,2019,2019-09-24,3711,2019-08-23,2235,6825,NA,5,5,7,3711,0,0,0,NA,0,242,MIRA MESA BL,ADERMAN AV,0,NA,Y,A,-,N,NA,NA,NA,NA,NA,NA,NA,NA,NA,Y,3,0,2,2,A,-,12,21453,A,N,A,C,A,A,H,-,C,A,0,NA,NA,NA,NA,Y,NA,A,01,0,1,1,0,0,0,0,0,0,-,-,NA,NA,SAN DIEGO,SAN DIEGO,-117.1621322631836,32.909210205078125
8937080,2019,2019-09-20,3708,2019-08-27,0753,LM1274,NA,2,5,5,3708,0,0,0,NA,0,001,70TH ST,ALAMO WY,0,NA,Y,A,-,N,NA,NA,NA,NA,NA,NA,NA,NA,NA,Y,4,0,3,2,A,-,08,22100,B,N,B,C,A,A,H,-,A,D,0,NA,NA,NA,NA,Y,NA,A,01,0,0,3,0,0,0,0,0,0,-,-,NA,NA,SAN DIEGO,LA MESA,-117.04720306396484,32.75973892211914
8937186,2019,2019-09-25,3708,2019-08-20,1741,LM1259,NA,2,5,5,3708,0,0,0,NA,0,001,SPRING ST,HIGH ST,119,N,N,A,-,N,NA,NA,NA,NA,NA,NA,NA,NA,NA,N,4,0,1,3,A,-,03,22350,NA,N,C,C,A,A,H,-,A,D,0,NA,NA,NA,NA,Y,Y,D,22,0,0,1,0,0,0,0,0,0,-,-,NA,NA,SAN DIEGO,LA MESA,-117.0165786743164,32.757694244384766
8937213,2019,2019-09-20,3711,2019-08-23,2015,SD5459,NA,5,5,7,3711,0,0,0,NA,0,446,EUCLID,EUCLID 250,0,NA,Y,A,-,N,NA,NA,NA,NA,NA,NA,NA,NA,NA,N,4,0,2,2,A,-,08,22100,B,N,D,C,A,A,H,-,C,D,0,NA,NA,NA,NA,Y,NA,A,01,0,0,2,0,0,0,0,0,0,-,-,NA,NA,SAN DIEGO,SAN DIEGO,NA,NA
8937687,2019,2019-09-20,3711,2019-08-15,1915,SD7947,NA,4,5,7,3711,0,0,0,NA,0,712,CAMINO DE LA PLAZA,CAMINO DE LA PLAZA 3900,0,NA,Y,A,-,N,NA,NA,NA,NA,NA,NA,NA,NA,NA,Y,4,0,1,2,A,-,09,21801,A,N,A,C,A,A,H,-,A,C,0,NA,NA,NA,NA,Y,NA,A,07,0,0,1,0,0,0,0,0,0,-,-,NA,NA,SAN DIEGO,SAN DIEGO,-117.0459,32.54476
8937707,2019,2019-09-20,3711,2019-08-28,1704,SD8822,NA,3,5,7,3711,0,0,0,NA,0,315,FRIARS RD,FRIARS RD 9300,150,W,N,A,-,N,NA,NA,NA,NA,NA,NA,NA,NA,NA,N,4,0,1,2,A,-,08,22107,NA,N,B,C,A,A,H,-,A,A,0,NA,NA,NA,NA,Y,NA,A,01,0,0,1,0,0,0,0,0,0,-,-,NA,NA,SAN DIEGO,SAN DIEGO,NA,NA
8937711,2019,2019-09-20,3711,2019-08-28,1705,SD7671,NA,3,5,7,3711,0,0,0,NA,0,628,WEST WASHINGTON ST,W WASHINGTON ST 901,0,NA,Y,A,-,N,NA,NA,NA,NA,NA,NA,NA,NA,NA,N,4,0,1,2,A,-,03,22350,NA,M,C,C,A,A,H,-,A,A,0,NA,NA,NA,NA,Y,NA,-,NA,0,0,1,0,0,0,0,0,0,-,-,NA,NA,SAN DIEGO,SAN DIEGO,NA,NA
8937832,2019,2019-09-23,3711,2019-09-07,0210,8382,NA,6,5,7,3711,0,0,0,NA,0,015,GENESEE AV,NOBEL DR,0,NA,Y,B,-,N,NA,NA,NA,NA,NA,NA,NA,NA,NA,Y,4,0,1,2,A,-,12,21453,A,N,D,C,A,A,H,-,C,A,0,NA,NA,NA,NA,Y,Y,A,07,0,0,1,0,0,0,0,0,0,-,-,NA,NA,SAN DIEGO,SAN DIEGO,-117.2136688232422,32.86688995361328
8938938,2019,2019-12-06,3701,2019-08-29,1520,CB5368,NA,4,5,5,3701,0,0,0,NA,0,008,RANCHO SANTA FE RD,CALLE BARCELONA,0,NA,Y,A,-,N,NA,NA,NA,NA,NA,NA,NA,NA,NA,N,4,0,1,2,A,-,12,21453,A,N,H,G,A,A,H,-,A,A,0,NA,Y,NA,NA,Y,NA,L,04,0,0,1,0,0,0,1,0,0,-,-,NA,NA,SAN DIEGO,CARLSBAD,-117.24249267578124,33.072269439697266
8939695,2023,2025-06-28,3705,2023-10-16,619,EC0383,NA,1,5,5,3705,0,0,0,NA,0,002,EAST MAIN ST,ROANOKE RD,0,NA,Y,A,-,N,NA,NA,NA,NA,NA,NA,NA,NA,NA,Y,1,1,0,2,A,-,11,21954,A,N,G,B,E,A,H,-,A,D,0,Y,NA,NA,NA,Y,NA,N,60,0,0,0,1,0,0,0,0,0,-,-,NA,NA,SAN DIEGO,EL CAJON,-116.9548797607422,32.79494857788086
8939757,2024,2024-07-29,3711,2024-01-06,1137,SD6146,NA,6,5,7,3711,0,0,0,NA,0,511,HARBOR DR,SOUTH 32ND ST,49,N,N,A,-,N,NA,NA,NA,NA,NA,NA,NA,NA,NA,N,1,1,0,1,A,-,03,22350,NA,N,E,I,A,A,H,-,A,A,0,NA,Y,NA,NA,Y,NA,L,04,0,0,0,0,0,1,0,0,0,-,-,NA,NA,SAN DIEGO,SAN DIEGO,-117.12555694580078,32.68592071533203
8943973,2019,2019-11-21,3711,2019-09-04,1856,SD6512,NA,3,5,7,3711,0,0,0,NA,0,233,RAGWEED ST,BICKWHEAT ST,0,NA,Y,B,-,N,NA,NA,NA,NA,NA,NA,NA,NA,NA,N,4,0,1,2,A,-,-,NA,NA,N,A,C,A,A,H,-,A,D,0,NA,NA,NA,NA,Y,NA,A,01,0,0,1,0,0,0,0,0,0,-,-,NA,NA,SAN DIEGO,SAN DIEGO,-117.13439178466795,32.94667053222656
8944713,2019,2019-11-25,3711,2019-09-03,1052,SD7247,NA,2,5,7,3711,0,0,0,NA,0,321,SAN DIEGO MISSION RD,FAIRMOUNT AV,0,NA,Y,A,-,N,NA,NA,NA,NA,NA,NA,NA,NA,NA,Y,3,0,1,2,A,-,09,21801,A,N,B,C,A,A,H,-,A,A,0,NA,NA,Y,NA,Y,NA,A,01,0,1,0,0,0,0,0,0,1,-,-,NA,NA,SAN DIEGO,SAN DIEGO,-117.10153198242188,32.78501892089844
8945057,2019,2019-09-27,3711,2019-09-03,1810,SD7284,NA,2,5,7,3711,0,0,0,NA,0,832,UNIVERSITY AV,44TH ST,18,E,N,A,-,N,NA,NA,NA,NA,NA,NA,NA,NA,NA,N,3,0,1,2,A,-,11,21954,A,N,G,B,D,A,H,-,A,D,0,Y,NA,NA,NA,Y,NA,N,60,0,1,0,0,1,0,0,0,0,-,-,NA,NA,SAN DIEGO,SAN DIEGO,-117.09975433349608,32.749610900878906
8947096,2019,2019-10-03,3711,2019-09-09,1753,SD6946,NA,1,5,7,3711,0,0,0,NA,0,242,MIRA MESA,GREENFORD,0,NA,Y,A,-,N,NA,NA,NA,NA,NA,NA,NA,NA,NA,N,3,0,1,2,A,-,10,21950,A,M,G,B,B,A,H,-,A,A,0,Y,NA,NA,NA,Y,NA,A,01,0,1,0,0,1,0,0,0,0,-,-,NA,NA,SAN DIEGO,SAN DIEGO,-117.13297271728516,32.91387176513672
8947407,2019,2019-10-07,3705,2019-04-26,1854,EC0219,NA,5,5,5,3705,0,0,0,NA,0,004,AVOCADO AV,CHASE AV,6,N,N,A,-,N,NA,NA,NA,NA,NA,NA,NA,NA,NA,N,3,0,2,3,A,-,10,21950,A,N,G,B,B,A,H,-,B,A,0,Y,NA,NA,NA,Y,NA,A,01,0,2,0,0,2,0,0,0,0,-,-,NA,NA,SAN DIEGO,EL CAJON,-116.95781707763672,32.7804069519043
8948713,2019,2019-09-26,3711,2019-06-21,1240,7460,5D,5,5,7,3711,0,0,0,NA,0,628,INDIA ST,W UPAS ST,0,NA,Y,A,-,N,NA,NA,NA,NA,NA,NA,NA,NA,NA,N,3,0,2,3,A,-,04,21703,NA,N,C,C,A,A,H,-,A,D,0,NA,NA,NA,NA,Y,NA,A,01,0,1,1,0,0,0,0,0,0,-,-,32.73899841308594,-117.17739868164063,SAN DIEGO,SAN DIEGO,-117.17739868164063,32.738948822021484
8949354,2019,2019-10-10,3711,2019-09-06,2120,SD7014,NA,5,5,7,3711,0,0,0,NA,0,827,UNIVERSITY AV,52ND ST,0,NA,Y,A,-,N,NA,NA,NA,NA,NA,NA,NA,NA,NA,N,3,0,1,1,C,-,18,NA,NA,N,B,I,A,A,H,-,C,D,0,NA,NA,NA,NA,Y,NA,-,-,0,1,0,0,0,0,0,0,0,-,-,NA,NA,SAN DIEGO,SAN DIEGO,-117.08358764648438,32.74909973144531
8949916,2019,2019-10-11,3711,2019-09-11,0805,SD6794,NA,3,5,7,3711,0,0,0,NA,0,243,MIRAMAR RD,BLACK MOUNTAIN RD,0,NA,Y,B,-,N,NA,NA,NA,NA,NA,NA,NA,NA,NA,Y,4,0,2,2,A,-,12,21453,A,N,D,C,A,A,H,-,A,A,0,NA,NA,NA,Y,Y,NA,F,26,0,0,2,0,0,0,0,0,0,-,-,NA,NA,SAN DIEGO,SAN DIEGO,-117.12345886230467,32.89377975463867
8950200,2019,2019-11-18,3711,2019-09-10,0928,5628,NA,2,5,7,3711,0,0,0,NA,0,113,LA JOLLA PKWY,LA JOLLA PKWY 3100,0,NA,-,B,-,N,NA,NA,NA,NA,NA,NA,NA,NA,NA,N,3,0,2,3,A,-,03,22350,NA,N,B,C,A,A,H,-,A,D,0,NA,NA,Y,NA,Y,NA,C,02,0,2,0,0,0,0,0,0,2,-,-,NA,NA,SAN DIEGO,SAN DIEGO,NA,NA
8950208,2019,2019-10-08,3711,2019-09-06,2500,6513,NA,5,5,7,3711,0,0,0,NA,0,613,NIMITZ BL,VOLTAIRE ST,229,N,N,A,-,N,NA,NA,NA,NA,NA,NA,NA,NA,NA,N,2,0,1,2,A,-,08,22107,NA,F,G,B,E,A,H,-,D,D,0,Y,NA,NA,NA,Y,NA,-,99,1,0,0,0,1,0,0,0,0,-,-,NA,NA,SAN DIEGO,SAN DIEGO,-117.23273468017578,32.742881774902344
8950212,2019,2019-10-08,3711,2019-09-04,1320,5700,NA,3,5,7,3711,0,0,0,NA,0,234,POMERADO RD,RANCHO BERNARDO RD,0,NA,Y,A,-,N,NA,NA,NA,NA,NA,NA,NA,NA,NA,Y,4,0,2,2,A,-,12,21453,A,N,A,C,A,A,H,-,A,A,0,NA,NA,NA,NA,Y,NA,A,01,0,0,2,0,0,0,0,0,0,-,-,NA,NA,SAN DIEGO,SAN DIEGO,-117.06101989746094,33.01877975463867
8953149,2019,2019-10-17,3702,2019-08-18,2319,CV1190,NA,7,5,6,3702,0,0,0,NA,0,012,4TH AV,G ST,150,N,N,A,-,N,NA,NA,NA,NA,NA,NA,NA,NA,NA,Y,4,0,1,2,A,-,01,23152,B,N,C,C,A,A,H,-,C,D,0,NA,NA,NA,NA,Y,Y,A,01,0,0,1,0,0,0,0,0,0,-,-,NA,NA,SAN DIEGO,CHULA VISTA,-117.0827865600586,32.63705825805664
8954057,2019,2019-10-18,3706,2019-09-30,1445,342,ESCOD,1,5,6,3706,0,0,0,NA,0,044,LINCOLN AV,HARDING ST E,0,NA,Y,A,-,N,NA,NA,NA,NA,NA,NA,NA,NA,NA,NA,3,0,1,2,A,-,08,22103,NA,N,D,C,A,A,H,-,A,D,0,NA,NA,NA,NA,Y,NA,D,22,0,1,0,0,0,0,0,0,0,-,-,33.14073181152344,-117.070068359375,SAN DIEGO,ESCONDIDO,-117.07037353515624,33.14054870605469
8954150,2019,2019-10-25,3711,2019-09-13,1956,SD7578,NA,5,5,7,3711,0,0,0,NA,0,621,LINDA VISTA RD,COMSTOCK ST,0,NA,Y,A,-,N,NA,NA,NA,NA,NA,NA,NA,NA,NA,Y,4,0,1,3,B,-,22,NA,NA,N,H,C,A,B,H,-,C,A,0,NA,NA,NA,NA,Y,NA,-,NA,0,0,1,0,0,0,0,0,0,-,-,NA,NA,SAN DIEGO,SAN DIEGO,-117.17173767089844,32.78337097167969
8954168,2019,2019-10-14,3702,2019-08-24,1335,CV1098,NA,6,5,6,3702,0,0,0,NA,0,012,H ST,WOODLAWN AV,114,E,N,A,-,N,NA,NA,NA,NA,NA,NA,NA,NA,NA,Y,4,0,2,3,A,-,03,22350,NA,N,C,C,A,A,H,-,A,A,0,NA,NA,NA,NA,Y,NA,A,01,0,0,2,0,0,0,0,0,0,-,-,NA,NA,SAN DIEGO,CHULA VISTA,-117.09355926513672,32.62981033325195
8954216,2019,2019-10-14,3702,2019-08-15,1956,CV1184,NA,4,5,6,3702,0,0,0,NA,0,012,H ST,WOODLAWN AV,175,E,N,A,-,N,NA,NA,NA,NA,NA,NA,NA,NA,NA,N,4,0,1,2,A,-,09,21804,A,N,G,G,F,A,H,-,C,D,0,Y,NA,NA,NA,Y,NA,A,01,0,0,1,0,1,0,0,0,0,-,-,NA,NA,SAN DIEGO,CHULA VISTA,-117.09336853027344,32.629859924316406
8955529,2019,2019-10-16,3702,2019-09-11,1615,CV0790,NA,3,5,6,3702,0,0,0,NA,0,031,EAST H ST,PASEO RANCHERO,228,E,N,A,-,N,NA,NA,NA,NA,NA,NA,NA,NA,NA,N,4,0,5,2,A,-,03,22350,NA,N,C,C,A,A,H,-,A,A,0,NA,NA,NA,NA,Y,NA,A,01,0,0,5,0,0,0,0,0,0,-,-,NA,NA,SAN DIEGO,CHULA VISTA,-117.01042938232422,32.6387939453125
8955667,2019,2019-10-17,3711,2019-09-22,0240,SD8334,NA,7,5,7,3711,0,0,0,NA,0,437,PARADISE VALLEY RD,BRIARWOOD RD,0,NA,Y,A,-,N,NA,NA,NA,NA,NA,NA,NA,NA,NA,Y,4,0,2,2,D,-,00,NA,NA,N,D,C,A,A,H,-,C,A,0,NA,NA,NA,NA,Y,NA,-,-,0,0,2,0,0,0,0,0,0,-,-,NA,NA,SAN DIEGO,SAN DIEGO,-117.03678894042967,32.6917610168457
8955956,2019,2019-10-18,3706,2019-09-27,0805,1833,ESCON,5,5,6,3706,0,0,0,NA,0,052,GRAND AV,JUNIPER ST,0,NA,Y,B,-,N,NA,NA,NA,NA,NA,NA,NA,NA,NA,N,4,0,2,2,A,-,09,21801,A,N,D,C,A,A,H,-,A,A,0,NA,NA,NA,NA,Y,NA,A,01,0,0,2,0,0,0,0,0,0,-,-,33.12303161621094,-117.07869720458984,SAN DIEGO,ESCONDIDO,-117.07872772216795,33.12300109863281
8956303,2019,2019-10-21,3711,2019-09-24,1228,SD6785,NA,2,5,7,3711,0,0,0,NA,0,233,BLACK MOUNTAIN RD,CANYONSIDE PARK DR,0,NA,Y,A,-,N,NA,NA,NA,NA,NA,NA,NA,NA,NA,N,4,0,1,2,A,-,12,21453,A,N,D,C,A,A,H,-,A,A,0,NA,NA,NA,NA,Y,NA,A,01,0,0,1,0,0,0,0,0,0,-,-,NA,NA,SAN DIEGO,SAN DIEGO,-117.12918090820313,32.94047927856445
8959479,2019,2019-11-05,3706,2019-10-05,1214,464,ESCON,6,5,6,3706,0,0,0,NA,0,045,AUTOPARK WY,ENTERPRISE ST,392,N,N,A,-,N,NA,NA,NA,NA,NA,NA,NA,NA,NA,NA,4,0,1,2,A,-,03,22350,NA,N,C,C,A,A,H,-,A,D,0,NA,NA,NA,NA,Y,NA,A,01,0,0,1,0,0,0,0,0,0,-,-,33.12247085571289,-117.11533355712892,SAN DIEGO,ESCONDIDO,-117.11613464355467,33.1229362487793
8959491,2019,2019-11-05,3706,2019-10-07,1646,342,ESCON,1,5,6,3706,0,0,0,NA,0,042,VALLEY PKWY,FIG ST,0,NA,Y,A,-,N,NA,NA,NA,NA,NA,NA,NA,NA,NA,Y,3,0,2,2,A,-,12,21453,A,N,D,C,A,A,H,-,A,A,0,NA,NA,NA,NA,Y,NA,A,01,0,1,1,0,0,0,0,0,0,-,-,33.12730026245117,-117.07407379150392,SAN DIEGO,ESCONDIDO,-117.07392120361328,33.127288818359375
8960743,2019,2019-12-10,3711,2019-10-08,1502,SD4617,NA,2,5,7,3711,0,0,0,NA,0,231,POWAY RD,POWAY RD 11100,0,NA,-,A,-,N,NA,NA,NA,NA,NA,NA,NA,NA,NA,N,4,0,2,4,A,-,03,22350,NA,N,C,C,A,A,H,-,A,A,0,NA,NA,NA,NA,Y,Y,A,01,0,0,2,0,0,0,0,0,0,-,-,NA,NA,SAN DIEGO,SAN DIEGO,NA,NA
8961591,2019,2019-10-23,3701,2019-09-26,1656,5512,54,4,5,5,3701,0,0,0,NA,0,005,MELROSE DR,LIONSHEAD AV,144,N,N,A,-,N,NA,NA,NA,NA,NA,NA,NA,NA,NA,N,3,0,1,1,A,-,08,22107,NA,N,E,I,A,A,H,-,A,D,0,NA,NA,NA,NA,Y,NA,D,22,0,1,0,0,0,0,0,0,0,-,-,NA,NA,SAN DIEGO,CARLSBAD,-117.24430084228516,33.13370132446289
8961687,2019,2019-10-23,3711,2019-08-30,1225,SD6686,NA,5,5,7,3711,0,0,0,NA,0,611,MIDWAY DR,KEMPE ST,346,W,N,A,-,NA,NA,NA,NA,NA,NA,NA,NA,NA,NA,N,2,0,1,2,A,-,05,21650,1,N,D,G,A,A,H,-,A,D,0,NA,Y,NA,NA,Y,NA,L,04,1,0,0,0,0,0,1,0,0,-,-,NA,NA,SAN DIEGO,SAN DIEGO,NA,NA
8961804,2019,2019-10-23,3711,2019-09-23,2032,SD5652,NA,1,5,7,3711,0,0,0,NA,0,242,CAMINO RUIZ,JADE COAST,0,NA,Y,A,-,N,NA,NA,NA,NA,NA,NA,NA,NA,NA,Y,4,0,2,2,A,-,08,22107,NA,N,B,C,A,A,H,-,D,D,0,NA,NA,NA,NA,Y,NA,A,01,0,0,2,0,0,0,0,0,0,-,-,NA,NA,SAN DIEGO,SAN DIEGO,-117.14508819580078,32.90311813354492
8961820,2019,2019-10-23,3711,2019-09-23,0947,SD6949,NA,1,5,7,3711,0,0,0,NA,0,243,MIRAMAR RD,MIRAMAR RD 7500,0,NA,-,A,-,N,NA,NA,NA,NA,NA,NA,NA,NA,NA,Y,3,0,2,2,A,-,09,21804,A,N,D,C,A,A,H,-,A,D,0,NA,NA,NA,NA,Y,NA,A,01,0,1,1,0,0,0,0,0,0,-,-,NA,NA,SAN DIEGO,SAN DIEGO,NA,NA
8961930,2019,2019-10-23,3711,2019-09-28,0526,7975,NA,6,5,7,3711,0,0,0,NA,0,611,SPORTS ARENA BL,SPORTS ARENA BL 3350,0,NA,-,C,-,N,NA,NA,NA,NA,NA,NA,NA,NA,NA,N,4,0,1,1,D,-,00,NA,NA,N,E,I,A,B,A,-,C,D,0,NA,Y,NA,NA,Y,NA,-,-,0,0,1,0,0,0,1,0,0,-,-,NA,NA,SAN DIEGO,SAN DIEGO,NA,NA
8961958,2019,2019-10-24,3711,2019-09-29,1952,7157,NA,7,5,7,3711,0,0,0,NA,0,441,OCEANVIEW BL,37TH ST,0,NA,Y,A,-,N,NA,NA,NA,NA,NA,NA,NA,NA,NA,N,4,0,2,2,A,-,12,22450,A,N,D,C,A,A,H,-,C,B,0,NA,NA,NA,NA,Y,NA,A,01,0,0,2,0,0,0,0,0,0,-,-,NA,NA,SAN DIEGO,SAN DIEGO,-117.11463928222656,32.70125961303711
8962568,2019,2019-10-25,3710,2019-09-15,1525,OC1177,NA,7,5,6,3710,0,0,0,NA,0,013,EL CAMINO REAL,VIA LAS ROSAS,778,N,N,A,-,N,NA,NA,NA,NA,NA,NA,NA,NA,NA,N,4,0,2,3,A,-,03,22350,NA,N,C,C,A,A,H,-,A,A,0,NA,NA,NA,NA,Y,NA,D,22,0,0,2,0,0,0,0,0,0,-,-,NA,NA,SAN DIEGO,OCEANSIDE,-117.32830810546876,33.18903732299805
8962711,2019,2019-12-20,3705,2019-10-02,1426,EC5368,NA,3,5,5,3705,0,0,0,NA,0,003,GREENFIELD DR,MAIN ST,210,S,N,A,-,N,NA,NA,NA,NA,NA,NA,NA,NA,NA,Y,4,0,1,2,A,-,03,22350,NA,N,C,C,A,A,H,-,A,A,0,NA,NA,NA,Y,Y,NA,F,26,0,0,1,0,0,0,0,0,0,-,-,NA,NA,SAN DIEGO,EL CAJON,-116.91793823242188,32.81205368041992
8964156,2019,2020-03-19,3711,2019-09-21,1450,SD7909,NA,6,5,7,3711,0,0,0,NA,0,934,CARMEL VALLEY RD,EL CAMINIO REAL,40,S,N,A,-,N,NA,NA,NA,NA,NA,NA,NA,NA,NA,N,4,0,1,2,A,-,07,21658,A,M,B,C,A,A,H,-,A,A,0,NA,NA,NA,NA,Y,NA,-,99,0,0,1,0,0,0,0,0,0,-,-,NA,NA,SAN DIEGO,SAN DIEGO,-117.23726654052734,32.93466567993164
8964893,2019,2020-09-29,3703,2019-10-10,1942,1331,NA,4,5,3,3703,0,0,0,NA,0,003,RT 75,LEYTE RD,0,NA,Y,A,-,Y,SD,11,75,-,-,15.725,I,5,N,N,2,0,1,2,A,-,11,21955,NA,N,G,B,B,A,H,-,C,A,0,Y,NA,NA,NA,Y,NA,N,60,1,0,0,0,1,0,0,0,0,-,-,NA,NA,SAN DIEGO,CORONADO,-117.14871978759766,32.64845657348633
8967272,2019,2019-11-05,3711,2019-10-04,0811,SD8192,NA,5,5,7,3711,0,0,0,NA,0,813,ADAMS AV,30TH ST,50,E,N,A,-,N,NA,NA,NA,NA,NA,NA,NA,NA,NA,N,4,0,1,2,A,-,03,22350,NA,N,C,C,A,A,H,-,A,A,0,NA,NA,NA,NA,Y,NA,D,22,0,0,1,0,0,0,0,0,0,-,-,NA,NA,SAN DIEGO,SAN DIEGO,-117.13003540039063,32.76287841796875
8967506,2019,2019-11-04,3711,2019-10-04,0745,SD7431,NA,5,5,7,3711,0,0,0,NA,0,441,IMPERIAL AV,MESSINA WY,12,E,N,A,-,N,NA,NA,NA,NA,NA,NA,NA,NA,NA,N,4,0,2,2,A,-,03,22350,NA,N,C,C,A,A,H,-,A,D,0,NA,NA,NA,NA,Y,NA,-,NA,0,0,2,0,0,0,0,0,0,-,-,NA,NA,SAN DIEGO,SAN DIEGO,-117.10556793212892,32.70417022705078
8968068,2019,2019-11-15,3711,2019-10-07,1900,SD8861,NA,1,5,7,3711,0,0,0,NA,0,531,MORLEY FIELD DR,FLORIDA DR,20,W,N,A,-,N,NA,NA,NA,NA,NA,NA,NA,NA,NA,Y,3,0,4,2,D,-,00,NA,NA,M,D,C,A,A,H,-,C,D,0,NA,NA,NA,NA,Y,NA,-,-,0,2,2,0,0,0,0,0,0,-,-,NA,NA,SAN DIEGO,SAN DIEGO,-117.14380645751952,32.73979187011719
8968169,2019,2019-11-15,3711,2019-10-05,1830,SD8861,NA,6,5,7,3711,0,0,0,NA,0,512,NATIONAL AV,S 29TH ST,5,E,N,A,-,N,NA,NA,NA,NA,NA,NA,NA,NA,NA,N,4,0,2,3,A,-,10,21950,A,N,G,B,B,A,H,-,C,D,0,Y,NA,NA,NA,Y,NA,A,01,0,0,2,0,2,0,0,0,0,-,-,NA,NA,SAN DIEGO,SAN DIEGO,-117.13164520263672,32.69594955444336
8968452,2019,2019-11-12,3705,2019-10-28,0735,EC0344,NA,1,5,5,3705,0,0,0,NA,0,001,WASHINGTON,JOHNSON AV,35,W,N,A,-,N,NA,NA,NA,NA,NA,NA,NA,NA,NA,N,4,0,2,4,A,-,03,22350,NA,N,C,C,A,A,H,-,A,D,0,NA,NA,NA,NA,Y,NA,A,01,0,0,2,0,0,0,0,0,0,-,-,NA,NA,SAN DIEGO,EL CAJON,-116.97103118896484,32.78765869140625
8968560,2019,2019-11-13,3711,2019-10-07,1332,SD6834,NA,1,5,7,3711,0,0,0,NA,0,321,FRIARS RD,SANTO RD,0,NA,Y,A,-,N,NA,NA,NA,NA,NA,NA,NA,NA,NA,Y,4,0,1,2,A,-,12,21453,A,N,D,C,A,A,H,-,A,A,0,NA,NA,NA,NA,Y,NA,A,08,0,0,1,0,0,0,0,0,0,-,-,NA,NA,SAN DIEGO,SAN DIEGO,-117.10511779785156,32.79035949707031
8968758,2019,2020-01-06,3711,2019-10-22,0808,SD7975,NA,2,5,7,3711,0,0,0,NA,0,515,MARKET ST,26TH ST,0,NA,Y,A,-,N,NA,NA,NA,NA,NA,NA,NA,NA,NA,N,3,0,2,2,A,-,04,21703,NA,N,C,C,A,A,H,-,A,A,0,NA,NA,NA,NA,Y,NA,I,09,0,1,1,0,0,0,0,0,0,-,-,NA,NA,SAN DIEGO,SAN DIEGO,-117.13815307617188,32.71162033081055
8969206,2019,2019-11-19,3708,2019-10-08,1613,LM8288,NA,2,5,5,3708,0,0,0,NA,0,004,PARKWAY DR,BUCKLAND ST,0,NA,Y,A,-,N,NA,NA,NA,NA,NA,NA,NA,NA,NA,Y,4,0,1,2,A,-,09,21801,A,N,D,C,A,A,H,-,A,D,0,NA,NA,NA,NA,Y,NA,A,01,0,0,1,0,0,0,0,0,0,-,-,NA,NA,SAN DIEGO,LA MESA,-117.01654052734376,32.77928161621094
8969314,2019,2019-11-19,3711,2019-10-07,1735,SD7776,NA,1,5,7,3711,0,0,0,NA,0,621,LINDA VISTA RD,ULRICH,300,N,N,A,-,N,NA,NA,NA,NA,NA,NA,NA,NA,NA,N,4,0,2,3,A,-,04,21703,NA,N,C,C,A,A,H,-,A,A,0,NA,NA,NA,NA,Y,NA,A,01,0,0,2,0,0,0,0,0,0,-,-,NA,NA,SAN DIEGO,SAN DIEGO,-117.16997528076172,32.78725814819336