CASE_ID,ACCIDENT_YEAR,PROC_DATE,JURIS,COLLISION_DATE,COLLISION_TIME,OFFICER_ID,REPORTING_DISTRICT,DAY_OF_WEEK,CHP_SHIFT,POPULATION,CNTY_CITY_LOC,SPECIAL_COND,BEAT_TYPE,CHP_BEAT_TYPE,CITY_DIVISION_LAPD,CHP_BEAT_CLASS,BEAT_NUMBER,PRIMARY_RD,SECONDARY_RD,DISTANCE,DIRECTION,INTERSECTION,WEATHER_1,WEATHER_2,STATE_HWY_IND,CALTRANS_COUNTY,CALTRANS_DISTRICT,STATE_ROUTE,ROUTE_SUFFIX,POSTMILE_PREFIX,POSTMILE,LOCATION_TYPE,RAMP_INTERSECTION,SIDE_OF_HWY,TOW_AWAY,COLLISION_SEVERITY,NUMBER_KILLED,NUMBER_INJURED,PARTY_COUNT,PRIMARY_COLL_FACTOR,PCF_CODE_OF_VIOL,PCF_VIOL_CATEGORY,PCF_VIOLATION,PCF_VIOL_SUBSECTION,HIT_AND_RUN,TYPE_OF_COLLISION,MVIW,PED_ACTION,ROAD_SURFACE,ROAD_COND_1,ROAD_COND_2,LIGHTING,CONTROL_DEVICE,CHP_ROAD_TYPE,PEDESTRIAN_ACCIDENT,BICYCLE_ACCIDENT,MOTORCYCLE_ACCIDENT,TRUCK_ACCIDENT,NOT_PRIVATE_PROPERTY,ALCOHOL_INVOLVED,STWD_VEHTYPE_AT_FAULT,CHP_VEHTYPE_AT_FAULT,COUNT_SEVERE_INJ,COUNT_VISIBLE_INJ,COUNT_COMPLAINT_PAIN,COUNT_PED_KILLED,COUNT_PED_INJURED,COUNT_BICYCLIST_KILLED,COUNT_BICYCLIST_INJURED,COUNT_MC_KILLED,COUNT_MC_INJURED,PRIMARY_RAMP,SECONDARY_RAMP,LATITUDE,LONGITUDE,COUNTY,CITY,POINT_X,POINT_Y
90207739,2016,2016-06-23,9680,2016-06-10,1840,016173,NA,5,2,5,3705,0,1,3,NA,2,016,SR-67 S/B TO I-8 E/B,BROADWAY AVE,200,N,N,A,-,Y,NA,NA,67,NA,NA,NA,R,NA,S,N,4,0,1,2,A,-,03,22350,NA,N,C,C,A,A,H,-,A,D,0,NA,NA,NA,NA,Y,NA,A,08,0,0,1,0,0,0,0,0,0,-,-,32.8084,-116.9621,SAN DIEGO,EL CAJON,-116.9621,32.8084
90208582,2016,2016-06-23,9680,2016-06-12,1545,019910,NA,7,2,9,3700,0,3,5,NA,2,001,MORENO AVE,WILLOW RD,0,NA,Y,A,-,N,NA,NA,NA,NA,NA,NA,NA,NA,NA,N,4,0,1,2,A,-,09,21802,A,N,D,C,A,A,H,-,A,A,0,NA,NA,Y,NA,Y,NA,C,02,0,0,1,0,0,0,0,0,1,-,-,32.87568,-116.92093,SAN DIEGO,UNINCORPORATED,-116.92091002,32.8756601
90208606,2016,2016-06-23,9680,2016-06-12,1005,020249,NA,7,1,9,3700,0,1,3,NA,1,052,STATE ROUTE 79,CHIHUAHUA VALLEY ROAD,1056,S,N,A,-,Y,NA,NA,79,NA,NA,NA,NA,NA,NA,Y,2,0,2,2,A,-,09,21804,A,N,D,C,A,A,H,-,A,D,0,NA,NA,Y,NA,Y,NA,A,01,1,1,0,0,0,0,0,0,1,-,-,33.36898,-116.74771,SAN DIEGO,UNINCORPORATED,-116.74768931,33.36897022
90209409,2016,2016-06-27,9645,2016-06-19,0305,020500,NA,7,3,7,3711,0,1,1,NA,2,021,SR-15 S/B OFF RAMP TO MARKET ST,MARKET ST. UC,300,S,N,A,-,Y,NA,NA,15,NA,NA,NA,R,NA,S,Y,3,0,1,1,A,-,01,23152,A,N,E,I,A,A,H,-,C,D,0,NA,NA,NA,NA,Y,Y,A,01,0,1,0,0,0,0,0,0,0,-,-,32.71617,-117.11831,SAN DIEGO,SAN DIEGO,-117.11831,32.71617
90209445,2016,2016-06-27,9650,2016-06-21,1155,013636,NA,2,1,6,3710,0,1,1,NA,2,005,I-5 S/B,OCEANSIDE BLVD,1056,S,N,B,-,Y,NA,NA,NA,NA,NA,NA,NA,NA,NA,Y,4,0,1,2,A,-,07,21658,A,N,C,C,A,A,H,-,A,D,0,NA,NA,NA,NA,Y,NA,A,01,0,0,1,0,0,0,0,0,0,-,-,NA,NA,SAN DIEGO,OCEANSIDE,-117.36045161,33.18788266
90211547,2016,2016-06-28,9645,2016-06-11,0950,016047,NA,6,1,7,3711,0,1,3,NA,2,023,SR-163 SOUTHBOUND,WASHINGTON AVENUE,200,S,N,A,-,Y,NA,NA,NA,NA,NA,NA,NA,NA,NA,Y,4,0,3,3,A,-,03,22350,NA,N,C,A,A,A,H,-,A,D,0,NA,NA,NA,NA,Y,NA,A,01,0,0,3,0,0,0,0,0,0,-,-,33.74932,-117.15561,SAN DIEGO,SAN DIEGO,-117.15551356,32.74979314
90215145,2016,2016-07-04,9645,2016-06-30,2055,018428,NA,4,2,7,3711,0,1,1,NA,2,021,SR-15 S/B,ORANGE AVE. O/C,172,N,N,A,-,Y,NA,NA,15,NA,NA,NA,NA,NA,S,Y,4,0,1,1,A,-,07,21658,NA,N,E,I,A,A,H,-,D,D,0,NA,NA,NA,Y,Y,NA,F,26,0,0,1,0,0,0,0,0,0,-,-,32.75358,-117.10909,SAN DIEGO,SAN DIEGO,-117.10898314,32.75357945
90215149,2016,2016-07-04,9645,2016-06-29,1855,018428,NA,3,2,7,3711,0,1,1,NA,2,010,I-8 E/B,SPORTS ARENA BLVD. U/C,800,W,N,A,-,Y,NA,NA,8,NA,NA,NA,NA,NA,E,Y,3,0,1,1,A,-,03,22350,NA,N,F,A,A,A,H,-,A,D,0,NA,NA,Y,NA,Y,NA,C,02,0,1,0,0,0,0,0,0,1,-,-,32.75718,-117.21999,SAN DIEGO,SAN DIEGO,-117.21997621,32.75707428
90215189,2016,2016-07-04,9650,2016-06-26,0245,018496,NA,7,3,9,3700,0,3,5,NA,2,230,FELICITA RD (2900 BLOCK),VIA LOMA VISTA,27,E,N,A,-,N,NA,NA,NA,NA,NA,NA,NA,NA,NA,Y,3,0,1,1,A,-,01,23152,A,N,E,I,A,A,H,-,D,D,0,NA,NA,NA,NA,Y,Y,A,01,0,1,0,0,0,0,0,0,0,-,-,33.07831,-117.09435,SAN DIEGO,UNINCORPORATED,-117.09452775,33.07823597
90216496,2016,2016-07-05,9645,2016-06-29,1650,019445,NA,3,2,7,3711,0,1,1,NA,2,017,I-15 S/B,MIRAMAR WAY O/C,1300,S,N,A,-,Y,NA,NA,15,NA,NA,NA,NA,NA,S,Y,4,0,1,3,A,-,03,22350,NA,N,C,C,A,A,H,-,A,D,0,NA,NA,NA,NA,Y,NA,D,22,0,0,1,0,0,0,0,0,0,-,-,32.87741,-117.10799,SAN DIEGO,SAN DIEGO,-117.10809213,32.87739175
90216500,2016,2016-07-05,9645,2016-06-23,1245,017473,NA,4,1,7,3711,0,1,1,NA,2,013,I-805 N/B TO MURRAY RIDGE RD.,MURRAY RIDGE RD.,30,S,N,A,-,Y,NA,NA,805,NA,NA,NA,R,NA,N,N,4,0,1,2,A,-,21,22106,NA,N,C,C,A,A,H,-,A,A,0,NA,NA,NA,NA,Y,NA,A,07,0,0,1,0,0,0,0,0,0,-,-,32.78643,-117.14488,SAN DIEGO,SAN DIEGO,-117.14488,32.78643
90219075,2016,2016-07-08,9650,2016-07-01,1940,019227,NA,5,2,9,3700,0,1,3,NA,1,028,SR-76,RINCON RANCH RD.,1426,E,N,A,-,Y,NA,NA,76,NA,NA,NA,NA,NA,NA,Y,4,0,1,1,A,-,01,23152,A,N,F,A,A,A,H,-,B,D,0,NA,NA,NA,NA,Y,Y,D,22,0,0,1,0,0,0,0,0,0,-,-,33.30126,-116.9393,SAN DIEGO,UNINCORPORATED,-116.93928264,33.30126239
90219381,2016,2016-07-11,9650,2016-06-30,1900,016121,NA,4,2,9,3700,0,3,5,NA,2,231,BEAR VALLEY PKY,SAN PASQUAL VALLEY RD,83,N,N,A,-,N,NA,NA,NA,NA,NA,NA,NA,NA,NA,N,4,0,1,2,A,-,03,22350,NA,N,C,C,A,A,H,-,A,A,0,NA,NA,NA,NA,Y,NA,D,22,0,0,1,0,0,0,0,0,0,-,-,33.10965,-117.05011,SAN DIEGO,UNINCORPORATED,-117.04997295,33.10948732
90219437,2016,2016-07-11,9650,2016-06-04,2030,017994,NA,6,2,9,3700,0,2,4,NA,1,027,VALLEY CENTER RD,SR-76,8976,S,N,A,-,N,NA,NA,NA,NA,NA,NA,NA,NA,NA,Y,2,0,3,3,A,-,01,23152,A,N,A,C,A,A,H,-,C,D,0,NA,NA,NA,NA,Y,Y,A,07,3,0,0,0,0,0,0,0,0,-,-,33.26232,-116.95447,SAN DIEGO,UNINCORPORATED,-116.9623,33.28493
9021986,2019,2020-01-22,3700,2019-09-19,0822,SH5476,NA,4,5,4,3707,0,0,0,NA,0,703,PALM AV,RAINBOW DR,0,NA,Y,A,-,N,NA,NA,NA,NA,NA,NA,NA,NA,NA,Y,3,0,2,2,A,-,09,21804,A,N,D,C,A,A,H,-,A,D,0,NA,NA,NA,NA,Y,NA,D,22,0,1,1,0,0,0,0,0,0,-,-,NA,NA,SAN DIEGO,IMPERIAL BEACH,-117.12081909179688,32.583919525146484
90221129,2016,2016-07-12,9650,2016-07-02,0005,017028,NA,6,3,5,3701,0,1,1,NA,2,005,I-5 NB,CARLSBAD VILLAGE DR.,300,S,N,A,-,Y,NA,NA,5,NA,NA,NA,NA,NA,N,Y,4,0,1,2,A,-,07,21658,A,F,B,C,A,A,H,-,C,D,0,NA,NA,NA,NA,Y,NA,A,01,0,0,1,0,0,0,0,0,0,-,-,33.16132,-117.34094,SAN DIEGO,CARLSBAD,-117.34110765,33.16123581
9022123,2019,2020-01-17,3711,2019-11-30,1734,SD6366,NA,6,5,7,3711,0,0,0,NA,0,827,54TH ST,UNIVERSITY AV,6,S,N,A,-,N,NA,NA,NA,NA,NA,NA,NA,NA,NA,N,2,0,1,2,A,-,11,21456,C,N,G,B,B,A,H,-,C,A,0,Y,NA,NA,NA,Y,Y,N,60,1,0,0,0,1,0,0,0,0,-,-,NA,NA,SAN DIEGO,SAN DIEGO,-117.07948303222656,32.74877166748047
9022151,2019,2020-01-17,3700,2019-11-23,1215,SH7085,NA,6,5,5,3713,0,0,0,NA,0,309,NORTH MELROSE DR,OLIVE AV,0,NA,Y,A,-,N,NA,NA,NA,NA,NA,NA,NA,NA,NA,N,4,0,1,2,A,-,10,21950,A,N,G,B,B,A,H,-,A,A,0,Y,NA,NA,NA,Y,NA,A,01,0,0,1,0,1,0,0,0,0,-,-,NA,NA,SAN DIEGO,VISTA,-117.25425720214844,33.204681396484375
90221857,2016,2016-07-13,9680,2016-07-01,1452,019998,NA,5,2,5,3705,0,1,1,NA,2,082,I-8 E/B,GREENFIELD DR,1056,W,N,A,-,Y,NA,NA,8,NA,NA,NA,NA,NA,E,N,4,0,2,2,A,-,03,22350,NA,N,C,C,A,A,H,-,A,D,0,NA,NA,NA,NA,Y,NA,D,22,0,0,2,0,0,0,0,0,0,-,-,32.80869,-116.91877,SAN DIEGO,EL CAJON,-116.91887677,32.80875287
9022282,2019,2020-06-16,3700,2019-12-29,2003,SH7275,NA,7,5,5,3713,0,0,0,NA,0,312,MELROSE DR,RT 78,0,NA,Y,A,-,Y,SD,11,78,-,-,5.724,R,4,E,N,4,0,2,2,A,-,12,21453,A,F,D,C,A,A,H,-,C,A,0,NA,NA,NA,NA,Y,NA,A,01,0,0,2,0,0,0,0,0,0,-,EO,NA,NA,SAN DIEGO,VISTA,-117.2581787109375,33.19409942626953
90225776,2016,2016-07-19,9650,2016-07-18,1833,016516,NA,1,2,9,3700,0,1,1,NA,2,022,I-15 N/B,RAINBOW CREEK,1900,N,N,A,-,Y,NA,NA,15,NA,NA,NA,NA,NA,N,Y,4,0,1,2,A,-,03,22350,NA,N,C,C,A,A,H,-,A,D,0,NA,NA,NA,NA,Y,NA,A,01,0,0,1,0,0,0,0,0,0,-,-,33.41708,-117.15677,SAN DIEGO,UNINCORPORATED,-117.15692265,33.41719035
90226985,2016,2016-07-20,9680,2016-07-10,1010,020249,NA,7,1,9,3700,0,3,5,NA,2,005,MESA GRANDE ROAD,STATE ROUTE 76,5280,W,N,A,-,N,NA,NA,NA,NA,NA,NA,NA,NA,NA,Y,3,0,2,1,A,-,17,21662,NA,N,E,I,A,A,H,-,A,D,0,NA,NA,Y,NA,Y,NA,C,02,0,1,1,0,0,0,0,0,2,-,-,33.20662,-116.73936,SAN DIEGO,UNINCORPORATED,-116.739414,33.206685
90228584,2016,2016-07-22,9650,2016-07-09,1500,017743,NA,6,2,6,3710,0,1,1,NA,2,005,I-5 N/B,CALIFORNIA ST,200,N,N,A,-,Y,NA,NA,5,NA,NA,NA,NA,NA,N,Y,4,0,3,2,A,-,03,22350,NA,N,C,C,A,A,H,-,A,D,0,NA,NA,NA,NA,Y,NA,A,07,0,0,3,0,0,0,0,0,0,-,-,33.1886,-117.3607,SAN DIEGO,OCEANSIDE,-117.36071356,33.18858865
90228745,2016,2016-07-25,9645,2016-07-01,1250,015790,NA,5,1,7,3711,0,1,1,NA,2,011,I-805 (NB)  TRANSITION TO   I-8  (WB),I-8  (U/C),400,S,N,B,-,Y,NA,NA,NA,NA,NA,NA,NA,NA,NA,Y,3,0,1,1,A,-,08,22107,NA,N,F,A,A,A,H,-,A,D,0,NA,NA,Y,NA,Y,NA,C,02,0,1,0,0,0,0,0,0,1,-,-,32.90062,-117.22428,SAN DIEGO,SAN DIEGO,NA,NA
90228964,2016,2016-07-25,9650,2016-07-15,1750,018321,NA,5,2,9,3700,0,3,5,NA,2,006,VINE ST,ALVARADO ST,0,NA,Y,A,-,N,NA,NA,NA,NA,NA,NA,NA,NA,NA,Y,4,0,2,2,A,-,09,21802,A,N,B,C,A,A,H,-,A,D,0,NA,NA,NA,NA,Y,NA,A,01,0,0,2,0,0,0,0,0,0,-,-,33.38207,-117.25032,SAN DIEGO,UNINCORPORATED,-117.25030012,33.38204011
90229308,2016,2016-07-25,9680,2016-07-13,0935,016519,NA,3,1,5,3705,0,3,5,NA,2,001,GREENFIELD DR.,VERNON WAY,0,NA,Y,A,-,N,NA,NA,NA,NA,NA,NA,NA,NA,NA,Y,3,0,1,2,A,-,09,21801,A,N,F,A,A,A,H,-,A,D,0,NA,NA,Y,NA,Y,NA,A,01,0,1,0,0,0,0,0,0,1,-,-,32.81264,-116.96521,SAN DIEGO,EL CAJON,-116.96523013,32.81267004
9023122,2019,2020-01-23,3710,2019-09-16,0540,OC1095,NA,1,5,6,3710,0,0,0,NA,0,015,EL CAMINIO REAL,MISSION AV,70,N,N,A,-,N,NA,NA,NA,NA,NA,NA,NA,NA,NA,Y,3,0,2,2,A,-,03,22350,NA,F,C,C,A,A,H,-,D,A,0,NA,NA,NA,NA,Y,NA,A,01,0,1,1,0,0,0,0,0,0,-,-,NA,NA,SAN DIEGO,OCEANSIDE,-117.33101654052734,33.225860595703125
90231513,2016,2016-07-27,9645,2016-07-14,1822,018393,NA,4,2,6,3702,0,1,1,NA,2,009,I-805 S/B TO BONITA ROAD,BONITA RD W/B,50,N,N,A,-,Y,NA,NA,805,NA,NA,NA,R,NA,S,N,4,0,6,3,A,-,01,23152,A,F,C,C,A,A,H,-,A,D,0,NA,NA,NA,NA,Y,Y,A,01,0,0,6,0,0,0,0,0,0,-,-,32.64843,-117.06283,SAN DIEGO,CHULA VISTA,-117.06283,32.64843
90231757,2016,2016-07-27,9680,2016-07-14,0522,015578,NA,4,3,9,3700,0,1,3,NA,2,028,SR-125 N/B,JAMACHA RD.,528,S,N,A,-,Y,NA,NA,125,NA,NA,NA,NA,NA,N,Y,4,0,1,2,A,-,07,21658,A,F,H,A,A,A,H,-,B,D,0,NA,NA,NA,NA,Y,NA,D,22,0,0,1,0,0,0,0,0,0,-,-,32.71263,-117.01321,SAN DIEGO,UNINCORPORATED,-117.01331742,32.71258643
90233238,2016,2016-07-29,9680,2016-07-19,1810,015766,NA,2,2,9,3700,0,1,1,NA,2,086,I-8 W/B TO CRESTWOOD ROAD,CRESTWOOD ROAD,0,NA,Y,A,-,Y,NA,NA,8,NA,NA,NA,R,NA,W,Y,4,0,2,2,A,-,12,22450,A,N,D,C,A,A,H,-,A,A,0,NA,NA,NA,NA,Y,NA,A,01,0,0,2,0,0,0,0,0,0,-,-,32.70617,-116.36146,SAN DIEGO,UNINCORPORATED,-116.36146,32.70617
90233426,2016,2016-07-29,9680,2016-07-20,0625,015061,NA,3,1,9,3700,0,1,1,NA,2,082,I-8 W/B FROM LOS COCHES RD.,LOS COCHES RD.,35,W,N,A,-,Y,NA,NA,8,NA,NA,NA,R,NA,W,N,4,0,1,2,A,-,07,21658,A,N,B,C,A,A,H,-,A,D,0,NA,NA,NA,NA,Y,NA,A,07,0,0,1,0,0,0,0,0,0,-,-,32.82682,-116.90394,SAN DIEGO,UNINCORPORATED,-116.90394,32.82682
90234178,2016,2016-08-01,9650,2016-07-17,0320,018386,NA,7,3,9,3700,0,1,1,NA,2,001,I-5 N/B,USBP CHECKPOINT,150,S,N,B,-,Y,NA,NA,5,NA,NA,NA,NA,NA,N,Y,4,0,1,2,A,-,01,23152,A,N,C,C,A,A,H,-,C,D,0,NA,NA,NA,NA,Y,Y,A,01,0,0,1,0,0,0,0,0,0,-,-,33.35228,-117.52466,SAN DIEGO,UNINCORPORATED,-117.52470411,33.35221667
9023663,2019,2020-01-24,3711,2019-11-26,0510,SD8404,NA,2,5,7,3711,0,0,0,NA,0,615,NARRAGANSETT AV,CHATSWORTH BL,0,NA,Y,B,-,N,NA,NA,NA,NA,NA,NA,NA,NA,NA,N,4,0,1,2,A,-,03,22350,NA,N,D,C,A,A,H,-,C,A,0,NA,NA,NA,NA,Y,NA,D,22,0,0,1,0,0,0,0,0,0,-,-,NA,NA,SAN DIEGO,SAN DIEGO,-117.2335968017578,32.733829498291016
90237059,2016,2016-08-03,9680,2016-07-24,1545,018427,NA,7,2,9,3700,0,1,1,NA,2,084,I-8 E/B,W. WILLOWS RD,3168,E,N,A,-,Y,NA,NA,8,NA,NA,NA,NA,NA,E,Y,4,0,2,3,A,-,01,23152,A,N,B,C,A,A,H,-,A,D,0,NA,NA,NA,NA,Y,Y,A,01,0,0,2,0,0,0,0,0,0,-,-,32.83341,-116.72096,SAN DIEGO,UNINCORPORATED,-116.72098186,32.83357935
90237476,2016,2016-08-04,9680,2016-07-25,0725,017996,NA,1,1,9,3700,0,2,4,NA,1,025,SWEETWATER ROAD,TYLER STREET,665,N,N,B,-,N,NA,NA,NA,NA,NA,NA,NA,NA,NA,N,4,0,1,2,D,-,00,NA,NA,N,G,B,E,A,H,-,A,D,0,Y,NA,NA,NA,Y,NA,-,-,0,0,1,0,1,0,0,0,0,-,-,32.7322,-117.01441,SAN DIEGO,UNINCORPORATED,-117.01449112,32.73219134
9023882,2019,2020-02-04,3711,2019-12-23,1948,SD7250,NA,1,5,7,3711,0,0,0,NA,0,826,EL CAJON BL,WINONA AV,0,NA,Y,C,-,N,NA,NA,NA,NA,NA,NA,NA,NA,NA,N,4,0,1,2,A,-,10,21950,A,N,G,B,B,B,H,-,C,A,0,Y,NA,NA,NA,Y,NA,A,01,0,0,1,0,1,0,0,0,0,-,-,NA,NA,SAN DIEGO,SAN DIEGO,-117.087890625,32.756649017333984
90243074,2016,2016-08-11,9680,2016-07-30,0610,018104,NA,6,1,9,3700,0,2,4,NA,1,013,WILDCAT CANYON RD,MUTH VALLEY RD,2112,S,N,A,-,N,NA,NA,NA,NA,NA,NA,NA,NA,NA,Y,3,0,2,1,A,-,08,22107,NA,N,E,I,A,A,A,-,B,D,0,NA,NA,NA,NA,Y,NA,D,22,0,1,1,0,0,0,0,0,0,-,-,32.89339,-116.89061,SAN DIEGO,UNINCORPORATED,-116.8903534,32.8937998
90246431,2016,2016-08-17,9680,2016-08-06,0245,019475,NA,6,3,9,3700,0,3,5,NA,2,002,EUCALYPTUS ST,SAN MIGUEL,14,E,N,A,-,N,NA,NA,NA,NA,NA,NA,NA,NA,NA,N,3,0,1,1,A,-,03,22350,NA,N,F,A,A,A,H,-,D,A,0,NA,NA,Y,NA,Y,Y,C,02,0,1,0,0,0,0,0,0,1,-,-,32.72184,-116.99119,SAN DIEGO,UNINCORPORATED,-116.99112096,32.72191952
90246979,2016,2016-08-17,9680,2016-08-06,0235,019946,NA,6,3,9,3700,0,2,4,NA,1,025,SWEETWATER RD,JAMACHA RD,75,S,N,A,-,N,NA,NA,NA,NA,NA,NA,NA,NA,NA,Y,3,0,2,2,A,-,01,23152,A,N,D,C,A,A,H,-,C,D,0,NA,NA,NA,NA,Y,Y,A,01,0,1,1,0,0,0,0,0,0,-,-,32.71375,-117.01282,SAN DIEGO,UNINCORPORATED,-117.01272467,32.71455462
90248016,2016,2016-08-18,9680,2016-08-04,1146,015578,NA,4,1,4,3720,0,1,3,NA,2,027,SR-94 WESTBOUND TO MASSACHUSETTS AVE,MASSACHUSETTS AVE,528,E,N,A,-,Y,NA,NA,94,NA,NA,NA,R,NA,W,Y,4,0,1,3,A,-,03,22350,NA,N,C,C,A,A,H,-,A,D,0,NA,NA,NA,NA,Y,NA,D,22,0,0,1,0,0,0,0,0,0,-,-,32.74503,-117.04128,SAN DIEGO,LEMON GROVE,-117.04128,32.74503
90248047,2016,2016-08-18,9680,2016-08-10,1900,016598,NA,3,2,5,3705,0,2,4,NA,1,018,LOS COCHES RD,INTERSTATE 8 W/B TO LOS COCHES,0,NA,Y,A,-,Y,NA,NA,NA,NA,NA,NA,NA,NA,NA,Y,4,0,1,3,A,-,12,21453,A,N,D,C,A,A,H,-,A,A,0,NA,NA,NA,NA,Y,NA,A,07,0,0,1,0,0,0,0,0,0,-,-,32.82699,-116.90371,SAN DIEGO,EL CAJON,-116.90371,32.82699
90248452,2016,2016-08-19,9645,2016-08-10,1735,019054,NA,3,2,7,3711,0,1,1,NA,2,013,I-805 N/B,KEARNY VILLA ROAD O/C,3000,S,N,A,-,Y,NA,NA,805,NA,NA,NA,NA,NA,N,Y,3,0,1,2,A,-,08,22107,NA,N,B,C,A,A,H,-,A,D,0,NA,NA,NA,NA,Y,NA,A,01,0,1,0,0,0,0,0,0,0,-,-,32.7956,-117.14937,SAN DIEGO,SAN DIEGO,-117.14951296,32.7956089
90248814,2016,2016-08-22,9645,2016-08-11,0705,015270,NA,4,1,7,3711,0,1,1,NA,2,011,I-805 NORTHBOUND,LANDIS STREET,960,S,N,A,-,Y,NA,NA,805,NA,NA,NA,NA,NA,N,Y,2,0,1,2,A,-,07,21658,A,N,B,C,A,A,H,-,A,D,0,NA,NA,Y,NA,Y,NA,A,01,1,0,0,0,0,0,0,0,1,-,-,32.74367,-117.11839,SAN DIEGO,SAN DIEGO,-117.11829832,32.74374605
90248938,2016,2016-08-22,9645,2016-07-10,0453,020265,NA,7,3,5,3709,0,1,1,NA,2,009,I-805 N/B,PLAZA BLVD.,100,S,N,A,-,Y,NA,NA,805,NA,NA,NA,NA,NA,N,Y,3,0,2,2,A,-,07,21658,A,N,C,C,A,A,H,-,C,D,0,NA,NA,NA,NA,Y,NA,A,01,0,2,0,0,0,0,0,0,0,-,-,32.6765,-117.08398,SAN DIEGO,NATIONAL CITY,-117.08403997,32.67646892
90249743,2016,2016-08-22,9680,2016-08-12,1625,017621,NA,5,2,9,3700,0,1,3,NA,1,090,SR-67 N/B,MUSSEY GRADE RD,90,S,N,A,-,Y,NA,NA,67,NA,NA,NA,NA,NA,N,Y,4,0,2,3,A,-,03,22350,NA,N,C,C,A,A,H,-,A,D,0,NA,NA,NA,NA,Y,NA,A,01,0,0,2,0,0,0,0,0,0,-,-,33.00893,-116.91509,SAN DIEGO,UNINCORPORATED,-116.91508934,33.00894593
90251589,2016,2016-08-24,9680,2016-08-14,0203,019936,NA,7,3,9,3700,0,1,3,NA,1,023,SR-94 W/B,S. BARCELONA ST,40,W,N,A,-,Y,NA,NA,94,NA,NA,NA,NA,NA,W,Y,4,0,1,2,A,-,03,22350,NA,N,D,C,A,A,H,-,D,D,0,NA,NA,NA,NA,Y,NA,A,01,0,0,1,0,0,0,0,0,0,-,-,32.74466,-116.98155,SAN DIEGO,UNINCORPORATED,-116.98154935,32.7446941
90251653,2016,2016-08-24,9650,2016-08-15,1122,015727,NA,1,1,5,3712,0,1,3,NA,2,019,SR-78 W/B,TWIN OAKS VALLEY RD,2640,E,N,A,-,Y,NA,NA,78,NA,NA,NA,NA,NA,W,Y,4,0,1,3,A,-,08,22107,NA,N,E,I,A,A,H,-,A,D,0,NA,NA,NA,NA,Y,Y,D,22,0,0,1,0,0,0,0,0,0,-,-,33.13908,-117.15528,SAN DIEGO,SAN MARCOS,-117.15521589,33.13883672
90252177,2016,2016-08-24,9645,2016-08-15,1050,016156,NA,1,1,7,3711,0,1,1,NA,2,030,I-15 S/B (HOV),MIRAMAR ROAD O/C,2140,N,N,A,-,Y,NA,NA,15,NA,NA,NA,NA,NA,S,Y,3,0,4,1,A,-,08,22107,NA,N,E,I,A,A,H,-,A,D,0,NA,NA,NA,NA,Y,NA,A,01,0,2,2,0,0,0,0,0,0,-,-,32.89911,-117.11649,SAN DIEGO,SAN DIEGO,-117.11655439,32.89910805
90252178,2016,2016-08-24,9645,2016-08-12,1801,019291,NA,5,2,7,3711,0,1,1,NA,2,011,I-805 N/B,MURRAY RIDGE RD,1056,S,N,A,-,Y,NA,NA,805,NA,NA,NA,NA,NA,N,Y,3,0,5,2,A,-,08,22107,NA,N,D,C,A,A,H,-,A,D,0,NA,NA,NA,NA,Y,NA,D,22,0,2,3,0,0,0,0,0,0,-,-,32.78284,-117.14086,SAN DIEGO,SAN DIEGO,-117.14086604,32.78283121
90252486,2016,2016-08-25,9645,2016-08-16,0720,016766,NA,2,1,7,3711,0,1,1,NA,2,009,I-805 N/B,MARKET ST,1320,S,N,A,-,Y,NA,NA,805,NA,NA,NA,NA,NA,N,Y,4,0,1,4,A,-,03,22350,NA,N,B,C,A,A,H,-,A,D,0,NA,NA,Y,NA,Y,NA,C,02,0,0,1,0,0,0,0,0,1,-,-,32.70799,-117.0974,SAN DIEGO,SAN DIEGO,-117.09730865,32.70807846
90254448,2016,2016-08-26,9650,2016-08-21,1255,014615,NA,7,1,9,3700,0,1,1,NA,2,001,I-5 N/B,LAS PULGAS RD,7920,N,N,A,-,Y,NA,NA,NA,NA,NA,NA,NA,NA,NA,N,4,0,1,2,A,-,03,22350,NA,N,C,C,A,A,H,-,A,D,0,NA,NA,Y,NA,Y,NA,C,02,0,0,1,0,0,0,0,0,1,-,-,NA,NA,SAN DIEGO,UNINCORPORATED,-117.48181289,33.31469412
90254929,2016,2016-08-26,9645,2016-08-17,1718,017133,NA,3,2,7,3711,0,1,1,NA,2,003,I-5 S/B,NATIONAL AVENUE O/C,50,S,N,A,-,Y,NA,NA,5,NA,NA,NA,NA,NA,S,Y,3,0,1,2,A,-,03,22350,NA,N,C,C,A,A,H,-,A,D,0,NA,NA,NA,NA,Y,NA,A,01,0,1,0,0,0,0,0,0,0,-,-,32.69569,-117.13512,SAN DIEGO,SAN DIEGO,-117.13507828,32.6957435
90254951,2016,2016-08-26,9645,2016-08-04,1840,017529,NA,4,2,7,3711,0,1,1,NA,2,021,I-15 NORTHBOUND,I-8,250,N,N,A,-,Y,NA,NA,15,NA,NA,NA,NA,NA,N,Y,3,0,1,3,A,-,08,22107,NA,N,B,C,A,A,H,-,A,D,0,NA,NA,NA,Y,Y,NA,A,01,0,1,0,0,0,0,0,0,0,-,-,32.78226,-117.11366,SAN DIEGO,SAN DIEGO,-117.11347529,32.78232025
90256296,2016,2016-08-29,9680,2016-08-18,1230,020116,NA,4,1,9,3700,0,2,4,NA,1,025,SWEETWATER RD,BLOSSOM LN,3,N,N,A,-,N,NA,NA,NA,NA,NA,NA,NA,NA,NA,N,3,0,1,2,A,-,08,22101,D,N,B,C,A,A,H,-,A,A,0,NA,NA,Y,NA,Y,NA,C,02,0,1,0,0,0,0,0,0,1,-,-,32.7247,-117.01406,SAN DIEGO,UNINCORPORATED,-117.01409,32.72491822