CASE_ID,ACCIDENT_YEAR,PROC_DATE,JURIS,COLLISION_DATE,COLLISION_TIME,OFFICER_ID,REPORTING_DISTRICT,DAY_OF_WEEK,CHP_SHIFT,POPULATION,CNTY_CITY_LOC,SPECIAL_COND,BEAT_TYPE,CHP_BEAT_TYPE,CITY_DIVISION_LAPD,CHP_BEAT_CLASS,BEAT_NUMBER,PRIMARY_RD,SECONDARY_RD,DISTANCE,DIRECTION,INTERSECTION,WEATHER_1,WEATHER_2,STATE_HWY_IND,CALTRANS_COUNTY,CALTRANS_DISTRICT,STATE_ROUTE,ROUTE_SUFFIX,POSTMILE_PREFIX,POSTMILE,LOCATION_TYPE,RAMP_INTERSECTION,SIDE_OF_HWY,TOW_AWAY,COLLISION_SEVERITY,NUMBER_KILLED,NUMBER_INJURED,PARTY_COUNT,PRIMARY_COLL_FACTOR,PCF_CODE_OF_VIOL,PCF_VIOL_CATEGORY,PCF_VIOLATION,PCF_VIOL_SUBSECTION,HIT_AND_RUN,TYPE_OF_COLLISION,MVIW,PED_ACTION,ROAD_SURFACE,ROAD_COND_1,ROAD_COND_2,LIGHTING,CONTROL_DEVICE,CHP_ROAD_TYPE,PEDESTRIAN_ACCIDENT,BICYCLE_ACCIDENT,MOTORCYCLE_ACCIDENT,TRUCK_ACCIDENT,NOT_PRIVATE_PROPERTY,ALCOHOL_INVOLVED,STWD_VEHTYPE_AT_FAULT,CHP_VEHTYPE_AT_FAULT,COUNT_SEVERE_INJ,COUNT_VISIBLE_INJ,COUNT_COMPLAINT_PAIN,COUNT_PED_KILLED,COUNT_PED_INJURED,COUNT_BICYCLIST_KILLED,COUNT_BICYCLIST_INJURED,COUNT_MC_KILLED,COUNT_MC_INJURED,PRIMARY_RAMP,SECONDARY_RAMP,LATITUDE,LONGITUDE,COUNTY,CITY,POINT_X,POINT_Y
90257020,2016,2016-08-30,9645,2016-08-21,2215,020479,NA,7,3,7,3711,0,1,3,NA,2,006,SR-94 W/B,FEDERAL BLVD,500,W,N,A,-,Y,NA,NA,94,NA,NA,NA,NA,NA,W,Y,3,0,1,3,A,-,07,21658,A,F,B,C,A,A,H,-,D,A,0,NA,NA,Y,NA,Y,NA,C,02,0,1,0,0,0,0,0,0,1,-,-,32.72662,-117.07244,SAN DIEGO,SAN DIEGO,-117.07242905,32.72660527
90257103,2016,2016-08-30,9645,2016-08-25,1830,016864,NA,4,2,7,3711,0,1,3,NA,2,020,SR-56 E/B,CARMEL CREEK ROAD,150,W,N,A,-,Y,NA,NA,56,NA,NA,NA,NA,NA,E,Y,4,0,1,2,A,-,03,22350,NA,N,C,C,A,A,H,-,A,D,0,NA,NA,NA,NA,Y,NA,A,01,0,0,1,0,0,0,0,0,0,-,-,32.93687,-117.23,SAN DIEGO,SAN DIEGO,-117.22997091,32.93679566
90257150,2016,2016-08-30,9645,2016-08-25,1735,016864,NA,4,2,7,3711,0,1,1,NA,2,007,I-5 N/B,VIA DE LA VALLE,2640,S,N,A,-,Y,NA,NA,5,NA,NA,NA,NA,NA,N,N,4,0,1,2,A,-,03,22350,NA,N,C,C,A,A,H,-,A,D,0,NA,NA,NA,NA,Y,NA,A,07,0,0,1,0,0,0,0,0,0,-,-,32.97041,-117.24924,SAN DIEGO,SAN DIEGO,-117.24936289,32.97036326
90259446,2016,2016-09-02,9645,2016-08-30,1545,019054,NA,2,2,7,3711,0,1,3,NA,2,023,SR-163 S/B,SAN DIEGO RIVER BRIDGE,10,N,N,A,-,Y,NA,NA,163,NA,NA,NA,NA,NA,S,Y,4,0,2,2,A,-,03,22350,NA,N,C,C,A,A,H,-,A,D,0,NA,NA,NA,NA,Y,NA,A,07,0,0,2,0,0,0,0,0,0,-,-,32.7643,-117.16344,SAN DIEGO,SAN DIEGO,-117.16339828,32.76428811
90260618,2016,2016-09-05,9645,2016-08-26,1824,020541,NA,5,2,7,3711,0,1,1,NA,2,007,I-5 N/B,VIA DE LA VALLE,200,S,N,A,-,Y,NA,NA,5,NA,NA,NA,NA,NA,N,Y,3,0,1,2,A,-,03,22350,NA,N,C,C,A,A,H,-,A,D,0,NA,NA,NA,NA,Y,NA,A,01,0,1,0,0,0,0,0,0,0,-,-,32.97945,-117.25275,SAN DIEGO,SAN DIEGO,-117.25278252,32.97943767
90262225,2016,2016-09-06,9645,2016-09-06,0630,016766,NA,2,1,7,3711,0,1,1,NA,2,009,I-805 NORTHBOUND (N/B),MARKET STREET,2000,S,N,A,-,Y,NA,NA,805,NA,NA,NA,NA,NA,N,N,4,0,1,2,A,-,03,22350,NA,N,C,C,A,A,H,-,A,D,0,NA,NA,NA,NA,Y,NA,A,01,0,0,1,0,0,0,0,0,0,-,-,32.70807,-117.09725,SAN DIEGO,SAN DIEGO,-117.09727604,32.70804479
90264378,2016,2016-09-08,9645,2016-08-28,1628,017678,NA,7,2,7,3711,0,1,1,NA,2,010,I-8 E/B,MISSION CENTER RD. O/C,500,E,N,A,-,Y,NA,NA,NA,NA,NA,NA,NA,NA,NA,Y,4,0,3,2,A,-,03,22350,NA,N,C,C,A,A,H,-,A,D,0,NA,NA,NA,NA,Y,NA,A,01,0,0,3,0,0,0,0,0,0,-,-,32.76791,-117.15216,SAN DIEGO,SAN DIEGO,NA,NA
90264467,2016,2016-09-09,9645,2016-07-13,1920,017529,NA,3,2,7,3711,0,1,3,NA,2,006,SR-94 WESTBOUND,KELTON RD,2500,E,N,A,-,Y,NA,NA,94,NA,NA,NA,NA,NA,W,Y,2,0,2,1,A,-,08,22107,NA,N,E,I,A,A,H,-,A,D,0,NA,NA,NA,NA,Y,NA,A,01,2,0,0,0,0,0,0,0,0,-,-,32.73088,-117.06274,SAN DIEGO,SAN DIEGO,-117.06274001,32.73088001
90264897,2016,2016-09-09,9650,2016-08-26,1545,018321,NA,5,2,9,3700,0,3,5,NA,2,006,CLEMMENS LN,S. MISSION RD,46,W,N,A,-,N,NA,NA,NA,NA,NA,NA,NA,NA,NA,N,2,0,1,2,A,-,12,21453,A,N,D,C,A,A,H,-,A,A,0,NA,Y,NA,NA,Y,NA,L,04,1,0,0,0,0,0,1,0,0,-,-,33.36935,-117.25136,SAN DIEGO,UNINCORPORATED,-117.25104,33.36933
90264902,2016,2016-09-09,9680,2016-08-30,1428,016981,NA,2,2,9,3700,0,3,5,NA,2,002,JAMACHA RD,SWEETWATER ROAD,0,NA,Y,A,-,N,NA,NA,NA,NA,NA,NA,NA,NA,NA,Y,4,0,2,2,A,-,12,21453,A,N,D,C,A,A,H,-,A,A,0,NA,NA,NA,NA,Y,NA,A,01,0,0,2,0,0,0,0,0,0,-,-,32.71459,-117.01237,SAN DIEGO,UNINCORPORATED,-117.01272009,32.71476009
90265109,2016,2016-09-12,9650,2016-09-02,1650,015276,NA,5,2,9,3700,0,1,1,NA,2,021,I-15 N/B,DULIN RD,312,N,N,A,-,Y,NA,NA,15,NA,NA,NA,NA,NA,N,Y,2,0,1,2,A,-,03,22350,NA,N,B,C,A,A,H,-,A,D,0,NA,NA,Y,NA,Y,NA,C,02,1,0,0,0,0,0,0,0,1,-,-,33.32397,-117.15803,SAN DIEGO,UNINCORPORATED,-117.1580624,33.32396069
90267941,2016,2016-09-14,9680,2016-09-04,2300,020049,NA,7,3,9,3700,0,3,5,NA,2,004,DEHESA RD,TAVERN RD,5280,W,N,A,-,N,NA,NA,NA,NA,NA,NA,NA,NA,NA,N,3,0,1,1,A,-,03,22350,NA,N,F,A,A,A,H,-,D,D,0,NA,Y,NA,NA,Y,NA,L,04,0,1,0,0,0,0,1,0,0,-,-,32.80582,-116.79102,SAN DIEGO,UNINCORPORATED,-116.79122627,32.80582606
90268054,2016,2016-09-15,9650,2016-09-12,1455,016516,NA,1,2,9,3700,0,3,5,NA,2,006,KNOLL PARK LN,E. MISSION RD,500,N,N,A,-,N,NA,NA,NA,NA,NA,NA,NA,NA,NA,Y,2,0,1,1,A,-,01,23152,A,N,E,J,A,A,H,-,A,D,0,NA,NA,NA,NA,Y,Y,A,01,1,0,0,0,0,0,0,0,0,-,-,33.38932,-117.23535,SAN DIEGO,UNINCORPORATED,-117.23526373,33.38883975
90270575,2016,2016-09-19,9680,2016-09-08,0745,015766,NA,4,1,9,3700,0,3,5,NA,2,004,SHERIDAN ROAD (CAMP LOCKETT ROAD),STATE ROUTE 94,1584,S,N,A,-,N,NA,NA,NA,NA,NA,NA,NA,NA,NA,Y,4,0,1,1,A,-,08,22107,NA,N,F,A,A,A,H,-,A,D,0,NA,NA,NA,NA,Y,NA,A,01,0,0,1,0,0,0,0,0,0,-,-,32.62707,-116.46241,SAN DIEGO,UNINCORPORATED,-116.462393,32.627054
90272393,2016,2016-09-21,9680,2016-09-13,0855,012572,NA,2,1,7,3711,0,1,3,NA,2,027,STATE ROUTE 94 (WESTBOUND),COLLEGE AVE,1000,E,N,B,-,Y,NA,NA,94,NA,NA,NA,NA,NA,NA,Y,4,0,1,5,A,-,03,22350,NA,N,C,C,A,A,H,-,A,D,0,NA,NA,NA,NA,Y,NA,A,01,0,0,1,0,0,0,0,0,0,-,-,32.74388,-117.04859,SAN DIEGO,SAN DIEGO,-117.048493,32.74374975
90272634,2016,2016-09-21,9645,2016-08-26,1755,017524,NA,5,2,7,3711,0,1,1,NA,2,015,I-805 S/B,SR-163 O/C,528,N,N,A,-,Y,NA,NA,805,NA,NA,NA,NA,NA,S,N,3,0,1,2,A,-,03,22350,NA,F,C,C,A,A,H,-,A,D,0,NA,NA,NA,NA,Y,NA,A,07,0,1,0,0,0,0,0,0,0,-,-,32.8124,-117.15638,SAN DIEGO,SAN DIEGO,-117.15638639,32.81239393
90273735,2016,2016-09-22,9650,2016-09-19,1733,016516,NA,1,2,9,3700,0,3,5,NA,2,006,S. MAIN AVE,E FALLBROOK ST,150,S,N,B,-,N,NA,NA,NA,NA,NA,NA,NA,NA,NA,N,4,0,1,2,A,-,03,22350,NA,N,C,C,A,A,H,-,B,D,0,NA,NA,NA,NA,Y,NA,A,07,0,0,1,0,0,0,0,0,0,-,-,33.3761,-117.25125,SAN DIEGO,UNINCORPORATED,-117.25144607,33.3762191
90273815,2016,2016-10-04,9650,2016-09-14,0620,015600,NA,3,1,5,3712,0,1,3,NA,2,019,SR-78 E/B,NORDAHL RD,2112,E,N,A,-,N,NA,NA,78,NA,NA,NA,NA,NA,E,Y,4,0,1,7,A,-,03,22350,NA,N,C,C,A,A,H,-,A,D,0,NA,NA,NA,Y,Y,NA,F,26,0,0,1,0,0,0,0,0,0,-,-,33.13049,-117.11765,SAN DIEGO,SAN MARCOS,-117.11771473,33.13033998
90273937,2016,2016-09-22,9680,2016-09-14,2055,016694,NA,3,2,9,3700,0,1,3,NA,2,016,SR-67 N/B,RIVERFORD RD,50,N,N,A,-,Y,NA,NA,67,NA,NA,NA,NA,NA,N,N,4,0,1,2,A,-,03,22350,NA,N,C,C,A,A,H,-,D,D,0,NA,NA,NA,NA,Y,NA,A,01,0,0,1,0,0,0,0,0,0,-,-,32.85505,-116.94652,SAN DIEGO,UNINCORPORATED,-116.94645153,32.85486301
90274682,2016,2016-09-23,9680,2016-09-16,0655,018104,NA,5,1,9,3700,0,2,4,NA,1,012,MAPLEVIEW ST,ASHWOOD ST.,374,E,N,A,-,N,NA,NA,NA,NA,NA,NA,NA,NA,NA,Y,4,0,2,2,A,-,09,21804,A,N,D,C,A,A,H,-,A,A,0,NA,NA,NA,NA,Y,NA,A,01,0,0,2,0,0,0,0,0,0,-,-,32.86396,-116.91532,SAN DIEGO,UNINCORPORATED,-116.91661236,32.86375542
90274798,2016,2016-09-23,9680,2016-09-19,1120,016822,NA,1,1,9,3700,0,2,4,NA,1,094,WILDCAT CANYON ROAD,SAN VICENTE ROAD,12672,S,N,B,-,N,NA,NA,NA,NA,NA,NA,NA,NA,NA,Y,2,0,1,1,A,-,05,21650,NA,N,E,I,A,A,H,-,A,D,0,NA,NA,NA,NA,Y,NA,A,01,1,0,0,0,0,0,0,0,0,-,-,32.97866,-116.82401,SAN DIEGO,UNINCORPORATED,-116.82468798,32.97931898
90274992,2016,2016-09-26,9650,2016-09-21,1638,016026,NA,3,2,6,3706,0,1,3,NA,2,019,SR-78 E/B,CENTRE CITY PKY,50,E,N,A,-,Y,NA,NA,78,NA,NA,NA,NA,NA,E,Y,4,0,3,2,A,-,03,22350,NA,N,C,C,A,A,H,-,A,D,0,NA,NA,NA,NA,Y,NA,A,01,0,0,3,0,0,0,0,0,0,-,-,33.13081,-117.09221,SAN DIEGO,ESCONDIDO,-117.09220846,33.13080493
90275023,2016,2016-09-26,9650,2016-09-19,1055,015758,NA,1,1,3,3783,0,1,1,NA,2,007,I-5 S/B,VIA DE LA VALLE,1110,N,N,A,-,Y,NA,NA,5,NA,NA,NA,NA,NA,S,Y,3,0,2,1,A,-,08,22107,NA,N,E,I,A,A,H,-,A,D,0,NA,NA,NA,NA,Y,NA,A,01,0,1,1,0,0,0,0,0,0,-,-,32.98299,-117.25429,SAN DIEGO,SOLANA BEACH,-117.25438728,32.98295429
90275909,2016,2016-09-26,9680,2016-09-16,1723,020738,NA,5,2,9,3700,0,2,4,NA,1,026,JAMACHA RD,JAMACHA LANE,117,W,N,A,-,N,NA,NA,NA,NA,NA,NA,NA,NA,NA,Y,3,0,1,2,A,-,09,21804,A,N,D,C,A,A,H,-,A,D,0,NA,NA,NA,NA,Y,NA,A,01,0,1,0,0,0,0,0,0,0,-,-,32.71476,-117.00876,SAN DIEGO,UNINCORPORATED,-117.00843904,32.71480735
90277388,2016,2016-09-27,9680,2016-09-22,0115,016435,NA,4,3,9,3700,0,3,5,NA,2,009,MUSSEY GRADE RD,DOS PICOS PARK RD,4752,S,N,A,-,N,NA,NA,NA,NA,NA,NA,NA,NA,NA,N,4,0,1,1,A,-,03,22350,NA,N,E,J,A,A,H,-,D,D,0,NA,NA,NA,NA,Y,NA,A,01,0,0,1,0,0,0,0,0,0,-,-,32.98664,-116.9257,SAN DIEGO,UNINCORPORATED,-116.92629601,32.98803759
9028003,2019,2020-02-11,3705,2019-12-05,1019,EC0219,NA,4,5,5,3705,0,0,0,NA,0,001,MARSHALL AV,WEST MAIN ST,350,N,N,A,-,N,NA,NA,NA,NA,NA,NA,NA,NA,NA,N,4,0,1,2,A,-,08,22107,NA,N,B,C,A,A,H,-,A,D,0,NA,NA,NA,NA,Y,NA,-,NA,0,0,1,0,0,0,0,0,0,-,-,NA,NA,SAN DIEGO,EL CAJON,-116.97554779052734,32.795928955078125
90281357,2016,2016-10-03,9645,2016-09-26,1330,016864,NA,1,1,7,3711,0,1,1,NA,2,007,I-5 N/B,CARMEL VALLEY ROAD,400,S,N,A,-,Y,NA,NA,5,NA,NA,NA,NA,NA,N,Y,4,0,1,1,C,-,18,NA,NA,N,B,I,A,A,H,-,A,D,0,NA,NA,NA,NA,Y,NA,-,-,0,0,1,0,0,0,0,0,0,-,-,32.931,-117.2402,SAN DIEGO,SAN DIEGO,-117.24084012,32.9308843
90281512,2016,2016-10-03,9645,2016-09-20,1820,017270,NA,2,2,7,3711,0,1,1,NA,2,017,I-15 N/B FROM CARROLL CANYON,CARROLL CANYON ROAD,220,N,N,C,-,Y,NA,NA,15,NA,NA,NA,R,NA,N,N,4,0,1,2,A,-,03,22350,NA,N,C,C,A,B,H,-,B,A,0,NA,NA,NA,NA,Y,NA,A,01,0,0,1,0,0,0,0,0,0,-,-,32.9045,-117.1157,SAN DIEGO,SAN DIEGO,-117.1157,32.9045
90282725,2016,2016-10-03,9650,2016-09-13,1800,019126,NA,2,2,9,3700,0,3,5,NA,2,211,WOODS VALLEY RD,COOL WATER RANCH RD,1056,W,N,A,-,N,NA,NA,NA,NA,NA,NA,NA,NA,NA,N,2,0,1,2,A,-,03,22350,NA,N,D,C,A,A,H,-,A,D,0,NA,NA,Y,NA,Y,NA,C,02,1,0,0,0,0,0,0,0,1,-,-,33.12154,-116.59409,SAN DIEGO,UNINCORPORATED,-116.99459628,33.204163
90284935,2016,2016-10-05,9680,2016-09-20,1810,015619,NA,2,2,9,3700,0,1,3,NA,1,017,SR-67 SB,VIGILANTE RD,8448,N,N,B,-,Y,NA,NA,67,NA,NA,NA,NA,NA,S,N,4,0,1,2,A,-,03,22350,NA,F,C,C,A,A,H,-,A,D,0,NA,NA,NA,NA,Y,NA,A,01,0,0,1,0,0,0,0,0,0,-,-,32.92452,-116.94573,SAN DIEGO,UNINCORPORATED,-116.94548737,32.92451265
90284945,2016,2016-10-05,9680,2016-09-29,1400,020249,NA,4,2,9,3700,0,1,3,NA,1,051,STATE ROUTE 79,SUNRISE HIGHWAY (S-1),2112,S,N,B,-,Y,NA,NA,79,NA,NA,NA,NA,NA,NA,Y,4,0,1,1,A,-,08,22107,NA,M,F,A,A,A,H,-,A,D,0,NA,NA,NA,NA,Y,NA,A,01,0,0,1,0,0,0,0,0,0,-,-,33.00538,-116.56402,SAN DIEGO,UNINCORPORATED,-116.56407013,33.00538668
9028994,2019,2020-02-05,3711,2019-12-27,1307,SD7671,NA,5,5,7,3711,0,0,0,NA,0,621,FRIARS RD,FRIARS RD  6600,0,NA,Y,A,-,N,NA,NA,NA,NA,NA,NA,NA,NA,NA,N,3,0,1,3,A,-,06,21750,NA,N,B,G,A,A,H,-,A,A,0,NA,Y,NA,NA,Y,NA,A,01,0,1,0,0,0,0,1,0,0,-,-,32.767269134521484,-117.17585754394533,SAN DIEGO,SAN DIEGO,NA,NA
90294982,2016,2016-10-18,9680,2016-10-12,1540,015070,NA,3,2,9,3700,0,3,5,NA,2,003,ALPINE BLVD,TAVERN RD.,563,E,N,A,-,N,NA,NA,NA,NA,NA,NA,NA,NA,NA,Y,4,0,2,2,A,-,09,21804,A,N,D,C,A,A,H,-,A,D,0,NA,NA,NA,NA,Y,NA,A,01,0,0,2,0,0,0,0,0,0,-,-,32.83764,-116.77656,SAN DIEGO,UNINCORPORATED,-116.77647065,32.83764403
90295280,2016,2016-12-15,9650,2016-09-21,2243,016103,NA,3,3,6,3710,0,1,1,NA,2,005,I-5 N/B,SR-78,30,S,N,A,B,Y,NA,NA,5,NA,NA,NA,NA,NA,N,Y,3,0,1,2,A,-,07,21658,A,N,B,C,A,A,D,-,C,A,0,NA,NA,NA,NA,Y,NA,A,01,0,1,0,0,0,0,0,0,0,-,-,33.17676,-117.35067,SAN DIEGO,OCEANSIDE,-117.3508368,33.17663226
90296990,2016,2016-10-20,9680,2016-10-13,0242,014420,NA,4,3,9,3700,0,3,5,NA,2,001,HAWLEY RD,OLDE HIGHWAY 80,31,N,N,A,-,N,NA,NA,NA,NA,NA,NA,NA,NA,NA,Y,3,0,1,1,A,-,01,23152,A,N,E,I,A,A,H,-,C,D,0,NA,NA,NA,NA,Y,Y,A,01,0,1,0,0,0,0,0,0,0,-,-,32.8566,-116.8345,SAN DIEGO,UNINCORPORATED,-116.834525,32.856599
90298740,2016,2016-10-24,9650,2016-10-15,1405,015531,NA,6,2,5,3701,0,1,1,NA,2,005,I-5 N/B,LA COSTA AVE,528,N,N,A,-,Y,NA,NA,NA,NA,NA,NA,NA,NA,NA,Y,4,0,1,3,A,-,03,22350,NA,N,C,C,A,A,H,-,A,D,0,NA,NA,NA,NA,Y,NA,A,01,0,0,1,0,0,0,0,0,0,-,-,33.0674,-117.29278,SAN DIEGO,CARLSBAD,-117.29876176,33.08553974
90301360,2016,2016-10-26,9645,2016-10-13,0810,014909,NA,4,1,7,3711,0,1,1,NA,2,007,I-5 N/B TO GENESEE AVE,GENESEE AVE,400,S,N,A,-,Y,NA,NA,5,NA,NA,NA,R,NA,N,Y,4,0,1,2,A,-,03,22350,NA,N,C,C,A,A,H,-,A,D,0,NA,NA,NA,NA,Y,NA,A,01,0,0,1,0,0,0,0,0,0,-,-,32.8842,-117.2278,SAN DIEGO,SAN DIEGO,-117.2278,32.8842
90302734,2016,2016-10-27,9645,2016-10-14,1425,017499,NA,5,2,5,3709,0,1,1,NA,2,001,I-5 SOUTHBOUND,DIVISION ST. U/C,500,S,N,A,-,Y,NA,NA,5,NA,NA,NA,NA,NA,S,Y,3,0,1,2,A,-,07,21658,A,N,B,C,A,A,H,-,A,D,0,NA,NA,Y,NA,Y,NA,D,22,0,1,0,0,0,0,0,0,1,-,-,32.68049,-117.11044,SAN DIEGO,NATIONAL CITY,-117.11051543,32.68046044
90305688,2016,2016-10-28,9680,2016-10-21,1555,016694,NA,5,2,9,3700,0,1,3,NA,2,016,SR-67 S/B,BRADLEY AVE,1584,N,N,A,-,Y,NA,NA,67,NA,NA,NA,NA,NA,S,Y,4,0,1,4,A,-,08,22107,NA,N,B,C,A,A,H,-,A,D,0,NA,NA,NA,NA,Y,NA,A,01,0,0,1,0,0,0,0,0,0,-,-,32.82334,-116.96141,SAN DIEGO,UNINCORPORATED,-116.96133949,32.82335571
90305989,2016,2016-10-28,9645,2016-10-17,1730,017953,NA,1,2,7,3711,0,1,1,NA,2,015,I-805 N/B,CLAIREMONT MESA BLVD. O/C,420,N,N,B,-,Y,NA,NA,805,NA,NA,NA,NA,NA,N,Y,4,0,2,3,A,-,07,21658,A,N,B,C,A,A,H,-,A,D,0,NA,NA,NA,Y,Y,NA,-,-,0,0,2,0,0,0,0,0,0,-,-,32.83453,-117.17004,SAN DIEGO,SAN DIEGO,-117.17007445,32.83450928
90306414,2016,2016-10-31,9645,2016-09-23,1431,017529,NA,5,2,7,3711,0,1,1,NA,2,011,I-805 NORTHBOUND,UNIVERSITY AVE,1700,S,N,A,-,Y,NA,NA,805,NA,NA,NA,NA,NA,N,Y,4,0,2,3,A,-,07,21658,A,N,B,C,A,A,H,-,A,D,0,NA,NA,NA,Y,Y,NA,A,01,0,0,2,0,0,0,0,0,0,-,-,32.74661,-117.12081,SAN DIEGO,SAN DIEGO,-117.12076511,32.74664942
90309667,2016,2016-11-02,9645,2016-10-20,1530,017133,NA,4,2,7,3711,0,1,1,NA,2,005,I-5 S/B,PALM AVENUE POC,200,S,N,A,-,Y,NA,NA,5,NA,NA,NA,NA,NA,S,N,4,0,1,2,A,-,03,22350,NA,N,C,C,A,A,H,-,A,D,0,NA,NA,NA,NA,Y,NA,A,07,0,0,1,0,0,0,0,0,0,-,-,32.73348,-117.17327,SAN DIEGO,SAN DIEGO,-117.17331005,32.73344427
90309815,2016,2016-11-02,9680,2016-10-25,0852,016181,NA,2,1,9,3700,0,2,4,NA,1,018,LOS COCHES ROAD,BASHFUL WAY,0,NA,Y,A,-,N,NA,NA,NA,NA,NA,NA,NA,NA,NA,Y,3,0,1,2,A,-,09,21804,A,N,D,C,A,A,H,-,A,D,0,NA,NA,NA,NA,Y,NA,A,07,0,1,0,0,0,0,0,0,0,-,-,32.8306,-116.9038,SAN DIEGO,UNINCORPORATED,-116.90383,32.8305801
90310093,2016,2016-11-03,9645,2016-09-05,2323,020301,NA,1,3,5,3709,0,1,3,NA,2,008,SR-54 W/B TO I-805 S/B,SWEETWATER ROAD O/C,600,W,N,A,-,Y,NA,NA,54,NA,NA,NA,R,NA,W,Y,1,1,0,1,A,-,08,22107,NA,N,E,I,A,A,H,-,C,D,0,NA,NA,NA,NA,Y,NA,A,01,0,0,0,0,0,0,0,0,0,-,-,32.65975,-117.07088,SAN DIEGO,NATIONAL CITY,-117.07088,32.65975
90310480,2016,2016-11-03,9680,2016-10-22,1835,015081,NA,6,2,9,3700,0,3,5,NA,2,005,PINE HILLS ROAD,DEER LAKE PARK ROAD,65,S,N,A,-,N,NA,NA,NA,NA,NA,NA,NA,NA,NA,Y,3,0,1,1,A,-,01,23152,A,N,E,I,A,A,H,-,D,D,0,NA,NA,NA,NA,Y,Y,A,01,0,1,0,0,0,0,0,0,0,-,-,33.06178,-116.61815,SAN DIEGO,UNINCORPORATED,-116.61809262,33.06329267
90311752,2016,2016-11-04,9680,2016-10-26,1320,018801,NA,3,1,5,3708,0,1,3,NA,2,028,SR-125 S/B TO SPRING STREET,SPRING STREET,345,N,N,A,-,Y,NA,NA,125,NA,NA,NA,R,NA,S,N,4,0,1,2,A,-,21,22106,NA,N,C,C,A,A,H,-,A,A,0,NA,NA,NA,NA,Y,NA,A,07,0,0,1,0,0,0,0,0,0,-,-,32.75477,-117.01115,SAN DIEGO,LA MESA,-117.01115,32.75477
90319808,2016,2016-11-15,9650,2016-11-08,2140,015868,NA,2,2,6,3710,0,1,3,NA,2,015,SR-78 (E/B),I-5,1584,E,N,A,-,Y,NA,NA,78,NA,NA,NA,NA,NA,NA,Y,4,0,1,1,A,-,08,22107,NA,N,E,I,A,A,H,-,D,D,0,NA,NA,NA,NA,Y,NA,A,01,0,0,1,0,0,0,0,0,0,-,-,33.17994,-117.34636,SAN DIEGO,OCEANSIDE,-117.34633207,33.17988528
90321922,2016,2016-11-17,9680,2016-11-09,1515,016694,NA,3,2,5,3708,0,1,1,NA,2,081,I-8 /B TO 70TH STREET,ALVARADO RD,150,N,N,A,-,Y,NA,NA,8,NA,NA,NA,R,NA,NA,Y,4,0,2,2,A,-,03,22350,NA,N,C,C,A,A,H,-,A,A,0,NA,NA,NA,NA,Y,NA,A,01,0,0,2,0,0,0,0,0,0,-,-,32.77328,-117.04594,SAN DIEGO,LA MESA,-117.04594,32.77328
90322068,2016,2016-11-17,9680,2016-11-10,0647,015972,NA,4,1,9,3700,0,1,3,NA,2,016,MAPLEVIEW STREET,SR-67,254,W,N,A,-,N,NA,NA,NA,NA,NA,NA,NA,NA,NA,Y,2,0,1,2,A,-,09,21801,A,N,D,C,A,A,H,-,A,A,0,NA,NA,Y,NA,Y,NA,A,07,1,0,0,0,0,0,0,0,1,-,-,32.86277,-116.92404,SAN DIEGO,UNINCORPORATED,-116.92392222,32.86272191
9032347,2019,2020-02-05,3711,2019-12-25,1430,SD7812,NA,3,5,7,3711,0,0,0,NA,0,514,K ST,22ND ST,90,E,N,A,-,N,NA,NA,NA,NA,NA,NA,NA,NA,NA,N,4,0,1,1,D,-,00,NA,NA,N,E,J,A,A,H,-,A,D,0,NA,Y,NA,NA,Y,NA,-,-,0,0,1,0,0,0,1,0,0,-,-,NA,NA,SAN DIEGO,SAN DIEGO,-117.14366912841795,32.70836639404297
9032461,2019,2020-02-04,3701,2019-12-23,1425,CB5492,062,1,5,5,3701,0,0,0,NA,0,005,CANNON RD,FARADAY AV,140,E,N,B,C,N,NA,NA,NA,NA,NA,NA,NA,NA,NA,Y,3,0,1,1,A,-,03,22350,NA,N,E,I,A,B,H,-,A,A,0,NA,NA,NA,NA,Y,NA,D,22,0,1,0,0,0,0,0,0,0,-,-,NA,NA,SAN DIEGO,CARLSBAD,-117.3071060180664,33.13957977294922
90324682,2016,2016-11-18,9680,2016-11-11,1620,016822,NA,5,2,9,3700,0,1,3,NA,1,051,SR-79,WINN RANCH ROAD,2112,N,N,A,-,Y,NA,NA,79,NA,NA,NA,NA,NA,NA,Y,3,0,2,1,A,-,05,21650,NA,N,F,I,A,A,H,-,B,D,0,NA,NA,Y,NA,Y,NA,C,02,0,2,0,0,0,0,0,0,2,-,-,33.02729,-116.56288,SAN DIEGO,UNINCORPORATED,-116.56288746,33.02728852
90324952,2016,2016-11-18,9680,2016-11-16,2015,016694,NA,3,2,9,3700,0,2,4,NA,1,014,WINTER GARDENS BLVD,ROCKCREST RD,0,NA,Y,A,-,N,NA,NA,NA,NA,NA,NA,NA,NA,NA,Y,4,0,1,2,A,-,09,21804,A,N,D,C,A,A,H,-,D,D,0,NA,NA,NA,NA,Y,NA,A,07,0,0,1,0,0,0,0,0,0,-,-,32.84562,-116.93123,SAN DIEGO,UNINCORPORATED,-116.93110009,32.84631005