CASE_ID,ACCIDENT_YEAR,PROC_DATE,JURIS,COLLISION_DATE,COLLISION_TIME,OFFICER_ID,REPORTING_DISTRICT,DAY_OF_WEEK,CHP_SHIFT,POPULATION,CNTY_CITY_LOC,SPECIAL_COND,BEAT_TYPE,CHP_BEAT_TYPE,CITY_DIVISION_LAPD,CHP_BEAT_CLASS,BEAT_NUMBER,PRIMARY_RD,SECONDARY_RD,DISTANCE,DIRECTION,INTERSECTION,WEATHER_1,WEATHER_2,STATE_HWY_IND,CALTRANS_COUNTY,CALTRANS_DISTRICT,STATE_ROUTE,ROUTE_SUFFIX,POSTMILE_PREFIX,POSTMILE,LOCATION_TYPE,RAMP_INTERSECTION,SIDE_OF_HWY,TOW_AWAY,COLLISION_SEVERITY,NUMBER_KILLED,NUMBER_INJURED,PARTY_COUNT,PRIMARY_COLL_FACTOR,PCF_CODE_OF_VIOL,PCF_VIOL_CATEGORY,PCF_VIOLATION,PCF_VIOL_SUBSECTION,HIT_AND_RUN,TYPE_OF_COLLISION,MVIW,PED_ACTION,ROAD_SURFACE,ROAD_COND_1,ROAD_COND_2,LIGHTING,CONTROL_DEVICE,CHP_ROAD_TYPE,PEDESTRIAN_ACCIDENT,BICYCLE_ACCIDENT,MOTORCYCLE_ACCIDENT,TRUCK_ACCIDENT,NOT_PRIVATE_PROPERTY,ALCOHOL_INVOLVED,STWD_VEHTYPE_AT_FAULT,CHP_VEHTYPE_AT_FAULT,COUNT_SEVERE_INJ,COUNT_VISIBLE_INJ,COUNT_COMPLAINT_PAIN,COUNT_PED_KILLED,COUNT_PED_INJURED,COUNT_BICYCLIST_KILLED,COUNT_BICYCLIST_INJURED,COUNT_MC_KILLED,COUNT_MC_INJURED,PRIMARY_RAMP,SECONDARY_RAMP,LATITUDE,LONGITUDE,COUNTY,CITY,POINT_X,POINT_Y
9053117,2020,2020-10-16,3706,2020-02-15,1524,464,ESCON,6,5,6,3706,0,0,0,NA,0,042,BROADWAY,MISSION AV,110,N,N,A,-,Y,SD,11,78,-,T,1.779,H,-,E,NA,4,0,1,2,A,-,09,21804,A,N,D,C,A,A,H,-,A,A,0,NA,NA,NA,NA,Y,NA,A,07,0,0,1,0,0,0,0,0,0,-,-,33.130401611328125,-117.08522033691406,SAN DIEGO,ESCONDIDO,-117.31646728515624,33.180538177490234
90534654,2017,2017-08-28,9650,2017-08-20,2130,019867,NA,7,2,9,3700,0,1,1,NA,2,022,I-15 N/B,RAINBOW VALLEY BLVD,1056,S,N,A,-,Y,NA,NA,15,NA,NA,NA,NA,NA,N,Y,4,0,1,2,A,-,03,22350,NA,N,C,C,A,A,H,-,C,D,0,NA,NA,NA,NA,Y,NA,A,01,0,0,1,0,0,0,0,0,0,-,-,33.42481,-117.15138,SAN DIEGO,UNINCORPORATED,-117.15139951,33.42482498
90537142,2017,2017-08-30,9680,2017-08-22,1201,015061,NA,2,1,5,3708,0,1,3,NA,2,028,SR-125 S/B,AMAYA DR.,53,N,N,A,-,Y,NA,NA,125,NA,NA,NA,NA,NA,S,Y,4,0,1,1,A,-,08,22107,NA,N,E,I,A,A,H,-,A,D,0,NA,NA,NA,NA,Y,NA,A,01,0,0,1,0,0,0,0,0,0,-,-,32.7873,-117.00677,SAN DIEGO,LA MESA,-117.0065875,32.78732323
90537671,2017,2017-08-31,9650,2017-08-04,1528,017743,NA,5,2,5,3713,0,1,3,NA,2,017,SR-78 E/B,MAR VISTA DR,1500,E,N,A,-,Y,NA,NA,78,NA,NA,NA,NA,NA,E,Y,4,0,1,2,A,-,03,22350,NA,N,C,C,A,A,H,-,A,D,0,NA,NA,Y,NA,Y,NA,C,02,0,0,1,0,0,0,0,0,1,-,-,33.1775,-117.22813,SAN DIEGO,VISTA,-117.22808237,33.17753235
9053877,2020,2020-06-22,3706,2020-02-07,0752,510,ESCON,5,5,6,3706,0,0,0,NA,0,046,EL NORTE PKWY,DONALD WY,0,NA,Y,A,-,N,NA,NA,NA,NA,NA,NA,NA,NA,NA,Y,4,0,2,3,A,-,09,21801,A,N,D,C,A,A,H,-,A,D,0,NA,NA,NA,NA,Y,NA,A,01,0,0,2,0,0,0,0,0,0,-,-,33.14918899536133,-117.0658721923828,SAN DIEGO,ESCONDIDO,-117.06581878662108,33.149539947509766
90538930,2017,2017-09-01,9650,2017-08-30,1320,013636,NA,3,1,6,3710,0,1,3,NA,2,015,SR-78 E/B,EMERALD DR,1320,W,N,A,-,Y,NA,NA,NA,NA,NA,NA,NA,NA,NA,N,4,0,1,2,A,-,07,21658,A,N,B,C,A,A,H,-,A,D,0,NA,NA,NA,NA,Y,NA,A,01,0,0,1,0,0,0,0,0,0,-,-,NA,NA,SAN DIEGO,OCEANSIDE,-117.28325613,33.18601683
90539345,2017,2017-09-04,9650,2017-09-01,1145,013636,NA,5,1,5,3782,0,1,1,NA,2,007,I-5 N/B,LOMAS SANTA FE DR,200,N,N,A,-,Y,NA,NA,NA,NA,NA,NA,NA,NA,NA,Y,4,0,1,2,A,-,03,22350,NA,N,C,C,A,A,H,-,A,D,0,NA,NA,NA,NA,Y,NA,A,01,0,0,1,0,0,0,0,0,0,-,-,NA,NA,SAN DIEGO,ENCINITAS,-117.25657201,32.99641356
90540838,2017,2017-09-05,9680,2017-08-25,1725,019270,NA,5,2,4,3720,0,1,3,NA,1,023,SR-94 E/B,LEMON GROVE AVE,150,E,N,A,-,Y,NA,NA,NA,NA,NA,NA,NA,NA,NA,Y,4,0,1,2,A,-,03,22350,NA,N,C,C,A,A,H,-,A,D,0,NA,NA,NA,NA,Y,NA,A,01,0,0,1,0,0,0,0,0,0,-,-,32.74125,-117.03093,SAN DIEGO,LEMON GROVE,-117.03069792,32.74638768
90541437,2017,2017-09-06,9645,2017-08-24,1515,021600,NA,4,2,7,3711,0,1,1,NA,2,015,I-805 S/B,NOBEL DR. O/C,2000,S,N,B,-,Y,NA,NA,805,NA,NA,NA,NA,NA,S,Y,4,0,1,3,A,-,03,22350,NA,N,C,C,A,A,H,-,A,D,0,NA,NA,NA,NA,Y,NA,A,01,0,0,1,0,0,0,0,0,0,-,-,32.8636,-117.18918,SAN DIEGO,SAN DIEGO,-117.18919988,32.86358114
90542201,2017,2017-09-06,9680,2017-08-28,1410,018672,NA,1,2,9,3700,0,3,5,NA,2,005,SUNRISE HWY,SR-79,10560,S,N,A,-,N,NA,NA,NA,NA,NA,NA,NA,NA,NA,Y,3,0,1,1,A,-,01,23152,A,N,F,A,A,A,H,-,A,D,0,NA,NA,NA,NA,Y,Y,A,01,0,1,0,0,0,0,0,0,0,-,-,32.99266,-116.53593,SAN DIEGO,UNINCORPORATED,-116.53633349,32.9928837
9054362,2020,2020-03-09,3711,2020-01-26,1010,SD5985,NA,7,5,7,3711,0,0,0,NA,0,241,POMERADO RD,SCRIPPS RANCH ROW,1056,E,N,B,-,N,NA,NA,NA,NA,NA,NA,NA,NA,NA,Y,2,0,4,3,A,-,05,21651,B,N,B,C,A,A,H,-,A,D,0,NA,NA,NA,NA,Y,Y,A,01,1,1,2,0,0,0,0,0,0,-,-,NA,NA,SAN DIEGO,SAN DIEGO,-117.09590911865234,32.90092849731445
9054405,2020,2020-05-28,3711,2020-02-07,1522,SD6564,NA,5,5,7,3711,0,0,0,NA,0,627,UNIVERSITY AV,7TH AV,12,E,N,A,-,N,NA,NA,NA,NA,NA,NA,NA,NA,NA,Y,2,0,3,4,A,-,09,21801,A,N,D,C,A,A,H,-,A,A,0,NA,NA,Y,NA,Y,NA,A,01,1,2,0,0,0,0,0,0,2,-,-,NA,NA,SAN DIEGO,SAN DIEGO,-117.15833282470705,32.74837875366211
90545415,2017,2017-09-12,9645,2017-05-09,2348,019410,NA,2,3,6,3702,0,1,1,NA,2,009,I-805 S/B,E. ORANGE AVE.,928,S,N,B,-,Y,NA,NA,805,NA,NA,NA,NA,NA,S,Y,1,1,0,1,A,-,08,22107,NA,N,E,I,A,A,H,-,C,D,0,NA,NA,NA,NA,Y,NA,D,22,0,0,0,0,0,0,0,0,0,-,-,32.60244,-117.03667,SAN DIEGO,CHULA VISTA,-117.03647832,32.60243845
9054588,2020,2020-06-04,3711,2020-02-10,2330,SD7233,NA,1,5,7,3711,0,0,0,NA,0,242,WESTVIEW PKWY,GALVIN AV,218,S,N,B,-,N,NA,NA,NA,NA,NA,NA,NA,NA,NA,Y,4,0,1,3,A,-,08,22107,NA,N,B,E,A,A,H,-,C,D,0,NA,NA,NA,NA,Y,NA,A,01,0,0,1,0,0,0,0,0,0,-,-,NA,NA,SAN DIEGO,SAN DIEGO,-117.12028503417967,32.919578552246094
9054652,2019,2020-06-25,3710,2019-10-04,1315,OC1063,NA,5,5,6,3710,0,0,0,NA,0,033,FRAZEE RD,RT 76,15,S,N,A,-,Y,SD,11,76,-,R,5.597,I,6,E,N,4,0,1,2,A,-,03,22350,NA,N,C,C,A,A,H,-,A,A,0,NA,NA,NA,NA,Y,NA,A,01,0,0,1,0,0,0,0,0,0,-,-,NA,NA,SAN DIEGO,OCEANSIDE,-117.29840850830078,33.239017486572266
90546683,2017,2017-09-13,9680,2017-09-05,1330,015619,NA,2,1,9,3700,0,1,1,NA,2,084,I-8 W/B,W. WILLOWS RD,1000,E,N,A,-,Y,NA,NA,8,NA,NA,NA,NA,NA,W,Y,4,0,1,1,A,-,08,22107,NA,N,E,I,A,A,H,-,A,D,0,NA,NA,NA,NA,Y,NA,A,07,0,0,1,0,0,0,0,0,0,-,-,32.83387,-116.72183,SAN DIEGO,UNINCORPORATED,-116.72182842,32.83379646
90546734,2017,2017-09-13,9680,2017-07-23,0428,019946,NA,7,3,9,3700,0,2,4,NA,1,032,LA CRESTA ROAD,COYOTE RIDGE (PRIVATE),1584,E,N,A,-,N,NA,NA,NA,NA,NA,NA,NA,NA,NA,Y,1,1,0,1,A,-,01,23152,A,N,E,I,A,A,H,-,D,D,0,NA,NA,Y,NA,Y,Y,C,02,0,0,0,0,0,0,0,1,0,-,-,32.8096,-116.8955,SAN DIEGO,UNINCORPORATED,-116.89550132,32.80949988
90546834,2017,2017-09-13,9680,2017-09-05,2015,020625,NA,2,2,9,3700,0,1,3,NA,1,024,SR-94 (CAMPO RD) W/B,JAMACHA BLVD,100,E,N,A,-,Y,NA,NA,94,NA,NA,NA,NA,NA,W,N,4,0,1,2,A,-,01,23152,F,N,C,C,A,A,H,-,C,A,0,NA,NA,NA,NA,Y,NA,A,07,0,0,1,0,0,0,0,0,0,-,-,32.73973,-116.95094,SAN DIEGO,UNINCORPORATED,-116.9509501,32.7396974
9054708,2019,2020-03-10,3705,2019-10-18,1429,EC0219,NA,5,5,5,3705,0,0,0,NA,0,003,EAST MAIN ST,BROADWAY,370,N,N,A,-,N,NA,NA,NA,NA,NA,NA,NA,NA,NA,Y,4,0,1,3,A,-,01,23152,B,M,B,E,A,A,H,-,A,D,0,NA,NA,NA,NA,Y,Y,A,01,0,0,1,0,0,0,0,0,0,-,-,NA,NA,SAN DIEGO,EL CAJON,-116.92127990722656,32.808475494384766
9054716,2019,2020-03-10,3710,2019-10-12,0736,OC1456,NA,6,5,6,3710,0,0,0,NA,0,025,RANCHO DEL ORO,CURRY WY,0,S,N,A,-,N,NA,NA,NA,NA,NA,NA,NA,NA,NA,Y,4,0,1,1,A,-,07,21658,A,N,E,I,A,A,H,-,A,D,0,NA,NA,NA,NA,Y,NA,A,01,0,0,1,0,0,0,0,0,0,-,-,NA,NA,SAN DIEGO,OCEANSIDE,-117.31916809082033,33.21918869018555
90547769,2017,2017-09-14,9680,2017-09-07,1730,019998,NA,4,2,9,3700,0,1,3,NA,1,040,SR-94,OTAY LAKES RD,0,NA,Y,A,-,Y,NA,NA,94,NA,NA,NA,NA,NA,NA,Y,3,0,3,2,A,-,09,21802,A,N,D,C,A,A,H,-,A,A,0,NA,NA,NA,NA,Y,NA,A,01,0,1,2,0,0,0,0,0,0,-,-,32.66801,-116.82354,SAN DIEGO,UNINCORPORATED,-116.82351586,32.66806066
9054809,2020,2020-05-20,3711,2020-02-13,1848,6950,NA,4,5,7,3711,0,0,0,NA,0,528,WEST GRAPE ST,COLUMBIA ST,0,NA,Y,A,-,N,NA,NA,NA,NA,NA,NA,NA,NA,NA,N,4,0,1,2,A,-,10,21950,A,N,G,B,B,A,H,-,E,A,0,Y,NA,NA,NA,Y,NA,A,07,0,0,1,0,1,0,0,0,0,-,-,NA,NA,SAN DIEGO,SAN DIEGO,-117.16818237304688,32.72568130493164
9054830,2020,2020-05-21,3711,2020-02-11,0856,7300,NA,2,5,7,3711,0,0,0,NA,0,832,EL CAJON BL,FAIRMOUNT AV,0,NA,Y,A,-,N,NA,NA,NA,NA,NA,NA,NA,NA,NA,N,3,0,1,2,A,-,11,21456,B,N,G,B,B,A,H,-,A,A,0,Y,NA,NA,NA,Y,NA,N,60,0,1,0,0,1,0,0,0,0,-,-,NA,NA,SAN DIEGO,SAN DIEGO,-117.100830078125,32.75519943237305
90548691,2017,2017-09-15,9680,2017-09-08,1805,015619,NA,5,2,5,3705,0,1,1,NA,2,082,I-8 E/B,MOLLISON AVE,400,E,N,A,-,Y,NA,NA,8,NA,NA,NA,NA,NA,E,Y,4,0,1,3,A,-,03,22350,NA,F,C,C,A,A,H,-,A,D,0,NA,NA,NA,NA,Y,NA,D,22,0,0,1,0,0,0,0,0,0,-,-,32.80299,-116.94891,SAN DIEGO,EL CAJON,-116.94891024,32.80294772
9054878,2020,2020-05-20,3711,2020-02-13,1326,7473,NA,4,5,7,3711,0,0,0,NA,0,444,GATEWAY CENTER DR,GATEWAY CENTER AV,0,NA,Y,A,-,N,NA,NA,NA,NA,NA,NA,NA,NA,NA,N,4,0,1,2,A,-,08,22107,NA,N,D,C,A,A,H,-,A,D,0,NA,NA,Y,NA,Y,NA,A,07,0,0,1,0,0,0,0,0,1,-,-,NA,NA,SAN DIEGO,SAN DIEGO,-117.11418151855467,32.71316909790039
90549048,2017,2017-09-15,9680,2017-09-10,1618,020349,NA,7,2,9,3700,0,1,3,NA,1,090,SR-67 (MAIN STREET),11TH ST,150,N,N,A,-,Y,NA,NA,67,NA,NA,NA,NA,NA,NA,N,4,0,2,3,A,-,03,22350,NA,N,C,C,A,A,H,-,A,D,0,NA,NA,NA,NA,Y,NA,D,22,0,0,2,0,0,0,0,0,0,-,-,33.03926,-116.87369,SAN DIEGO,UNINCORPORATED,-116.8736628,33.03921039
90549210,2017,2017-09-18,9645,2017-09-02,0910,014922,NA,6,1,7,3711,0,1,1,NA,2,011,I-805 NORTHBOUND,MEADE AVE. O/C,100,N,N,A,-,Y,NA,NA,805,NA,NA,NA,NA,NA,N,N,4,0,1,3,A,-,08,22107,NA,N,B,C,A,A,H,-,A,D,0,NA,NA,NA,NA,Y,NA,A,01,0,0,1,0,0,0,0,0,0,-,-,32.76021,-117.12641,SAN DIEGO,SAN DIEGO,-117.1264464,32.76019868
90549467,2017,2017-09-18,9650,2017-09-04,2240,016984,NA,1,3,5,3713,0,1,3,NA,2,017,SR-78 W/B,MAR VISTA DRIVE,100,W,N,A,-,Y,NA,NA,78,NA,NA,NA,NA,NA,W,N,4,0,4,2,A,-,03,22350,NA,F,C,C,A,A,H,-,C,D,0,NA,NA,NA,NA,Y,Y,A,01,0,0,4,0,0,0,0,0,0,-,-,33.18186,-117.23062,SAN DIEGO,VISTA,-117.23069568,33.18180905
90550792,2017,2017-09-19,9645,2017-09-11,0620,017473,NA,1,1,7,3711,0,1,3,NA,2,023,SR-163 S/B,QUINCE ST.,200,N,N,A,-,Y,NA,NA,163,NA,NA,NA,NA,NA,S,Y,4,0,1,3,A,-,07,21658,A,N,B,C,A,A,H,-,A,D,0,NA,NA,Y,NA,Y,NA,A,01,0,0,1,0,0,0,0,0,1,-,-,32.73502,-117.1561,SAN DIEGO,SAN DIEGO,-117.15603756,32.7350177
90553358,2017,2017-09-21,9645,2017-09-01,0212,020997,NA,5,3,7,3711,0,1,1,NA,2,015,I-805 S/B,SORRENTO VALLEY ROAD,170,S,N,A,-,Y,NA,NA,805,NA,NA,NA,NA,NA,S,Y,2,0,1,2,A,-,03,22350,NA,N,A,C,A,A,H,-,D,D,0,NA,NA,NA,NA,Y,NA,A,01,1,0,0,0,0,0,0,0,0,-,-,32.88872,-117.20477,SAN DIEGO,SAN DIEGO,-117.20461135,32.88886177
90553455,2017,2017-09-21,9645,2017-09-11,1430,018652,NA,1,2,7,3711,0,1,3,NA,2,006,SR-94 E/B,I-805,800,E,N,A,-,Y,NA,NA,94,NA,NA,NA,NA,NA,E,Y,3,0,1,2,C,-,18,NA,NA,N,E,I,A,A,H,-,A,D,0,NA,NA,NA,NA,Y,NA,-,-,0,1,0,0,0,0,0,0,0,-,-,32.71908,-117.0956,SAN DIEGO,SAN DIEGO,-117.09566048,32.71880381
90553551,2017,2017-09-22,9650,2017-09-19,1815,014886,NA,2,2,9,3700,0,3,5,NA,2,070,LAS PALOMAS,VIA DE LA VALLE,15,N,N,A,-,N,NA,NA,NA,NA,NA,NA,NA,NA,NA,Y,3,0,1,2,A,-,08,22107,NA,N,A,C,A,A,H,-,A,D,0,NA,NA,NA,NA,Y,NA,A,01,0,1,0,0,0,0,0,0,0,-,-,32.99481,-117.2114,SAN DIEGO,UNINCORPORATED,-117.21691893,32.98991787
90556020,2017,2017-10-31,9645,2017-09-19,1908,017667,NA,2,2,7,3711,0,1,1,NA,2,011,I-805 S/B,UNIVERSITY AVE.,50,S,N,B,-,Y,NA,NA,805,NA,NA,NA,NA,NA,S,Y,4,0,1,4,A,-,03,22350,NA,N,C,C,A,A,H,-,A,D,0,NA,NA,NA,NA,Y,NA,A,01,0,0,1,0,0,0,0,0,0,-,-,32.74848,-117.12247,SAN DIEGO,SAN DIEGO,-117.12243897,32.74849959
90556597,2017,2017-09-27,9645,2017-09-21,1650,013111,NA,4,2,7,3711,0,1,1,NA,2,030,I-15 NORTHBOUND (IN HOV LANE),CARMEL MOUNTAIN ROAD O/C,1940,S,N,A,-,Y,NA,NA,NA,NA,NA,NA,NA,NA,NA,Y,4,0,1,2,A,-,03,22350,NA,N,C,C,A,A,H,-,A,D,0,NA,NA,NA,NA,Y,NA,A,01,0,0,1,0,0,0,0,0,0,-,-,33.01961,-117.11974,SAN DIEGO,SAN DIEGO,-117.08901474,32.97423172
90558111,2017,2017-09-28,9645,2017-09-19,0545,019410,NA,2,3,7,3711,0,1,1,NA,2,009,I-805 N/B,IMPERIAL AVE. O/C,15,N,N,B,-,Y,NA,NA,805,NA,NA,NA,NA,NA,N,Y,3,0,1,2,A,-,03,22350,NA,N,C,C,A,A,H,-,C,D,0,NA,NA,Y,NA,Y,NA,C,02,0,1,0,0,0,0,0,0,1,-,-,32.7044,-117.09485,SAN DIEGO,SAN DIEGO,-117.09495527,32.70436215
9055888,2020,2020-05-19,3705,2020-02-13,1720,EC0219,NA,4,5,5,3705,0,0,0,NA,0,002,EAST MAIN ST,SULZFELD WY,150,W,N,A,-,N,NA,NA,NA,NA,NA,NA,NA,NA,NA,Y,4,0,2,3,A,-,03,22350,NA,N,C,C,A,A,H,-,B,A,0,NA,NA,NA,NA,Y,NA,A,01,0,0,2,0,0,0,0,0,0,-,-,NA,NA,SAN DIEGO,EL CAJON,-116.96062469482422,32.794952392578125
90560192,2017,2017-09-29,9650,2017-09-22,1945,015788,NA,5,2,9,3700,0,3,5,NA,2,070,VIA DE LA VALLE,LAS COLINAS,400,W,N,A,-,N,NA,NA,NA,NA,NA,NA,NA,NA,NA,Y,3,0,4,2,A,-,03,22350,NA,N,C,C,A,A,H,-,D,D,0,NA,NA,NA,NA,Y,NA,A,01,0,1,3,0,0,0,0,0,0,-,-,33.02184,-117.19918,SAN DIEGO,UNINCORPORATED,-117.19919,33.02314
90560201,2017,2017-10-09,9645,2017-09-21,1545,020997,NA,4,2,7,3711,0,1,3,NA,2,023,SR-168 S/B,CAMINO DE LA REINA,30,S,N,A,-,Y,NA,NA,NA,NA,NA,NA,NA,NA,NA,Y,4,0,1,2,A,-,01,23152,A,N,C,C,A,A,H,-,A,D,0,NA,NA,NA,NA,Y,Y,D,22,0,0,1,0,0,0,0,0,0,-,-,32.76547,-117.16321,SAN DIEGO,SAN DIEGO,NA,NA
90560436,2017,2017-10-02,9650,2017-09-23,0940,013388,NA,6,1,9,3700,0,1,1,NA,2,001,I-5 N/B,BASILONE ROAD,250,N,N,A,-,Y,NA,NA,5,NA,NA,NA,NA,NA,N,Y,4,0,2,2,A,-,03,22350,NA,N,C,C,A,A,H,-,A,D,0,NA,NA,NA,NA,Y,NA,A,01,0,0,2,0,0,0,0,0,0,-,-,33.38601,-117.58382,SAN DIEGO,UNINCORPORATED,-117.58384895,33.38594253
90560658,2017,2017-10-02,9650,2017-09-19,1652,021698,NA,2,2,5,3712,0,1,3,NA,2,019,SR-78 W/B,TWIN OAKS VALLEY RD,2640,E,N,A,-,Y,NA,NA,78,NA,NA,NA,NA,NA,W,Y,3,0,2,5,A,-,03,22350,NA,N,C,C,A,A,D,-,A,D,0,NA,NA,NA,NA,Y,NA,A,07,0,2,0,0,0,0,0,0,0,-,-,33.13887,-117.15505,SAN DIEGO,SAN MARCOS,-117.15505257,33.13887976
90562613,2017,2017-10-04,9680,2017-09-26,1815,013686,NA,2,2,5,3708,0,1,1,NA,2,081,I-8 W/B,SEVERIN DR.,250,E,N,A,-,Y,NA,NA,8,NA,NA,NA,NA,NA,W,Y,3,0,1,2,A,-,03,22350,NA,N,C,C,A,A,H,-,A,D,0,NA,NA,NA,NA,Y,NA,A,07,0,1,0,0,0,0,0,0,0,-,-,32.77948,-116.99412,SAN DIEGO,LA MESA,-116.99412525,32.77933755
90563884,2017,2017-10-13,9645,2017-09-23,0710,018149,NA,6,1,7,3711,0,1,3,NA,2,016,SR-52 E/B,SANTO ROAD O/C,750,W,N,A,-,Y,NA,NA,52,NA,NA,NA,NA,NA,E,Y,3,0,1,2,A,-,03,22350,NA,N,C,C,A,A,H,-,A,D,0,NA,NA,NA,NA,Y,Y,A,07,0,1,0,0,0,0,0,0,0,-,-,32.84135,-117.1027,SAN DIEGO,SAN DIEGO,-117.10269906,32.84137331
90565635,2017,2017-10-09,9650,2017-10-04,0920,019126,NA,3,1,9,3700,0,1,1,NA,2,022,I-15 S/B,MISSION RD,2640,N,N,A,-,Y,NA,NA,15,NA,NA,NA,NA,NA,S,N,4,0,1,2,A,-,03,22350,NA,N,C,C,A,A,H,-,A,D,0,NA,NA,NA,NA,Y,NA,A,07,0,0,1,0,0,0,0,0,0,-,-,33.39745,-117.17164,SAN DIEGO,UNINCORPORATED,-117.17191043,33.39759834
90566144,2017,2017-10-09,9680,2017-09-30,0855,017717,NA,6,1,9,3700,0,1,3,NA,1,024,SR-94 (CAMPO RD),COUGAR CANYON DR,250,E,N,A,-,Y,NA,NA,94,NA,NA,NA,NA,NA,NA,Y,4,0,1,2,A,-,03,22350,NA,N,C,C,A,A,H,-,A,A,0,NA,NA,NA,NA,Y,NA,A,01,0,0,1,0,0,0,0,0,0,-,-,32.72787,-116.92483,SAN DIEGO,UNINCORPORATED,-116.92485791,32.72775468
90566659,2017,2017-10-10,9645,2017-08-17,1635,018146,NA,4,2,7,3711,0,1,1,NA,2,007,I-5 S/B,NOBEL DR.,500,S,N,A,-,Y,NA,NA,5,NA,NA,NA,NA,NA,S,Y,3,0,1,1,A,-,03,22350,NA,N,F,A,A,A,H,-,A,D,0,NA,NA,Y,NA,Y,NA,C,02,0,1,0,0,0,0,0,0,1,-,-,32.8604,-117.23042,SAN DIEGO,SAN DIEGO,-117.23048376,32.86040601
90566911,2017,2017-10-10,9645,2017-09-28,1518,014804,NA,4,2,7,3711,0,1,1,NA,2,015,I-805 (S/B),CARROLL CANYON ROAD U/C,528,N,N,A,-,Y,NA,NA,805,NA,NA,NA,NA,NA,NA,Y,3,0,1,3,A,-,07,21658,A,N,B,C,A,A,H,-,A,D,0,NA,NA,Y,NA,Y,NA,A,07,0,1,0,0,0,0,0,0,1,-,-,32.89074,-117.20649,SAN DIEGO,SAN DIEGO,-117.2065598,32.89064261
90569878,2017,2017-10-13,9650,2017-10-12,0730,013636,NA,4,1,9,3700,0,3,5,NA,2,070,CALZADA DEL BOSQUE,VIA DE LA VALLE,0,NA,Y,A,-,N,NA,NA,NA,NA,NA,NA,NA,NA,NA,Y,3,0,1,2,A,-,09,21801,A,N,D,C,A,A,H,-,A,A,0,NA,NA,NA,NA,Y,NA,A,07,0,1,0,0,0,0,0,0,0,-,-,33.00514,-117.20847,SAN DIEGO,UNINCORPORATED,-117.20850004,33.00501004
90571076,2017,2017-10-16,9645,2017-10-04,0700,015494,NA,3,1,7,3711,0,1,1,NA,2,011,I-805 N/B,I-8,1000,N,N,A,-,Y,NA,NA,805,NA,NA,NA,NA,NA,N,Y,2,0,1,3,A,-,03,22350,NA,N,B,C,A,A,H,-,A,D,0,NA,NA,Y,NA,Y,NA,C,02,1,0,0,0,0,0,0,0,1,-,-,32.77478,-117.1339,SAN DIEGO,SAN DIEGO,-117.13395432,32.77474061
90573681,2017,2017-10-18,9645,2017-09-20,1620,017401,NA,3,2,7,3711,0,1,1,NA,2,007,I-5 N/B ON FROM LA JOLLA VILLAGE W/B,LA JOLLA VILLAGE DR.,528,N,N,A,-,Y,NA,NA,5,NA,NA,NA,R,NA,N,Y,4,0,1,4,A,-,03,22350,NA,N,C,C,A,A,H,-,A,A,0,NA,NA,NA,NA,Y,NA,A,07,0,0,1,0,0,0,0,0,0,-,-,32.87312,-117.22872,SAN DIEGO,SAN DIEGO,-117.22872,32.87312
90575101,2017,2017-10-20,9680,2017-10-12,1610,021764,NA,4,2,9,3700,0,2,4,NA,1,018,LOS COCHES RD,ORA BELLE LN,437,N,N,A,-,N,NA,NA,NA,NA,NA,NA,NA,NA,NA,Y,3,0,1,2,A,-,03,22350,NA,N,F,A,A,A,H,-,A,D,0,NA,NA,Y,NA,Y,NA,C,02,0,1,0,0,0,0,0,0,1,-,-,32.82961,-116.90406,SAN DIEGO,UNINCORPORATED,-116.90401625,32.82919375
90575220,2017,2017-10-20,9680,2017-10-12,2355,016822,NA,4,3,9,3700,0,1,3,NA,1,091,SR-78,INDIAN OAKS ROAD,510,W,N,A,-,Y,NA,NA,78,NA,NA,NA,NA,NA,NA,Y,3,0,2,1,A,-,05,21650,NA,N,E,I,A,A,H,-,D,D,0,NA,NA,NA,NA,Y,NA,A,01,0,2,0,0,0,0,0,0,0,-,-,33.07235,-116.90205,SAN DIEGO,UNINCORPORATED,-116.90202615,33.07239536
90575365,2017,2017-10-20,9680,2017-10-13,2120,020780,NA,5,2,9,3700,0,3,5,NA,2,002,PARADISE VALLEY RD,SWEETWATER RD,0,NA,Y,A,-,N,NA,NA,125,NA,NA,NA,NA,NA,NA,Y,4,0,2,2,A,-,01,23152,A,N,D,C,A,A,H,-,C,A,0,NA,NA,NA,NA,Y,Y,A,07,0,0,2,0,0,0,0,0,0,-,-,32.70502,-117.01038,SAN DIEGO,UNINCORPORATED,-117.01079522,32.70498511
90575500,2017,2017-10-23,9650,2017-10-14,1545,015830,NA,6,2,9,3700,0,1,1,NA,2,003,I-5 S/B,HARBOR DR,950,N,N,A,-,Y,NA,NA,NA,NA,NA,NA,NA,NA,NA,Y,4,0,2,3,A,-,03,22350,NA,F,C,C,A,A,H,-,A,D,0,NA,NA,NA,NA,Y,NA,A,01,0,0,2,0,0,0,0,0,0,-,-,33.12483,-117.23214,SAN DIEGO,UNINCORPORATED,-117.38881935,33.2126463
90575502,2017,2017-10-23,9650,2017-10-14,1748,019352,NA,6,2,9,3700,0,1,1,NA,2,021,I-15 S/B,DEER SPRINGS RD,6864,N,N,A,-,Y,NA,NA,15,NA,NA,NA,NA,NA,S,Y,4,0,6,2,A,-,01,23152,A,N,C,E,A,A,H,-,A,D,0,NA,NA,NA,NA,Y,Y,D,22,0,0,6,0,0,0,0,0,0,-,-,33.21345,-117.13714,SAN DIEGO,UNINCORPORATED,-117.1370122,33.21354158