CASE_ID,ACCIDENT_YEAR,PROC_DATE,JURIS,COLLISION_DATE,COLLISION_TIME,OFFICER_ID,REPORTING_DISTRICT,DAY_OF_WEEK,CHP_SHIFT,POPULATION,CNTY_CITY_LOC,SPECIAL_COND,BEAT_TYPE,CHP_BEAT_TYPE,CITY_DIVISION_LAPD,CHP_BEAT_CLASS,BEAT_NUMBER,PRIMARY_RD,SECONDARY_RD,DISTANCE,DIRECTION,INTERSECTION,WEATHER_1,WEATHER_2,STATE_HWY_IND,CALTRANS_COUNTY,CALTRANS_DISTRICT,STATE_ROUTE,ROUTE_SUFFIX,POSTMILE_PREFIX,POSTMILE,LOCATION_TYPE,RAMP_INTERSECTION,SIDE_OF_HWY,TOW_AWAY,COLLISION_SEVERITY,NUMBER_KILLED,NUMBER_INJURED,PARTY_COUNT,PRIMARY_COLL_FACTOR,PCF_CODE_OF_VIOL,PCF_VIOL_CATEGORY,PCF_VIOLATION,PCF_VIOL_SUBSECTION,HIT_AND_RUN,TYPE_OF_COLLISION,MVIW,PED_ACTION,ROAD_SURFACE,ROAD_COND_1,ROAD_COND_2,LIGHTING,CONTROL_DEVICE,CHP_ROAD_TYPE,PEDESTRIAN_ACCIDENT,BICYCLE_ACCIDENT,MOTORCYCLE_ACCIDENT,TRUCK_ACCIDENT,NOT_PRIVATE_PROPERTY,ALCOHOL_INVOLVED,STWD_VEHTYPE_AT_FAULT,CHP_VEHTYPE_AT_FAULT,COUNT_SEVERE_INJ,COUNT_VISIBLE_INJ,COUNT_COMPLAINT_PAIN,COUNT_PED_KILLED,COUNT_PED_INJURED,COUNT_BICYCLIST_KILLED,COUNT_BICYCLIST_INJURED,COUNT_MC_KILLED,COUNT_MC_INJURED,PRIMARY_RAMP,SECONDARY_RAMP,LATITUDE,LONGITUDE,COUNTY,CITY,POINT_X,POINT_Y
91483425,2021,2021-05-27,9680,2021-03-27,1830,022554,NA,6,2,9,3700,0,2,4,NA,1,012,LAKE JENNINGS PARK RD,JULIAN AVE,643,S,N,A,-,N,NA,NA,NA,NA,NA,NA,NA,NA,NA,Y,3,0,2,2,A,-,05,21460,A,N,A,C,A,A,H,-,A,D,0,NA,NA,NA,NA,Y,NA,A,01,0,1,1,0,0,0,0,0,0,-,-,32.85871124267578,-116.89968872070313,SAN DIEGO,UNINCORPORATED,-116.8994140625,32.858482360839844
9148402,2020,2021-01-19,3711,2020-09-09,1300,SD1421,NA,3,5,7,3711,0,0,0,NA,0,813,UNIVERSITY AV,FLORIDA ST,0,NA,Y,A,-,N,NA,NA,NA,NA,NA,NA,NA,NA,NA,N,3,0,1,4,A,-,03,22350,NA,N,C,C,A,A,H,-,A,D,0,NA,NA,NA,Y,Y,NA,F,26,0,1,0,0,0,0,0,0,0,-,-,NA,NA,SAN DIEGO,SAN DIEGO,-117.14372253417967,32.74843978881836
91486603,2021,2021-06-01,9645,2021-05-12,2241,019577,NA,3,3,6,3702,0,1,1,NA,2,001,I-5 N/B,J ST.,350,S,N,B,-,Y,NA,NA,5,NA,NA,NA,NA,NA,N,Y,3,0,2,2,A,-,03,22350,NA,N,C,C,A,A,H,-,D,D,0,NA,NA,NA,NA,Y,NA,A,01,0,1,1,0,0,0,0,0,0,-,-,32.62152099609375,-117.0924072265625,SAN DIEGO,CHULA VISTA,-117.09273529052734,32.62139892578125
91487888,2021,2021-06-02,9645,2021-05-22,1747,019678,NA,6,2,7,3711,0,1,1,NA,2,010,I-8 E/B,PRESIDIO PARK O/C,168,E,N,A,-,Y,NA,NA,8,NA,NA,NA,NA,NA,E,Y,3,0,3,2,A,-,01,23152,A,N,C,2,A,A,H,-,A,D,0,NA,NA,NA,NA,Y,Y,A,01,0,1,2,0,0,0,0,0,0,-,-,32.75967025756836,-117.18791198730467,SAN DIEGO,SAN DIEGO,-117.18791198730467,32.7596321105957
91489006,2021,2021-06-03,9680,2021-05-23,0955,017011,NA,7,1,9,3700,0,3,5,NA,2,002,JAMACHA BLVD,DARBY ST,0,NA,Y,A,-,N,NA,NA,NA,NA,NA,NA,NA,NA,NA,Y,4,0,2,2,A,-,09,21802,A,N,D,C,A,A,H,-,A,A,0,NA,NA,NA,NA,Y,NA,A,01,0,0,2,0,0,0,0,0,0,-,-,32.71691131591797,-117.02027130126952,SAN DIEGO,UNINCORPORATED,-117.02025604248048,32.716880798339844
91489429,2021,2021-06-04,9645,2021-05-19,1650,019241,NA,3,2,7,3711,0,1,3,NA,2,002,SR-905 WESTBOUND,CALIENTE,528,W,N,B,-,Y,NA,NA,905,NA,NA,NA,NA,NA,W,Y,4,0,2,2,A,-,07,21658,A,N,B,C,A,A,H,-,A,A,0,NA,NA,NA,NA,Y,NA,A,07,0,0,2,0,0,0,0,0,0,-,-,32.567970275878906,-117.01937866210938,SAN DIEGO,SAN DIEGO,-117.01942443847656,32.56779861450195
9149009,2020,2021-01-15,3711,2020-09-10,0100,SD1050,NA,4,5,7,3711,0,0,0,NA,0,242,CAPRICORN WY,WESTONHILL DR,690,E,N,A,-,N,NA,NA,NA,NA,NA,NA,NA,NA,NA,Y,4,0,1,2,A,-,08,22107,NA,N,C,E,A,A,H,-,C,D,0,NA,NA,NA,NA,Y,Y,A,01,0,0,1,0,0,0,0,0,0,-,-,NA,NA,SAN DIEGO,SAN DIEGO,-117.1334228515625,32.92433166503906
91490664,2021,2021-06-07,9645,2021-06-02,0735,015270,NA,3,1,5,3709,0,1,3,NA,2,008,STATE ROUTE 54,NATIONAL CITY BLVD.,610,E,N,B,-,Y,NA,NA,54,NA,NA,NA,NA,NA,NA,N,4,0,1,2,A,-,03,22350,NA,N,C,C,A,A,H,-,A,D,0,NA,NA,NA,NA,Y,NA,D,22,0,0,1,0,0,0,0,0,0,-,-,32.653961181640625,-117.09609222412108,SAN DIEGO,NATIONAL CITY,-117.0960693359375,32.653892517089844
91491099,2021,2021-06-07,9645,2021-05-30,0900,020066,NA,7,1,6,3702,0,1,1,NA,2,009,I-805 N/B FROM H STREET,1000,0,NA,N,C,-,Y,NA,NA,805,NA,NA,NA,R,NA,N,Y,4,0,1,2,A,-,08,22107,NA,N,B,C,A,B,H,-,A,D,0,NA,NA,NA,NA,Y,NA,A,01,0,0,1,0,0,0,0,0,0,-,-,32.64139175415039,-117.05277252197266,SAN DIEGO,CHULA VISTA,-117.05277252197266,32.64139175415039
91492188,2021,2021-06-08,9650,2021-05-28,1315,021584,NA,5,1,9,3700,0,1,3,NA,1,028,STATE ROUTE 76,PALA MISSION ROAD,5280,W,N,A,-,Y,NA,NA,76,NA,NA,NA,NA,NA,NA,Y,3,0,3,2,A,-,05,21460,A,N,A,C,A,A,H,-,A,D,0,NA,NA,NA,NA,Y,NA,A,07,0,1,2,0,0,0,0,0,0,-,-,33.36231994628906,-117.10267639160156,SAN DIEGO,UNINCORPORATED,-117.10268402099608,33.36235046386719
9149366,2020,2020-10-21,3706,2020-08-28,1712,487,ESCON,5,5,6,3706,0,0,0,NA,0,056,OAK HILL DR,MOMAR LN,192,E,N,A,-,N,NA,NA,NA,NA,NA,NA,NA,NA,NA,N,3,0,1,2,A,-,09,21804,A,N,D,G,A,A,H,-,A,D,0,NA,Y,NA,NA,Y,NA,L,04,0,1,0,0,0,0,1,0,0,-,-,33.13370895385742,-117.0422592163086,SAN DIEGO,ESCONDIDO,-117.04166412353516,33.133934020996094
9149448,2020,2020-09-02,3709,2020-06-24,1206,NC0466,NA,3,5,5,3709,0,0,0,NA,0,024,MILE OF CARS WY,MILE OF CARS WY 200,0,NA,N,A,-,N,NA,NA,NA,NA,NA,NA,NA,NA,NA,N,4,0,1,2,A,-,09,21804,A,N,D,B,F,-,H,-,B,D,0,Y,NA,NA,NA,Y,NA,A,01,0,0,1,0,1,0,0,0,0,-,-,NA,NA,SAN DIEGO,NATIONAL CITY,NA,NA
9149491,2020,2020-10-21,3700,2020-02-21,0012,SH2001,NA,5,5,5,3781,0,0,0,NA,0,516,MISSION GORGE RD,RT 125,0,NA,Y,A,-,Y,SD,11,125,-,-,22.301,I,5,N,Y,3,0,1,1,A,-,01,23152,A,N,E,I,A,A,H,-,C,A,0,NA,NA,NA,NA,Y,Y,A,01,0,1,0,0,0,0,0,0,0,-,-,NA,NA,SAN DIEGO,SANTEE,-117.00318145751952,32.83859634399414
9149673,2020,2020-09-03,3710,2020-08-14,1340,OC1487,NA,5,5,6,3710,0,0,0,NA,0,007,EUCALYPTUS ST,SOUTH COAST HWY,0,NA,Y,A,-,N,NA,NA,NA,NA,NA,NA,NA,NA,NA,Y,2,0,1,2,A,-,09,21801,A,N,A,C,A,A,H,-,A,D,0,NA,NA,Y,NA,Y,NA,A,01,1,0,0,0,0,0,0,0,1,-,-,NA,NA,SAN DIEGO,OCEANSIDE,-117.37056732177734,33.18516159057617
9149737,2020,2020-12-01,3705,2020-08-17,1247,EC0324,NA,1,5,5,3705,0,0,0,NA,0,002,2ND ST,NARANCA AV,224,S,N,A,-,Y,SD,11,8,-,-,17.177,R,4,W,NA,4,0,1,2,A,-,03,22350,NA,N,C,C,A,A,H,-,A,A,0,NA,NA,NA,NA,Y,NA,A,01,0,0,1,0,0,0,0,0,0,-,-,NA,NA,SAN DIEGO,EL CAJON,-116.93878936767578,32.80316162109375
91499214,2021,2021-06-17,9650,2021-05-31,1229,015600,NA,1,1,9,3700,0,1,3,NA,2,065,SR-76 WESTBOUND,N. RIVER RD.,50,W,N,A,-,Y,NA,NA,76,NA,NA,NA,NA,NA,W,N,3,0,1,1,A,-,08,22107,NA,N,F,A,A,A,H,-,A,D,0,NA,NA,Y,NA,Y,NA,C,02,0,1,0,0,0,0,0,0,1,-,-,33.2669792175293,-117.23699951171876,SAN DIEGO,UNINCORPORATED,-117.23666381835938,33.26694869995117
91499392,2021,2021-06-17,9680,2021-06-05,1330,022030,NA,6,1,9,3700,0,3,5,NA,2,002,ELKELTON PL,QUARRY RD,30,W,N,A,-,N,NA,NA,NA,NA,NA,NA,NA,NA,NA,N,4,0,1,2,A,-,03,22350,NA,N,C,C,A,A,H,-,A,A,0,NA,NA,NA,NA,Y,NA,D,22,0,0,1,0,0,0,0,0,0,-,-,32.70069885253906,-117.01030731201172,SAN DIEGO,UNINCORPORATED,-117.01022338867188,32.70061111450195
91503019,2021,2021-06-22,9645,2021-05-16,0015,021263,NA,7,3,7,3711,0,1,1,NA,2,010,INTERSTATE 8 EASTBOUND,TAYLOR STREET,300,W,N,A,-,Y,NA,NA,8,NA,NA,NA,NA,NA,E,N,3,0,1,2,A,-,11,21954,A,N,G,B,E,A,H,-,C,D,0,Y,NA,NA,NA,Y,NA,N,60,0,1,0,0,1,0,0,0,0,-,-,32.76028060913086,-117.19225311279295,SAN DIEGO,SAN DIEGO,-117.19225311279295,32.76028060913086
91504643,2021,2021-06-23,9680,2021-06-12,0620,022106,NA,6,1,9,3700,0,1,1,NA,2,086,I-8 W/B,RIBBONWOOD RD,528,E,N,A,-,Y,NA,NA,8,NA,NA,NA,NA,NA,W,Y,3,0,1,1,A,-,08,22107,NA,N,F,A,A,A,H,-,A,D,0,NA,NA,NA,NA,Y,NA,A,01,0,1,0,0,0,0,0,0,0,-,-,32.67652893066406,-116.28964233398438,SAN DIEGO,UNINCORPORATED,-116.28961181640624,32.67659378051758
91506151,2021,2021-06-25,9680,2021-06-12,1830,021994,NA,6,2,9,3700,0,3,5,NA,2,002,OTAY MOUNTAIN TRUCK TRAIL,OTAY LAKES ROAD,528,S,N,A,-,N,NA,NA,NA,NA,NA,NA,NA,NA,NA,N,4,0,1,1,A,-,03,22350,NA,N,F,A,A,A,H,-,A,D,0,NA,NA,Y,NA,Y,NA,C,02,0,0,1,0,0,0,0,0,1,-,-,32.65127182006836,-116.85613250732422,SAN DIEGO,UNINCORPORATED,NA,NA
91506430,2021,2021-06-25,9645,2021-06-15,1255,019054,NA,2,1,7,3711,0,1,1,NA,2,011,I-805 N/B,EL CAJON BLVD. O/C,300,N,N,A,-,Y,NA,NA,805,NA,NA,NA,NA,NA,N,Y,4,0,1,2,A,-,03,22350,NA,N,C,C,A,A,H,-,A,D,0,NA,NA,NA,NA,Y,NA,A,01,0,0,1,0,0,0,0,0,0,-,-,32.76049041748047,-117.12651824951172,SAN DIEGO,SAN DIEGO,-117.12652587890624,32.7604866027832
91506559,2021,2021-06-25,9680,2021-06-15,0615,020249,NA,2,1,9,3700,0,1,3,NA,1,090,STATE ROUTE 67,MOUNT WOODSON ROAD,75,N,N,A,-,Y,NA,NA,67,NA,NA,NA,NA,NA,NA,Y,3,0,1,2,A,-,08,22107,NA,N,B,C,A,A,H,-,A,D,0,NA,NA,NA,NA,Y,NA,A,07,0,1,0,0,0,0,0,0,0,-,-,33.00856018066406,-116.95519256591795,SAN DIEGO,UNINCORPORATED,-116.95507049560548,33.008506774902344
91511104,2021,2021-07-01,9650,2021-06-26,1300,016997,NA,6,1,9,3700,0,1,1,NA,2,001,I-5 S/B N/OF AGRA,AGRA U/C,5280,N,N,A,-,Y,NA,NA,5,NA,NA,NA,R,NA,S,N,4,0,1,2,A,-,03,22350,NA,N,C,C,A,A,H,-,A,D,0,NA,NA,NA,NA,Y,NA,A,01,0,0,1,0,0,0,0,0,0,-,-,33.3289909362793,-117.49286651611328,SAN DIEGO,UNINCORPORATED,-117.49286651611328,33.3289909362793
91511450,2021,2021-07-01,9680,2021-06-22,1736,021994,NA,2,2,9,3700,0,3,5,NA,2,002,BRABHAM STREET,HILTON HEAD ROAD,16,W,N,A,-,N,NA,NA,NA,NA,NA,NA,NA,NA,NA,Y,3,0,1,1,A,-,08,22107,NA,N,E,I,A,A,H,-,A,D,0,NA,NA,NA,NA,Y,NA,D,22,0,1,0,0,0,0,0,0,0,-,-,32.75065994262695,-116.9248275756836,SAN DIEGO,UNINCORPORATED,-116.92472076416016,32.75065612792969
91512063,2021,2021-07-02,9645,2021-06-25,0420,018987,NA,5,3,7,3711,0,1,1,NA,2,017,I-15 N/B TO SR-52 W/B,SR-52,292,N,N,A,-,Y,NA,NA,15,NA,NA,NA,R,NA,N,Y,3,0,1,1,A,-,08,22107,NA,F,E,8,A,A,H,-,D,D,0,NA,NA,NA,NA,Y,NA,A,01,0,1,0,0,0,0,0,0,0,-,-,32.842960357666016,-117.11927795410156,SAN DIEGO,SAN DIEGO,-117.11927795410156,32.842960357666016
91512086,2021,2021-07-02,9680,2021-06-25,1605,020500,NA,5,2,9,3700,0,1,3,NA,1,090,SR-67 (MAIN ST) N/B,ETCHEVERRY ST,0,NA,Y,A,-,Y,NA,NA,67,NA,NA,NA,NA,NA,N,N,4,0,1,3,A,-,09,21801,A,N,D,C,A,A,H,-,A,A,0,NA,NA,NA,NA,Y,NA,E,22,0,0,1,0,0,0,0,0,0,-,-,33.02500915527344,-116.89353942871094,SAN DIEGO,UNINCORPORATED,-116.89351654052734,33.02497482299805
91513143,2021,2021-07-06,9650,2021-06-23,1341,016490,NA,3,1,9,3700,0,1,1,NA,2,022,I-15 S/B,RAINBOW VALLEY BLVD,10,S,N,B,-,Y,NA,NA,15,NA,NA,NA,NA,NA,S,Y,3,0,1,1,A,-,08,22107,NA,N,F,A,A,A,H,-,A,D,0,NA,NA,NA,NA,Y,NA,A,07,0,1,0,0,0,0,0,0,0,-,-,33.430728912353516,-117.14591979980467,SAN DIEGO,UNINCORPORATED,-117.14581298828124,33.43061065673828
91513434,2021,2021-12-20,9645,2021-06-23,1705,019054,NA,3,2,7,3711,0,1,1,NA,2,010,I-8 E/B,COLLEGE AVENUE,1180,E,N,A,-,Y,NA,NA,8,NA,NA,NA,NA,NA,E,N,4,0,1,2,A,-,03,22350,NA,F,C,C,A,A,H,-,A,D,0,NA,NA,NA,NA,Y,NA,A,01,0,0,1,0,0,0,0,0,0,-,-,32.778770446777344,-117.06204223632813,SAN DIEGO,SAN DIEGO,-117.06201171875,32.77885818481445
91514702,2021,2021-07-07,9680,2021-06-28,1445,021994,NA,1,2,9,3700,0,2,4,NA,1,021,DEHESA ROAD,QUAIL HAVEN LANE,30,S,N,A,-,N,NA,NA,NA,NA,NA,NA,NA,NA,NA,Y,4,0,3,2,A,-,09,21804,A,N,C,C,A,A,H,-,A,D,0,NA,NA,NA,NA,Y,NA,A,07,0,0,3,0,0,0,0,0,0,-,-,32.788429260253906,-116.84542083740234,SAN DIEGO,UNINCORPORATED,-116.84540557861328,32.788448333740234
91514826,2021,2021-07-07,9680,2021-06-26,1315,020780,NA,6,1,9,3700,0,3,5,NA,2,004,SKYLINE TRUCK TRAIL,LAWSON VALLEY RD,0,NA,Y,A,-,N,NA,NA,NA,NA,NA,NA,NA,NA,NA,Y,3,0,1,2,A,-,05,21460,A,N,B,C,A,A,H,-,A,D,0,NA,NA,Y,NA,Y,NA,C,02,0,1,0,0,0,0,0,0,1,-,-,32.73271942138672,-116.8209228515625,SAN DIEGO,UNINCORPORATED,-116.82089233398438,32.732704162597656
91514829,2021,2021-07-07,9645,2021-07-03,1750,020992,NA,6,2,5,3709,0,1,1,NA,2,001,I-5 N/B TO WEST PLAZA BLVD,PLAZA BOULEVARD,300,S,N,A,-,Y,NA,NA,5,NA,NA,NA,R,NA,N,Y,4,0,1,1,A,-,08,22107,NA,N,E,I,A,A,H,-,A,D,0,NA,NA,NA,NA,Y,NA,A,01,0,0,1,0,0,0,0,0,0,-,-,32.669898986816406,-117.11105346679688,SAN DIEGO,NATIONAL CITY,-117.11105346679688,32.669898986816406
91516026,2021,2021-07-08,9650,2021-06-26,1746,017392,NA,6,2,9,3700,0,1,1,NA,2,007,I-5 S/B,SANTA FE DR,1584,N,N,A,-,Y,NA,NA,NA,NA,NA,NA,NA,NA,NA,N,4,0,1,1,D,-,00,NA,NA,N,F,A,A,A,D,-,A,D,0,NA,NA,Y,NA,Y,NA,-,-,0,0,1,0,0,0,0,0,1,-,-,33.04143142700195,-117.28504180908205,SAN DIEGO,UNINCORPORATED,-117.28284454345705,33.03812789916992
91517651,2021,2021-07-12,9650,2021-07-08,2500,019594,NA,4,4,9,3700,0,3,5,NA,2,211,STERLING VIEW DR,OTTO STRASSE,1531,S,N,A,-,N,NA,NA,NA,NA,NA,NA,NA,NA,NA,Y,4,0,1,1,A,-,01,23152,A,N,E,I,A,A,H,-,D,D,0,NA,NA,NA,NA,Y,Y,A,01,0,0,1,0,0,0,0,0,0,-,-,33.37942886352539,-117.16786193847656,SAN DIEGO,UNINCORPORATED,-117.16820526123048,33.379703521728516
91518261,2021,2021-07-12,9650,2021-07-08,1555,018840,NA,4,2,5,3782,0,1,1,NA,2,007,I-5 N/B,REQUEZA ST,500,S,N,B,-,Y,NA,NA,5,NA,NA,NA,NA,NA,N,Y,4,0,1,2,A,-,03,22350,NA,N,C,C,A,A,D,-,A,D,0,NA,NA,NA,NA,Y,NA,A,01,0,0,1,0,0,0,0,0,0,-,-,33.0424690246582,-117.2851791381836,SAN DIEGO,ENCINITAS,-117.28524017333984,33.04244613647461
91518730,2021,2021-07-13,9650,2021-06-26,0903,019227,NA,6,1,9,3700,0,3,5,NA,2,211,LAKE WOHLFORD RD,OAKVALE RD,99,N,N,A,-,N,NA,NA,NA,NA,NA,NA,NA,NA,NA,Y,2,0,1,1,A,-,08,22107,NA,N,F,A,A,A,H,-,A,D,0,NA,NA,Y,NA,Y,NA,C,02,1,0,0,0,0,0,0,0,1,-,-,33.16748046875,-117.00814819335938,SAN DIEGO,UNINCORPORATED,-117.00816345214844,33.16748046875
91519961,2021,2021-07-14,9680,2021-05-21,1740,022050,NA,5,2,9,3700,0,1,3,NA,2,028,SR-125 S/B,SPRING ST,1800,N,N,A,-,Y,NA,NA,125,NA,NA,NA,NA,NA,S,N,3,0,1,3,A,-,03,22350,NA,F,C,C,A,A,H,-,A,D,0,NA,NA,NA,NA,Y,NA,A,01,0,1,0,0,0,0,0,0,0,-,-,32.75716018676758,-117.00749969482422,SAN DIEGO,UNINCORPORATED,-117.00749206542967,32.75714874267578
91520394,2021,2021-07-14,9680,2021-07-01,0050,021764,NA,4,3,9,3700,0,1,3,NA,1,040,SR-94 (CAMPO ROAD),MITCHEL RD,265,E,N,A,-,Y,NA,NA,94,NA,NA,NA,NA,NA,NA,N,4,0,1,1,A,-,08,22107,NA,N,E,I,A,A,H,-,D,D,0,NA,NA,NA,NA,Y,NA,A,01,0,0,1,0,0,0,0,0,0,-,-,32.62160873413086,-116.76067352294922,SAN DIEGO,UNINCORPORATED,-116.76066589355467,32.621551513671875
91520680,2021,2021-07-15,9680,2021-07-03,1310,020249,NA,6,1,9,3700,0,1,3,NA,1,090,STATE ROUTE 67,AIR MAIL LANE,0,NA,Y,A,-,Y,NA,NA,67,NA,NA,NA,NA,NA,NA,N,4,0,1,2,A,-,09,21802,A,N,D,C,A,A,H,-,A,A,0,NA,NA,NA,NA,Y,NA,D,22,0,0,1,0,0,0,0,0,0,-,-,33.01100158691406,-116.931396484375,SAN DIEGO,UNINCORPORATED,-116.93140411376952,33.010986328125
91522311,2021,2021-07-16,9645,2021-07-08,1650,016864,NA,4,2,7,3711,0,1,1,NA,2,011,I-805 S/B,I-8,1584,S,N,A,-,Y,NA,NA,805,NA,NA,NA,NA,NA,S,N,3,0,1,2,A,-,03,22350,NA,N,C,C,A,A,H,-,A,D,0,NA,NA,NA,NA,Y,NA,A,01,0,1,0,0,0,0,0,0,0,-,-,32.76778030395508,-117.12979888916016,SAN DIEGO,SAN DIEGO,-117.12953186035156,32.76792526245117
91523017,2021,2021-07-19,9650,2021-07-10,0155,019766,NA,6,3,5,3782,0,1,1,NA,2,007,I-5 N/B,LEUCADIA BLVD,2223,N,N,B,-,Y,NA,NA,5,NA,NA,NA,NA,NA,N,Y,4,0,1,2,A,-,01,23152,A,N,C,C,A,A,D,-,D,D,0,NA,NA,NA,NA,Y,Y,A,07,0,0,1,0,0,0,0,0,0,-,-,33.071529388427734,-117.2941665649414,SAN DIEGO,ENCINITAS,-117.29407501220705,33.07155990600586
91523629,2021,2021-07-19,9650,2021-07-14,1835,018840,NA,3,2,3,3783,0,1,1,NA,2,007,I-5 N/B,LOMAS SANTA FE DR,1584,N,N,A,-,Y,NA,NA,5,NA,NA,NA,NA,NA,N,Y,3,0,1,2,A,-,03,22350,NA,M,C,C,A,A,D,-,A,D,0,NA,NA,NA,NA,Y,NA,-,99,0,1,0,0,0,0,0,0,0,-,-,33.0006103515625,-117.25723266601563,SAN DIEGO,SOLANA BEACH,-117.25724792480467,33.000606536865234
91525367,2021,2021-07-21,9680,2021-07-09,0742,015578,NA,5,1,5,3708,0,1,3,NA,2,028,SR-125 NORTHBOUND,I-8 EASTBOUND,528,S,N,A,-,Y,NA,NA,125,NA,NA,NA,NA,NA,N,Y,4,0,3,3,A,-,03,22350,NA,N,C,C,A,A,H,-,A,D,0,NA,NA,NA,NA,Y,NA,A,07,0,0,3,0,0,0,0,0,0,-,-,32.77547836303711,-117.0028076171875,SAN DIEGO,LA MESA,-117.0029067993164,32.775447845458984
91527221,2021,2021-07-23,9650,2021-07-19,1030,019490,NA,1,1,5,3713,0,1,3,NA,2,017,SR-78 W/B,SMILAX RD,430,W,N,A,-,Y,NA,NA,NA,NA,NA,NA,NA,NA,NA,N,3,0,1,2,A,-,03,22350,NA,F,H,J,A,A,H,-,A,D,0,NA,NA,NA,NA,Y,NA,-,99,0,1,0,0,0,0,0,0,0,-,-,33.15898895263672,-117.20791625976563,SAN DIEGO,VISTA,-117.20787048339844,33.1589241027832
91529529,2021,2021-07-27,9680,2021-07-15,0625,018427,NA,4,1,9,3700,0,1,3,NA,1,017,SR-67,SCRIPPS POWAY PKWY,1056,N,N,A,-,Y,NA,NA,67,NA,NA,NA,NA,NA,NA,Y,3,0,1,1,A,-,03,22350,NA,N,E,A,A,A,H,-,A,D,0,NA,NA,NA,NA,Y,NA,D,22,0,1,0,0,0,0,0,0,0,-,-,32.96144104003906,-116.97251129150392,SAN DIEGO,UNINCORPORATED,-116.9726104736328,32.9614372253418
91529897,2021,2021-07-27,9680,2021-07-15,2008,016981,NA,4,2,9,3700,0,3,5,NA,2,001,PEPPER DRIVE,MOLLISON AVE,32,E,N,A,-,N,NA,NA,NA,NA,NA,NA,NA,NA,NA,N,4,0,1,2,A,-,08,22107,NA,N,B,C,A,A,H,-,C,D,0,NA,NA,NA,NA,Y,NA,D,22,0,0,1,0,0,0,0,0,0,-,-,32.8237190246582,-116.94969940185548,SAN DIEGO,UNINCORPORATED,-116.94940948486328,32.823524475097656
91533710,2021,2021-07-30,9650,2021-07-29,1139,015080,NA,4,1,9,3700,0,1,1,NA,2,001,I-5 N/B,AGRA O/H UNDERCROSSING,7392,N,N,A,-,Y,NA,NA,5,NA,NA,NA,NA,NA,N,Y,3,0,1,2,A,-,08,22107,NA,N,B,C,A,A,H,-,A,D,0,NA,NA,NA,Y,Y,NA,D,22,0,1,0,0,0,0,0,0,0,-,-,33.33277130126953,-117.49754333496094,SAN DIEGO,UNINCORPORATED,-117.49757385253906,33.33272171020508
9153466,2020,2020-10-20,3711,2020-08-09,2200,SD7909,NA,7,5,7,3711,0,0,0,NA,0,034,LOWER RIDGE RD,LOWER RIDGE RD 3358,0,NA,Y,A,-,N,NA,NA,NA,NA,NA,NA,NA,NA,NA,N,4,0,1,1,A,-,08,22107,NA,N,E,I,A,A,H,-,C,D,0,NA,NA,NA,NA,Y,NA,A,01,0,0,1,0,0,0,0,0,0,-,-,NA,NA,SAN DIEGO,SAN DIEGO,NA,NA
91538097,2021,2021-08-05,9650,2021-07-27,1505,016997,NA,2,2,9,3700,0,3,5,NA,2,070,DEL DIOS HIGHWAY,VIA CUATRO CAMINOS,0,NA,Y,A,-,N,NA,NA,NA,NA,NA,NA,NA,NA,NA,Y,3,0,2,2,A,-,09,21802,A,N,D,C,A,A,H,-,A,A,0,NA,NA,NA,NA,Y,NA,A,07,0,1,1,0,0,0,0,0,0,-,-,33.03487014770508,-117.17604064941406,SAN DIEGO,UNINCORPORATED,-117.17596435546876,33.03489685058594
91538683,2021,2021-08-06,9650,2021-07-30,0930,019490,NA,5,1,9,3700,0,3,5,NA,2,070,DEL DIOS RD,EL CAMINO DEL NORTE,0,NA,Y,A,-,N,NA,NA,NA,NA,NA,NA,NA,NA,NA,Y,3,0,2,2,A,-,09,21802,A,N,D,C,A,A,H,-,A,A,0,NA,NA,NA,NA,Y,NA,A,01,0,1,1,0,0,0,0,0,0,-,-,33.03562927246094,-117.18396759033205,SAN DIEGO,UNINCORPORATED,-117.183837890625,33.03559875488281