CASE_ID,ACCIDENT_YEAR,PROC_DATE,JURIS,COLLISION_DATE,COLLISION_TIME,OFFICER_ID,REPORTING_DISTRICT,DAY_OF_WEEK,CHP_SHIFT,POPULATION,CNTY_CITY_LOC,SPECIAL_COND,BEAT_TYPE,CHP_BEAT_TYPE,CITY_DIVISION_LAPD,CHP_BEAT_CLASS,BEAT_NUMBER,PRIMARY_RD,SECONDARY_RD,DISTANCE,DIRECTION,INTERSECTION,WEATHER_1,WEATHER_2,STATE_HWY_IND,CALTRANS_COUNTY,CALTRANS_DISTRICT,STATE_ROUTE,ROUTE_SUFFIX,POSTMILE_PREFIX,POSTMILE,LOCATION_TYPE,RAMP_INTERSECTION,SIDE_OF_HWY,TOW_AWAY,COLLISION_SEVERITY,NUMBER_KILLED,NUMBER_INJURED,PARTY_COUNT,PRIMARY_COLL_FACTOR,PCF_CODE_OF_VIOL,PCF_VIOL_CATEGORY,PCF_VIOLATION,PCF_VIOL_SUBSECTION,HIT_AND_RUN,TYPE_OF_COLLISION,MVIW,PED_ACTION,ROAD_SURFACE,ROAD_COND_1,ROAD_COND_2,LIGHTING,CONTROL_DEVICE,CHP_ROAD_TYPE,PEDESTRIAN_ACCIDENT,BICYCLE_ACCIDENT,MOTORCYCLE_ACCIDENT,TRUCK_ACCIDENT,NOT_PRIVATE_PROPERTY,ALCOHOL_INVOLVED,STWD_VEHTYPE_AT_FAULT,CHP_VEHTYPE_AT_FAULT,COUNT_SEVERE_INJ,COUNT_VISIBLE_INJ,COUNT_COMPLAINT_PAIN,COUNT_PED_KILLED,COUNT_PED_INJURED,COUNT_BICYCLIST_KILLED,COUNT_BICYCLIST_INJURED,COUNT_MC_KILLED,COUNT_MC_INJURED,PRIMARY_RAMP,SECONDARY_RAMP,LATITUDE,LONGITUDE,COUNTY,CITY,POINT_X,POINT_Y
91690375,2022,2022-02-01,9650,2022-01-29,0315,019490,NA,6,3,9,3700,0,1,1,NA,2,003,I-5 N/B,SANTA MARGARITA RIVER,755,N,N,A,-,Y,SD,NA,5,NA,R,56.663,H,NA,R,Y,3,0,1,1,A,-,08,22107,NA,N,E,I,A,D,H,-,D,D,0,NA,NA,NA,NA,Y,NA,A,01,0,1,0,0,0,0,0,0,0,-,-,33.23796081542969,-117.40725708007813,SAN DIEGO,UNINCORPORATED,-117.40731811523438,33.2379035949707
91690448,2021,2022-02-01,9680,2021-12-05,1850,021441,NA,7,2,9,3700,0,3,5,NA,2,001,CHANNEL RD,JULIAN AVE,0,NA,Y,A,-,N,NA,NA,NA,NA,NA,NA,NA,NA,NA,Y,4,0,1,1,A,-,01,23152,F,N,E,I,A,A,H,-,C,A,0,NA,NA,NA,NA,Y,NA,A,07,0,0,1,0,0,0,0,0,0,-,-,32.85459899902344,-116.92489624023438,SAN DIEGO,UNINCORPORATED,-116.92489624023438,32.85459899902344
9169135,2020,2020-11-20,3708,2020-09-27,2027,LM1288,NA,7,5,5,3708,0,0,0,NA,0,003,MARENGO AV,KATO ST,320,N,N,A,-,N,NA,NA,NA,NA,NA,NA,NA,NA,NA,Y,3,0,1,3,A,-,01,23152,F,N,C,E,A,A,H,-,C,D,0,NA,NA,NA,NA,Y,NA,A,01,0,1,0,0,0,0,0,0,0,-,-,NA,NA,SAN DIEGO,LA MESA,-117.02332305908205,32.77999496459961
91691786,2022,2022-02-02,9645,2022-01-23,1814,020301,NA,7,2,7,3711,0,1,1,NA,2,019,I-15 SOUTHBOUND,CAMINO DEL NORTE,2000,N,N,A,-,N,NA,NA,NA,NA,NA,NA,NA,NA,NA,Y,3,0,2,4,A,-,03,22350,NA,N,C,C,A,A,H,-,C,A,0,NA,NA,NA,NA,Y,NA,D,22,0,2,0,0,0,0,0,0,0,-,-,33.00077819824219,-117.08226013183594,SAN DIEGO,SAN DIEGO,-117.08245086669922,33.00084686279297
9169274,2020,2020-12-30,3711,2020-10-09,1952,SD7900,NA,5,5,7,3711,0,0,0,NA,0,712,DAIRY MART RD,WEST SAN YSIDRO BL,0,NA,Y,B,-,N,NA,NA,NA,NA,NA,NA,NA,NA,NA,Y,4,0,1,2,A,-,12,21453,A,F,D,C,A,A,H,-,C,A,0,NA,NA,NA,NA,Y,Y,A,01,0,0,1,0,0,0,0,0,0,-,-,NA,NA,SAN DIEGO,SAN DIEGO,-117.06240844726563,32.55963134765625
91693630,2022,2022-02-04,9680,2022-01-25,0445,021584,NA,2,3,9,3700,0,1,3,NA,1,052,STATE ROUTE 78,RIVERWOOD ROAD,1056,W,N,A,-,Y,SD,NA,78,NA,NA,52.549,H,NA,R,Y,3,0,1,1,A,-,08,22107,NA,N,E,I,A,A,H,-,D,D,0,NA,NA,NA,NA,Y,NA,A,01,0,1,0,0,0,0,0,0,0,-,-,33.102169036865234,-116.66133880615234,SAN DIEGO,UNINCORPORATED,-116.66134643554688,33.10218048095703
91693922,2021,2022-02-04,9680,2021-11-07,2015,021353,NA,7,2,9,3700,0,1,3,NA,2,027,SR-94 E/B,BROADWAY,355,W,N,A,-,Y,NA,NA,NA,NA,NA,NA,NA,NA,NA,N,3,0,1,2,A,-,03,22350,NA,N,C,C,A,A,H,-,C,D,0,NA,NA,NA,NA,Y,NA,A,01,0,1,0,0,0,0,0,0,0,-,-,32.7418212890625,-117.050537109375,SAN DIEGO,UNINCORPORATED,-117.12702178955078,32.71429443359375
91694594,2022,2022-02-07,9650,2022-01-30,0306,021528,NA,7,3,9,3700,0,3,5,NA,2,213,PALA TEMECULA RD,MORO RD,205,S,N,A,-,N,NA,NA,NA,NA,NA,NA,NA,NA,NA,N,2,0,1,2,A,-,03,22350,NA,N,G,B,E,A,H,-,D,D,0,Y,NA,NA,NA,Y,NA,A,01,1,0,0,0,1,0,0,0,0,-,-,33.373069763183594,-117.07887268066406,SAN DIEGO,UNINCORPORATED,-117.07891845703124,33.37316131591797
91698296,2021,2022-02-10,9680,2021-10-06,1410,017460,NA,3,2,9,3700,0,3,5,NA,2,006,WHITE GOOSE ROAD,OAK DRIVE,120,S,N,A,-,N,NA,NA,NA,NA,NA,NA,NA,NA,NA,N,3,0,1,1,A,-,13,22515,A,N,G,B,A,A,H,-,A,D,0,NA,NA,NA,NA,Y,NA,D,22,0,1,0,0,0,0,0,0,0,-,-,32.68082809448242,-116.50196075439452,SAN DIEGO,UNINCORPORATED,-116.50192260742188,32.68083572387695
91700067,2022,2022-02-14,9645,2022-02-04,1757,018951,NA,5,2,7,3711,0,1,1,NA,2,017,INTERSTATE 15 SOUTHBOUND,STATE ROUTE 52,1056,N,N,A,-,Y,SD,NA,15,NA,R,11.179,H,NA,L,N,4,0,1,2,A,-,03,22350,NA,N,C,C,A,A,H,-,C,D,0,NA,NA,NA,NA,Y,NA,A,01,0,0,1,0,0,0,0,0,0,-,-,32.84965896606445,-117.11653900146484,SAN DIEGO,SAN DIEGO,-117.1166534423828,32.84968566894531
91701027,2022,2022-02-15,9680,2022-02-03,1420,017928,NA,4,2,9,3700,0,2,4,NA,1,096,DYE RD,SERENA HILLS DR,10,W,N,A,-,N,NA,NA,NA,NA,NA,NA,NA,NA,NA,Y,4,0,1,2,A,-,03,22350,NA,N,C,C,A,A,H,-,A,D,0,NA,NA,NA,Y,Y,NA,A,01,0,0,1,0,0,0,0,0,0,-,-,33.008480072021484,-116.89923858642578,SAN DIEGO,UNINCORPORATED,-116.89913177490234,33.00849151611328
91701990,2021,2022-02-16,9645,2021-12-04,1702,020265,NA,6,2,5,3709,0,1,3,NA,2,008,SR-54 W/B TO I-5 S/B,I-5 FRWY.,100,E,N,A,-,Y,NA,NA,54,NA,NA,NA,R,NA,W,Y,3,0,2,5,A,-,08,22107,NA,N,B,C,A,A,H,-,C,D,0,NA,NA,NA,NA,Y,NA,A,01,0,2,0,0,0,0,0,0,0,-,-,32.65119934082031,-117.1042022705078,SAN DIEGO,NATIONAL CITY,-117.1042022705078,32.65119934082031
91705150,2022,2022-02-21,9650,2022-02-18,1815,020673,NA,5,2,9,3700,0,1,1,NA,2,022,I-15 N/B,STEWART CANYON RD.,40,S,N,A,-,Y,SD,NA,15,NA,R,48.866,H,NA,R,Y,4,0,1,2,A,-,03,22350,NA,N,C,C,A,A,H,-,D,D,0,NA,NA,NA,NA,Y,NA,A,07,0,0,1,0,0,0,0,0,0,-,-,33.3654899597168,-117.1614227294922,SAN DIEGO,UNINCORPORATED,-117.16136169433594,33.365516662597656
91705183,2022,2022-02-21,9645,2022-01-30,2315,021617,NA,7,3,7,3711,0,1,1,NA,2,001,I-5 NB,MAIN STREET,375,N,N,A,-,Y,NA,NA,NA,NA,NA,NA,NA,NA,NA,N,4,0,1,1,A,-,08,22107,NA,N,F,A,A,A,H,-,C,D,0,NA,NA,Y,NA,Y,NA,C,02,0,0,1,0,0,0,0,0,1,-,-,32.59600067138672,-117.08799743652344,SAN DIEGO,SAN DIEGO,-117.08879089355467,32.595890045166016
91705202,2022,2022-02-21,9650,2022-02-20,1620,022031,NA,7,2,6,3710,0,1,1,NA,2,005,I-5 S/B,NEPTUNE WAY,150,N,N,A,-,Y,SD,NA,5,NA,R,53.784,H,NA,L,N,4,0,1,2,A,-,03,22350,NA,N,C,C,A,A,H,-,A,D,0,NA,NA,NA,NA,Y,NA,A,07,0,0,1,0,0,0,0,0,0,-,-,33.203330993652344,-117.38117218017578,SAN DIEGO,OCEANSIDE,-117.38116455078124,33.20333480834961
9170762,2020,2020-11-14,3705,2020-09-03,1936,EC0219,NA,4,5,5,3705,0,0,0,NA,0,003,E WASHINGTON AV,S 3RD ST,32,W,N,A,-,N,NA,NA,NA,NA,NA,NA,NA,NA,NA,N,3,0,6,6,A,-,07,21658,A,F,G,B,-,A,H,-,C,A,0,Y,NA,NA,NA,Y,NA,A,01,0,1,5,0,5,0,0,0,0,-,-,NA,NA,SAN DIEGO,EL CAJON,-116.92710876464844,32.78754425048828
91707727,2022,2022-02-24,9645,2022-02-13,0245,020515,NA,7,3,6,3702,0,1,1,NA,2,001,I-5 NORTHBOUND,PALOMAR STREET,1426,N,N,A,-,Y,SD,NA,5,NA,NA,6.331,H,NA,R,Y,3,0,1,3,C,-,18,NA,NA,N,C,2,A,A,C,-,D,D,0,NA,NA,NA,NA,Y,NA,-,-,0,1,0,0,0,0,0,0,0,-,-,32.60831832885742,-117.09040832519533,SAN DIEGO,CHULA VISTA,-117.0903091430664,32.60832977294922
91708296,2022,2022-02-24,9680,2022-02-12,1255,021646,NA,6,1,5,3705,0,1,1,NA,2,082,I-8 W/B,1ST STREET,565,W,N,A,-,Y,SD,NA,8,NA,NA,16.733,H,NA,L,Y,4,0,1,3,A,-,03,22350,NA,N,C,C,A,A,H,-,A,D,0,NA,NA,NA,NA,Y,NA,D,22,0,0,1,0,0,0,0,0,0,-,-,32.80323028564453,-116.94654846191406,SAN DIEGO,EL CAJON,-116.94654846191406,32.803157806396484
91713593,2022,2022-03-02,9645,2022-02-23,1520,017499,NA,3,2,7,3711,0,1,1,NA,2,009,I-805 NORTHBOUND,SR-94 OC,112,S,N,A,-,Y,SD,NA,805,NA,NA,13.478,H,NA,R,Y,4,0,1,2,A,-,03,22350,NA,N,C,C,A,A,H,-,A,D,0,NA,NA,NA,NA,Y,NA,A,07,0,0,1,0,0,0,0,0,0,-,-,32.718589782714844,-117.10269927978516,SAN DIEGO,SAN DIEGO,-117.10268402099608,32.718589782714844
91713684,2021,2022-03-03,9680,2021-12-08,1510,021353,NA,3,2,5,3708,0,1,3,NA,2,028,SR-125 N/B,MERRITT BLVD.,400,S,N,A,-,Y,NA,NA,125,NA,NA,NA,NA,NA,N,N,4,0,1,2,A,-,03,22350,NA,N,C,C,A,A,H,-,A,D,0,NA,NA,NA,NA,Y,NA,D,22,0,0,1,0,0,0,0,0,0,-,-,32.75873947143555,-117.00520324707033,SAN DIEGO,LA MESA,-117.00521850585938,32.75876235961914
91715131,2022,2022-03-04,9645,2022-02-20,1108,018936,NA,7,1,7,3711,0,1,1,NA,2,021,SR-15 S/B TO OCEAN VIEW BLVD,OCEAN VIEW BLVD,598,N,N,A,-,Y,SD,NA,15,NA,R,0.713,H,NA,L,N,2,0,1,1,A,-,03,22350,NA,N,E,I,A,A,H,-,A,D,0,NA,NA,Y,NA,Y,NA,C,02,1,0,0,0,0,0,0,0,1,-,-,32.70309066772461,-117.1211395263672,SAN DIEGO,SAN DIEGO,-117.1208267211914,32.70308303833008
91718166,2021,2022-03-08,9680,2021-12-25,0255,021813,NA,6,3,9,3700,0,1,3,NA,2,028,SR-94 WB TO SR-125 SB,SPRING STREET,1056,W,N,B,C,Y,NA,NA,94,NA,NA,NA,R,NA,W,Y,3,0,1,1,A,-,01,23152,A,M,E,I,A,B,H,-,D,D,0,NA,NA,NA,NA,Y,Y,A,01,0,1,0,0,0,0,0,0,0,-,-,32.75143814086914,-117.01493072509766,SAN DIEGO,UNINCORPORATED,-117.01493072509766,32.75143814086914
91718182,2022,2022-03-08,9680,2022-02-24,2250,020720,NA,4,3,9,3700,0,3,5,NA,2,003,LENTO LN,MADERA VERDE PL,340,W,N,A,-,N,NA,NA,NA,NA,NA,NA,NA,NA,NA,Y,4,0,1,2,A,-,08,22107,NA,N,C,E,A,A,H,-,D,D,0,NA,NA,NA,NA,Y,NA,A,01,0,0,1,0,0,0,0,0,0,-,-,32.805938720703125,-116.86727142333984,SAN DIEGO,UNINCORPORATED,-116.86719512939452,32.80592727661133
91719665,2022,2022-03-10,9645,2022-03-02,1520,017499,NA,3,2,7,3711,0,1,1,NA,2,009,I-805 NORTHBOUND,18TH ST. OC,200,S,N,A,-,Y,SD,NA,805,NA,NA,9.953,H,NA,R,Y,4,0,2,3,A,-,03,22350,NA,N,C,C,A,A,H,-,A,D,0,NA,NA,NA,NA,Y,NA,A,07,0,0,2,0,0,0,0,0,0,-,-,32.672630310058594,-117.08235168457033,SAN DIEGO,SAN DIEGO,-117.08229064941406,32.672645568847656
91722325,2022,2022-03-14,9650,2022-03-10,2100,021992,NA,4,2,9,3700,0,3,5,NA,2,211,LAKE WOHLFORD ROAD,GUEJITO ROAD,100,N,N,A,-,N,NA,NA,NA,NA,NA,NA,NA,NA,NA,Y,2,0,1,1,A,-,01,23152,A,N,E,I,A,A,H,-,D,D,0,NA,NA,NA,NA,Y,Y,A,01,1,0,0,0,0,0,0,0,0,-,-,33.182151794433594,-116.97196197509766,SAN DIEGO,UNINCORPORATED,-116.97207641601563,33.182010650634766
91725556,2022,2022-03-17,9645,2022-02-25,1940,019480,NA,5,2,7,3711,0,1,1,NA,2,015,I-805 NORTHBOUND TO NOBEL DRIVE,NOBEL DRIVE,387,S,N,A,-,Y,NA,NA,NA,NA,NA,NA,NA,NA,NA,Y,4,0,1,2,A,-,03,22350,NA,N,C,C,A,A,H,-,D,D,0,NA,NA,NA,NA,Y,NA,A,07,0,0,1,0,0,0,0,0,0,-,-,32.8691291809082,-117.19259643554688,SAN DIEGO,SAN DIEGO,-117.19259643554688,32.8691291809082
91729273,2022,2022-03-22,9645,2022-03-13,1520,021117,NA,7,2,7,3711,0,1,1,NA,2,005,I-5 S/B TO I-8 E/B,I-5 N/B,100,E,N,A,-,Y,SD,NA,8,NA,R,0.059,H,NA,R,N,2,0,1,1,A,-,08,22107,NA,N,E,I,A,A,H,-,A,D,0,NA,NA,Y,NA,Y,NA,C,02,1,0,0,0,0,0,0,0,1,-,-,32.7592887878418,-117.20327758789063,SAN DIEGO,SAN DIEGO,-117.20326232910156,32.7591552734375
9173044,2020,2021-01-08,3700,2020-10-12,0706,SH0113,NA,1,5,5,3713,0,0,0,NA,0,317,SYCAMORE AV,WATSON WY,549,S,N,A,-,N,NA,NA,NA,NA,NA,NA,NA,NA,NA,Y,4,0,1,3,A,-,03,22350,NA,N,C,C,A,A,H,-,A,D,0,NA,NA,NA,NA,Y,NA,A,01,0,0,1,0,0,0,0,0,0,-,-,NA,NA,SAN DIEGO,VISTA,-117.22069549560548,33.15998077392578
91731156,2022,2022-03-24,9645,2022-03-16,0853,022851,NA,3,1,7,3711,0,1,1,NA,2,005,I-5 SB,SEA WORLD DRIVE OVER CROSS,1500,N,N,A,-,Y,SD,NA,5,NA,R,21.106,H,NA,L,N,2,0,1,2,A,-,07,21658,A,F,B,C,A,A,H,-,A,D,0,NA,NA,Y,NA,Y,NA,-,99,1,0,0,0,0,0,0,0,1,-,-,32.774009704589844,-117.2078094482422,SAN DIEGO,SAN DIEGO,-117.20780181884766,32.774009704589844
91735964,2022,2022-03-29,9645,2022-03-21,0840,017678,NA,1,1,7,3711,0,1,3,NA,2,006,SR-94 E/B TO SR-15 N/B,SR-15 FREEWAY,20,W,N,A,-,Y,SD,NA,94,NA,NA,3.262,H,NA,L,N,4,0,1,1,A,-,03,22350,NA,N,E,I,A,A,H,-,A,D,0,NA,NA,NA,NA,Y,NA,A,07,0,0,1,0,0,0,0,0,0,-,-,32.71754837036133,-117.11676788330078,SAN DIEGO,SAN DIEGO,-117.11672973632813,32.717369079589844
9173648,2020,2020-12-24,3711,2020-10-16,0854,SD7470,NA,5,5,7,3711,0,0,0,NA,0,116,CLAREMONG DR,DENVER ST,0,NA,Y,B,-,N,NA,NA,NA,NA,NA,NA,NA,NA,NA,N,4,0,1,2,A,-,09,21453,C,N,D,C,A,A,H,-,A,A,0,NA,NA,NA,NA,Y,NA,A,01,0,0,1,0,0,0,0,0,0,-,-,NA,NA,SAN DIEGO,SAN DIEGO,-117.2033,32.79043
91738170,2022,2022-03-31,9650,2022-03-27,1120,020966,NA,7,1,9,3700,0,1,1,NA,2,022,I-15 S/B,STEWART CANYON ROAD,1584,N,N,A,-,Y,SD,NA,15,NA,R,49.173,H,NA,L,Y,2,0,1,2,A,-,07,21658,A,N,B,C,A,A,H,-,A,D,0,NA,NA,Y,NA,Y,NA,D,22,1,0,0,0,0,0,0,0,1,-,-,33.36914825439453,-117.16451263427734,SAN DIEGO,UNINCORPORATED,-117.16454315185548,33.36912536621094
91739175,2022,2022-04-01,9680,2022-03-20,2230,018907,NA,7,3,9,3700,0,1,1,NA,2,084,I-8 W/B,W. WILLOWS ROAD,5808,E,N,A,-,Y,SD,NA,8,NA,R,32.63,H,NA,L,Y,3,0,1,2,A,-,03,22350,NA,N,C,C,A,A,H,-,D,D,0,NA,NA,NA,NA,Y,NA,A,01,0,1,0,0,0,0,0,0,0,-,-,32.83736038208008,-116.70996856689452,SAN DIEGO,UNINCORPORATED,-116.71001434326172,32.837528228759766
91740153,2022,2022-04-04,9680,2022-03-22,0616,015660,NA,2,1,9,3700,0,1,3,NA,2,015,SR-52 E/B,COTTONWOOD AVE,420,W,N,A,-,Y,SD,NA,52,NA,NA,16.666,H,NA,R,Y,4,0,1,2,A,-,03,22350,NA,N,C,C,A,A,H,-,D,D,0,NA,NA,NA,NA,Y,NA,D,22,0,0,1,0,0,0,0,0,0,-,-,32.83280944824219,-116.97509002685548,SAN DIEGO,UNINCORPORATED,-116.97509002685548,32.83274841308594
91742260,2022,2022-04-06,9680,2022-03-24,0048,020720,NA,4,3,5,3708,0,1,1,NA,2,081,I-8 W/B TO FLETCHER PARKWAY,BALTIMORE DR,290,W,N,A,-,Y,SD,NA,8,NA,NA,10.717,H,NA,L,Y,3,0,1,1,A,-,01,23152,A,M,E,I,A,A,H,-,C,D,0,NA,NA,NA,NA,Y,Y,A,07,0,1,0,0,0,0,0,0,0,-,-,32.772560119628906,-117.02768707275392,SAN DIEGO,LA MESA,-117.02774810791016,32.7724723815918
91743583,2022,2022-04-07,9650,2022-04-02,1720,019270,NA,6,2,9,3700,0,1,1,NA,2,003,I-5 S/B,COCKLEBURR RD,2640,N,N,A,-,Y,SD,NA,5,NA,R,58.598,H,NA,L,Y,4,0,3,2,A,-,03,22350,NA,N,C,C,A,A,H,-,A,D,0,NA,NA,NA,NA,Y,NA,A,07,0,0,3,0,0,0,0,0,0,-,-,33.259239196777344,-117.42752838134766,SAN DIEGO,UNINCORPORATED,-117.42759704589844,33.25920104980469
91744196,2022,2022-04-08,9680,2022-03-26,0835,021646,NA,6,1,5,3708,0,1,1,NA,2,081,I-8 EASTBOUND,LAKE MURRAY BOULEVARD,1584,E,N,A,-,Y,SD,NA,8,NA,NA,9.905,H,NA,R,Y,4,0,1,2,A,-,07,21658,A,N,C,C,A,A,H,-,A,D,0,NA,NA,Y,NA,Y,NA,-,-,0,0,1,0,0,0,0,0,1,-,-,32.772491455078125,-117.04112243652344,SAN DIEGO,LA MESA,-117.04112243652344,32.772491455078125
9174592,2020,2021-01-07,3705,2020-10-09,1621,EC0219,NA,5,5,5,3705,0,0,0,NA,0,001,S JOHNSON AV,FRANKLIN AV,43,N,N,A,-,N,NA,NA,NA,NA,NA,NA,NA,NA,NA,Y,3,0,1,2,A,-,03,22350,NA,N,C,C,A,A,H,-,A,B,0,NA,NA,NA,NA,Y,NA,A,07,0,1,0,0,0,0,0,0,0,-,-,NA,NA,SAN DIEGO,EL CAJON,-116.97093200683594,32.78873825073242
9174593,2020,2021-01-07,3705,2020-10-08,1214,EC0219,NA,4,5,5,3705,0,0,0,NA,0,001,WEST MAIN ST,DEWANE DR,40,E,N,A,-,N,NA,NA,NA,NA,NA,NA,NA,NA,NA,NA,4,0,1,2,A,-,03,22350,NA,N,C,C,A,A,H,-,A,A,0,NA,NA,NA,NA,Y,NA,A,01,0,0,1,0,0,0,0,0,0,-,-,NA,NA,SAN DIEGO,EL CAJON,-116.98008728027344,32.79497146606445
9174609,2020,2020-11-20,3705,2020-09-30,1624,EC5356,NA,3,5,5,3705,0,0,0,NA,0,004,S 1ST ST,REDWOOD AV,0,NA,Y,A,-,N,NA,NA,NA,NA,NA,NA,NA,NA,NA,N,3,0,3,2,A,-,12,22450,A,N,B,C,A,A,H,-,A,A,0,NA,NA,NA,NA,Y,NA,A,01,0,2,1,0,0,0,0,0,0,-,-,NA,NA,SAN DIEGO,EL CAJON,-116.9446029663086,32.79130172729492
91746235,2022,2022-04-12,9645,2022-04-01,2200,021359,NA,5,3,7,3711,0,1,1,NA,2,009,I-805 S/B FROM MARKET STREET,MARKET STREET,268,S,N,A,-,Y,NA,NA,NA,NA,NA,NA,NA,NA,NA,Y,3,0,1,3,A,-,01,23152,A,N,B,C,E,A,H,-,D,D,0,Y,NA,NA,NA,Y,Y,A,01,0,1,0,0,1,0,0,0,0,-,-,32.710811614990234,-117.1011199951172,SAN DIEGO,SAN DIEGO,-117.1011199951172,32.710811614990234
91747327,2022,2022-04-13,9650,2022-04-11,0650,019490,NA,1,1,5,3713,0,1,3,NA,2,017,SR-78 E/B,SYCAMORE AVE,528,W,N,B,-,Y,SD,NA,78,NA,NA,8.954,H,NA,R,Y,3,0,1,1,A,-,03,22350,NA,N,E,J,A,A,H,-,A,D,0,NA,NA,NA,NA,Y,NA,A,07,0,1,0,0,0,0,0,0,0,-,-,33.16828918457031,-117.21631622314452,SAN DIEGO,VISTA,-117.2163314819336,33.168277740478516
91747509,2022,2022-04-13,9645,2022-04-12,0755,017473,NA,2,1,6,3702,0,1,1,NA,2,009,INTERSTATE 805 NORTHBOUND,STATE ROUTE 54,1000,S,N,B,-,Y,SD,NA,805,NA,NA,8.189,H,NA,R,Y,3,0,2,2,A,-,03,22350,NA,N,C,C,A,A,H,-,A,D,0,NA,NA,NA,NA,Y,NA,D,22,0,2,0,0,0,0,0,0,0,-,-,32.65102005004883,-117.06699371337892,SAN DIEGO,CHULA VISTA,-117.06700134277344,32.651004791259766
91748448,2022,2022-04-14,9680,2022-04-03,2115,022465,NA,7,2,9,3700,0,3,5,NA,2,002,JAMACHA RD,DARBY STREET,450,E,N,B,-,N,NA,NA,NA,NA,NA,NA,NA,NA,NA,Y,4,0,1,1,A,-,08,22107,NA,N,E,I,A,A,H,-,C,D,0,NA,NA,NA,NA,Y,NA,A,01,0,0,1,0,0,0,0,0,0,-,-,32.71595001220703,-117.01952362060548,SAN DIEGO,UNINCORPORATED,-117.01934814453124,32.715919494628906
91748862,2022,2022-04-15,9645,2022-04-05,1533,022851,NA,2,2,7,3711,0,1,1,NA,2,015,I-805 S/B,EAST GATE MALL O/C,300,N,N,A,-,Y,SD,NA,805,NA,NA,26.608,H,NA,L,N,3,0,1,2,A,-,03,22350,NA,N,C,C,A,A,H,-,A,D,0,NA,NA,Y,NA,Y,NA,C,02,0,1,0,0,0,0,0,0,1,-,-,32.88460922241211,-117.20285034179688,SAN DIEGO,SAN DIEGO,-117.20258331298828,32.884666442871094
9174988,2020,2020-12-17,3711,2020-10-23,1158,SD5540,NA,5,5,7,3711,0,0,0,NA,0,524,10TH AV,10TH AV 1200,0,NA,N,A,-,N,NA,NA,NA,NA,NA,NA,NA,NA,NA,N,4,0,1,2,A,-,12,21453,A,N,D,C,A,A,H,-,A,A,0,NA,NA,NA,NA,Y,NA,A,07,0,0,1,0,0,0,0,0,0,-,-,NA,NA,SAN DIEGO,SAN DIEGO,-117.155661,32.717874
9174994,2020,2020-12-17,3711,2020-10-21,0747,SD5624,NA,3,5,7,3711,0,0,0,NA,0,934,VISTA SORRENTO PKWY,PACIFIC PLAZA DRWY,0,NA,Y,A,-,N,NA,NA,NA,NA,NA,NA,NA,NA,NA,Y,4,0,1,1,A,-,08,22107,NA,N,E,I,A,A,H,-,A,A,0,NA,NA,NA,NA,Y,NA,A,01,0,0,1,0,0,0,0,0,0,-,-,NA,NA,SAN DIEGO,SAN DIEGO,-117.22920989990234,32.9152717590332
9175307,2020,2020-12-14,3711,2020-10-20,1643,SD6000,NA,2,5,7,3711,0,0,0,NA,0,524,C ST,10TH AV,8,E,N,A,-,N,NA,NA,NA,NA,NA,NA,NA,NA,NA,N,3,0,1,2,A,-,17,21657,NA,N,D,G,A,A,H,-,A,A,0,NA,Y,NA,NA,Y,NA,L,04,0,1,0,0,0,0,1,0,0,-,-,NA,NA,SAN DIEGO,SAN DIEGO,-117.15561676025392,32.716800689697266
91753443,2022,2022-04-21,9645,2022-04-11,0805,016018,NA,1,1,7,3711,0,1,3,NA,2,016,SR-52 WESTBOUND,SPRING CANYON ROAD U/C,818,W,N,A,-,Y,SD,NA,52,NA,NA,12.221,H,NA,L,N,2,0,3,5,A,-,03,22350,NA,N,C,C,A,A,H,-,A,D,0,NA,NA,NA,NA,Y,NA,D,22,1,0,2,0,0,0,0,0,0,-,-,32.8519287109375,-117.04183197021484,SAN DIEGO,SAN DIEGO,-117.04180908203124,32.852012634277344
91755429,2022,2022-04-25,9645,2022-04-14,1400,020867,NA,4,2,9,3700,0,3,5,NA,2,018,CENTRAL AVE.,BONITA RD.,1000,E,N,A,-,N,NA,NA,NA,NA,NA,NA,NA,NA,NA,Y,3,0,1,2,A,-,03,22350,NA,N,D,C,A,A,H,-,A,D,0,NA,NA,NA,NA,Y,NA,A,01,0,1,0,0,0,0,0,0,0,-,-,32.669281005859375,-117.02101135253906,SAN DIEGO,UNINCORPORATED,-117.01986694335938,32.669586181640625