CASE_ID,ACCIDENT_YEAR,PROC_DATE,JURIS,COLLISION_DATE,COLLISION_TIME,OFFICER_ID,REPORTING_DISTRICT,DAY_OF_WEEK,CHP_SHIFT,POPULATION,CNTY_CITY_LOC,SPECIAL_COND,BEAT_TYPE,CHP_BEAT_TYPE,CITY_DIVISION_LAPD,CHP_BEAT_CLASS,BEAT_NUMBER,PRIMARY_RD,SECONDARY_RD,DISTANCE,DIRECTION,INTERSECTION,WEATHER_1,WEATHER_2,STATE_HWY_IND,CALTRANS_COUNTY,CALTRANS_DISTRICT,STATE_ROUTE,ROUTE_SUFFIX,POSTMILE_PREFIX,POSTMILE,LOCATION_TYPE,RAMP_INTERSECTION,SIDE_OF_HWY,TOW_AWAY,COLLISION_SEVERITY,NUMBER_KILLED,NUMBER_INJURED,PARTY_COUNT,PRIMARY_COLL_FACTOR,PCF_CODE_OF_VIOL,PCF_VIOL_CATEGORY,PCF_VIOLATION,PCF_VIOL_SUBSECTION,HIT_AND_RUN,TYPE_OF_COLLISION,MVIW,PED_ACTION,ROAD_SURFACE,ROAD_COND_1,ROAD_COND_2,LIGHTING,CONTROL_DEVICE,CHP_ROAD_TYPE,PEDESTRIAN_ACCIDENT,BICYCLE_ACCIDENT,MOTORCYCLE_ACCIDENT,TRUCK_ACCIDENT,NOT_PRIVATE_PROPERTY,ALCOHOL_INVOLVED,STWD_VEHTYPE_AT_FAULT,CHP_VEHTYPE_AT_FAULT,COUNT_SEVERE_INJ,COUNT_VISIBLE_INJ,COUNT_COMPLAINT_PAIN,COUNT_PED_KILLED,COUNT_PED_INJURED,COUNT_BICYCLIST_KILLED,COUNT_BICYCLIST_INJURED,COUNT_MC_KILLED,COUNT_MC_INJURED,PRIMARY_RAMP,SECONDARY_RAMP,LATITUDE,LONGITUDE,COUNTY,CITY,POINT_X,POINT_Y
92191747,2023,2023-10-05,9650,2023-09-29,1340,022892,NA,5,1,9,3700,0,1,1,NA,2,021,I-15 S/B,DEER SPRINGS RD,3749,N,N,A,-,Y,SD,NA,15,NA,R,37.35,H,NA,L,Y,4,0,1,2,A,-,03,22350,NA,N,C,C,A,A,H,-,A,D,0,NA,NA,NA,NA,Y,NA,D,22,0,0,1,0,0,0,0,0,0,-,-,33.20634841918945,-117.13173675537108,SAN DIEGO,UNINCORPORATED,-117.13177490234376,33.20633316040039
92191815,2023,2023-10-05,9650,2023-09-29,745,019979,NA,5,1,9,3700,0,1,1,NA,2,023,I-15 S/B,EL NORTE PKWY.,2200,N,N,A,-,Y,SD,NA,15,NA,R,33.454,H,NA,L,N,4,0,1,3,A,-,07,21658,A,F,C,C,A,A,H,-,A,D,0,NA,NA,Y,NA,Y,NA,A,07,0,0,1,0,0,0,0,0,1,-,-,33.15510940551758,-117.10421752929688,SAN DIEGO,UNINCORPORATED,-117.1042251586914,33.15510940551758
92191894,2023,2023-10-05,9645,2023-09-27,630,015494,NA,3,1,7,3711,0,1,1,NA,2,003,I-5 S/B,J ST,50,N,N,A,-,Y,SD,NA,5,NA,R,14.826,H,NA,L,Y,4,0,1,2,A,-,07,21658,A,N,B,C,A,A,H,-,A,D,0,NA,NA,Y,NA,Y,NA,A,01,0,0,1,0,0,0,0,0,1,-,-,32.71067810058594,-117.14771270751952,SAN DIEGO,SAN DIEGO,-117.14775848388672,32.7106819152832
92193310,2023,2023-10-06,9650,2023-09-27,1620,018496,NA,3,2,6,3710,0,1,1,NA,2,005,I-5 S/B,HARBOR DR,200,S,N,A,-,Y,SD,NA,5,NA,R,54.333,H,NA,L,Y,2,0,1,3,A,-,08,22107,NA,N,B,C,A,A,H,-,A,D,0,NA,NA,Y,NA,Y,NA,C,02,1,0,0,0,0,0,0,0,1,-,-,33.20954895019531,-117.38687133789063,SAN DIEGO,OCEANSIDE,-117.38687896728516,33.20954513549805
9219344,2021,2021-03-12,3711,2021-01-06,1238,SD5628,NA,3,5,7,3711,0,0,0,NA,0,114,CLAIREMONT MESA BL,ROLFE RD,0,NA,Y,A,-,N,NA,NA,NA,NA,NA,NA,NA,NA,NA,N,4,0,1,2,A,-,10,21950,A,N,-,B,B,A,H,-,A,A,0,Y,NA,NA,NA,Y,NA,A,07,0,0,1,0,1,0,0,0,0,-,-,NA,NA,SAN DIEGO,SAN DIEGO,-117.20245361328124,32.82831954956055
9219352,2021,2021-03-12,3711,2021-01-19,1235,SD7828,NA,2,5,7,3711,0,0,0,NA,0,113,HILDAGO AV,HILDAGO AV 4866,0,NA,N,A,-,N,NA,NA,NA,NA,NA,NA,NA,NA,NA,N,4,0,1,2,A,-,08,22107,NA,N,A,G,A,A,H,-,A,D,0,NA,Y,NA,NA,Y,Y,L,04,0,0,1,0,0,0,1,0,0,-,-,NA,NA,SAN DIEGO,SAN DIEGO,NA,NA
9219753,2021,2021-03-13,3711,2021-01-29,0725,SD7798,NA,5,5,7,3711,0,0,0,NA,0,526,4TH ST,ASH ST,0,NA,Y,C,-,N,NA,NA,NA,NA,NA,NA,NA,NA,NA,Y,4,0,2,2,A,-,12,21453,A,N,D,C,A,B,H,-,A,A,0,NA,NA,NA,NA,Y,NA,A,01,0,0,2,0,0,0,0,0,0,-,-,NA,NA,SAN DIEGO,SAN DIEGO,-117.1611328125,32.719886779785156
9219759,2021,2021-03-13,3711,2021-01-31,1250,SD7243,NA,7,5,7,3711,0,0,0,NA,0,722,PALM AV,PALM AV 1900,0,NA,-,A,-,N,NA,NA,NA,NA,NA,NA,NA,NA,NA,Y,4,0,1,2,A,-,03,22350,NA,N,C,C,A,A,H,-,A,A,0,NA,NA,NA,NA,Y,NA,A,07,0,0,1,0,0,0,0,0,0,-,-,NA,NA,SAN DIEGO,SAN DIEGO,-117.0857391357422,32.58381652832031
92197731,2023,2023-10-12,9645,2023-09-30,1900,022765,NA,6,2,7,3711,0,1,1,NA,2,001,I-5 S/B,VIA DE SAN YSIDRO U/C,1321,N,N,B,C,Y,SD,NA,5,NA,NA,1.497,H,NA,L,Y,3,0,1,1,A,-,03,22350,NA,N,E,I,A,B,H,-,D,D,0,NA,NA,NA,NA,Y,NA,A,01,0,1,0,0,0,0,0,0,0,-,-,32.55326843261719,-117.04991149902344,SAN DIEGO,SAN DIEGO,-117.04995727539063,32.553192138671875
92197815,2023,2023-10-12,9680,2023-10-03,740,015877,NA,2,1,5,3705,0,1,1,NA,2,082,I-8 W/B,SR-67,50,E,N,A,-,Y,SD,NA,8,NA,NA,15.832,H,NA,L,N,3,0,2,2,A,-,04,21703,NA,N,C,C,A,A,H,-,A,D,0,NA,NA,NA,NA,Y,NA,D,22,0,1,1,0,0,0,0,0,0,-,-,32.80315017700195,-116.96205139160156,SAN DIEGO,EL CAJON,-116.96205139160156,32.80317306518555
9219937,2020,2021-02-04,3709,2020-10-28,1131,NC0529,NA,3,5,5,3709,0,0,0,NA,0,021,EAST 8TH ST,PARADISE DR,120,W,N,A,-,N,NA,NA,NA,NA,NA,NA,NA,NA,NA,Y,3,0,1,2,A,-,06,21750,NA,N,C,C,A,A,H,-,A,D,0,NA,NA,NA,NA,Y,NA,A,01,0,1,0,0,0,0,0,0,0,-,-,NA,NA,SAN DIEGO,NATIONAL CITY,-117.08602905273438,32.68169403076172
92200801,2023,2023-10-17,9645,2023-09-30,1510,020161,NA,6,2,7,3711,0,1,1,NA,2,021,SR-15 S/B,UNIVERSITY AVENUE,65,N,N,A,-,Y,SD,NA,15,NA,M,4.713,H,NA,L,Y,2,0,1,1,A,-,08,22107,NA,N,E,I,A,A,H,-,A,D,0,NA,NA,NA,NA,Y,NA,A,01,1,0,0,0,0,0,0,0,0,-,-,32.750160217285156,-117.109130859375,SAN DIEGO,SAN DIEGO,-117.10900115966795,32.750160217285156
92201467,2023,2023-10-17,9645,2023-10-10,620,020515,NA,2,1,7,3711,0,1,1,NA,2,009,I-805 N/B,IMPERIAL AVE,430,S,N,A,-,Y,SD,NA,805,NA,NA,12.252,H,NA,R,Y,3,0,3,5,A,-,03,22350,NA,N,C,2,A,A,H,-,D,D,0,NA,NA,NA,NA,Y,NA,A,07,0,1,2,0,0,0,0,0,0,-,-,32.70286178588867,-117.09478759765624,SAN DIEGO,SAN DIEGO,-117.09476470947266,32.70286178588867
92203734,2023,2023-10-19,9650,2023-10-11,747,015446,NA,3,1,6,3710,0,1,1,NA,2,022,I-15 NORTHBOUND,SR-76,2000,N,N,A,-,Y,SD,NA,15,NA,R,46.924,H,NA,R,Y,4,0,1,3,A,-,07,21658,A,N,B,C,A,A,H,-,A,D,0,NA,NA,NA,NA,Y,NA,A,07,0,0,1,0,0,0,0,0,0,-,-,33.33755874633789,-117.15904998779295,SAN DIEGO,OCEANSIDE,-117.15903472900392,33.33755874633789
92204148,2023,2023-10-19,9645,2023-10-14,1135,018393,NA,6,1,7,3711,0,1,1,NA,2,015,I-805 S/B,CLAIREMONT MESA BLVD O/C,32,S,N,A,-,Y,SD,NA,805,NA,NA,22.539,H,NA,L,Y,4,0,8,4,A,-,03,22350,NA,N,C,C,A,A,C,-,A,D,0,NA,NA,NA,NA,Y,NA,A,07,0,0,8,0,0,0,0,0,0,-,-,32.8332405090332,-117.16959381103516,SAN DIEGO,SAN DIEGO,-117.1695556640625,32.833255767822266
92206480,2023,2023-10-23,9645,2023-10-16,1625,021735,NA,1,2,7,3711,0,1,1,NA,2,010,I-8 E/B,I-15,500,W,N,A,-,Y,SD,NA,8,NA,NA,5.219,H,NA,R,Y,4,0,3,3,A,-,07,21658,A,N,B,C,A,A,H,-,A,D,0,NA,NA,NA,NA,Y,NA,A,01,0,0,3,0,0,0,0,0,0,-,-,32.77762985229492,-117.11942291259766,SAN DIEGO,SAN DIEGO,-117.1194076538086,32.777610778808594
92208233,2023,2023-10-25,9680,2023-10-13,1430,019555,NA,5,2,9,3700,0,2,4,NA,1,013,WILDCAT CANYON,FEATHERSTONE CANYON ROAD,1056,N,N,A,-,N,NA,NA,NA,NA,NA,NA,NA,NA,NA,Y,3,0,1,1,A,-,08,22107,NA,N,F,A,A,A,H,-,A,D,0,NA,NA,Y,NA,Y,NA,-,-,0,1,0,0,0,0,0,0,1,-,-,32.95541000366211,-116.84014129638672,SAN DIEGO,UNINCORPORATED,-116.84024047851563,32.953147888183594
92208236,2023,2023-10-25,9680,2023-10-13,1230,023077,NA,5,1,9,3700,0,3,5,NA,2,006,31481 SR-94 (CAMPO ROAD),SR-94 (CAMPO ROAD),125,S,N,A,-,N,NA,NA,NA,NA,NA,NA,NA,NA,NA,Y,3,0,1,1,C,-,18,NA,NA,N,E,I,A,A,H,-,A,A,0,NA,NA,NA,NA,Y,NA,-,-,0,1,0,0,0,0,0,0,0,-,-,32.62852096557617,-116.47174072265624,SAN DIEGO,UNINCORPORATED,-116.47193145751952,32.62879943847656
92209197,2023,2023-10-26,9645,2023-10-15,1618,020265,NA,7,2,7,3711,0,1,3,NA,2,006,STATE ROUTE 94 W/B,EUCLID AVENUE,200,E,N,A,-,Y,SD,NA,94,NA,NA,5.301,H,NA,L,N,4,0,1,2,A,-,01,23152,A,M,C,C,A,A,H,-,A,D,0,NA,NA,NA,NA,Y,Y,D,22,0,0,1,0,0,0,0,0,0,-,-,32.719181060791016,-117.08258056640624,SAN DIEGO,SAN DIEGO,-117.08251953125,32.7191162109375
9222242,2021,2021-03-24,3711,2021-03-04,0707,SD7290,NA,4,5,7,3711,0,0,0,NA,0,324,NAVAJO RD,RT 125,0,NA,-,A,-,Y,SD,11,125,-,-,19.928,R,4,S,Y,4,0,3,2,A,-,12,21453,A,N,D,C,A,B,H,-,A,A,0,NA,NA,NA,NA,Y,NA,A,07,0,0,3,0,0,0,0,0,0,-,SF,NA,NA,SAN DIEGO,SAN DIEGO,-117.005615234375,32.80525588989258
92223448,2023,2024-02-14,9645,2023-10-21,1030,018697,NA,6,1,7,3711,0,1,3,NA,2,006,STATE ROUTE 94 (E/B),STATE ROUTE 15,800,E,N,A,-,Y,SD,NA,94,NA,NA,2.92,H,NA,R,Y,4,0,1,3,A,-,08,22107,NA,N,B,C,A,A,H,-,A,D,0,NA,NA,NA,NA,Y,NA,A,07,0,0,1,0,0,0,0,0,0,-,-,32.7156982421875,-117.12227630615234,SAN DIEGO,SAN DIEGO,-117.1222686767578,32.71566390991211
92224117,2023,2023-10-31,9680,2023-10-19,1615,023220,NA,4,2,5,3708,0,1,1,NA,2,081,I-8 W/B TO FLETCHER PARKWAY,BALTIMORE DRIVE,245,W,N,A,-,Y,SD,NA,8,NA,NA,10.718,H,NA,L,Y,4,0,1,5,A,-,03,22350,NA,F,C,C,A,A,H,-,A,D,0,NA,NA,NA,NA,Y,NA,D,22,0,0,1,0,0,0,0,0,0,-,-,32.7725715637207,-117.02765655517578,SAN DIEGO,LA MESA,-117.02772521972656,32.7724609375
92224135,2023,2023-10-31,9680,2023-10-19,1545,021441,NA,4,2,9,3700,0,2,4,NA,1,026,JAMACHA BLVD,GILLISPIE DR,70,W,N,A,-,N,NA,NA,NA,NA,NA,NA,NA,NA,NA,N,4,0,1,2,A,-,03,22350,NA,N,C,C,A,A,H,-,A,A,0,NA,NA,NA,NA,Y,NA,D,22,0,0,1,0,0,0,0,0,0,-,-,32.70743942260742,-117.00766754150392,SAN DIEGO,UNINCORPORATED,-117.00762939453124,32.707481384277344
9222709,2021,2021-03-25,3702,2021-01-09,1450,CV1294,NA,6,5,6,3702,0,0,0,NA,0,041,OLYMPIC PKWY,SANTA VENETIA ST,960,W,N,A,-,N,NA,NA,NA,NA,NA,NA,NA,NA,NA,Y,3,0,1,1,A,-,03,22350,NA,N,H,J,A,A,H,-,A,D,0,NA,NA,Y,NA,Y,NA,C,02,0,1,0,0,0,0,0,0,1,-,-,NA,NA,SAN DIEGO,CHULA VISTA,-116.9924087524414,32.621559143066406
92227904,2023,2023-11-03,9645,2023-10-27,1500,022193,NA,5,2,7,3711,0,1,1,NA,2,010,I-8 E/B,I-15,528,W,N,A,-,Y,SD,NA,8,NA,NA,5.526,H,NA,R,N,3,0,1,3,A,-,03,22350,NA,N,B,2,A,A,H,-,A,D,0,NA,NA,NA,NA,Y,NA,D,22,0,1,0,0,0,0,0,0,0,-,-,32.77851867675781,-117.11435699462892,SAN DIEGO,SAN DIEGO,-117.11435699462892,32.778465270996094
92227964,2023,2023-11-06,9650,2023-10-31,2320,023426,NA,2,3,9,3700,0,2,4,NA,2,063,RECHE RD,OLD HIGHWAY 395,260,W,N,A,-,N,NA,NA,NA,NA,NA,NA,NA,NA,NA,Y,4,0,1,2,A,-,05,21460,A,N,B,C,A,A,H,-,D,D,0,NA,NA,NA,NA,Y,Y,A,01,0,0,1,0,0,0,0,0,0,-,-,33.372440338134766,-117.17194366455078,SAN DIEGO,UNINCORPORATED,-117.17106628417967,33.37300491333008
92230572,2023,2023-11-08,9650,2023-11-01,435,023426,NA,3,3,9,3700,0,1,1,NA,2,022,I-15 S/B,RT 76,1400,N,N,A,-,Y,SD,NA,15,NA,R,47.436,H,NA,L,Y,4,0,1,2,A,-,01,23152,A,N,C,2,A,A,H,-,D,D,0,NA,NA,NA,NA,Y,Y,A,01,0,0,1,0,0,0,0,0,0,-,-,33.3450813293457,-117.15934753417967,SAN DIEGO,UNINCORPORATED,-117.15926361083984,33.3450813293457
9223139,2020,2021-02-19,3702,2020-12-16,1556,CV1308,NA,3,5,6,3702,0,0,0,NA,0,024,RT 805,OLYMPIC PKWY,0,NA,Y,A,-,N,NA,NA,NA,NA,NA,NA,NA,NA,NA,Y,4,0,1,2,A,-,12,21453,A,N,D,C,A,A,H,-,A,A,0,NA,NA,NA,NA,Y,NA,A,01,0,0,1,0,0,0,0,0,0,NF,-,NA,NA,SAN DIEGO,CHULA VISTA,-117.03646087646484,32.60580825805664
92233077,2023,2023-11-13,9680,2023-11-05,50,021584,NA,7,3,9,3700,0,1,3,NA,1,090,STATE ROUTE 67,CLOUDY MOON DRIVE,1056,N,N,A,-,Y,SD,NA,67,NA,NA,17.625,H,NA,R,Y,3,0,1,1,A,-,08,22107,NA,N,E,I,A,A,H,-,D,D,0,NA,NA,NA,NA,Y,NA,A,01,0,1,0,0,0,0,0,0,0,-,-,33.00014877319336,-116.95851135253906,SAN DIEGO,UNINCORPORATED,-116.95835113525392,33.000099182128906
92235939,2023,2023-11-14,9650,2023-11-09,1255,019346,NA,4,1,9,3700,0,3,5,NA,2,150,BARSBY ST.,HUTCHISON ST.,0,NA,Y,A,-,N,NA,NA,NA,NA,NA,NA,NA,NA,NA,Y,3,0,1,2,A,-,09,21804,A,N,D,C,A,A,H,-,A,D,0,NA,NA,NA,NA,Y,NA,A,07,0,1,0,0,0,0,0,0,0,-,-,33.234230041503906,-117.24108123779295,SAN DIEGO,UNINCORPORATED,-117.24105834960938,33.23418426513672
92236005,2023,2023-11-14,9645,2023-10-27,1450,019241,NA,5,2,9,3700,0,3,5,NA,2,024,RANCHO BERNARDO ROAD,DOVE CANYON ROAD,0,NA,Y,A,-,Y,NA,NA,NA,NA,NA,NA,NA,NA,NA,Y,4,0,1,2,A,-,12,21453,A,N,D,C,A,A,H,-,A,A,0,NA,NA,NA,NA,Y,NA,A,07,0,0,1,0,0,0,0,0,0,-,-,33.019981384277344,-117.10997772216795,SAN DIEGO,UNINCORPORATED,-117.1100616455078,33.01997375488281
92236818,2023,2023-11-15,9645,2023-11-04,700,015270,NA,6,1,7,3711,0,1,1,NA,2,007,I-5 SOUTHBOUND,VIA DE LA VALLE,290,N,N,A,-,Y,SD,NA,5,NA,R,36.339,H,NA,L,Y,4,0,1,1,A,-,08,22107,NA,N,F,A,A,A,H,-,A,D,0,NA,NA,NA,NA,Y,NA,A,01,0,0,1,0,0,0,0,0,0,-,-,32.98078155517578,-117.2536163330078,SAN DIEGO,SAN DIEGO,-117.25358581542967,32.98078918457031
92237162,2023,2023-11-15,9645,2023-11-06,645,017473,NA,1,1,7,3711,0,1,1,NA,2,003,I-5 N/B,SR-163,50,S,N,B,-,Y,SD,NA,5,NA,R,16.053,H,NA,R,Y,3,0,1,2,A,-,07,21658,A,N,C,C,A,B,H,-,A,D,0,NA,NA,NA,NA,Y,NA,D,22,0,1,0,0,0,0,0,0,0,-,-,32.724239349365234,-117.15518188476563,SAN DIEGO,SAN DIEGO,-117.15517425537108,32.72422409057617
92238223,2023,2023-11-16,9645,2023-11-06,840,016047,NA,1,1,7,3711,0,1,3,NA,2,014,SR-52 WESTBOUND,MAST BLVD.,4700,W,N,A,-,Y,SD,NA,52,NA,NA,12.365,H,NA,L,Y,4,0,1,2,A,-,03,22350,NA,N,C,C,A,A,H,-,A,D,0,NA,NA,NA,NA,Y,NA,A,07,0,0,1,0,0,0,0,0,0,-,-,32.85158157348633,-117.03939056396484,SAN DIEGO,SAN DIEGO,-117.03937530517578,32.851661682128906
92241789,2023,2023-11-21,9645,2023-11-11,735,019054,NA,6,1,9,3700,0,1,3,NA,2,008,SR-54 E/B TO I-805,I-805,1000,W,N,A,-,Y,SD,NA,54,NA,NA,1.559,H,NA,R,N,4,0,1,2,A,-,07,21658,A,N,B,C,A,A,H,-,A,D,0,NA,NA,NA,NA,Y,NA,A,01,0,0,1,0,0,0,0,0,0,-,-,32.657958984375,-117.07917785644533,SAN DIEGO,UNINCORPORATED,-117.07919311523438,32.658199310302734
92241826,2023,2023-11-21,9680,2023-11-09,1747,018672,NA,4,2,9,3700,0,1,3,NA,1,052,STATE ROUTE 78,DEER CANYON DR,1056,E,N,A,-,Y,SD,NA,78,NA,NA,46.629,H,NA,R,Y,4,0,1,1,A,-,08,22107,NA,N,E,I,A,A,H,-,D,D,0,NA,NA,NA,NA,Y,NA,A,07,0,0,1,0,0,0,0,0,0,-,-,33.065921783447266,-116.72328948974608,SAN DIEGO,UNINCORPORATED,-116.72333526611328,33.06595993041992
92241860,2023,2023-11-21,9650,2023-11-11,1744,021805,NA,6,2,3,3783,0,1,1,NA,2,007,I-5 S/B,VIA DE LA VALLE,1584,N,N,A,-,Y,SD,NA,5,NA,R,36.576,H,NA,L,Y,4,0,1,2,A,-,03,22350,NA,N,C,C,A,A,H,-,C,D,0,NA,NA,NA,NA,Y,NA,A,01,0,0,1,0,0,0,0,0,0,-,-,32.9841194152832,-117.25476837158205,SAN DIEGO,SOLANA BEACH,-117.25481414794922,32.984107971191406
92242653,2023,2023-11-22,9645,2023-11-11,620,019054,NA,6,1,6,3702,0,1,1,NA,2,001,I-5 S/B,'J' STREET,1500,N,N,A,-,Y,SD,NA,5,NA,NA,7.406,H,NA,L,Y,3,0,1,1,A,-,08,22107,NA,N,F,A,A,A,H,-,A,D,0,NA,NA,NA,NA,Y,NA,A,07,0,1,0,0,0,0,0,0,0,-,-,32.62350845336914,-117.0939483642578,SAN DIEGO,CHULA VISTA,-117.09381866455078,32.6235466003418
92243254,2023,2023-11-22,9680,2023-11-11,420,016102,NA,6,3,9,3700,0,1,3,NA,1,060,STATE ROUTE 94 (SR-94),BUCKMAN SPRINGS ROAD (S1),1584,E,N,A,-,Y,SD,NA,94,NA,NA,52.386,H,NA,R,Y,4,0,1,1,A,-,01,23152,A,N,E,I,A,A,H,-,D,A,0,NA,NA,NA,NA,Y,Y,A,01,0,0,1,0,0,0,0,0,0,-,-,32.62961959838867,-116.46745300292967,SAN DIEGO,UNINCORPORATED,-116.46746063232422,32.629634857177734
92243918,2023,2023-11-24,9680,2023-11-13,1415,021353,NA,1,2,4,3720,0,1,3,NA,2,027,SR-94 E/B,WAITE DR,1155,W,N,A,-,Y,SD,NA,94,NA,NA,8.558,H,NA,R,Y,4,0,1,2,A,-,03,22350,NA,N,C,C,A,A,H,-,A,D,0,NA,NA,NA,NA,Y,NA,E,22,0,0,1,0,0,0,0,0,0,-,-,32.74470901489258,-117.03816223144533,SAN DIEGO,LEMON GROVE,-117.03816223144533,32.74474334716797
92243935,2023,2023-11-27,9650,2023-11-14,355,022965,NA,2,3,9,3700,0,3,5,NA,1,212,OLD CASTLE RD,AIRFLIGHT DR,265,W,N,A,-,N,NA,NA,NA,NA,NA,NA,NA,NA,NA,Y,3,0,1,1,A,-,08,22107,NA,N,F,A,A,A,H,-,A,D,0,NA,NA,Y,NA,Y,NA,C,02,0,1,0,0,0,0,0,0,1,-,-,33.253658294677734,-117.09422302246094,SAN DIEGO,UNINCORPORATED,-117.09410858154295,33.25362777709961
92244346,2023,2023-11-27,9650,2023-11-24,520,021844,NA,5,3,9,3700,0,3,5,NA,2,070,DEL DIOS HWY,LAKE DR,1056,W,N,B,C,N,NA,NA,NA,NA,NA,NA,NA,NA,NA,Y,4,0,1,1,A,-,03,22350,NA,N,E,I,A,B,H,-,D,D,0,NA,NA,NA,NA,Y,NA,A,01,0,0,1,0,0,0,0,0,0,-,-,33.04431915283203,-117.13272094726563,SAN DIEGO,UNINCORPORATED,-117.12995910644533,33.046417236328125
92244971,2023,2023-11-27,9645,2023-11-16,1805,021231,NA,4,2,7,3711,0,1,3,NA,2,023,SR-163 S/B,GENESEE AVE,300,S,N,A,-,Y,SD,NA,163,NA,NA,5.733,H,NA,L,Y,3,0,1,2,A,-,03,22350,NA,N,C,C,A,A,H,-,D,D,0,NA,NA,Y,NA,Y,NA,C,02,0,1,0,0,0,0,0,0,1,-,-,32.790679931640625,-117.15962982177734,SAN DIEGO,SAN DIEGO,-117.15956878662108,32.79066467285156
92246386,2023,2023-11-28,9645,2023-11-22,1007,016138,NA,3,1,7,3711,0,1,1,NA,2,007,I-5 SOUTHBOUND,VIA DE LA VALLE,40,S,N,A,-,Y,SD,NA,5,NA,R,36.266,H,NA,L,Y,4,0,2,2,A,-,03,22350,NA,N,C,C,A,A,H,-,A,D,0,NA,NA,NA,NA,Y,NA,A,07,0,0,2,0,0,0,0,0,0,-,-,32.97978973388672,-117.25315856933594,SAN DIEGO,SAN DIEGO,-117.25320434570313,32.97977828979492
92247090,2023,2023-11-28,9645,2023-11-20,1725,019712,NA,1,2,7,3711,0,1,3,NA,2,012,LA JOLLA PARKWAY TO I-5 S/B,I-5 S/B,200,W,N,A,-,Y,NA,NA,NA,NA,NA,NA,NA,NA,NA,Y,4,0,2,2,A,-,03,22350,NA,N,C,C,A,A,H,-,D,A,0,NA,NA,NA,NA,Y,NA,A,01,0,0,2,0,0,0,0,0,0,-,-,32.83953094482422,-117.23697662353516,SAN DIEGO,SAN DIEGO,NA,NA
9225285,2020,2021-02-12,3705,2020-09-04,1627,EC0219,NA,5,5,5,3705,0,0,0,NA,0,002,BALLANTYE ST,SANDALWOOD DR,118,N,N,A,-,N,NA,NA,NA,NA,NA,NA,NA,NA,NA,NA,4,0,1,2,A,-,01,23153,A,N,D,C,A,A,H,-,A,D,0,NA,NA,NA,NA,Y,Y,A,01,0,0,1,0,0,0,0,0,0,-,-,NA,NA,SAN DIEGO,EL CAJON,-116.95815277099608,32.805023193359375
92254233,2023,2023-12-06,9645,2023-11-29,1505,018678,NA,3,2,7,3711,0,1,1,NA,2,001,I-5 (S/B),CAMINO DE LA PLAZA O/C,250,N,N,A,-,Y,SD,NA,5,NA,R,0.373,H,NA,L,N,3,0,1,2,A,-,05,21651,A,N,D,C,A,A,H,-,A,D,0,NA,NA,Y,NA,Y,NA,-,-,0,1,0,0,0,0,0,0,1,-,-,32.5447883605957,-117.03372955322266,SAN DIEGO,SAN DIEGO,-117.03359985351563,32.5449333190918
92256647,2023,2023-12-07,9680,2023-11-26,1545,017025,NA,7,2,9,3700,0,3,5,NA,2,003,WILLOWS RD,VIEJAS VIEW LN,800,W,N,B,-,N,NA,NA,NA,NA,NA,NA,NA,NA,NA,N,4,0,1,2,A,-,03,22350,NA,F,C,C,A,A,H,-,A,D,0,NA,NA,NA,NA,Y,NA,A,07,0,0,1,0,0,0,0,0,0,-,-,32.84225845336914,-116.69940185546876,SAN DIEGO,UNINCORPORATED,-116.69829559326172,32.84224319458008
92258817,2023,2023-12-11,9645,2023-11-26,1920,021231,NA,7,2,7,3711,0,1,3,NA,2,023,SR-163 SB TO I-8 WB,I-8,150,N,N,A,-,Y,SD,NA,163,NA,NA,3.852,H,NA,L,N,3,0,1,2,A,-,03,22350,NA,N,C,C,A,A,H,-,E,D,0,NA,NA,Y,NA,Y,NA,C,02,0,1,0,0,0,0,0,0,1,-,-,32.76422119140625,-117.16351318359376,SAN DIEGO,SAN DIEGO,-117.1633529663086,32.764190673828125
92262048,2023,2023-12-14,9680,2023-12-03,1325,023113,NA,7,1,9,3700,0,3,5,NA,2,004,LYONS VALLEY RD,EL CAMINO VERDE,114,E,N,A,-,Y,NA,NA,NA,NA,NA,NA,NA,NA,NA,N,4,0,1,1,A,-,03,22350,NA,N,F,A,A,A,H,-,A,D,0,NA,NA,Y,NA,Y,NA,C,02,0,0,1,0,0,0,0,0,1,-,-,32.70838165283203,-116.78816223144533,SAN DIEGO,UNINCORPORATED,-116.78816986083984,32.70841598510742