CASE_ID,ACCIDENT_YEAR,PROC_DATE,JURIS,COLLISION_DATE,COLLISION_TIME,OFFICER_ID,REPORTING_DISTRICT,DAY_OF_WEEK,CHP_SHIFT,POPULATION,CNTY_CITY_LOC,SPECIAL_COND,BEAT_TYPE,CHP_BEAT_TYPE,CITY_DIVISION_LAPD,CHP_BEAT_CLASS,BEAT_NUMBER,PRIMARY_RD,SECONDARY_RD,DISTANCE,DIRECTION,INTERSECTION,WEATHER_1,WEATHER_2,STATE_HWY_IND,CALTRANS_COUNTY,CALTRANS_DISTRICT,STATE_ROUTE,ROUTE_SUFFIX,POSTMILE_PREFIX,POSTMILE,LOCATION_TYPE,RAMP_INTERSECTION,SIDE_OF_HWY,TOW_AWAY,COLLISION_SEVERITY,NUMBER_KILLED,NUMBER_INJURED,PARTY_COUNT,PRIMARY_COLL_FACTOR,PCF_CODE_OF_VIOL,PCF_VIOL_CATEGORY,PCF_VIOLATION,PCF_VIOL_SUBSECTION,HIT_AND_RUN,TYPE_OF_COLLISION,MVIW,PED_ACTION,ROAD_SURFACE,ROAD_COND_1,ROAD_COND_2,LIGHTING,CONTROL_DEVICE,CHP_ROAD_TYPE,PEDESTRIAN_ACCIDENT,BICYCLE_ACCIDENT,MOTORCYCLE_ACCIDENT,TRUCK_ACCIDENT,NOT_PRIVATE_PROPERTY,ALCOHOL_INVOLVED,STWD_VEHTYPE_AT_FAULT,CHP_VEHTYPE_AT_FAULT,COUNT_SEVERE_INJ,COUNT_VISIBLE_INJ,COUNT_COMPLAINT_PAIN,COUNT_PED_KILLED,COUNT_PED_INJURED,COUNT_BICYCLIST_KILLED,COUNT_BICYCLIST_INJURED,COUNT_MC_KILLED,COUNT_MC_INJURED,PRIMARY_RAMP,SECONDARY_RAMP,LATITUDE,LONGITUDE,COUNTY,CITY,POINT_X,POINT_Y
92878337,2024,2024-07-30,9650,2024-07-27,1035,022739,NA,6,1,9,3700,0,1,1,NA,2,003,INTERSTATE 5 SOUTHBOUND,LAS PULGAS ROAD,12672,S,N,A,-,Y,SD,NA,5,NA,R,59.651,H,NA,L,N,4,0,1,2,A,-,03,22350,NA,N,C,C,A,A,H,-,A,D,0,NA,NA,NA,NA,Y,NA,A,01,0,0,1,0,0,0,0,0,0,-,-,33.27037811279297,-117.43984222412108,SAN DIEGO,UNINCORPORATED,-117.43982696533205,33.27039337158203
9289131,2021,2021-09-07,3711,2021-07-01,1150,SD4691,NA,4,5,7,3711,0,0,0,NA,0,246,SPRING CANYON RD,SEMILLON BL,0,NA,Y,A,-,N,NA,NA,NA,NA,NA,NA,NA,NA,NA,Y,3,0,3,2,A,-,09,21802,A,N,D,C,A,A,H,-,A,D,0,NA,NA,NA,NA,Y,NA,D,22,0,2,1,0,0,0,0,0,0,-,-,NA,NA,SAN DIEGO,SAN DIEGO,-117.07621002197266,32.923133850097656
9289322,2021,2021-07-19,3711,2021-06-27,2127,SD1521,NA,7,5,7,3711,0,0,0,NA,0,122,GARNET AV,OLNEY ST,0,NA,Y,A,-,N,NA,NA,NA,NA,NA,NA,NA,NA,NA,Y,4,0,2,2,A,-,07,21658,A,N,C,C,A,A,H,-,C,A,0,NA,NA,NA,NA,Y,NA,A,01,0,0,2,0,0,0,0,0,0,-,-,NA,NA,SAN DIEGO,SAN DIEGO,-117.2298583984375,32.80221176147461
9289329,2021,2021-07-19,3711,2021-06-27,1900,SD1241,NA,7,5,7,3711,0,0,0,NA,0,627,6TH AV,6TH AV 3806,0,NA,N,B,-,N,NA,NA,NA,NA,NA,NA,NA,NA,NA,N,4,0,1,2,B,-,22,NA,NA,M,-,-,-,-,-,-,-,-,0,Y,NA,NA,NA,Y,NA,-,NA,0,0,1,0,1,0,0,0,0,-,-,NA,NA,SAN DIEGO,SAN DIEGO,-119.5719985961914,36.02153778076172
9289606,2021,2021-07-27,3711,2021-06-25,1919,SD1280,NA,5,5,7,3711,0,0,0,NA,0,624,EL CAJON BL,ALABAMA ST,0,NA,Y,B,-,N,NA,NA,NA,NA,NA,NA,NA,NA,NA,Y,4,0,1,3,B,-,22,NA,NA,N,D,C,A,A,H,-,B,A,0,NA,NA,NA,NA,Y,NA,A,01,0,0,1,0,0,0,0,0,0,-,-,NA,NA,SAN DIEGO,SAN DIEGO,-117.14257049560548,32.755210876464844
9289615,2021,2021-07-27,3711,2021-06-08,1839,SD7399,NA,2,5,7,3711,0,0,0,NA,0,613,VOLTAIRE ST,WORDEN ST,0,NA,Y,A,-,N,NA,NA,NA,NA,NA,NA,NA,NA,NA,N,4,0,2,2,A,-,12,22450,A,N,B,D,A,A,H,-,A,D,0,NA,NA,Y,NA,Y,Y,C,02,0,0,2,0,0,0,0,0,1,-,-,NA,NA,SAN DIEGO,SAN DIEGO,-117.23030853271484,32.740936279296875
92898560,2024,2024-07-30,9680,2024-07-19,1740,022893,NA,5,2,9,3700,0,1,3,NA,1,071,SR-78,OLD BORREGO VALLEY RD,528,W,N,A,-,Y,SD,NA,78,NA,NA,82.062,H,NA,R,Y,3,0,1,1,A,-,03,22350,NA,N,E,I,A,A,H,-,A,A,0,NA,NA,NA,NA,Y,NA,A,07,0,1,0,0,0,0,0,0,0,-,-,33.135719299316406,-116.29739379882813,SAN DIEGO,UNINCORPORATED,-116.29741668701172,33.135746002197266
9290166,2021,2021-07-27,3705,2021-04-04,1627,EC0371,NA,7,5,5,3705,0,0,0,NA,0,001,WEST MAIN ST,MURRY AV,115,N,N,A,-,N,NA,NA,NA,NA,NA,NA,NA,NA,NA,Y,3,0,3,2,A,-,03,22350,NA,N,A,C,A,A,H,-,A,A,0,NA,NA,NA,NA,Y,NA,A,01,0,3,0,0,0,0,0,0,0,-,-,NA,NA,SAN DIEGO,EL CAJON,-116.9850616455078,32.791263580322266
9290469,2021,2021-08-21,3711,2021-07-10,1715,SD1462,NA,6,5,7,3711,0,0,0,NA,0,525,BROADWAY,BROADWAY 100,0,NA,-,A,-,N,NA,NA,NA,NA,NA,NA,NA,NA,NA,N,3,0,1,3,B,-,22,NA,NA,N,G,B,A,A,H,-,A,D,0,NA,NA,Y,NA,Y,NA,-,NA,0,1,0,0,0,0,0,0,0,-,-,NA,NA,SAN DIEGO,SAN DIEGO,-117.12612915039063,32.71466827392578
9290470,2021,2021-08-21,3711,2021-07-10,1536,SD7520,NA,6,5,7,3711,0,0,0,NA,0,531,PARK BL,ZOO DR,0,NA,Y,A,-,N,NA,NA,NA,NA,NA,NA,NA,NA,NA,Y,3,0,3,2,A,-,08,22105,NA,N,D,C,A,A,H,-,A,A,0,NA,NA,NA,NA,Y,NA,A,01,0,2,1,0,0,0,0,0,0,-,-,NA,NA,SAN DIEGO,SAN DIEGO,-117.14740753173828,32.74021911621094
9293107,2021,2021-08-26,3711,2021-07-18,0305,SD7953,NA,7,5,7,3711,0,0,0,NA,0,122,MISSION BL,LA JOLLA BL,5000,NA,N,A,B,N,NA,NA,NA,NA,NA,NA,NA,NA,NA,N,3,0,1,1,D,-,00,NA,NA,N,H,A,A,A,B,-,C,A,0,NA,NA,Y,NA,Y,NA,-,-,0,1,0,0,0,0,0,0,1,-,-,NA,NA,SAN DIEGO,SAN DIEGO,-117.25804901123048,32.804935455322266
9293109,2021,2021-08-26,3711,2021-07-17,1830,SD7737,NA,6,5,7,3711,0,0,0,NA,0,521,MARKET ST,MARKET ST 1100,24,S,N,A,-,N,NA,NA,NA,NA,NA,NA,NA,NA,NA,N,3,0,2,2,A,-,05,21651,B,N,D,C,A,A,H,-,A,A,0,NA,NA,NA,NA,Y,NA,A,01,0,2,0,0,0,0,0,0,0,-,-,NA,NA,SAN DIEGO,SAN DIEGO,-117.16378784179688,32.71141815185547
9293118,2021,2021-08-27,3711,2021-07-20,0809,SD7782,NA,2,5,7,3711,0,0,0,NA,0,611,MIDWAY DR,BARNETT AV,0,NA,Y,A,-,N,NA,NA,NA,NA,NA,NA,NA,NA,NA,N,4,0,1,2,A,-,08,38314,NA,N,B,C,A,A,H,-,A,A,0,NA,NA,NA,NA,Y,NA,A,01,0,0,1,0,0,0,0,0,0,-,-,NA,NA,SAN DIEGO,SAN DIEGO,-117.19876098632813,32.74506759643555
9293155,2021,2021-08-30,3711,2021-07-15,1318,SD1492,NA,4,5,7,3711,0,0,0,NA,0,111,CLAIREMONT MESA BL,CLAIREMONT MESA BL 5200,0,NA,N,A,-,N,NA,NA,NA,NA,NA,NA,NA,NA,NA,N,4,0,2,2,A,-,03,22350,NA,N,C,C,A,A,H,-,A,A,0,NA,NA,NA,NA,Y,NA,A,07,0,0,2,0,0,0,0,0,0,-,-,NA,NA,SAN DIEGO,SAN DIEGO,-117.20614624023438,32.82770538330078
9293522,2021,2021-08-27,3711,2021-07-18,0156,SD5651,NA,7,5,7,3711,0,0,0,NA,0,322,ZION AV,51ST ST,255,W,N,A,-,N,NA,NA,NA,NA,NA,NA,NA,NA,NA,N,4,0,1,4,A,-,08,22107,NA,N,B,E,A,A,H,-,C,D,0,NA,NA,NA,NA,Y,Y,D,22,0,0,1,0,0,0,0,0,0,-,-,NA,NA,SAN DIEGO,SAN DIEGO,-117.08413696289063,32.79289245605469
9295181,2021,2021-09-02,3705,2021-07-09,1703,EC0383,NA,5,5,5,3705,0,0,0,NA,0,001,EL CAJON BL,WILSON AV,265,N,N,A,-,N,NA,NA,NA,NA,NA,NA,NA,NA,NA,Y,3,0,3,2,A,-,03,22350,NA,N,C,C,A,A,H,-,A,D,0,NA,NA,NA,NA,Y,NA,A,01,0,1,2,0,0,0,0,0,0,-,-,NA,NA,SAN DIEGO,EL CAJON,-116.97589874267578,32.78673553466797
9295201,2021,2021-08-09,3705,2021-06-13,2205,EC0410,NA,7,5,5,3705,0,0,0,NA,0,004,E WASHINGTON AV,S MOLLISON AV,39,W,N,A,-,N,NA,NA,NA,NA,NA,NA,NA,NA,NA,Y,2,0,3,2,A,-,01,23152,A,N,C,C,A,A,H,-,C,A,0,NA,NA,NA,NA,Y,Y,A,01,2,0,1,0,0,0,0,0,0,-,-,NA,NA,SAN DIEGO,EL CAJON,-116.95108795166016,32.78763961791992
9295330,2021,2021-08-11,3702,2021-05-25,1020,CV1326,NA,2,5,6,3702,0,0,0,NA,0,042,OTAY CENTER DR,OTAY LAKE RD 2200,0,NA,Y,A,-,N,NA,NA,NA,NA,NA,NA,NA,NA,NA,Y,4,0,1,2,A,-,12,21453,A,N,D,C,A,A,H,-,A,A,0,NA,NA,NA,NA,Y,NA,A,01,0,0,1,0,0,0,0,0,0,-,-,NA,NA,SAN DIEGO,CHULA VISTA,NA,NA
9295445,2021,2021-07-27,3702,2021-05-31,1310,CV1018,NA,1,5,6,3702,0,0,0,NA,0,031,OTAY LAKES RD,GOTHAM ST,0,NA,Y,A,-,N,NA,NA,NA,NA,NA,NA,NA,NA,NA,N,4,0,1,2,A,-,12,21453,A,N,D,C,A,A,H,-,A,A,0,NA,NA,NA,NA,Y,NA,A,01,0,0,1,0,0,0,0,0,0,-,-,NA,NA,SAN DIEGO,CHULA VISTA,-116.99427795410156,32.642154693603516
9295875,2021,2021-08-04,3710,2021-07-12,1130,OC1311,NA,1,5,6,3710,0,0,0,NA,0,023,RT 76,MELROSE DR,20,E,N,A,-,Y,SD,11,76,-,R,7.79,H,-,W,N,4,0,1,2,A,-,03,22350,NA,N,C,C,A,A,H,-,A,A,0,NA,NA,NA,NA,Y,NA,A,01,0,0,1,0,0,0,0,0,0,-,-,NA,NA,SAN DIEGO,OCEANSIDE,-117.26464080810548,33.25202941894531
9296683,2021,2021-09-09,3711,2021-08-09,1922,SD1488,NA,1,5,7,3711,0,0,0,NA,0,243,CAMINO RUIZ,CAMINO RUIZ 9650,0,NA,N,A,-,N,NA,NA,NA,NA,NA,NA,NA,NA,NA,N,3,0,1,1,B,-,22,NA,NA,N,F,J,A,A,H,-,A,D,0,NA,NA,Y,NA,Y,NA,C,02,0,1,0,0,0,0,0,0,1,-,-,NA,NA,SAN DIEGO,SAN DIEGO,NA,NA
9299196,2021,2021-09-03,3711,2021-07-25,0142,SD1324,NA,7,5,7,3711,0,0,0,NA,0,528,W CEDAR ST,PACIFIC HWY,42,W,N,A,-,N,NA,NA,NA,NA,NA,NA,NA,NA,NA,N,3,0,1,1,A,-,03,22350,NA,N,H,A,A,A,H,-,C,A,0,NA,NA,NA,NA,Y,NA,M,94,0,1,0,0,0,0,0,0,0,-,-,NA,NA,SAN DIEGO,SAN DIEGO,-117.17105102539063,32.72195816040039
9299827,2021,2021-10-19,3710,2021-08-01,0826,1253,NA,7,5,6,3710,0,0,0,NA,0,009,STEWART ST,CASSIDY ST,4,N,N,A,-,N,NA,NA,NA,NA,NA,NA,NA,NA,NA,Y,3,0,1,1,A,-,03,22350,NA,N,F,J,A,A,H,-,A,A,0,NA,NA,NA,NA,Y,NA,A,01,0,1,0,0,0,0,0,0,0,-,-,NA,NA,SAN DIEGO,OCEANSIDE,-117.35627746582033,33.178768157958984
9300506,2021,2021-08-10,3705,2021-06-25,1500,EC0219,NA,5,5,5,3705,0,0,0,NA,0,001,N JOHNSON AV,W MADISON AV,245,N,N,A,-,N,NA,NA,NA,NA,NA,NA,NA,NA,NA,N,3,0,1,1,A,-,07,21658,A,N,H,-,A,A,D,-,A,D,0,NA,NA,Y,NA,Y,NA,C,02,0,1,0,0,0,0,0,0,1,-,-,NA,NA,SAN DIEGO,EL CAJON,-116.97103881835938,32.80105209350586
9300908,2021,2021-08-18,3705,2021-07-08,1915,EC0219,NA,4,5,5,3705,0,0,0,NA,0,002,LLOYD PL,BALLANTYNE ST,25,W,N,A,-,N,NA,NA,NA,NA,NA,NA,NA,NA,NA,N,4,0,1,1,A,-,07,21658,A,N,E,I,A,A,H,-,A,A,0,NA,NA,NA,NA,Y,NA,A,01,0,0,1,0,0,0,0,0,0,-,-,NA,NA,SAN DIEGO,EL CAJON,-116.95821380615234,32.80371856689453
9301186,2021,2021-08-12,3711,2021-07-24,1428,SD7889,NA,6,5,7,3711,0,0,0,NA,0,713,BRITANNIA BL,SIEMPRE VIVA RD,0,NA,Y,A,-,N,NA,NA,NA,NA,NA,NA,NA,NA,NA,N,3,0,1,1,D,-,00,NA,NA,N,H,A,A,A,H,-,A,A,0,NA,NA,Y,NA,Y,NA,-,-,0,1,0,0,0,0,0,0,1,-,-,NA,NA,SAN DIEGO,SAN DIEGO,-116.97987365722656,32.55335235595703
9301556,2021,2021-10-01,3703,2021-08-10,1234,1311,1,2,5,3,3703,0,0,0,NA,0,001,PALM AV,2ND ST,0,NA,Y,A,-,N,NA,NA,NA,NA,NA,NA,NA,NA,NA,N,3,0,1,2,A,-,09,21803,A,N,D,C,A,A,H,-,A,A,0,NA,NA,NA,NA,Y,NA,A,01,0,1,0,0,0,0,0,0,0,-,-,32.70061111450195,-117.18099212646484,SAN DIEGO,CORONADO,-117.18076324462892,32.70050811767578
9301589,2021,2021-09-20,3710,2021-08-20,1535,OC0835,NA,5,5,6,3710,0,0,0,NA,0,032,RANCHO DEL ORO DR,CRAVEN RD,520,S,N,A,-,N,NA,NA,NA,NA,NA,NA,NA,NA,NA,Y,3,0,2,2,A,-,09,21804,A,N,D,C,A,A,H,-,A,D,0,NA,NA,NA,NA,Y,NA,A,01,0,1,1,0,0,0,0,0,0,-,-,NA,NA,SAN DIEGO,OCEANSIDE,-117.31890869140624,33.225494384765625
9301717,2021,2023-06-21,3711,2021-08-27,2254,SD6146,NA,5,5,7,3711,0,0,0,NA,0,813,JUNIPER ST,31ST ST,203,W,N,A,-,N,NA,NA,NA,NA,NA,NA,NA,NA,NA,Y,1,1,0,2,A,-,03,22350,NA,N,F,A,A,A,H,-,C,D,0,NA,NA,Y,NA,Y,Y,C,02,0,0,0,0,0,0,0,1,0,-,-,NA,NA,SAN DIEGO,SAN DIEGO,-117.1281280517578,32.729637145996094
9302973,2021,2021-08-19,3711,2021-07-27,2055,SD1150,NA,2,5,7,3711,0,0,0,NA,0,122,INGRAHAM ST,INGRAHAM ST 3200,0,NA,N,A,-,N,NA,NA,NA,NA,NA,NA,NA,NA,NA,N,3,0,4,4,A,-,03,22350,NA,N,C,C,A,A,H,-,C,A,0,NA,NA,NA,NA,Y,NA,A,01,0,1,3,0,0,0,0,0,0,-,-,NA,NA,SAN DIEGO,SAN DIEGO,NA,NA
9302981,2021,2021-08-24,3711,2021-07-24,1330,SD1026,NA,6,5,7,3711,0,0,0,NA,0,313,BALBOA AV,RUFFNER ST,0,NA,Y,A,-,N,NA,NA,NA,NA,NA,NA,NA,NA,NA,Y,4,0,1,2,A,-,08,22107,NA,N,D,C,A,A,H,-,A,D,0,NA,NA,NA,NA,Y,NA,A,01,0,0,1,0,0,0,0,0,0,-,-,NA,NA,SAN DIEGO,SAN DIEGO,-117.15681457519533,32.821678161621094
9303822,2021,2021-10-08,3711,2021-08-05,2200,SD6872,NA,4,5,7,3711,0,0,0,NA,0,611,WEST MISSION BAY DR,SPORTS ARENA BL,0,NA,Y,A,-,N,NA,NA,NA,NA,NA,NA,NA,NA,NA,N,4,0,2,2,A,-,03,22350,NA,M,C,C,A,A,H,-,C,A,0,NA,NA,NA,NA,Y,NA,-,NA,0,0,2,0,0,0,0,0,0,-,-,NA,NA,SAN DIEGO,SAN DIEGO,-117.22354125976563,32.75745391845703
9303826,2021,2021-08-16,3711,2021-07-29,1530,SD7581,NA,4,5,7,3711,0,0,0,NA,0,721,CORONADO AV,THERMAL AV,0,NA,Y,A,-,N,NA,NA,NA,NA,NA,NA,NA,NA,NA,N,3,0,1,2,A,-,10,21950,A,N,G,B,B,A,H,-,A,A,0,Y,NA,NA,NA,Y,NA,A,01,0,1,0,0,1,0,0,0,0,-,-,NA,NA,SAN DIEGO,SAN DIEGO,-117.09705352783205,32.576507568359375
9303919,2021,2021-10-04,3711,2021-08-26,1740,SD7849,NA,4,5,7,3711,0,0,0,NA,0,821,EL CAJON BL,69TH ST,0,NA,Y,A,-,N,NA,NA,NA,NA,NA,NA,NA,NA,NA,Y,4,0,2,2,A,-,08,22107,NA,N,D,C,A,A,H,-,A,D,0,NA,NA,NA,NA,Y,NA,A,01,0,0,2,0,0,0,0,0,0,-,-,NA,NA,SAN DIEGO,SAN DIEGO,-117.0492706298828,32.7686653137207
9307250,2021,2021-09-07,3711,2021-05-26,1950,SD7696,NA,3,5,7,3711,0,0,0,NA,0,524,BROADWAY,KETTNER BL,0,NA,Y,A,-,N,NA,NA,NA,NA,NA,NA,NA,NA,NA,Y,2,0,1,1,C,-,18,NA,NA,N,H,A,A,A,G,-,B,D,0,NA,NA,NA,NA,Y,NA,-,-,1,0,0,0,0,0,0,0,0,-,-,NA,NA,SAN DIEGO,SAN DIEGO,-117.16919708251952,32.71565628051758
9310260,2021,2021-09-10,3702,2021-07-18,2327,CV1212,NA,7,5,6,3702,0,0,0,NA,0,022,PALOMAR ST,5TH AV,255,E,N,A,-,N,NA,NA,NA,NA,NA,NA,NA,NA,NA,Y,3,0,1,1,A,-,08,22107,NA,F,E,I,A,A,H,-,C,A,0,NA,NA,NA,NA,Y,NA,-,-,0,1,0,0,0,0,0,0,0,-,-,NA,NA,SAN DIEGO,CHULA VISTA,-117.0737762451172,32.604740142822266
9310434,2021,2021-10-02,3711,2021-08-06,1913,SD1521,NA,5,5,7,3711,0,0,0,NA,0,123,INGRAHAM ST,RIVIERA DR,0,NA,Y,A,-,N,NA,NA,NA,NA,NA,NA,NA,NA,NA,Y,3,0,1,1,A,-,04,21703,NA,N,F,A,A,A,H,-,B,A,0,NA,NA,Y,NA,Y,NA,C,02,0,1,0,0,0,0,0,0,1,-,-,NA,NA,SAN DIEGO,SAN DIEGO,-117.23624420166016,32.77987289428711
9310587,2021,2021-09-09,3702,2021-07-20,1300,CV1356,NA,2,5,6,3702,0,0,0,NA,0,021,BROADWAY,NAPLES ST,38,S,N,A,-,N,NA,NA,NA,NA,NA,NA,NA,NA,NA,N,4,0,1,2,A,-,03,22350,NA,N,C,C,A,A,H,-,A,A,0,NA,NA,NA,NA,Y,NA,A,08,0,0,1,0,0,0,0,0,0,-,-,NA,NA,SAN DIEGO,CHULA VISTA,-117.08139038085938,32.610130310058594
9318354,2021,2021-09-22,3709,2021-08-17,1515,NC0530,NA,2,5,5,3709,0,0,0,NA,0,020,D AV,D AV 1701,0,NA,Y,A,-,N,NA,NA,NA,NA,NA,NA,NA,NA,NA,N,2,0,1,2,A,-,06,21750,NA,N,G,B,E,A,H,-,A,D,0,Y,NA,NA,NA,Y,NA,A,01,1,0,0,0,1,0,0,0,0,-,-,NA,NA,SAN DIEGO,NATIONAL CITY,-117.0768814086914,32.64852523803711
9318556,2021,2021-09-13,3711,2021-06-05,1230,SD1520,NA,6,5,7,3711,0,0,0,NA,0,625,PRESIDIO DR,PRESIDIO DR  2700,0,NA,Y,A,-,N,NA,NA,NA,NA,NA,NA,NA,NA,NA,N,3,0,1,1,A,-,08,22107,NA,N,H,A,A,A,B,-,A,D,0,NA,NA,Y,NA,Y,NA,C,03,0,1,0,0,0,0,0,0,1,-,-,NA,NA,SAN DIEGO,SAN DIEGO,NA,NA
9318816,2021,2021-10-13,3702,2021-08-17,1059,CV0777,NA,2,5,6,3702,0,0,0,NA,0,042,OLYMPIC PKWY,WINDINGWALK ST,397,E,N,A,-,N,NA,NA,NA,NA,NA,NA,NA,NA,NA,Y,3,0,1,1,A,-,08,22107,NA,N,E,I,A,A,H,-,A,D,0,NA,NA,NA,NA,Y,NA,A,07,0,1,0,0,0,0,0,0,0,-,-,NA,NA,SAN DIEGO,CHULA VISTA,-116.95301055908205,32.62936782836914
9318925,2021,2021-09-20,3711,2021-08-30,1648,SD7849,NA,1,5,7,3711,0,0,0,NA,0,822,COLLEGE AV,COLLEGE AV 6100,20,E,N,A,-,N,NA,NA,NA,NA,NA,NA,NA,NA,NA,N,4,0,2,2,A,-,04,21703,NA,N,C,C,A,A,H,-,A,A,0,NA,NA,NA,NA,Y,NA,A,01,0,0,2,0,0,0,0,0,0,-,-,NA,NA,SAN DIEGO,SAN DIEGO,-117.0669174194336,32.76042938232422
9319972,2021,2021-10-09,3703,2021-08-24,1140,1270,3,2,5,3,3703,0,0,0,NA,0,003,10TH ST,ORANGE AV,50,S,N,A,-,N,NA,NA,NA,NA,NA,NA,NA,NA,NA,N,4,0,1,2,A,-,21,22106,NA,N,B,E,A,A,H,-,A,A,0,NA,NA,NA,NA,Y,NA,D,72,0,0,1,0,0,0,0,0,0,-,-,32.68587112426758,-117.17978668212892,SAN DIEGO,CORONADO,-117.1798095703125,32.68588638305664
9320446,2022,2022-03-10,3711,2022-01-08,1958,SD6146,NA,6,5,7,3711,0,0,0,NA,0,722,PALM AV,SATURN BL,202,W,N,A,-,N,NA,NA,NA,NA,NA,NA,NA,NA,NA,Y,1,1,0,2,A,-,03,22350,NA,N,C,C,A,A,H,-,C,A,0,NA,NA,NA,Y,Y,NA,A,01,0,0,0,0,0,0,0,0,0,-,-,NA,NA,SAN DIEGO,SAN DIEGO,-117.0932846069336,32.583740234375
9320876,2022,2022-07-21,3711,2022-06-11,1630,SD5561,NA,6,5,7,3711,0,0,0,NA,0,124,LA JOLLA BL,GRAVILLA ST,0,NA,N,A,-,N,NA,NA,NA,NA,NA,NA,NA,NA,NA,N,1,1,0,2,A,-,10,21950,A,N,G,B,B,A,H,-,A,A,0,Y,NA,NA,NA,Y,NA,A,01,0,0,0,1,0,0,0,0,0,-,-,NA,NA,SAN DIEGO,SAN DIEGO,-117.2770767211914,32.82906723022461
9321323,2022,2022-07-25,3710,2022-06-28,2318,OC1526,NA,2,5,6,3710,0,0,0,NA,0,013,VISTA WY,EL CAMINO REAL,0,NA,Y,A,-,N,NA,NA,NA,NA,NA,NA,NA,NA,NA,Y,4,0,2,2,A,-,12,21453,A,N,D,C,A,A,H,-,C,A,0,NA,NA,NA,NA,Y,NA,A,01,0,0,2,0,0,0,0,0,0,-,-,NA,NA,SAN DIEGO,OCEANSIDE,-117.32707214355467,33.183189392089844
9321410,2022,2022-08-02,3700,2022-06-22,1840,SH3368,NA,3,5,5,3781,0,0,0,NA,0,516,MISSION GORGE RD,RT 52,0,NA,Y,A,-,Y,SD,11,52,-,-,14.477,R,4,W,Y,3,0,1,2,A,-,12,21453,A,N,D,C,A,A,H,-,A,A,0,NA,NA,NA,NA,Y,NA,A,01,0,1,0,0,0,0,0,0,0,-,WO,NA,NA,SAN DIEGO,SANTEE,-117.0115966796875,32.83613586425781
9321905,2021,2021-10-05,3711,2021-08-25,1601,SD7277,NA,3,5,7,3711,0,0,0,NA,0,611,MIDWAY DR,BARNETT AV,320,W,N,A,-,N,NA,NA,NA,NA,NA,NA,NA,NA,NA,Y,4,0,1,3,A,-,05,21651,A,N,B,C,A,A,H,-,A,A,0,NA,NA,NA,NA,Y,NA,A,01,0,0,1,0,0,0,0,0,0,-,-,NA,NA,SAN DIEGO,SAN DIEGO,-117.19955444335938,32.745628356933594
9321987,2021,2021-10-21,3711,2021-09-05,2340,SD1492,NA,7,5,7,3711,0,0,0,NA,0,526,TENTH AV,ASH  ST,0,NA,Y,A,-,N,NA,NA,NA,NA,NA,NA,NA,NA,NA,N,4,0,3,2,A,-,12,22450,A,N,D,C,A,A,H,-,C,A,0,NA,NA,NA,NA,Y,NA,A,01,0,0,3,0,0,0,0,0,0,-,-,NA,NA,SAN DIEGO,SAN DIEGO,-117.15562438964844,32.7198600769043
9321992,2021,2021-10-21,3711,2021-09-05,1628,SD7275,NA,7,5,7,3711,0,0,0,NA,0,116,COWLEY WAY,IROQUOIS AV,180,S,N,A,-,N,NA,NA,NA,NA,NA,NA,NA,NA,NA,N,3,0,1,2,A,-,11,21950,B,N,A,B,D,A,H,-,A,D,0,Y,NA,NA,NA,Y,NA,N,60,0,1,0,0,1,0,0,0,0,-,-,NA,NA,SAN DIEGO,SAN DIEGO,-117.19165802001952,32.7974739074707
9322413,2021,2021-11-02,3711,2021-09-16,1745,SD1405,NA,4,5,7,3711,0,0,0,NA,0,822,EL CAJON BL,EL CAJON BL 6100,0,NA,Y,A,F,N,NA,NA,NA,NA,NA,NA,NA,NA,NA,N,4,0,2,2,A,-,07,21658,A,N,C,C,A,A,H,-,A,A,0,NA,NA,NA,NA,Y,NA,A,01,0,0,2,0,0,0,0,0,0,-,-,NA,NA,SAN DIEGO,SAN DIEGO,-116.9778289794922,32.784767150878906
9322808,2021,2021-10-06,3709,2021-09-14,1322,NC0441,NA,2,5,5,3709,0,0,0,NA,0,024,EAST 24TH ST,F AV,23,N,N,A,-,N,NA,NA,NA,NA,NA,NA,NA,NA,NA,N,4,0,1,2,A,-,08,22107,NA,F,A,C,A,A,H,-,A,D,0,NA,NA,Y,NA,Y,NA,A,01,0,0,1,0,0,0,0,0,1,-,-,NA,NA,SAN DIEGO,NATIONAL CITY,-117.09531402587892,32.66378402709961
9323645,2021,2021-09-25,3709,2021-08-17,1530,NC3671,NA,2,5,5,3709,0,0,0,NA,0,024,EAST 30TH ST,NATIONAL CITY BL,0,NA,Y,A,-,N,NA,NA,NA,NA,NA,NA,NA,NA,NA,N,4,0,1,2,A,-,08,22107,NA,F,G,B,B,A,H,-,A,A,0,Y,NA,NA,NA,Y,NA,-,NA,0,0,1,0,1,0,0,0,0,-,-,NA,NA,SAN DIEGO,NATIONAL CITY,-117.0995864868164,32.6570930480957
93263068,2024,2024-08-01,9645,2024-07-21,1735,023233,NA,7,2,7,3711,0,1,1,NA,2,001,INTERSTATE 5 SOUTHBOUND TO STATE ROUTE 905,IRIS AVENUE,1214,S,N,A,-,Y,SD,NA,5,NA,NA,3.157,H,NA,L,Y,2,0,1,1,A,-,03,22350,NA,N,F,J,A,A,H,-,A,D,0,NA,NA,Y,NA,Y,NA,C,03,1,0,0,0,0,0,0,0,1,-,-,32.565818786621094,-117.07427215576172,SAN DIEGO,SAN DIEGO,-117.07427215576172,32.56581497192383
9326759,2021,2021-11-08,3711,2021-09-23,1548,SD1536,NA,4,5,7,3711,0,0,0,NA,0,124,PALM CANYON DR,SOLEDAD MOUNTAIN RD,0,NA,Y,A,-,N,NA,NA,NA,NA,NA,NA,NA,NA,NA,N,2,0,1,2,A,-,09,21801,A,N,D,G,A,A,H,-,A,D,0,NA,Y,NA,NA,Y,NA,-,NA,1,0,0,0,0,0,1,0,0,-,-,NA,NA,SAN DIEGO,SAN DIEGO,-117.23561096191406,32.82354736328125