CASE_ID,ACCIDENT_YEAR,PROC_DATE,JURIS,COLLISION_DATE,COLLISION_TIME,OFFICER_ID,REPORTING_DISTRICT,DAY_OF_WEEK,CHP_SHIFT,POPULATION,CNTY_CITY_LOC,SPECIAL_COND,BEAT_TYPE,CHP_BEAT_TYPE,CITY_DIVISION_LAPD,CHP_BEAT_CLASS,BEAT_NUMBER,PRIMARY_RD,SECONDARY_RD,DISTANCE,DIRECTION,INTERSECTION,WEATHER_1,WEATHER_2,STATE_HWY_IND,CALTRANS_COUNTY,CALTRANS_DISTRICT,STATE_ROUTE,ROUTE_SUFFIX,POSTMILE_PREFIX,POSTMILE,LOCATION_TYPE,RAMP_INTERSECTION,SIDE_OF_HWY,TOW_AWAY,COLLISION_SEVERITY,NUMBER_KILLED,NUMBER_INJURED,PARTY_COUNT,PRIMARY_COLL_FACTOR,PCF_CODE_OF_VIOL,PCF_VIOL_CATEGORY,PCF_VIOLATION,PCF_VIOL_SUBSECTION,HIT_AND_RUN,TYPE_OF_COLLISION,MVIW,PED_ACTION,ROAD_SURFACE,ROAD_COND_1,ROAD_COND_2,LIGHTING,CONTROL_DEVICE,CHP_ROAD_TYPE,PEDESTRIAN_ACCIDENT,BICYCLE_ACCIDENT,MOTORCYCLE_ACCIDENT,TRUCK_ACCIDENT,NOT_PRIVATE_PROPERTY,ALCOHOL_INVOLVED,STWD_VEHTYPE_AT_FAULT,CHP_VEHTYPE_AT_FAULT,COUNT_SEVERE_INJ,COUNT_VISIBLE_INJ,COUNT_COMPLAINT_PAIN,COUNT_PED_KILLED,COUNT_PED_INJURED,COUNT_BICYCLIST_KILLED,COUNT_BICYCLIST_INJURED,COUNT_MC_KILLED,COUNT_MC_INJURED,PRIMARY_RAMP,SECONDARY_RAMP,LATITUDE,LONGITUDE,COUNTY,CITY,POINT_X,POINT_Y
9367187,2021,2021-12-09,3711,2021-11-16,0505,SD7889,NA,2,5,7,3711,0,0,0,NA,0,712,EAST SAN YSIDRO BL,OLIVE DR,0,NA,-,A,-,N,NA,NA,NA,NA,NA,NA,NA,NA,NA,Y,4,0,2,2,A,-,12,21453,A,N,A,C,A,A,H,-,C,A,0,NA,NA,NA,NA,Y,NA,A,01,0,0,2,0,0,0,0,0,0,-,-,NA,NA,SAN DIEGO,SAN DIEGO,-117.04293823242188,32.552181243896484
9367486,2021,2021-12-17,3711,2021-11-17,0629,SD7095,NA,3,5,7,3711,0,0,0,NA,0,115,GENESEE AV,GENESEE AV 9800,0,NA,Y,A,-,N,NA,NA,NA,NA,NA,NA,NA,NA,NA,N,4,0,1,2,A,-,04,21703,NA,N,C,C,A,A,H,-,C,D,0,NA,NA,NA,NA,Y,NA,A,01,0,0,1,0,0,0,0,0,0,-,-,NA,NA,SAN DIEGO,SAN DIEGO,-117.2051010131836,32.85655975341797
9367800,2021,2021-12-16,3711,2021-11-03,1608,SD1310,NA,3,5,7,3711,0,0,0,NA,0,622,AZUSA ST,LAURETTA ST,60,S,N,A,-,N,NA,NA,NA,NA,NA,NA,NA,NA,NA,N,3,0,1,2,A,-,08,22107,NA,N,A,-,A,A,H,-,A,D,0,NA,NA,NA,NA,Y,NA,-,NA,0,1,0,0,0,0,0,0,0,-,-,NA,NA,SAN DIEGO,SAN DIEGO,-117.19344329833984,32.766902923583984
93686565,2024,2024-08-06,9650,2024-07-26,15,021463,NA,5,3,5,3701,0,1,1,NA,2,005,I-5 S/B,CANNON RD,420,S,N,A,-,Y,SD,NA,5,NA,R,47.896,H,NA,L,Y,3,0,2,2,A,-,01,23152,A,F,C,C,A,A,D,-,C,D,0,NA,NA,NA,NA,Y,Y,A,01,0,2,0,0,0,0,0,0,0,-,-,33.13336944580078,-117.32887268066406,SAN DIEGO,CARLSBAD,-117.32892608642578,33.13335037231445
9368862,2021,2022-01-12,3711,2021-11-28,1130,SD7395,NA,7,5,7,3711,0,0,0,NA,0,625,TAYLOR ST,CONGRESS ST,0,NA,Y,A,-,N,NA,NA,NA,NA,NA,NA,NA,NA,NA,N,4,0,1,2,A,-,08,22107,NA,N,B,G,A,A,H,-,A,A,0,NA,Y,NA,NA,Y,NA,L,04,0,0,1,0,0,0,1,0,0,-,-,NA,NA,SAN DIEGO,SAN DIEGO,-117.19957733154295,32.7556266784668
9369005,2021,2022-01-10,3711,2021-11-29,1946,SD7892,NA,1,5,7,3711,0,0,0,NA,0,441,OCEAN VIEW BL,39TH ST,0,NA,Y,A,-,N,NA,NA,NA,NA,NA,NA,NA,NA,NA,N,4,0,1,2,D,-,00,NA,NA,M,D,C,A,A,H,-,C,D,0,NA,NA,NA,NA,Y,NA,-,-,0,0,1,0,0,0,0,0,0,-,-,NA,NA,SAN DIEGO,SAN DIEGO,-117.11033630371094,32.7012825012207
9370033,2021,2022-01-11,3711,2021-12-14,1001,SD8447,NA,2,5,7,3711,0,0,0,NA,0,713,AIRWAY RD,AIRWAY RD 9020,0,NA,-,C,-,N,NA,NA,NA,NA,NA,NA,NA,NA,NA,N,3,0,2,2,A,-,03,22350,NA,N,C,C,A,B,H,-,A,D,0,NA,NA,Y,NA,Y,NA,C,02,0,1,1,0,0,0,0,0,1,-,-,NA,NA,SAN DIEGO,SAN DIEGO,-116.93431091308594,32.560237884521484
9372475,2021,2021-11-30,3702,2021-09-28,2153,CV1270,NA,2,5,6,3702,0,0,0,NA,0,022,L ST,THIRD AV,244,W,N,A,-,N,NA,NA,NA,NA,NA,NA,NA,NA,NA,Y,4,0,2,2,A,-,09,21804,A,N,D,C,A,A,H,-,B,D,0,NA,NA,NA,NA,Y,NA,A,01,0,0,2,0,0,0,0,0,0,-,-,NA,NA,SAN DIEGO,CHULA VISTA,-117.0725326538086,32.620399475097656
9372810,2021,2021-12-27,3711,2021-11-20,0100,SD7824,NA,6,5,7,3711,0,0,0,NA,0,122,PACIFIC BEACH DR,PACIFIC BEACH DR 1300,0,NA,N,A,-,N,NA,NA,NA,NA,NA,NA,NA,NA,NA,N,3,0,1,2,A,-,12,21453,A,N,D,C,A,A,H,-,C,A,0,NA,NA,Y,NA,Y,Y,C,03,0,1,0,0,0,0,0,0,1,-,-,NA,NA,SAN DIEGO,SAN DIEGO,-117.18054962158205,32.7389030456543
9373022,2021,2021-12-10,3711,2021-10-23,2218,SD7782,NA,6,5,7,3711,0,0,0,NA,0,615,CANON ST,DEL MAR AV,0,NA,Y,A,-,N,NA,NA,NA,NA,NA,NA,NA,NA,NA,Y,4,0,1,1,A,-,03,22350,NA,N,E,I,A,A,H,-,C,D,0,NA,NA,NA,NA,Y,NA,A,01,0,0,1,0,0,0,0,0,0,-,-,NA,NA,SAN DIEGO,SAN DIEGO,-117.23973846435548,32.727970123291016
9373309,2021,2021-12-27,3711,2021-11-24,1901,SD7744,NA,3,5,7,3711,0,0,0,NA,0,444,MARKET ST,RT 805,200,W,N,A,-,Y,SD,11,805,-,-,13.378,R,4,S,N,3,0,1,2,A,-,08,22107,NA,N,B,C,A,A,H,-,D,D,0,NA,NA,NA,NA,Y,NA,A,01,0,1,0,0,0,0,0,0,0,-,WF,NA,NA,SAN DIEGO,SAN DIEGO,-117.10303497314452,32.717079162597656
9373677,2021,2021-12-27,3711,2021-11-27,2147,SD1537,NA,6,5,7,3711,0,0,0,NA,0,437,MESA BROOK ST,PARADISE HILLS RD,330,N,N,A,-,N,NA,NA,NA,NA,NA,NA,NA,NA,NA,Y,3,0,1,2,A,-,08,22107,NA,N,A,E,A,A,H,-,C,D,0,NA,NA,NA,NA,Y,NA,A,01,0,1,0,0,0,0,0,0,0,-,-,NA,NA,SAN DIEGO,SAN DIEGO,-117.0473175048828,32.691070556640625
9374593,2021,2021-12-16,3710,2021-11-05,1530,OC0873,NA,5,5,6,3710,0,0,0,NA,0,018,NORTH RIVER RD,CALLE MONTICITO,340,E,N,A,-,N,NA,NA,NA,NA,NA,NA,NA,NA,NA,Y,3,0,1,1,A,-,08,22107,NA,N,F,I,A,A,H,-,A,D,0,NA,NA,NA,NA,Y,NA,D,22,0,1,0,0,0,0,0,0,0,-,-,NA,NA,SAN DIEGO,OCEANSIDE,-117.30771636962892,33.2457275390625
9375682,2021,2021-12-31,3702,2021-11-05,0645,CV1327,NA,5,5,6,3702,0,0,0,NA,0,041,EAST PALOMAR ST,SANTA CARINA DR,5,W,N,A,-,N,NA,NA,NA,NA,NA,NA,NA,NA,NA,N,3,0,1,2,A,-,11,21456,B,N,G,B,B,A,H,-,B,A,0,Y,NA,NA,NA,Y,NA,N,60,0,1,0,0,1,0,0,0,0,-,-,NA,NA,SAN DIEGO,CHULA VISTA,-117.01148223876952,32.618316650390625
9375976,2021,2021-12-22,3702,2021-10-04,1548,CV1281,NA,1,5,6,3702,0,0,0,NA,0,024,MAIN ST,NIRVANA AV,450,E,N,A,-,N,NA,NA,NA,NA,NA,NA,NA,NA,NA,N,3,0,1,1,A,-,03,22350,NA,N,F,J,A,A,A,-,A,D,0,NA,NA,Y,NA,Y,NA,C,02,0,1,0,0,0,0,0,0,1,-,-,NA,NA,SAN DIEGO,CHULA VISTA,-117.01616668701172,32.59307861328125
9376071,2021,2021-12-29,3711,2021-11-26,0201,SD4310,NA,5,5,7,3711,0,0,0,NA,0,327,MONTEZUMA RD,EWING ST,242,E,N,A,-,N,NA,NA,NA,NA,NA,NA,NA,NA,NA,Y,4,0,2,2,A,-,08,22107,NA,N,C,E,A,A,H,-,C,D,0,NA,NA,NA,Y,Y,Y,A,01,0,0,2,0,0,0,0,0,0,-,-,NA,NA,SAN DIEGO,SAN DIEGO,-117.0617446899414,32.76997756958008
9377204,2021,2022-01-18,3710,2021-12-09,1930,OC1185,NA,4,5,6,3710,0,0,0,NA,0,013,VISTA WY,IVY RD,0,NA,Y,B,-,N,NA,NA,NA,NA,NA,NA,NA,NA,NA,Y,4,0,2,2,A,-,12,21453,A,F,F,C,A,B,H,-,C,A,0,NA,NA,NA,NA,Y,NA,A,01,0,0,2,0,0,0,0,0,0,-,-,NA,NA,SAN DIEGO,OCEANSIDE,-117.33934020996094,33.18336868286133
9378655,2021,2021-12-22,3706,2021-11-23,1840,SD1528,NA,2,5,6,3706,0,0,0,NA,0,235,SAN PASQUAL VALLEY RD,BANDY CANYON RD,0,NA,N,A,-,Y,SD,11,78,-,R,27.315,I,5,W,N,3,0,1,2,A,-,03,22350,NA,N,C,C,A,A,H,-,C,A,0,NA,NA,NA,NA,Y,NA,A,01,0,1,0,0,0,0,0,0,0,-,-,NA,NA,SAN DIEGO,ESCONDIDO,-116.95423889160156,33.09171676635742
9378895,2021,2021-12-24,3705,2021-09-25,2329,EC0405,NA,6,5,5,3705,0,0,0,NA,0,004,E WASHINGTON AV,S MOLLISON AV,0,NA,Y,A,-,N,NA,NA,NA,NA,NA,NA,NA,NA,NA,Y,3,0,1,2,A,-,12,21453,A,N,D,C,A,A,H,-,C,A,0,NA,NA,NA,NA,Y,NA,A,01,0,1,0,0,0,0,0,0,0,-,-,NA,NA,SAN DIEGO,EL CAJON,-116.95095825195313,32.78763961791992
9379230,2021,2022-01-12,3700,2021-12-21,1310,SH2439,NA,2,5,5,3713,0,0,0,NA,0,308,NORTH EMERALD DR,WEST VISTA WY,0,NA,Y,B,-,Y,SD,11,78,-,-,4.554,R,4,W,Y,4,0,2,2,A,-,12,21453,A,N,D,C,A,A,H,-,A,A,0,NA,NA,NA,NA,Y,NA,A,01,0,0,2,0,0,0,0,0,0,-,-,NA,NA,SAN DIEGO,VISTA,-117.27695465087892,33.189334869384766
9379712,2022,2022-02-07,3710,2022-01-11,1610,OC1185,NA,2,5,6,3710,0,0,0,NA,0,011,RT 76,LORETTA ST,1735,E,N,A,-,Y,SD,11,76,-,R,0.82,H,-,E,Y,2,0,1,2,A,-,08,22107,NA,N,B,C,A,A,H,-,A,D,0,NA,NA,Y,NA,Y,NA,A,01,1,0,0,0,0,0,0,0,1,-,-,NA,NA,SAN DIEGO,OCEANSIDE,-117.37326049804688,33.212406158447266
9380816,2022,2022-01-31,3708,2022-01-02,2102,LM1245,NA,7,5,5,3708,0,0,0,NA,0,002,GROSSMONT BL,RT 125,0,NA,Y,A,-,N,NA,NA,NA,NA,NA,NA,NA,NA,NA,Y,3,0,1,2,A,-,12,21453,A,N,A,C,A,A,H,-,C,A,0,NA,NA,NA,NA,Y,NA,A,01,0,1,0,0,0,0,0,0,0,-,NO,NA,NA,SAN DIEGO,LA MESA,-117.00259399414063,32.77339172363281
9381576,2022,2022-02-08,3705,2022-01-10,1845,EC0383,NA,1,5,5,3705,0,0,0,NA,0,003,JAMACHA RD,SUNNYLAND AV,245,N,N,A,-,N,NA,NA,NA,NA,NA,NA,NA,NA,NA,Y,4,0,1,2,A,-,03,22350,NA,N,C,C,A,A,H,-,C,D,0,NA,NA,NA,NA,Y,NA,A,01,0,0,1,0,0,0,0,0,0,-,-,NA,NA,SAN DIEGO,EL CAJON,-116.93204498291016,32.791175842285156
9383764,2021,2022-01-21,3702,2021-12-13,1720,CV0968,NA,1,5,6,3702,0,0,0,NA,0,041,MEDICAL CENTER DR,PALOMAR ST,580,E,N,B,-,N,NA,NA,NA,NA,NA,NA,NA,NA,NA,Y,4,0,1,2,A,-,09,21801,A,N,D,C,A,A,H,-,C,A,0,NA,NA,NA,NA,Y,NA,A,01,0,0,1,0,0,0,0,0,0,-,-,NA,NA,SAN DIEGO,CHULA VISTA,-117.0271224975586,32.61620330810547
9384238,2021,2021-12-27,3711,2021-11-27,1230,HB3926,NA,6,5,7,3711,0,0,0,NA,0,503,NORTH HARBOR DR,NIMITZ BL,0,NA,Y,A,-,N,NA,NA,NA,NA,NA,NA,NA,NA,NA,Y,4,0,1,2,A,-,12,21453,A,N,D,C,A,A,H,-,A,A,0,NA,NA,NA,NA,Y,NA,A,01,0,0,1,0,0,0,0,0,0,-,-,NA,NA,SAN DIEGO,SAN DIEGO,-117.2214126586914,32.725711822509766
9384258,2021,2021-12-28,3702,2021-11-13,0103,CV1254,NA,6,5,6,3702,0,0,0,NA,0,032,MOUNT MIGUEL RD,PLAZA PALMERA,52,W,N,A,-,N,NA,NA,NA,NA,NA,NA,NA,NA,NA,Y,3,0,1,1,A,-,08,22107,NA,N,E,I,A,A,H,-,C,D,0,NA,NA,NA,NA,Y,NA,A,01,0,1,0,0,0,0,0,0,0,-,-,NA,NA,SAN DIEGO,CHULA VISTA,-116.97801971435548,32.66994094848633
9384383,2021,2022-01-04,3711,2021-12-18,1145,SD7694,NA,6,5,7,3711,0,0,0,NA,0,115,REGENTS RD,RT 52,0,NA,Y,-,-,N,NA,NA,NA,NA,NA,NA,NA,NA,NA,Y,4,0,4,2,A,-,12,21453,A,N,-,-,A,-,-,-,A,-,0,NA,NA,NA,NA,Y,NA,A,01,0,0,4,0,0,0,0,0,0,-,-,NA,NA,SAN DIEGO,SAN DIEGO,-117.21762847900392,32.841739654541016
9384418,2021,2022-01-13,3708,2021-12-18,1801,LM1282,NA,6,5,5,3708,0,0,0,NA,0,003,EL PASO ST,JACKSON DR,0,NA,Y,A,-,N,NA,NA,NA,NA,NA,NA,NA,NA,NA,Y,3,0,2,2,A,-,09,21803,A,N,D,C,A,A,H,-,C,A,0,NA,NA,NA,NA,Y,NA,A,01,0,1,1,0,0,0,0,0,0,-,-,NA,NA,SAN DIEGO,LA MESA,-117.01840209960938,32.788143157958984
9384577,2021,2022-01-12,3711,2021-12-17,0750,SD1564,NA,5,5,7,3711,0,0,0,NA,0,826,54TH ST,TROJAN AV,0,NA,Y,A,-,N,NA,NA,NA,NA,NA,NA,NA,NA,NA,N,4,0,1,2,A,-,10,21950,A,M,A,B,B,A,H,-,-,A,0,Y,NA,NA,NA,Y,NA,-,99,0,0,1,0,1,0,0,0,0,-,-,NA,NA,SAN DIEGO,SAN DIEGO,-117.07939910888672,32.7548713684082
9384804,2021,2022-01-26,3711,2021-12-17,0105,5278,NA,5,5,7,3711,0,0,0,NA,0,232,CAMINO DEL NORTE,CARMEL MOUNTAIN RD,1485,W,N,A,-,N,NA,NA,NA,NA,NA,NA,NA,NA,NA,N,4,0,1,2,A,-,03,22350,NA,N,C,C,A,A,H,-,A,D,0,NA,NA,NA,NA,Y,NA,A,08,0,0,1,0,0,0,0,0,0,-,-,NA,NA,SAN DIEGO,SAN DIEGO,-117.07616424560548,32.9932861328125
9385245,2021,2022-01-12,3711,2021-12-27,1931,SD7965,NA,1,5,7,3711,0,0,0,NA,0,514,G ST,22ND ST,0,NA,Y,C,-,N,NA,NA,NA,NA,NA,NA,NA,NA,NA,Y,3,0,3,2,A,-,12,22450,A,N,B,C,A,A,H,-,B,D,0,NA,NA,NA,NA,Y,NA,A,01,0,1,2,0,0,0,0,0,0,-,-,NA,NA,SAN DIEGO,SAN DIEGO,-117.1439971923828,32.71266174316406
9385431,2021,2022-01-12,3702,2021-10-30,0853,CV1294,NA,6,5,6,3702,0,0,0,NA,0,042,EASTLAKE PKWY,GREENSGATE DR,743,S,N,A,-,N,NA,NA,NA,NA,NA,NA,NA,NA,NA,Y,4,0,2,2,A,-,03,22350,NA,N,B,C,A,A,H,-,A,D,0,NA,NA,NA,NA,Y,NA,A,01,0,0,2,0,0,0,0,0,0,-,-,NA,NA,SAN DIEGO,CHULA VISTA,-116.96660614013672,32.64297103881836
9386771,2021,2022-01-18,3710,2021-12-10,1700,OC1351,NA,5,5,6,3710,0,0,0,NA,0,012,OCEANSIDE BL,EL CAMINIO REAL,51,W,N,A,-,N,NA,NA,NA,NA,NA,NA,NA,NA,NA,Y,4,0,2,5,A,-,-,NA,NA,N,C,C,A,A,H,-,B,D,0,NA,NA,NA,NA,Y,NA,D,22,0,0,2,0,0,0,0,0,0,-,-,NA,NA,SAN DIEGO,OCEANSIDE,-117.33237457275392,33.201820373535156
9387423,2021,2022-01-04,3711,2021-12-01,2009,SD1582,NA,3,5,7,3711,0,0,0,NA,0,122,GARNET AV,HAINES ST,0,E,N,A,-,N,NA,NA,NA,NA,NA,NA,NA,NA,NA,N,4,0,3,2,A,-,03,22350,NA,N,C,C,A,A,H,-,C,A,0,NA,NA,NA,NA,Y,NA,A,07,0,0,3,0,0,0,0,0,0,-,-,NA,NA,SAN DIEGO,SAN DIEGO,-117.24271392822266,32.79939270019531
9387434,2021,2022-01-05,3700,2021-12-19,0525,SH3913,NA,7,5,5,3712,0,0,0,NA,0,353,KNOB HILL RD,VIA LOS ARCOS,0,NA,Y,A,-,N,NA,NA,NA,NA,NA,NA,NA,NA,NA,Y,3,0,2,2,A,-,01,23152,A,N,B,E,A,A,H,-,D,D,0,NA,NA,NA,NA,Y,Y,A,01,0,1,1,0,0,0,0,0,0,-,-,NA,NA,SAN DIEGO,SAN MARCOS,-117.12681579589844,33.14278030395508
9387512,2021,2022-02-11,3711,2021-12-03,1658,SD1524,NA,5,5,7,3711,0,0,0,NA,0,621,FRIARS RD,RT 163,350,W,N,A,-,N,NA,NA,NA,NA,NA,NA,NA,NA,NA,Y,3,0,2,4,A,-,03,22350,NA,N,C,C,A,A,H,-,B,A,0,NA,NA,NA,NA,Y,NA,A,01,0,1,1,0,0,0,0,0,0,-,NF,NA,NA,SAN DIEGO,SAN DIEGO,-117.16240692138672,32.77096176147461
9388691,2022,2022-01-28,3711,2022-01-05,1630,SD8861,NA,3,5,7,3711,0,0,0,NA,0,512,IMPERIAL AV,27TH ST,61,W,N,A,-,N,NA,NA,NA,NA,NA,NA,NA,NA,NA,Y,3,0,2,2,A,-,03,22350,NA,N,C,C,A,A,H,-,A,D,0,NA,NA,NA,NA,Y,NA,A,01,0,1,1,0,0,0,0,0,0,-,-,NA,NA,SAN DIEGO,SAN DIEGO,-117.1361846923828,32.70637130737305
9389341,2021,2022-01-27,3708,2021-12-11,0142,LM1295,NA,6,5,5,3708,0,0,0,NA,0,002,LARSEN WY,GLEN ST,84,W,N,A,-,N,NA,NA,NA,NA,NA,NA,NA,NA,NA,N,4,0,1,2,A,-,21,22106,NA,N,G,B,E,A,H,-,D,D,0,Y,NA,NA,NA,Y,NA,A,01,0,0,1,0,1,0,0,0,0,-,-,NA,NA,SAN DIEGO,LA MESA,-117.00933837890624,32.76865005493164
9390243,2021,2022-01-14,3702,2021-11-15,0647,CV1367,NA,1,5,6,3702,0,0,0,NA,0,031,PASEO RANCHERO,EAST J ST,12,S,N,A,-,N,NA,NA,NA,NA,NA,NA,NA,NA,NA,N,3,0,1,2,A,-,10,21950,A,N,G,B,C,A,H,-,A,A,0,Y,NA,NA,NA,Y,NA,A,01,0,1,0,0,1,0,0,0,0,-,-,NA,NA,SAN DIEGO,CHULA VISTA,-117.010009765625,32.63020706176758
9390244,2021,2022-01-14,3702,2021-11-15,2247,CV1297,NA,1,5,6,3702,0,0,0,NA,0,041,EAST PALOMAR ST,LA MEDIA RD,27,W,N,E,-,N,NA,NA,NA,NA,NA,NA,NA,NA,NA,Y,4,0,1,1,A,-,08,22107,NA,N,F,I,A,A,H,-,C,A,0,NA,NA,NA,NA,Y,NA,A,07,0,0,1,0,0,0,0,0,0,-,-,NA,NA,SAN DIEGO,CHULA VISTA,-116.98829650878906,32.63228225708008
9390266,2021,2022-01-13,3702,2021-11-01,1630,CV0968,NA,1,5,6,3702,0,0,0,NA,0,042,EAST PALOMAR ST,OLYMPIC PKWY,100,N,N,A,-,N,NA,NA,NA,NA,NA,NA,NA,NA,NA,Y,4,0,1,2,A,-,03,22350,NA,N,C,C,A,A,H,-,A,A,0,NA,NA,NA,NA,Y,NA,A,01,0,0,1,0,0,0,0,0,0,-,-,NA,NA,SAN DIEGO,CHULA VISTA,-116.97972106933594,32.62977600097656
9391120,2022,2022-02-03,3710,2022-01-11,1108,OC1507,NA,2,5,6,3710,0,0,0,NA,0,015,MISSION AV,COPPERWOOD WY,423,W,N,A,-,N,NA,NA,NA,NA,NA,NA,NA,NA,NA,N,3,0,1,2,A,-,03,22350,NA,N,B,G,A,A,H,-,A,D,0,NA,Y,NA,NA,Y,NA,L,04,0,1,0,0,0,0,1,0,0,-,-,NA,NA,SAN DIEGO,OCEANSIDE,-117.34224700927734,33.217655181884766
9391198,2021,2022-01-18,3711,2021-12-24,2233,SD1611,NA,5,5,7,3711,0,0,0,NA,0,821,EL CAJON BL,70TH ST,0,NA,Y,B,-,N,NA,NA,NA,NA,NA,NA,NA,NA,NA,N,4,0,1,2,A,-,22,23123,A,N,B,C,A,B,H,-,C,A,0,NA,NA,NA,NA,Y,NA,A,01,0,0,1,0,0,0,0,0,0,-,-,NA,NA,SAN DIEGO,SAN DIEGO,-117.04710388183594,32.76870346069336
9391200,2021,2022-01-18,3711,2021-12-21,1705,SD6967,NA,2,5,7,3711,0,0,0,NA,0,315,CAMINO DE LA REINA,WESTFIELD DRIVEWAY,733,E,N,A,-,N,NA,NA,NA,NA,NA,NA,NA,NA,NA,Y,4,0,1,2,A,-,09,21804,A,N,D,C,A,A,H,-,C,D,0,NA,NA,Y,NA,Y,NA,A,01,0,0,1,0,0,0,0,0,1,-,-,NA,NA,SAN DIEGO,SAN DIEGO,NA,NA
9391291,2021,2022-01-14,3702,2021-11-16,1740,CV1218,NA,2,5,6,3702,0,0,0,NA,0,022,3RD AV,L ST,1200,N,N,A,-,N,NA,NA,NA,NA,NA,NA,NA,NA,NA,Y,4,0,3,2,A,-,03,22350,NA,N,C,C,A,A,H,-,B,D,0,NA,NA,NA,NA,Y,NA,A,07,0,0,3,0,0,0,0,0,0,-,-,NA,NA,SAN DIEGO,CHULA VISTA,-117.07300567626952,32.623714447021484
9392015,2021,2022-01-24,3711,2021-12-27,1530,SD8684,NA,1,5,7,3711,0,0,0,NA,0,111,BALBOA AV,RT 805,190,W,Y,A,B,N,NA,NA,NA,NA,NA,NA,NA,NA,NA,N,4,0,1,3,A,-,03,22350,NA,N,C,C,A,A,H,-,-,A,0,NA,NA,NA,NA,Y,NA,A,01,0,0,1,0,0,0,0,0,0,-,NO,NA,NA,SAN DIEGO,SAN DIEGO,-117.16312408447266,32.821598052978516
9392247,2022,2022-02-11,3711,2022-01-02,1740,SD7425,NA,7,5,7,3711,0,0,0,NA,0,124,TORREY PINES RD,PROSPECT PL,400,N,N,A,-,N,NA,NA,NA,NA,NA,NA,NA,NA,NA,Y,3,0,1,1,A,-,03,22350,NA,N,H,I,A,A,H,-,A,D,0,NA,NA,Y,NA,Y,Y,C,02,0,1,0,0,0,0,0,0,1,-,-,NA,NA,SAN DIEGO,SAN DIEGO,-117.266357421875,32.847843170166016
9395937,2022,2022-02-25,3711,2022-01-25,0037,SD7957,NA,2,5,7,3711,0,0,0,NA,0,811,35TH ST,MADISON AV,30,N,N,A,-,N,NA,NA,NA,NA,NA,NA,NA,NA,NA,Y,4,0,1,5,A,-,08,22107,NA,N,C,C,A,A,H,-,C,D,0,NA,NA,NA,Y,Y,Y,A,01,0,0,1,0,0,0,0,0,0,-,-,NA,NA,SAN DIEGO,SAN DIEGO,-117.11813354492188,32.76103973388672
9396505,2021,2022-02-07,3709,2021-12-21,1507,NC0539,NA,2,5,5,3709,0,0,0,NA,0,021,EAST PLAZA BL,RT 805,163,W,N,A,-,N,NA,NA,NA,NA,NA,NA,NA,NA,NA,Y,4,0,2,2,A,-,04,21703,NA,N,C,D,A,A,H,-,A,A,0,NA,NA,NA,NA,Y,Y,A,01,0,0,2,0,0,0,0,0,0,-,NO,NA,NA,SAN DIEGO,NATIONAL CITY,-117.08509063720705,32.67710876464844
9396881,2021,2022-02-09,3700,2021-12-20,0717,SH0013,NA,1,5,4,3780,0,0,0,NA,0,410,POMERADO RD,LEONA WY,15,N,N,A,-,N,NA,NA,NA,NA,NA,NA,NA,NA,NA,N,2,0,1,2,A,-,08,22107,NA,N,G,B,F,A,H,-,A,D,0,Y,NA,NA,NA,Y,NA,A,01,1,0,0,0,1,0,0,0,0,-,-,NA,NA,SAN DIEGO,POWAY,-117.06246948242188,32.95689010620117
9396887,2021,2022-02-08,3705,2021-12-28,0108,EC0418,NA,2,5,5,3705,0,0,0,NA,0,002,N 2ND ST,EAST MAIN ST,5,N,N,C,-,N,NA,NA,NA,NA,NA,NA,NA,NA,NA,Y,4,0,1,2,A,-,03,22350,NA,M,C,C,A,B,H,-,C,A,0,NA,NA,NA,NA,Y,NA,A,01,0,0,1,0,0,0,0,0,0,-,-,NA,NA,SAN DIEGO,EL CAJON,-116.93582153320313,32.795562744140625
9400702,2022,2022-02-14,3702,2022-01-08,2011,CV1303,NA,6,5,6,3702,0,0,0,NA,0,041,HERITAGE RD,EAST PALOMAR ST,0,NA,Y,A,-,N,NA,NA,NA,NA,NA,NA,NA,NA,NA,Y,4,0,2,2,A,-,12,21453,A,N,A,C,A,A,H,-,C,A,0,NA,NA,NA,NA,Y,NA,A,01,0,0,2,0,0,0,0,0,0,-,-,NA,NA,SAN DIEGO,CHULA VISTA,-117.00460052490234,32.621185302734375
9402658,2022,2022-02-09,3708,2022-01-09,1624,LM1158,NA,7,5,5,3708,0,0,0,NA,0,001,EL CAJON BL,GUAVA AV,0,NA,Y,A,-,N,NA,NA,NA,NA,NA,NA,NA,NA,NA,Y,3,0,3,2,A,-,12,21453,A,N,D,C,A,A,H,-,A,A,0,NA,NA,NA,NA,Y,NA,A,01,0,1,2,0,0,0,0,0,0,-,-,NA,NA,SAN DIEGO,LA MESA,-117.02822875976563,32.768821716308594
9405051,2022,2022-02-22,3711,2022-01-28,1109,SD6882,NA,5,5,7,3711,0,0,0,NA,0,114,GENESEE AV,GENESEE AV  5376,0,NA,Y,A,-,N,NA,NA,NA,NA,NA,NA,NA,NA,NA,N,4,0,1,3,A,-,03,22350,NA,N,C,C,A,A,H,-,A,A,0,NA,NA,NA,NA,Y,NA,-,NA,0,0,1,0,0,0,0,0,0,-,-,NA,NA,SAN DIEGO,SAN DIEGO,-117.2051010131836,32.85655975341797
9406169,2022,2022-02-16,3708,2022-01-24,1636,LM1158,NA,1,5,5,3708,0,0,0,NA,0,001,SPRING ST,GATESIDE RD,325,N,N,A,-,N,NA,NA,NA,NA,NA,NA,NA,NA,NA,Y,4,0,1,2,A,-,09,21804,A,N,D,C,A,A,H,-,A,D,0,NA,NA,NA,NA,Y,NA,A,01,0,0,1,0,0,0,0,0,0,-,-,NA,NA,SAN DIEGO,LA MESA,-117.0153350830078,32.75603103637695