CASE_ID,ACCIDENT_YEAR,PROC_DATE,JURIS,COLLISION_DATE,COLLISION_TIME,OFFICER_ID,REPORTING_DISTRICT,DAY_OF_WEEK,CHP_SHIFT,POPULATION,CNTY_CITY_LOC,SPECIAL_COND,BEAT_TYPE,CHP_BEAT_TYPE,CITY_DIVISION_LAPD,CHP_BEAT_CLASS,BEAT_NUMBER,PRIMARY_RD,SECONDARY_RD,DISTANCE,DIRECTION,INTERSECTION,WEATHER_1,WEATHER_2,STATE_HWY_IND,CALTRANS_COUNTY,CALTRANS_DISTRICT,STATE_ROUTE,ROUTE_SUFFIX,POSTMILE_PREFIX,POSTMILE,LOCATION_TYPE,RAMP_INTERSECTION,SIDE_OF_HWY,TOW_AWAY,COLLISION_SEVERITY,NUMBER_KILLED,NUMBER_INJURED,PARTY_COUNT,PRIMARY_COLL_FACTOR,PCF_CODE_OF_VIOL,PCF_VIOL_CATEGORY,PCF_VIOLATION,PCF_VIOL_SUBSECTION,HIT_AND_RUN,TYPE_OF_COLLISION,MVIW,PED_ACTION,ROAD_SURFACE,ROAD_COND_1,ROAD_COND_2,LIGHTING,CONTROL_DEVICE,CHP_ROAD_TYPE,PEDESTRIAN_ACCIDENT,BICYCLE_ACCIDENT,MOTORCYCLE_ACCIDENT,TRUCK_ACCIDENT,NOT_PRIVATE_PROPERTY,ALCOHOL_INVOLVED,STWD_VEHTYPE_AT_FAULT,CHP_VEHTYPE_AT_FAULT,COUNT_SEVERE_INJ,COUNT_VISIBLE_INJ,COUNT_COMPLAINT_PAIN,COUNT_PED_KILLED,COUNT_PED_INJURED,COUNT_BICYCLIST_KILLED,COUNT_BICYCLIST_INJURED,COUNT_MC_KILLED,COUNT_MC_INJURED,PRIMARY_RAMP,SECONDARY_RAMP,LATITUDE,LONGITUDE,COUNTY,CITY,POINT_X,POINT_Y
9590607,2023,2023-07-24,3711,2023-06-02,1330,SD5072,NA,5,5,7,3711,0,0,0,NA,0,124,GIRARD AV,TORREY PINES RD,24,S,N,A,-,N,NA,NA,NA,NA,NA,NA,NA,NA,NA,Y,4,0,1,2,A,-,03,22350,NA,N,C,C,A,-,H,-,A,A,0,NA,NA,NA,NA,Y,NA,A,01,0,0,1,0,0,0,0,0,0,-,-,NA,NA,SAN DIEGO,SAN DIEGO,-117.27293395996094,32.84187698364258
9591128,2023,2023-07-13,3700,2023-05-15,1605,SH0392,NA,1,5,4,3780,0,0,0,NA,0,406,ESPOLA RD,ORCHARD BEND RD,0,NA,Y,A,-,N,NA,NA,NA,NA,NA,NA,NA,NA,NA,Y,2,0,1,2,A,-,09,21801,A,N,D,G,A,A,H,-,A,D,0,NA,Y,NA,NA,Y,NA,A,07,1,0,0,0,0,0,1,0,0,-,-,NA,NA,SAN DIEGO,POWAY,-117.033935546875,33.01860427856445
9591351,2023,2023-08-10,3711,2023-07-09,1505,SD1767,NA,7,5,7,3711,0,0,0,NA,0,512,IRVING AV,S EVANS ST,0,NA,Y,A,-,N,NA,NA,NA,NA,NA,NA,NA,NA,NA,N,3,0,1,2,A,-,12,22450,A,N,D,C,A,B,H,-,A,D,0,NA,NA,NA,NA,Y,NA,M,94,0,1,0,0,0,0,0,0,0,-,-,NA,NA,SAN DIEGO,SAN DIEGO,-117.1386489868164,32.70160675048828
9591577,2023,2023-07-19,3705,2023-05-23,1927,EC0407,NA,2,5,5,3705,0,0,0,NA,0,003,JAMACHA RD,E LEXINGTON AV,215,N,N,B,-,N,NA,NA,NA,NA,NA,NA,NA,NA,NA,N,4,0,1,2,A,-,03,22350,NA,N,C,C,A,A,H,-,B,D,0,NA,NA,NA,NA,Y,NA,D,22,0,0,1,0,0,0,0,0,0,-,-,NA,NA,SAN DIEGO,EL CAJON,-116.93411254882813,32.79292297363281
9593334,2023,2023-07-28,3711,2023-06-11,1222,SD7663,NA,7,5,7,3711,0,0,0,NA,0,111,BALBOA AV,CHARGER BL,913,E,N,B,C,N,NA,NA,NA,NA,NA,NA,NA,NA,NA,N,4,0,1,2,A,-,04,21703,NA,N,C,C,A,B,H,-,A,A,0,NA,NA,NA,NA,Y,NA,A,01,0,0,1,0,0,0,0,0,0,-,-,NA,NA,SAN DIEGO,SAN DIEGO,-117.16436767578124,32.821529388427734
9593551,2023,2023-08-24,3711,2023-06-29,2500,SD1738,NA,4,5,7,3711,0,0,0,NA,0,811,CHEROKEE AV,ADAMS AV,0,NA,Y,A,-,N,NA,NA,NA,NA,NA,NA,NA,NA,NA,Y,3,0,1,4,A,-,01,23152,A,M,B,E,A,A,H,-,C,A,0,NA,NA,NA,NA,Y,Y,A,01,0,1,0,0,0,0,0,0,0,-,-,NA,NA,SAN DIEGO,SAN DIEGO,-117.11412048339844,32.76332092285156
9593558,2023,2023-07-11,3711,2023-06-28,1420,SD6499,NA,3,5,7,3711,0,0,0,NA,0,437,BARNEY ST,LATROBE CIR,0,NA,Y,A,-,N,NA,NA,NA,NA,NA,NA,NA,NA,NA,N,3,0,1,2,A,-,09,21801,A,N,D,C,A,A,H,-,A,D,0,NA,NA,NA,NA,Y,NA,A,01,0,1,0,0,0,0,0,0,0,-,-,NA,NA,SAN DIEGO,SAN DIEGO,-117.03845977783205,32.685543060302734
9593851,2023,2023-07-18,3703,2023-06-24,1722,1426,2,6,5,3,3703,0,0,0,NA,0,002,ORANGE AV,LOMA AV,0,NA,Y,A,-,N,NA,NA,NA,NA,NA,NA,NA,NA,NA,N,3,0,1,2,A,-,09,21804,A,N,D,C,A,A,H,-,A,D,0,NA,NA,NA,NA,Y,NA,A,01,0,1,0,0,0,0,0,0,0,-,-,32.68360137939453,-117.1789093017578,SAN DIEGO,CORONADO,-117.17891693115234,32.68360900878906
9594764,2023,2023-07-31,3700,2023-05-28,2148,SH0484,NA,7,5,5,3713,0,0,0,NA,0,316,SOUTH SANTA FE AV,MAR VISTA DR,204,S,N,A,-,N,NA,NA,NA,NA,NA,NA,NA,NA,NA,Y,3,0,1,1,A,-,01,23152,A,N,E,I,A,A,H,-,C,A,0,NA,NA,NA,NA,Y,Y,A,01,0,1,0,0,0,0,0,0,0,-,-,NA,NA,SAN DIEGO,VISTA,-117.22296905517578,33.18462371826172
9595113,2023,2023-07-25,3700,2023-06-28,1912,SH0012,NA,3,5,2,3704,0,0,0,NA,0,294,EL AMIGO RD,CAMINO DEL MAR,24,S,N,A,-,N,NA,NA,NA,NA,NA,NA,NA,NA,NA,Y,4,0,3,3,A,-,03,22350,NA,N,C,C,A,A,H,-,B,A,0,NA,NA,NA,NA,Y,NA,A,01,0,0,3,0,0,0,0,0,0,-,-,NA,NA,SAN DIEGO,DEL MAR,-117.26132202148438,32.94916915893555
9595114,2023,2023-07-20,3700,2023-06-19,1719,SH0084,NA,1,5,3,3783,0,0,0,NA,0,271,VIA DE LA VALLE,JIMMY DURANTE,320,W,N,A,-,N,NA,NA,NA,NA,NA,NA,NA,NA,NA,N,4,0,2,2,A,-,03,22350,NA,N,C,C,A,A,H,-,A,D,0,NA,NA,NA,NA,Y,NA,A,01,0,0,2,0,0,0,0,0,0,-,-,NA,NA,SAN DIEGO,SOLANA BEACH,NA,NA
9598486,2023,2023-08-07,3711,2023-07-01,1520,SD7520,NA,6,5,7,3711,0,0,0,NA,0,512,19TH ST,COMMERCIAL ST,0,NA,Y,A,-,N,NA,NA,NA,NA,NA,NA,NA,NA,NA,N,3,0,1,2,A,-,08,22107,NA,N,D,G,A,A,H,-,A,A,0,NA,Y,NA,NA,Y,NA,A,01,0,1,0,0,0,0,1,0,0,-,-,NA,NA,SAN DIEGO,SAN DIEGO,-117.1467056274414,32.70525360107422
9598818,2024,2024-04-03,3711,2024-01-08,1018,SD8503,NA,1,5,7,3711,0,0,0,NA,0,521,16TH ST,MARKET ST,5,N,N,A,-,N,NA,NA,NA,NA,NA,NA,NA,NA,NA,N,4,0,1,2,A,-,10,21950,A,N,G,B,B,A,H,-,A,A,0,Y,NA,NA,NA,Y,Y,A,01,0,0,1,0,1,0,0,0,0,-,-,NA,NA,SAN DIEGO,SAN DIEGO,-117.14945220947266,32.711544036865234
9599838,2023,2023-08-10,3711,2023-07-10,1627,SD7066,NA,1,5,7,3711,0,0,0,NA,0,243,MIRAMAR RD,CABOT DR,0,NA,Y,A,-,N,NA,NA,NA,NA,NA,NA,NA,NA,NA,Y,4,0,1,2,A,-,12,21453,A,N,D,C,A,A,H,-,A,A,0,NA,NA,NA,NA,Y,NA,A,01,0,0,1,0,0,0,0,0,0,-,-,NA,NA,SAN DIEGO,SAN DIEGO,-117.14278411865234,32.88977813720703
9600168,2023,2023-10-17,3711,2023-07-26,1648,SD7720,NA,3,5,7,3711,0,0,0,NA,0,713,SIEMPRE VIVA RD,RT 905,0,NA,N,A,-,Y,SD,11,905,-,R,11.153,R,4,E,N,4,0,1,3,A,-,03,22350,NA,N,C,C,A,A,H,-,A,A,0,NA,NA,NA,Y,Y,NA,G,25,0,0,1,0,0,0,0,0,0,-,EF,NA,NA,SAN DIEGO,SAN DIEGO,-116.94219970703124,32.55783462524414
9600511,2023,2023-08-07,3709,2023-07-01,34,NC0530,NA,6,5,5,3709,0,0,0,NA,0,024,EAST 24TH ST,NATIONAL CITY BL,0,NA,Y,A,-,N,NA,NA,NA,NA,NA,NA,NA,NA,NA,Y,3,0,4,3,A,-,01,23153,A,N,D,C,A,A,H,-,C,A,0,NA,NA,NA,NA,Y,Y,A,01,0,3,1,0,0,0,0,0,0,-,-,NA,NA,SAN DIEGO,NATIONAL CITY,-117.10163116455078,32.662025451660156
9600827,2023,2023-08-03,3711,2023-07-21,2225,SD7738,NA,5,5,7,3711,0,0,0,NA,0,122,PACIFIC BEACH DR,FANUEL ST,131,W,N,B,-,N,NA,NA,NA,NA,NA,NA,NA,NA,NA,Y,4,0,1,2,A,-,08,22107,NA,N,B,E,A,A,H,-,C,D,0,NA,NA,NA,NA,Y,Y,A,01,0,0,1,0,0,0,0,0,0,-,-,NA,NA,SAN DIEGO,SAN DIEGO,-117.24504089355467,32.792850494384766
9600888,2023,2023-08-08,3711,2023-07-14,1842,SD1735,NA,5,5,7,3711,0,0,0,NA,0,122,PACIFIC BEACH DR,GRESHAM ST,0,NA,Y,A,-,N,NA,NA,NA,NA,NA,NA,NA,NA,NA,Y,3,0,1,2,A,-,09,21800,A,N,D,C,A,A,H,-,A,A,0,NA,NA,NA,NA,Y,NA,A,01,0,1,0,0,0,0,0,0,0,-,-,NA,NA,SAN DIEGO,SAN DIEGO,-117.24280548095705,32.79335403442383
9601078,2023,2023-08-08,3711,2023-07-04,203,SD7563,NA,2,5,7,3711,0,0,0,NA,0,521,G ST,10TH AV,35,E,N,A,-,N,NA,NA,NA,NA,NA,NA,NA,NA,NA,N,4,0,1,2,A,-,12,21453,A,N,D,C,A,A,H,-,C,A,0,NA,NA,NA,NA,Y,NA,A,01,0,0,1,0,0,0,0,0,0,-,-,NA,NA,SAN DIEGO,SAN DIEGO,-117.15546417236328,32.71259307861328
9601269,2023,2023-08-22,3710,2023-07-29,2120,OC1541,NA,6,5,6,3710,0,0,0,NA,0,010,RT 56,LORETTA ST,1300,W,N,A,-,Y,SD,11,76,-,R,0.23,H,-,E,N,4,0,1,2,A,-,00,21960,A,N,D,G,A,A,H,-,C,D,0,NA,Y,NA,NA,Y,NA,L,04,0,0,1,0,0,0,1,0,0,NF,-,NA,NA,SAN DIEGO,OCEANSIDE,-117.38131713867188,33.207786560058594
9601513,2023,2023-08-31,3711,2023-08-07,1135,SD1042,NA,1,5,7,3711,0,0,0,NA,0,115,NOBEL DR,RT 805,0,NA,Y,A,-,Y,SD,11,805,-,-,25.126,R,4,N,Y,3,0,3,2,D,-,00,NA,NA,N,D,C,A,A,H,-,A,A,0,NA,NA,NA,NA,Y,NA,-,-,0,2,1,0,0,0,0,0,0,-,NF,NA,NA,SAN DIEGO,SAN DIEGO,-117.1911163330078,32.865928649902344
9602361,2023,2023-08-14,3711,2023-08-04,2104,SD7942,NA,5,5,7,3711,0,0,0,NA,0,721,PALM AV,16TH ST,600,W,N,A,-,N,NA,NA,NA,NA,NA,NA,NA,NA,NA,Y,3,0,1,3,A,-,08,22107,NA,N,B,C,A,A,H,-,D,D,0,NA,NA,Y,NA,Y,NA,C,02,0,1,0,0,0,0,0,0,1,-,-,NA,NA,SAN DIEGO,SAN DIEGO,-117.1014404296875,32.58378982543945
9602377,2023,2023-08-14,3711,2023-08-02,1800,SD1566,NA,3,5,7,3711,0,0,0,NA,0,822,58TH ST,UNIVERSITY AV,275,N,N,A,B,N,NA,NA,NA,NA,NA,NA,NA,NA,NA,N,4,0,1,2,A,-,09,21804,A,N,D,C,A,A,H,-,A,A,0,NA,NA,NA,NA,Y,NA,A,01,0,0,1,0,0,0,0,0,0,-,-,NA,NA,SAN DIEGO,SAN DIEGO,-117.0731201171875,32.749839782714844
9603094,2023,2023-08-04,3711,2023-06-06,1412,SD7839,NA,2,5,7,3711,0,0,0,NA,0,615,CATALINA BL,TALBOT ST,0,NA,Y,A,-,N,NA,NA,NA,NA,NA,NA,NA,NA,NA,Y,2,0,2,2,A,-,09,21801,A,N,A,C,A,A,H,-,A,A,0,NA,NA,Y,NA,Y,NA,A,01,2,0,0,0,0,0,0,0,1,-,-,NA,NA,SAN DIEGO,SAN DIEGO,-117.24564361572266,32.7226676940918
9603110,2023,2023-07-27,3702,2023-06-19,1217,CV1252,NA,1,5,6,3702,0,0,0,NA,0,041,SANTA IVY AV,SANTA DIANA RD,0,NA,Y,A,-,N,NA,NA,NA,NA,NA,NA,NA,NA,NA,N,3,0,2,2,A,-,12,22450,NA,N,D,C,A,A,H,-,A,D,0,NA,NA,NA,NA,Y,NA,A,01,0,1,1,0,0,0,0,0,0,-,-,NA,NA,SAN DIEGO,CHULA VISTA,-116.99429321289063,32.61497497558594
9603527,2023,2023-08-14,3702,2023-07-11,2138,CV1308,NA,2,5,6,3702,0,0,0,NA,0,022,FOURTH AV,OXNARD ST,0,NA,Y,A,-,N,NA,NA,NA,NA,NA,NA,NA,NA,NA,N,4,0,8,2,A,-,12,21453,A,N,D,C,A,A,H,-,C,A,0,NA,NA,NA,NA,Y,NA,A,07,0,0,8,0,0,0,0,0,0,-,-,NA,NA,SAN DIEGO,CHULA VISTA,NA,NA
9604561,2023,2023-08-17,3702,2023-07-07,2204,CV1245,NA,5,5,6,3702,0,0,0,NA,0,011,E ST,BROADWAY,0,NA,Y,A,-,N,NA,NA,NA,NA,NA,NA,NA,NA,NA,Y,4,0,2,2,A,-,01,23152,A,N,D,C,A,A,H,-,C,A,0,NA,NA,NA,NA,Y,Y,D,22,0,0,2,0,0,0,0,0,0,-,-,NA,NA,SAN DIEGO,CHULA VISTA,-117.09351348876952,32.64131546020508
9605073,2023,2024-01-26,3711,2023-12-30,820,SD6614,NA,6,5,7,3711,0,0,0,NA,0,113,BALBOA AV,MOUNT CULEBRA AV,1000,W,N,C,-,N,NA,NA,NA,NA,NA,NA,NA,NA,NA,Y,4,0,1,1,A,-,03,22350,NA,N,A,I,A,B,G,-,A,D,0,NA,NA,NA,NA,Y,NA,A,01,0,0,1,0,0,0,0,0,0,-,-,NA,NA,SAN DIEGO,SAN DIEGO,-117.19137573242188,32.815948486328125
9605556,2023,2023-08-08,3700,2023-06-17,2128,SH3197,NA,6,5,5,3712,0,0,0,NA,0,360,SAN MARCOS BL,RT 78,0,NA,Y,A,-,N,NA,NA,NA,NA,NA,NA,NA,NA,NA,Y,4,0,2,2,A,-,12,21453,A,N,D,C,A,A,H,-,C,A,0,NA,NA,NA,NA,Y,NA,A,01,0,0,2,0,0,0,0,0,0,-,EF,NA,NA,SAN DIEGO,SAN MARCOS,-117.17607879638672,33.1378288269043
9606336,2023,2023-08-14,3711,2023-06-23,1650,SD7461,NA,5,5,7,3711,0,0,0,NA,0,627,6TH AV,6TH AV 3800,0,NA,N,A,-,N,NA,NA,NA,NA,NA,NA,NA,NA,NA,N,2,0,1,2,A,-,10,21950,A,F,G,B,B,A,H,-,A,A,0,Y,NA,NA,NA,Y,Y,-,NA,1,0,0,0,1,0,0,0,0,-,-,NA,NA,SAN DIEGO,SAN DIEGO,-117.07826232910156,33.11714553833008
9606546,2023,2023-09-29,3711,2023-08-23,1444,SD1239,NA,3,5,7,3711,0,0,0,NA,0,511,NEWTON AV,CESAR CHAVEZ PKWY,0,NA,Y,A,-,N,NA,NA,NA,NA,NA,NA,NA,NA,NA,N,4,0,1,2,A,-,09,21801,A,N,A,C,A,A,H,-,A,D,0,NA,NA,NA,NA,Y,Y,A,01,0,0,1,0,0,0,0,0,0,-,-,NA,NA,SAN DIEGO,SAN DIEGO,-117.14582061767578,32.69984436035156
9606806,2023,2023-10-13,3711,2023-08-20,612,SD1323,NA,7,5,7,3711,0,0,0,NA,0,451,54TH ST,54TH ST 2500,0,NA,Y,B,C,N,NA,NA,NA,NA,NA,NA,NA,NA,NA,Y,3,0,1,3,A,-,07,21658,A,N,F,E,A,B,H,-,B,D,0,NA,NA,NA,NA,Y,Y,-,NA,0,1,0,0,0,0,0,0,0,-,-,NA,NA,SAN DIEGO,SAN DIEGO,-117.07946014404295,32.750999450683594
9606813,2023,2023-10-13,3711,2023-08-18,2200,SD1611,NA,5,5,7,3711,0,0,0,NA,0,315,FRAZEE RD,FRIARS RD,0,NA,Y,A,-,N,NA,NA,NA,NA,NA,NA,NA,NA,NA,N,4,0,1,2,A,-,11,21955,NA,M,G,B,D,A,H,-,C,D,0,Y,NA,NA,NA,Y,Y,N,60,0,0,1,0,1,0,0,0,0,-,-,NA,NA,SAN DIEGO,SAN DIEGO,-117.1574935913086,32.772682189941406
9606831,2023,2023-10-05,3711,2023-08-03,1752,SD1634,NA,4,5,7,3711,0,0,0,NA,0,526,1ST AV,CEDAR ST,0,NA,Y,A,-,N,NA,NA,NA,NA,NA,NA,NA,NA,NA,N,3,0,2,3,A,-,11,21106,B,N,B,B,D,A,H,-,C,A,0,Y,NA,NA,NA,Y,NA,N,60,0,1,1,0,2,0,0,0,0,-,-,NA,NA,SAN DIEGO,SAN DIEGO,-117.16385650634766,32.72201156616211
9606846,2023,2023-09-12,3711,2023-08-27,1148,SD6905,NA,7,5,7,3711,0,0,0,NA,0,838,36TH ST,36TH ST 4000,0,NA,-,A,-,N,NA,NA,NA,NA,NA,NA,NA,NA,NA,N,4,0,1,2,A,-,21,22106,NA,N,-,-,A,A,H,-,A,-,0,NA,NA,NA,NA,Y,NA,-,NA,0,0,1,0,0,0,0,0,0,-,-,NA,NA,SAN DIEGO,SAN DIEGO,-117.1168212890625,32.704830169677734
9607047,2023,2023-09-08,3711,2023-07-27,1344,SD7042,NA,4,5,7,3711,0,0,0,NA,0,931,VISTA SORRENTO PKWY,LUSK BL,601,S,N,A,-,N,NA,NA,NA,NA,NA,NA,NA,NA,NA,N,2,0,1,2,A,-,09,21801,A,N,D,C,A,A,H,-,A,D,0,NA,NA,Y,NA,Y,NA,A,01,1,0,0,0,0,0,0,0,1,-,-,NA,NA,SAN DIEGO,SAN DIEGO,-117.21639251708984,32.897315979003906
9607053,2023,2023-09-08,3700,2023-07-09,135,SH3095,NA,7,5,5,3781,0,0,0,NA,0,510,CARLTON HILLS BL,CARLTON OAKS DR,38,N,N,A,-,N,NA,NA,NA,NA,NA,NA,NA,NA,NA,Y,4,0,1,1,A,-,01,23152,A,M,E,I,A,A,H,-,C,D,0,NA,NA,NA,NA,Y,Y,A,01,0,0,1,0,0,0,0,0,0,-,-,NA,NA,SAN DIEGO,SANTEE,-116.99839019775392,32.84571075439453
9607478,2023,2023-10-12,3711,2023-09-11,1145,SD5985,NA,1,5,7,3711,0,0,0,NA,0,626,MCKEE ST,SAN DIEGO  AV,0,NA,Y,B,-,N,NA,NA,NA,NA,NA,NA,NA,NA,NA,Y,4,0,1,2,A,-,12,22450,A,N,B,C,A,A,H,-,A,A,0,NA,NA,NA,NA,Y,NA,A,01,0,0,1,0,0,0,0,0,0,-,-,NA,NA,SAN DIEGO,SAN DIEGO,-117.18309783935548,32.74331283569336
9608730,2023,2023-08-25,3711,2023-08-11,733,SD7364,NA,5,5,7,3711,0,0,0,NA,0,824,FAIRMOUNT AV,EL CAJON BL,10,S,N,B,-,N,NA,NA,NA,NA,NA,NA,NA,NA,NA,N,3,0,1,2,A,-,12,21453,A,M,D,G,A,A,-,-,A,A,0,NA,Y,NA,NA,Y,NA,-,NA,0,1,0,0,0,0,1,0,0,-,-,NA,NA,SAN DIEGO,SAN DIEGO,-117.100830078125,32.755043029785156
9608801,2023,2023-08-22,3700,2023-03-17,755,SH7085,NA,5,5,5,3713,0,0,0,NA,0,308,WEST VISTA WY,HUFF ST,0,NA,Y,A,-,N,NA,NA,NA,NA,NA,NA,NA,NA,NA,Y,4,0,1,2,A,-,-,NA,NA,N,D,C,A,A,H,-,A,A,0,NA,NA,Y,NA,Y,NA,C,02,0,0,1,0,0,0,0,0,1,-,-,NA,NA,SAN DIEGO,VISTA,-117.27706146240234,33.18955993652344
9609304,2023,2023-09-11,3705,2023-07-14,705,EC0397,NA,5,5,5,3705,0,0,0,NA,0,004,AVOCADO BL,WASHINGTON AV,29,S,N,A,-,N,NA,NA,NA,NA,NA,NA,NA,NA,NA,Y,4,0,1,2,A,-,12,21453,A,N,D,C,A,A,H,-,A,A,0,NA,NA,NA,NA,Y,NA,A,01,0,0,1,0,0,0,0,0,0,-,-,NA,NA,SAN DIEGO,EL CAJON,-116.95768737792967,32.78757095336914
9609305,2023,2023-08-31,3705,2023-07-17,1110,EC0383,NA,1,5,5,3705,0,0,0,NA,0,001,EL CAJON BL,RICHFIELD AV,0,NA,Y,A,-,N,NA,NA,NA,NA,NA,NA,NA,NA,NA,Y,4,0,2,2,A,-,03,22350,NA,N,D,C,A,A,D,-,A,D,0,NA,NA,NA,NA,Y,NA,A,01,0,0,2,0,0,0,0,0,0,-,-,NA,NA,SAN DIEGO,EL CAJON,-116.97277069091795,32.78994369506836
9609777,2023,2023-08-25,3700,2023-07-05,2118,SH0876,NA,3,5,5,3713,0,0,0,NA,0,319,SOUTH MELROSE DR,SYCAMORE AV,0,NA,Y,A,-,N,NA,NA,NA,NA,NA,NA,NA,NA,NA,Y,4,0,2,2,A,-,09,21453,C,N,A,C,A,A,H,-,C,A,0,NA,NA,NA,NA,Y,NA,A,01,0,0,2,0,0,0,0,0,0,-,-,NA,NA,SAN DIEGO,VISTA,-117.24130249023438,33.14531707763672
9611063,2023,2023-11-18,3711,2023-09-06,1521,SD1762,NA,3,5,7,3711,0,0,0,NA,0,451,COLLEGE GROVE DR,GEORGE STEVENS DR,0,NA,Y,A,-,N,NA,NA,NA,NA,NA,NA,NA,NA,NA,N,4,0,1,2,A,-,03,22350,NA,M,C,C,A,A,H,-,A,A,0,NA,NA,Y,NA,Y,Y,-,99,0,0,1,0,0,0,0,0,1,-,-,NA,NA,SAN DIEGO,SAN DIEGO,NA,NA
9611068,2023,2023-11-18,3711,2023-09-05,1018,SD6104,NA,2,5,7,3711,0,0,0,NA,0,822,EL CAJON BL,60TH ST,32,W,N,B,-,N,NA,NA,NA,NA,NA,NA,NA,NA,NA,Y,3,0,2,2,A,-,08,22100,B,N,D,C,A,A,H,-,A,D,0,NA,NA,NA,NA,Y,NA,A,01,0,1,1,0,0,0,0,0,0,-,-,NA,NA,SAN DIEGO,SAN DIEGO,-117.06883239746094,32.760498046875
9611070,2023,2023-11-18,3711,2023-09-02,1137,SD5939,NA,6,5,7,3711,0,0,0,NA,0,613,NIMITZ BL,FAMOUSA BLVD,600,N,N,C,-,N,NA,NA,NA,NA,NA,NA,NA,NA,NA,N,4,0,1,1,A,-,08,22107,NA,N,E,I,A,B,H,-,A,D,0,NA,Y,NA,NA,Y,NA,L,04,0,0,1,0,0,0,1,0,0,-,-,NA,NA,SAN DIEGO,SAN DIEGO,-117.23377227783205,32.746116638183594
9611304,2023,2023-10-24,3708,2023-09-02,9,LM1259,NA,6,5,5,3708,0,0,0,NA,0,001,UNIVERSITY AV,UNIVERSITY AV 7126,0,NA,N,A,-,N,NA,NA,NA,NA,NA,NA,NA,NA,NA,N,3,0,1,1,A,-,01,23152,A,N,H,A,A,A,H,-,C,D,0,NA,NA,Y,NA,Y,Y,O,05,0,1,0,0,0,0,0,0,1,-,-,NA,NA,SAN DIEGO,LA MESA,-117.02466583251952,32.76645278930664
9611522,2023,2023-09-01,3711,2023-08-06,2347,SD1609,NA,7,5,7,3711,0,0,0,NA,0,723,HOWARD AV,IRIS AV,0,NA,Y,A,-,N,NA,NA,NA,NA,NA,NA,NA,NA,NA,N,4,0,1,2,A,-,08,22107,NA,N,G,B,B,A,H,-,C,A,0,Y,NA,NA,NA,Y,NA,-,NA,0,0,1,0,1,0,0,0,0,-,-,NA,NA,SAN DIEGO,SAN DIEGO,-117.06674194335938,32.56909942626953
9611668,2023,2023-09-12,3705,2023-05-29,1223,EC0424,NA,1,5,5,3705,0,0,0,NA,0,002,ROANOKE,PARK,388,S,N,B,-,N,NA,NA,NA,NA,NA,NA,NA,NA,NA,Y,4,0,1,2,A,-,-,NA,NA,N,B,C,A,A,H,-,A,D,0,NA,NA,NA,NA,Y,NA,-,-,0,0,1,0,0,0,0,0,0,-,-,NA,NA,SAN DIEGO,EL CAJON,-116.95490264892578,32.797279357910156
9612212,2023,2023-09-15,3711,2023-08-30,1145,SD5700,NA,3,5,7,3711,0,0,0,NA,0,529,1ST AV,1ST AV 1900,0,NA,Y,A,-,N,NA,NA,NA,NA,NA,NA,NA,NA,NA,Y,3,0,1,1,A,-,03,22350,NA,N,H,J,A,A,H,-,A,D,0,NA,NA,Y,NA,Y,NA,C,02,0,1,0,0,0,0,0,0,1,-,-,NA,NA,SAN DIEGO,SAN DIEGO,-117.19583892822266,32.70886993408203
9612289,2023,2023-09-20,3702,2023-08-19,1614,CV1377,NA,6,5,6,3702,0,0,0,NA,0,013,K ST,MADISON AV,177,E,N,A,B,N,NA,NA,NA,NA,NA,NA,NA,NA,NA,Y,3,0,2,2,A,-,08,22107,NA,N,C,E,A,A,H,-,A,D,0,NA,NA,NA,Y,Y,NA,A,01,0,1,1,0,0,0,0,0,0,-,-,NA,NA,SAN DIEGO,CHULA VISTA,-117.08694458007813,32.62017822265625
9612712,2023,2023-09-06,3711,2023-08-08,925,SD1861,NA,2,5,7,3711,0,0,0,NA,0,615,NIMITZ BL,SHAFTER ST,190,E,N,A,-,N,NA,NA,NA,NA,NA,NA,NA,NA,NA,N,3,0,1,2,A,-,03,22350,NA,N,C,C,A,A,H,-,A,D,0,NA,NA,NA,NA,Y,NA,A,01,0,1,0,0,0,0,0,0,0,-,-,NA,NA,SAN DIEGO,SAN DIEGO,-117.22332000732422,32.72707748413086
9613809,2023,2023-08-31,3711,2023-08-16,1435,SD5072,NA,3,5,7,3711,0,0,0,NA,0,122,ROSEWOOD ST,MISSION BAY DR,42,E,N,A,-,N,NA,NA,NA,NA,NA,NA,NA,NA,NA,N,4,0,2,2,A,-,03,22350,NA,N,C,C,A,A,H,-,A,A,0,NA,NA,NA,NA,Y,NA,A,01,0,0,2,0,0,0,0,0,0,-,-,NA,NA,SAN DIEGO,SAN DIEGO,-117.2135772705078,32.800621032714844
9614175,2023,2023-10-26,3711,2023-09-17,1205,SD8334,NA,7,5,7,3711,0,0,0,NA,0,434,JAMACHA RD,CARDIFF ST,1100,NA,N,B,-,N,NA,NA,NA,NA,NA,NA,NA,NA,NA,N,4,0,1,2,A,-,21,22106,NA,N,C,C,A,A,H,-,A,A,0,NA,NA,NA,NA,Y,NA,D,22,0,0,1,0,0,0,0,0,0,-,-,NA,NA,SAN DIEGO,SAN DIEGO,-117.02586364746094,32.71780776977539
9614323,2023,2023-10-02,3706,2023-08-22,1354,SD7839,NA,2,5,6,3706,0,0,0,NA,0,235,SAN PASQUAL RD,VIENTO VALLEY,716,W,N,A,-,N,NA,NA,NA,NA,NA,NA,NA,NA,NA,Y,2,0,2,2,A,-,05,21651,A,N,A,C,A,A,H,-,A,D,0,NA,NA,Y,NA,Y,NA,C,02,1,1,0,0,0,0,0,0,1,-,-,NA,NA,SAN DIEGO,ESCONDIDO,-117.02928924560548,33.0855712890625