CASE_ID,ACCIDENT_YEAR,PROC_DATE,JURIS,COLLISION_DATE,COLLISION_TIME,OFFICER_ID,REPORTING_DISTRICT,DAY_OF_WEEK,CHP_SHIFT,POPULATION,CNTY_CITY_LOC,SPECIAL_COND,BEAT_TYPE,CHP_BEAT_TYPE,CITY_DIVISION_LAPD,CHP_BEAT_CLASS,BEAT_NUMBER,PRIMARY_RD,SECONDARY_RD,DISTANCE,DIRECTION,INTERSECTION,WEATHER_1,WEATHER_2,STATE_HWY_IND,CALTRANS_COUNTY,CALTRANS_DISTRICT,STATE_ROUTE,ROUTE_SUFFIX,POSTMILE_PREFIX,POSTMILE,LOCATION_TYPE,RAMP_INTERSECTION,SIDE_OF_HWY,TOW_AWAY,COLLISION_SEVERITY,NUMBER_KILLED,NUMBER_INJURED,PARTY_COUNT,PRIMARY_COLL_FACTOR,PCF_CODE_OF_VIOL,PCF_VIOL_CATEGORY,PCF_VIOLATION,PCF_VIOL_SUBSECTION,HIT_AND_RUN,TYPE_OF_COLLISION,MVIW,PED_ACTION,ROAD_SURFACE,ROAD_COND_1,ROAD_COND_2,LIGHTING,CONTROL_DEVICE,CHP_ROAD_TYPE,PEDESTRIAN_ACCIDENT,BICYCLE_ACCIDENT,MOTORCYCLE_ACCIDENT,TRUCK_ACCIDENT,NOT_PRIVATE_PROPERTY,ALCOHOL_INVOLVED,STWD_VEHTYPE_AT_FAULT,CHP_VEHTYPE_AT_FAULT,COUNT_SEVERE_INJ,COUNT_VISIBLE_INJ,COUNT_COMPLAINT_PAIN,COUNT_PED_KILLED,COUNT_PED_INJURED,COUNT_BICYCLIST_KILLED,COUNT_BICYCLIST_INJURED,COUNT_MC_KILLED,COUNT_MC_INJURED,PRIMARY_RAMP,SECONDARY_RAMP,LATITUDE,LONGITUDE,COUNTY,CITY,POINT_X,POINT_Y
9722265,2024,2024-09-16,3705,2024-07-01,1415,EC0383,NA,1,5,5,3705,0,0,0,NA,0,003,JAMACHA RD,GRANITE HILLS DR,0,NA,N,A,-,N,NA,NA,NA,NA,NA,NA,NA,NA,NA,N,2,0,1,2,A,-,03,22350,NA,N,C,C,A,A,H,-,A,D,0,NA,NA,NA,NA,Y,NA,A,07,1,0,0,0,0,0,0,0,0,-,-,NA,NA,SAN DIEGO,EL CAJON,-116.92792510986328,32.7852897644043
9724407,2024,2024-09-06,3711,2024-07-15,1947,SD1265,NA,1,5,7,3711,0,0,0,NA,0,124,TORREY PINES RD,TORREY PINES RD (3200),0,NA,Y,A,-,N,NA,NA,NA,NA,NA,NA,NA,NA,NA,N,3,0,1,1,A,-,08,22107,NA,N,E,I,A,A,H,-,A,D,0,NA,NA,Y,NA,Y,NA,C,02,0,1,0,0,0,0,0,0,1,-,-,NA,NA,SAN DIEGO,SAN DIEGO,NA,NA
9724438,2024,2024-08-21,3711,2024-07-22,2129,SD1269,NA,1,5,7,3711,0,0,0,NA,0,122,OLIVER AVE,NOYES ST,150,E,N,A,-,N,NA,NA,NA,NA,NA,NA,NA,NA,NA,Y,3,0,1,3,A,-,01,23152,A,N,D,E,A,A,H,-,C,D,0,NA,NA,NA,NA,Y,Y,A,01,0,1,0,0,0,0,0,0,0,-,-,NA,NA,SAN DIEGO,SAN DIEGO,-117.22972869873048,32.79712677001953
9724758,2024,2024-08-27,3711,2024-07-26,1730,SD7864,NA,5,5,7,3711,0,0,0,NA,0,115,EASTGATE MALL,GENESEE AV,200,E,N,A,-,N,NA,NA,NA,NA,NA,NA,NA,NA,NA,Y,3,0,1,2,A,-,09,21804,A,N,F,C,A,A,H,-,A,A,0,NA,NA,NA,Y,Y,NA,A,01,0,1,0,0,0,0,0,0,0,-,-,NA,NA,SAN DIEGO,SAN DIEGO,-117.21350860595705,32.877716064453125
9725799,2024,2024-09-03,3711,2024-08-06,704,SD5300,NA,2,5,7,3711,0,0,0,NA,0,115,RADCLIFFE DR,GOVERNOR DR,0,NA,Y,A,-,N,NA,NA,NA,NA,NA,NA,NA,NA,NA,N,3,0,1,2,A,-,12,21453,A,N,D,C,A,A,H,-,A,A,0,NA,NA,NA,NA,Y,NA,A,07,0,1,0,0,0,0,0,0,0,-,-,NA,NA,SAN DIEGO,SAN DIEGO,-117.20597839355467,32.85449981689453
9726313,2024,2024-08-27,3711,2024-07-26,2103,SD4310,NA,5,5,7,3711,0,0,0,NA,0,515,HENSLEY ST,IMPERIAL AV,23,S,N,A,-,N,NA,NA,NA,NA,NA,NA,NA,NA,NA,N,3,0,1,2,A,-,11,21954,A,F,G,B,A,A,H,-,C,D,0,NA,NA,NA,NA,Y,Y,-,NA,0,1,0,0,0,0,0,0,0,-,-,NA,NA,SAN DIEGO,SAN DIEGO,-117.13458251953124,32.70631790161133
9726321,2024,2024-09-26,3711,2024-07-30,1730,SD8334,NA,2,5,7,3711,0,0,0,NA,0,311,FRIARS RD,RT 15,0,NA,N,A,-,N,NA,NA,NA,NA,NA,NA,NA,NA,NA,N,4,0,1,3,D,-,00,NA,NA,N,C,C,A,A,H,-,A,D,0,NA,NA,NA,NA,Y,NA,-,-,0,0,1,0,0,0,0,0,0,-,-,NA,NA,SAN DIEGO,SAN DIEGO,NA,NA
9726344,2024,2024-08-30,3702,2024-07-30,215,CV1502,NA,2,5,6,3702,0,0,0,NA,0,011,BROADWAY AV,C ST,50,S,N,A,-,N,NA,NA,NA,NA,NA,NA,NA,NA,NA,Y,4,0,1,2,A,-,03,22350,NA,N,C,C,A,A,H,-,C,A,0,NA,NA,NA,NA,Y,NA,A,01,0,0,1,0,0,0,0,0,0,-,-,NA,NA,SAN DIEGO,CHULA VISTA,-117.09613037109376,32.648109436035156
9726410,2024,2024-10-17,3711,2024-08-16,1428,SD6999,NA,5,5,7,3711,0,0,0,NA,0,122,MISSION BAY DR,RT 56,0,NA,Y,A,-,Y,SD,11,5,-,R,22.745,R,4,S,Y,3,0,2,2,A,-,09,21800,A,N,D,C,A,A,H,-,A,A,0,NA,NA,NA,NA,Y,NA,A,01,0,1,1,0,0,0,0,0,0,-,SO,NA,NA,SAN DIEGO,SAN DIEGO,-117.2099380493164,32.79724884033203
9726984,2024,2024-12-16,3700,2024-10-11,1001,SH6319,NA,5,5,4,3720,0,0,0,NA,0,602,BROADWAY,WEST ST,105,W,N,A,-,N,NA,NA,NA,NA,NA,NA,NA,NA,NA,N,4,0,1,2,A,-,08,22107,NA,F,B,C,A,A,H,-,A,A,0,NA,NA,NA,NA,Y,Y,-,NA,0,0,1,0,0,0,0,0,0,-,-,NA,NA,SAN DIEGO,LEMON GROVE,-117.03884887695313,32.7425422668457
9726986,2024,2024-12-09,3705,2024-10-26,1305,EC0431,NA,6,5,5,3705,0,0,0,NA,0,002,2ND ST,MADISON AV,394,S,N,A,-,N,NA,NA,NA,NA,NA,NA,NA,NA,NA,Y,3,0,1,2,A,-,09,21801,A,N,D,C,A,A,H,-,A,D,0,NA,NA,NA,NA,Y,NA,A,01,0,1,0,0,0,0,0,0,0,-,-,NA,NA,SAN DIEGO,EL CAJON,-116.93586730957033,32.79907989501953
9728482,2024,2024-09-18,3702,2024-08-12,950,CV1519,NA,1,5,6,3702,0,0,0,NA,0,024,MAIN ST,RT 805,15,W,N,A,-,Y,SD,11,805,-,-,3.523,R,4,S,N,4,0,1,2,A,-,04,21703,NA,N,C,C,A,A,H,-,A,A,0,NA,NA,NA,NA,Y,NA,-,99,0,0,1,0,0,0,0,0,0,-,SO,NA,NA,SAN DIEGO,CHULA VISTA,-117.0364990234375,32.59278106689453
9728641,2024,2024-09-27,3711,2024-08-15,1855,SD7829,NA,4,5,7,3711,0,0,0,NA,0,314,GENESEE AV,RT 163,30,W,N,A,-,Y,SD,11,163,-,-,5.833,R,4,N,N,4,0,1,2,A,-,09,21801,A,N,A,C,A,A,H,-,A,A,0,NA,NA,NA,NA,Y,NA,D,22,0,0,1,0,0,0,0,0,0,-,NF,NA,NA,SAN DIEGO,SAN DIEGO,-117.15879058837892,32.792137145996094
9728644,2024,2024-09-05,3711,2024-07-18,400,SD1699,NA,4,5,7,3711,0,0,0,NA,0,628,SASSAFRAS ST,KETTNER BL,0,NA,Y,A,-,N,NA,NA,NA,NA,NA,NA,NA,NA,NA,N,3,0,1,2,D,-,00,NA,NA,N,A,C,A,A,H,-,C,A,0,NA,NA,NA,NA,Y,NA,-,-,0,1,0,0,0,0,0,0,0,-,-,NA,NA,SAN DIEGO,SAN DIEGO,-117.17674255371094,32.73686981201172
9729204,2024,2024-09-27,3710,2024-08-22,445,OC3241,NA,4,5,6,3710,0,0,0,NA,0,028,OCEANSIDE BL,COLLEGE BL,248,E,N,A,-,N,NA,NA,NA,NA,NA,NA,NA,NA,NA,N,4,0,1,2,A,-,07,21658,A,F,B,C,A,A,H,-,C,A,0,NA,NA,NA,NA,Y,NA,A,01,0,0,1,0,0,0,0,0,0,-,-,NA,NA,SAN DIEGO,OCEANSIDE,-117.28427886962892,33.2072868347168
9729272,2024,2024-09-05,3711,2024-05-16,1450,SD6461,NA,4,5,7,3711,0,0,0,NA,0,114,CLAIREMONT MESA BL,MERCHANTS WAY,0,NA,Y,A,-,N,NA,NA,NA,NA,NA,NA,NA,NA,NA,N,3,0,2,2,A,-,12,21453,A,N,D,C,A,A,H,-,A,A,0,NA,NA,NA,NA,Y,NA,A,01,0,1,1,0,0,0,0,0,0,-,-,NA,NA,SAN DIEGO,SAN DIEGO,NA,NA
9729291,2024,2024-09-05,3705,2024-05-17,2315,EC0455,NA,5,5,5,3705,0,0,0,NA,0,004,E WASHINGTON AV,MOLLISION AV,52,E,N,A,-,N,NA,NA,NA,NA,NA,NA,NA,NA,NA,Y,4,0,2,3,A,-,01,23152,A,N,C,C,A,A,H,-,C,A,0,NA,NA,NA,NA,Y,Y,A,01,0,0,2,0,0,0,0,0,0,-,-,NA,NA,SAN DIEGO,EL CAJON,-116.95079040527344,32.78763961791992
9729785,2024,2024-09-06,3705,2024-06-15,1321,EC0361,NA,6,5,5,3705,0,0,0,NA,0,004,CHASE AV,GROSSMONT,7,W,N,A,-,N,NA,NA,NA,NA,NA,NA,NA,NA,NA,Y,4,0,1,2,A,-,09,21801,A,N,D,C,A,A,H,-,A,D,0,NA,NA,NA,NA,Y,NA,A,01,0,0,1,0,0,0,0,0,0,-,-,NA,NA,SAN DIEGO,EL CAJON,-116.97792816162108,32.782440185546875
9729813,2024,2024-09-23,3700,2024-08-03,1508,SH3910,NA,6,5,5,3712,0,0,0,NA,0,355,LINDA VISTA DR,SOUTH RANCHO SANTA FE RD,86,W,N,A,-,N,NA,NA,NA,NA,NA,NA,NA,NA,NA,Y,4,0,1,2,A,-,03,22350,NA,N,C,C,A,A,H,-,A,A,0,NA,NA,NA,NA,Y,NA,A,01,0,0,1,0,0,0,0,0,0,-,-,NA,NA,SAN DIEGO,SAN MARCOS,-117.20344543457033,33.14034652709961
9730255,2024,2024-09-17,3711,2024-08-28,1321,SD7798,NA,3,5,7,3711,0,0,0,NA,0,233,PARK VILLAGE RD,DARKWOOD RD,545,E,N,A,-,N,NA,NA,NA,NA,NA,NA,NA,NA,NA,Y,3,0,2,2,A,-,05,21460,A,N,B,C,A,A,H,-,A,D,0,NA,NA,NA,NA,Y,NA,A,01,0,2,0,0,0,0,0,0,0,-,-,NA,NA,SAN DIEGO,SAN DIEGO,-117.14703369140624,32.94041061401367
9730587,2024,2024-09-30,3711,2024-09-01,1430,SD1729,NA,7,5,7,3711,0,0,0,NA,0,441,OCEANVIEW BL,S 35TH ST,236,E,N,A,-,N,NA,NA,NA,NA,NA,NA,NA,NA,NA,N,4,0,1,2,A,-,09,21802,B,N,D,C,A,A,H,-,A,-,0,NA,NA,NA,NA,Y,NA,A,01,0,0,1,0,0,0,0,0,0,-,-,NA,NA,SAN DIEGO,SAN DIEGO,-117.11795806884766,32.70124053955078
9730984,2024,2024-10-21,3702,2024-08-29,1015,CV1487,NA,4,5,6,3702,0,0,0,NA,0,023,TELEGRAPH CANYON RD,RT 805,8,W,N,A,-,Y,SD,11,805,-,-,6.243,R,4,S,N,4,0,1,2,A,-,03,22350,NA,N,C,C,A,A,H,-,A,A,0,NA,NA,NA,NA,Y,NA,A,01,0,0,1,0,0,0,0,0,0,-,SF,NA,NA,SAN DIEGO,CHULA VISTA,-117.0449447631836,32.631103515625
9731222,2024,2024-08-30,3709,2024-08-03,2028,NC0474,NA,6,5,5,3709,0,0,0,NA,0,024,HIGHLAND AV,EAST 30TH ST,0,NA,Y,-,-,N,NA,NA,NA,NA,NA,NA,NA,NA,NA,N,4,0,1,2,A,-,11,21950,B,N,G,B,B,A,H,-,-,A,0,Y,NA,NA,NA,Y,NA,N,60,0,0,1,0,1,0,0,0,0,-,-,NA,NA,SAN DIEGO,NATIONAL CITY,-117.0913314819336,32.65916442871094
9731231,2024,2024-08-30,3710,2024-08-15,1001,OC1568,NA,4,5,6,3710,0,0,0,NA,0,015,FOUSSAT RD,NOREEN WY,57,N,N,A,-,N,NA,NA,NA,NA,NA,NA,NA,NA,NA,N,3,0,1,2,A,-,03,22350,NA,N,C,G,A,A,H,-,-,D,0,NA,Y,NA,NA,Y,NA,L,04,0,1,0,0,0,0,1,0,0,-,-,NA,NA,SAN DIEGO,OCEANSIDE,-117.34246826171876,33.21305465698242
9732421,2024,2024-09-11,3700,2024-07-28,1130,SH4255,NA,7,5,4,3720,0,0,0,NA,0,603,BROADWAY,BROADWAY LN,0,NA,Y,A,-,N,NA,NA,NA,NA,NA,NA,NA,NA,NA,Y,3,0,1,2,A,-,08,22107,NA,N,D,C,A,A,H,-,A,D,0,NA,NA,NA,NA,Y,Y,A,07,0,1,0,0,0,0,0,0,0,-,-,NA,NA,SAN DIEGO,LEMON GROVE,-117.01798248291016,32.74675369262695
9732519,2024,2024-09-16,3711,2024-09-02,850,SD1741,NA,1,5,7,3711,0,0,0,NA,0,327,COLLEGE AV,RT 8,0,NA,Y,A,-,N,NA,NA,NA,NA,NA,NA,NA,NA,NA,N,3,0,1,3,A,-,12,21453,A,N,A,C,A,A,H,-,A,A,0,NA,NA,NA,NA,Y,Y,A,01,0,1,0,0,0,0,0,0,0,-,WF,NA,NA,SAN DIEGO,SAN DIEGO,-117.06641387939452,32.77932357788086
9732520,2024,2024-09-16,3711,2024-09-01,1721,SD1741,NA,7,5,7,3711,0,0,0,NA,0,321,SAN DIEGO MISSION RD,RANCHO MISSION RD,0,NA,Y,A,-,N,NA,NA,NA,NA,NA,NA,NA,NA,NA,N,4,0,3,2,A,-,03,22350,NA,N,C,C,A,A,H,-,A,A,0,NA,NA,NA,NA,Y,Y,A,08,0,0,3,0,0,0,0,0,0,-,-,NA,NA,SAN DIEGO,SAN DIEGO,-117.11038970947266,32.78490447998047
9732534,2024,2024-09-12,3711,2024-08-31,1520,SD1861,NA,6,5,7,3711,0,0,0,NA,0,628,WEST WASHINGTON ST,HAWK ST,20,W,N,A,-,N,NA,NA,NA,NA,NA,NA,NA,NA,NA,N,2,0,1,1,A,-,03,22350,NA,N,H,-,A,A,H,-,A,D,0,NA,NA,Y,NA,Y,NA,C,02,1,0,0,0,0,0,0,0,1,-,-,NA,NA,SAN DIEGO,SAN DIEGO,-117.17237091064452,32.74977493286133
9732540,2024,2024-09-16,3711,2024-08-25,604,SD1325,NA,7,5,7,3711,0,0,0,NA,0,529,REYNARD WY,ARROYO DR,75,N,N,B,-,N,NA,NA,NA,NA,NA,NA,NA,NA,NA,Y,3,0,1,3,A,-,08,22107,NA,N,C,E,A,A,H,-,A,D,0,NA,NA,NA,NA,Y,NA,A,01,0,1,0,0,0,0,0,0,0,-,-,NA,NA,SAN DIEGO,SAN DIEGO,-117.16975402832033,32.7326774597168
9732542,2024,2024-09-11,3711,2024-08-24,1117,SD1136,NA,6,5,7,3711,0,0,0,NA,0,624,PARK BL,HOWARD AV,5,S,N,A,-,N,NA,NA,NA,NA,NA,NA,NA,NA,NA,N,3,0,1,2,A,-,10,21950,A,M,A,B,B,A,H,-,A,A,0,Y,NA,NA,NA,Y,NA,-,99,0,1,0,0,1,0,0,0,0,-,-,NA,NA,SAN DIEGO,SAN DIEGO,-117.14642333984376,32.7540168762207
9732553,2024,2024-09-12,3711,2024-08-28,2044,SD1931,NA,3,5,7,3711,0,0,0,NA,0,838,33RD ST,ORANGE AV,366,S,-,A,-,N,NA,NA,NA,NA,NA,NA,NA,NA,NA,N,3,0,1,2,A,-,08,22107,NA,N,C,E,A,A,H,-,C,D,0,NA,NA,NA,NA,Y,Y,A,01,0,1,0,0,0,0,0,0,0,-,-,NA,NA,SAN DIEGO,SAN DIEGO,-117.12294769287108,32.7523193359375
9733246,2024,2024-09-16,3700,2024-08-28,2049,SH0057,NA,3,5,4,3780,0,0,0,NA,0,402,SAINT ANDREWS DR,ALDERWOOD LN,333,E,N,A,-,N,NA,NA,NA,NA,NA,NA,NA,NA,NA,Y,3,0,1,1,A,-,01,23152,B,N,E,-,A,A,H,-,C,D,0,NA,NA,NA,NA,Y,Y,A,01,0,1,0,0,0,0,0,0,0,-,-,NA,NA,SAN DIEGO,POWAY,-117.04041290283205,33.02172088623047
9733667,2024,2024-09-20,3702,2024-09-02,928,CV1525,NA,1,5,6,3702,0,0,0,NA,0,014,2ND AV,H ST,0,NA,Y,A,-,N,NA,NA,NA,NA,NA,NA,NA,NA,NA,Y,3,0,1,2,D,-,00,NA,NA,N,D,C,A,A,H,-,A,A,0,NA,NA,NA,NA,Y,NA,-,-,0,1,0,0,0,0,0,0,0,-,-,NA,NA,SAN DIEGO,CHULA VISTA,-117.0731201171875,32.635555267333984
9733860,2024,2024-09-20,3700,2024-08-08,2045,SH0029,NA,4,5,5,3713,0,0,0,NA,0,303,ARCADIA AV,OAK DR,268,W,N,A,-,N,NA,NA,NA,NA,NA,NA,NA,NA,NA,N,2,0,1,2,A,-,11,21954,A,N,G,B,E,A,H,-,C,D,0,Y,NA,NA,NA,Y,NA,N,60,1,0,0,0,1,0,0,0,0,-,-,NA,NA,SAN DIEGO,VISTA,-117.2227020263672,33.22486877441406
9733892,2024,2024-09-17,3700,2024-07-27,29,SH0876,NA,6,5,5,3713,0,0,0,NA,0,306,NORTH SANTA FE AV,EATON WY,68,S,N,A,-,N,NA,NA,NA,NA,NA,NA,NA,NA,NA,Y,3,0,1,2,A,-,11,21954,A,N,G,B,E,A,H,-,C,D,0,Y,NA,NA,NA,Y,Y,N,60,0,1,0,0,1,0,0,0,0,-,-,NA,NA,SAN DIEGO,VISTA,-117.24488067626952,33.20960235595703
9734119,2024,2024-09-23,3711,2024-09-10,1340,SD8334,NA,2,5,7,3711,0,0,0,NA,0,446,SOUTH 47TH ST,IMPERIAL AV,100,S,N,A,-,N,NA,NA,NA,NA,NA,NA,NA,NA,NA,Y,4,0,1,2,A,-,03,22350,NA,N,C,C,A,A,H,-,A,D,0,NA,NA,NA,NA,Y,NA,A,07,0,0,1,0,0,0,0,0,0,-,-,NA,NA,SAN DIEGO,SAN DIEGO,-117.0937042236328,32.70387649536133
9734271,2024,2024-09-27,3700,2024-08-25,1313,SH3319,NA,7,5,5,3712,0,0,0,NA,0,357,E SAN MARCOS BL,RANCHEROS DR,0,NA,Y,A,-,N,NA,NA,NA,NA,NA,NA,NA,NA,NA,Y,3,0,2,2,A,-,09,21453,C,N,D,C,A,A,H,-,A,A,0,NA,NA,NA,Y,Y,NA,A,01,0,2,0,0,0,0,0,0,0,-,-,NA,NA,SAN DIEGO,SAN MARCOS,-117.16185760498048,33.14099884033203
9735445,2024,2024-10-28,3700,2024-10-04,1500,SH0521,NA,5,5,5,3712,0,0,0,NA,0,355,GRAND AV,SOUTH LAS POSAS RD,10,E,N,A,-,N,NA,NA,NA,NA,NA,NA,NA,NA,NA,N,4,0,3,2,A,-,04,21703,NA,N,C,C,A,A,H,-,A,A,0,NA,NA,NA,NA,Y,NA,A,01,0,0,3,0,0,0,0,0,0,-,-,NA,NA,SAN DIEGO,SAN MARCOS,-117.19161987304688,33.14292907714844
9736272,2024,2024-09-26,3710,2024-08-30,1447,OC1567,NA,5,5,6,3710,0,0,0,NA,0,029,NORTH AV,SEASONS RD,0,NA,Y,A,-,N,NA,NA,NA,NA,NA,NA,NA,NA,NA,N,4,0,1,2,A,-,03,22350,NA,F,C,C,A,A,H,-,A,D,0,NA,NA,NA,NA,Y,NA,A,01,0,0,1,0,0,0,0,0,0,-,-,NA,NA,SAN DIEGO,OCEANSIDE,-117.27661895751952,33.20871353149414
9736463,2024,2024-09-26,3710,2024-09-12,2003,OC1506,NA,4,5,6,3710,0,0,0,NA,0,016,NORTH RIVER RD,DOUGLAS DR,250,W,N,A,-,N,NA,NA,NA,NA,NA,NA,NA,NA,NA,N,3,0,1,2,A,-,05,21650,1,N,D,G,A,A,H,-,C,D,0,NA,Y,NA,NA,Y,NA,L,04,0,1,0,0,0,0,1,0,0,-,-,NA,NA,SAN DIEGO,OCEANSIDE,-117.3234634399414,33.24531173706055
9736658,2024,2024-10-30,3711,2024-09-17,1450,SD1889,NA,2,5,7,3711,0,0,0,NA,0,114,GENESEE AV,RT 52 EAST,0,NA,Y,A,-,Y,SD,11,52,-,-,2.013,R,4,W,N,3,0,1,2,A,-,08,22107,NA,N,G,G,D,A,D,-,A,D,0,Y,NA,NA,NA,Y,NA,A,01,0,1,0,0,1,0,0,0,0,-,-,NA,NA,SAN DIEGO,SAN DIEGO,-117.20781707763672,32.846466064453125
9737418,2024,2024-10-08,3711,2024-09-18,902,SD1456,NA,3,5,7,3711,0,0,0,NA,0,242,BLACK MOUNTAIN RD,MERCY RD,0,NA,Y,A,-,N,NA,NA,NA,NA,NA,NA,NA,NA,NA,N,4,0,1,2,A,-,09,21453,C,N,D,C,A,A,H,-,A,A,0,NA,NA,NA,NA,Y,NA,A,01,0,0,1,0,0,0,0,0,0,-,-,NA,NA,SAN DIEGO,SAN DIEGO,-117.12730407714844,32.93731689453125
9737448,2024,2024-10-04,3711,2024-09-20,2047,SD1625,NA,5,5,7,3711,0,0,0,NA,0,712,W CALLE PRIMERA,W CALLE PRIMERA 244,0,NA,Y,A,-,N,NA,NA,NA,NA,NA,NA,NA,NA,NA,N,4,0,1,2,A,-,08,22107,NA,N,B,C,A,A,H,-,C,D,0,NA,NA,NA,NA,Y,NA,A,01,0,0,1,0,0,0,0,0,0,-,-,NA,NA,SAN DIEGO,SAN DIEGO,-117.04592895507813,32.55082321166992
9738047,2024,2024-10-07,3711,2024-08-15,857,SD1958,NA,4,5,7,3711,0,0,0,NA,0,628,WASHINGTON ST,SAN DIEGO  AV,90,W,N,A,-,N,NA,NA,NA,NA,NA,NA,NA,NA,NA,N,4,0,1,2,D,-,00,NA,NA,N,B,C,A,A,H,-,A,B,0,NA,NA,NA,NA,Y,Y,-,-,0,0,1,0,0,0,0,0,0,-,-,NA,NA,SAN DIEGO,SAN DIEGO,-117.18215942382813,32.74264907836914
9738322,2024,2024-10-10,3711,2024-09-20,2150,SD1608,NA,5,5,7,3711,0,0,0,NA,0,624,NORMAL ST,POLK AV,0,NA,Y,A,-,N,NA,NA,NA,NA,NA,NA,NA,NA,NA,N,3,0,2,2,A,-,08,22107,NA,N,B,C,A,-,H,-,C,A,0,NA,NA,Y,NA,Y,NA,-,NA,0,2,0,0,0,0,0,0,2,-,-,NA,NA,SAN DIEGO,SAN DIEGO,-117.14752197265624,32.75274658203125
9739328,2024,2024-10-02,3710,2024-09-12,1510,OC1547,NA,4,5,6,3710,0,0,0,NA,0,012,CALIFORNIA ST,HUNSAKER ST,63,W,N,A,-,N,NA,NA,NA,NA,NA,NA,NA,NA,NA,N,3,0,1,2,A,-,03,22350,NA,N,H,G,A,A,H,-,A,A,0,NA,Y,NA,NA,Y,NA,L,04,0,1,0,0,0,0,1,0,0,-,-,NA,NA,SAN DIEGO,OCEANSIDE,-117.35427856445313,33.18669128417969
9739329,2024,2024-10-02,3710,2024-09-12,1556,OC1541,NA,4,5,6,3710,0,0,0,NA,0,016,DOUGLAS DR,PALA RD,850,S,N,A,-,N,NA,NA,NA,NA,NA,NA,NA,NA,NA,N,4,0,1,3,A,-,03,22350,NA,N,C,C,A,A,H,-,A,D,0,NA,NA,NA,NA,Y,NA,A,01,0,0,1,0,0,0,0,0,0,-,-,NA,NA,SAN DIEGO,OCEANSIDE,-117.3232192993164,33.23577117919922
9739883,2024,2024-10-07,3711,2024-09-24,559,SD1066,NA,2,5,7,3711,0,0,0,NA,0,115,LA JOLLA VILLAGE DR,TOWNE CENTRE DR,350,E,N,A,-,N,NA,NA,NA,NA,NA,NA,NA,NA,NA,Y,3,0,1,3,A,-,04,21703,NA,N,C,C,A,A,H,-,A,A,0,NA,NA,NA,NA,Y,NA,A,01,0,1,0,0,0,0,0,0,0,-,-,NA,NA,SAN DIEGO,SAN DIEGO,-117.206298828125,32.87425231933594
9739901,2024,2024-10-07,3711,2024-09-09,740,SD7042,NA,1,5,7,3711,0,0,0,NA,0,723,BEYER WY,CORONADO AV,219,S,N,A,-,N,NA,NA,NA,NA,NA,NA,NA,NA,NA,Y,3,0,3,4,A,-,08,22107,NA,N,C,E,A,A,H,-,A,D,0,NA,NA,NA,NA,Y,NA,A,01,0,1,2,0,0,0,0,0,0,-,-,NA,NA,SAN DIEGO,SAN DIEGO,-117.06431579589844,32.577110290527344
9740240,2024,2024-10-11,3711,2024-09-30,1805,SD1927,NA,1,5,7,3711,0,0,0,NA,0,813,MADISON AV,UTAH ST,0,NA,Y,A,-,N,NA,NA,NA,NA,NA,NA,NA,NA,NA,N,3,0,1,2,A,-,09,21800,A,N,D,B,A,A,H,-,A,D,0,NA,NA,NA,NA,Y,Y,A,01,0,1,0,0,0,0,0,0,0,-,-,NA,NA,SAN DIEGO,SAN DIEGO,-117.13265991210938,32.761009216308594
9740298,2024,2024-10-15,3711,2024-09-24,2322,SD2019,NA,2,5,7,3711,0,0,0,NA,0,435,MALLARD ST,PILOT WY,0,NA,Y,A,-,N,NA,NA,NA,NA,NA,NA,NA,NA,NA,N,3,0,2,2,A,-,03,22350,NA,N,C,C,A,A,H,-,C,A,0,NA,NA,NA,NA,Y,NA,A,01,0,1,1,0,0,0,0,0,0,-,-,NA,NA,SAN DIEGO,SAN DIEGO,-117.05369567871094,32.72960662841797
9740775,2024,2024-10-11,3705,2024-07-26,1132,EC0397,NA,5,5,5,3705,0,0,0,NA,0,002,MADISON,N MAGNOLIA,0,NA,Y,A,-,N,NA,NA,NA,NA,NA,NA,NA,NA,NA,Y,4,0,3,2,A,-,12,21453,A,N,D,C,A,A,H,-,A,A,0,NA,NA,NA,NA,Y,NA,A,08,0,0,3,0,0,0,0,0,0,-,-,NA,NA,SAN DIEGO,EL CAJON,-116.96237182617188,32.80086898803711
9740841,2024,2024-10-11,3705,2024-08-10,2317,EC0453,NA,6,5,5,3705,0,0,0,NA,0,001,N MAGNOLIA AV,VERNON WY,61,S,N,A,-,N,NA,NA,NA,NA,NA,NA,NA,NA,NA,N,2,0,1,2,A,-,11,21954,A,N,G,B,D,A,H,-,C,A,0,Y,NA,NA,NA,Y,NA,N,60,1,0,0,0,1,0,0,0,0,-,-,NA,NA,SAN DIEGO,EL CAJON,-116.96236419677734,32.81211471557617
9740844,2024,2024-10-11,3705,2024-08-23,1722,EC0431,NA,5,5,5,3705,0,0,0,NA,0,004,E CHASE AV,PRESCOTT AV,132,W,N,A,-,N,NA,NA,NA,NA,NA,NA,NA,NA,NA,N,4,0,2,2,A,-,03,22350,NA,N,C,C,A,A,H,-,A,A,0,NA,NA,NA,NA,Y,NA,A,01,0,0,2,0,0,0,0,0,0,-,-,NA,NA,SAN DIEGO,EL CAJON,-116.96036529541016,32.780399322509766
9741406,2024,2024-10-08,3710,2024-09-20,820,OC1564,NA,5,5,6,3710,0,0,0,NA,0,028,PEACOCK BL,RIM ROCK RD,0,NA,Y,B,-,N,NA,NA,NA,NA,NA,NA,NA,NA,NA,Y,3,0,2,2,A,-,08,22107,NA,N,F,E,A,A,H,-,A,D,0,NA,NA,NA,NA,Y,NA,A,01,0,1,1,0,0,0,0,0,0,-,-,NA,NA,SAN DIEGO,OCEANSIDE,-117.27477264404295,33.2174072265625