CASE_ID,ACCIDENT_YEAR,PROC_DATE,JURIS,COLLISION_DATE,COLLISION_TIME,OFFICER_ID,REPORTING_DISTRICT,DAY_OF_WEEK,CHP_SHIFT,POPULATION,CNTY_CITY_LOC,SPECIAL_COND,BEAT_TYPE,CHP_BEAT_TYPE,CITY_DIVISION_LAPD,CHP_BEAT_CLASS,BEAT_NUMBER,PRIMARY_RD,SECONDARY_RD,DISTANCE,DIRECTION,INTERSECTION,WEATHER_1,WEATHER_2,STATE_HWY_IND,CALTRANS_COUNTY,CALTRANS_DISTRICT,STATE_ROUTE,ROUTE_SUFFIX,POSTMILE_PREFIX,POSTMILE,LOCATION_TYPE,RAMP_INTERSECTION,SIDE_OF_HWY,TOW_AWAY,COLLISION_SEVERITY,NUMBER_KILLED,NUMBER_INJURED,PARTY_COUNT,PRIMARY_COLL_FACTOR,PCF_CODE_OF_VIOL,PCF_VIOL_CATEGORY,PCF_VIOLATION,PCF_VIOL_SUBSECTION,HIT_AND_RUN,TYPE_OF_COLLISION,MVIW,PED_ACTION,ROAD_SURFACE,ROAD_COND_1,ROAD_COND_2,LIGHTING,CONTROL_DEVICE,CHP_ROAD_TYPE,PEDESTRIAN_ACCIDENT,BICYCLE_ACCIDENT,MOTORCYCLE_ACCIDENT,TRUCK_ACCIDENT,NOT_PRIVATE_PROPERTY,ALCOHOL_INVOLVED,STWD_VEHTYPE_AT_FAULT,CHP_VEHTYPE_AT_FAULT,COUNT_SEVERE_INJ,COUNT_VISIBLE_INJ,COUNT_COMPLAINT_PAIN,COUNT_PED_KILLED,COUNT_PED_INJURED,COUNT_BICYCLIST_KILLED,COUNT_BICYCLIST_INJURED,COUNT_MC_KILLED,COUNT_MC_INJURED,PRIMARY_RAMP,SECONDARY_RAMP,LATITUDE,LONGITUDE,COUNTY,CITY,POINT_X,POINT_Y
6504275,2014,2014-07-28,3711,2014-05-20,2036,7102,SAN D,2,5,7,3711,0,0,0,NA,0,611,LANNING RD,ROSECRANS ST,24,W,N,A,-,N,NA,NA,NA,NA,NA,NA,NA,NA,NA,Y,3,0,2,2,A,-,12,21453,A,N,A,C,A,A,H,-,C,A,0,NA,NA,NA,NA,Y,NA,-,NA,0,1,1,0,0,0,0,0,0,-,-,NA,NA,SAN DIEGO,SAN DIEGO,-117.22276,32.73222
6505538,2014,2014-07-28,3711,2014-05-30,1618,4243,NA,5,5,7,3711,0,0,0,NA,0,111,CLAIREMONT MESA BL,LONGFORD ST,320,E,N,A,-,N,NA,NA,NA,NA,NA,NA,NA,NA,NA,Y,3,0,1,3,A,-,03,22350,NA,N,C,C,A,A,H,-,A,D,0,NA,NA,NA,NA,Y,NA,A,01,0,1,0,0,0,0,0,0,0,-,-,NA,NA,SAN DIEGO,SAN DIEGO,-117.18166174,32.8344877
6505572,2014,2014-07-30,3711,2014-05-13,0750,5654,NA,2,5,7,3711,0,0,0,NA,0,NA,GENESEE AV,CAMPUS POINT,281,S,N,A,-,N,NA,NA,NA,NA,NA,NA,NA,NA,NA,N,4,0,1,2,A,-,03,22350,NA,N,C,G,A,A,H,-,A,D,0,NA,Y,NA,NA,Y,NA,A,01,0,0,1,0,0,0,1,0,0,-,-,NA,NA,SAN DIEGO,SAN DIEGO,-117.21959968,32.88154899
6505589,2014,2014-07-28,3711,2014-05-30,1145,6583,NA,5,5,7,3711,0,0,0,NA,0,511,28TH ST,MAIN ST,9,S,N,A,-,N,NA,NA,NA,NA,NA,NA,NA,NA,NA,N,4,0,1,2,A,-,10,21950,A,N,G,B,B,A,-,-,A,A,0,Y,NA,NA,NA,Y,NA,-,NA,0,0,1,0,1,0,0,0,0,-,-,NA,NA,SAN DIEGO,SAN DIEGO,-117.13372915,32.69277536
6505605,2014,2014-07-28,3711,2014-05-17,0020,6846,NA,6,5,7,3711,0,0,0,NA,0,315,AUTO CIRCLE RD,CAMINO DEL RIO S,63,N,N,A,-,N,NA,NA,NA,NA,NA,NA,NA,NA,NA,Y,4,0,1,2,A,-,04,21703,NA,N,C,C,A,A,H,-,C,A,0,NA,NA,NA,NA,Y,Y,A,01,0,0,1,0,0,0,0,0,0,-,-,NA,NA,SAN DIEGO,SAN DIEGO,-117.15412885,32.76444376
6508322,2014,2016-03-26,9645,2014-04-30,1220,016542,NA,3,1,7,3711,0,1,3,NA,2,002,RT 905,PICADOR BL,805,E,N,A,-,Y,SD,11,905,-,-,4.59,H,-,W,Y,4,0,1,2,A,-,08,22107,NA,N,D,C,A,A,H,-,A,D,1,NA,NA,NA,NA,Y,NA,A,07,0,0,1,0,0,0,0,0,0,-,-,32.56855,-117.04967,SAN DIEGO,SAN DIEGO,-117.05030723,32.56844198
6402854,2014,2016-03-25,9650,2014-02-28,1645,15830,NA,5,2,9,3700,0,3,5,NA,2,050,HARBOR DR,RT 5,210,E,N,B,C,Y,SD,11,5,-,R,54.457,R,4,N,Y,4,0,2,2,A,-,08,22107,NA,N,B,C,A,B,H,-,B,D,1,NA,NA,NA,NA,Y,NA,A,01,0,0,2,0,0,0,0,0,0,-,-,NA,NA,SAN DIEGO,UNINCORPORATED,-117.38766106,33.21132037
6402780,2014,2014-06-24,9645,2014-03-05,1730,017524,NA,3,2,5,3709,0,1,1,NA,2,001,RT 5,RT 54,528,N,N,A,-,Y,NA,NA,5,NA,NA,NA,NA,NA,NA,N,4,0,1,2,A,-,03,22350,NA,N,C,C,A,A,H,-,B,D,0,NA,NA,NA,NA,Y,NA,A,01,0,0,1,0,0,0,0,0,0,-,-,32.65304,-117.1053,SAN DIEGO,NATIONAL CITY,-117.1052211,32.65307539
6402096,2014,2014-06-05,9680,2014-02-23,1310,019410,NA,7,1,9,3700,0,2,4,NA,1,010,WOODSIDE AV,WINTER GARDENS BL,40,E,N,A,-,N,NA,NA,NA,NA,NA,NA,NA,NA,NA,N,4,0,2,2,A,-,03,22350,NA,N,C,C,A,A,H,-,A,D,0,NA,NA,NA,NA,Y,NA,A,07,0,0,2,0,0,0,0,0,0,-,-,32.85608,-116.93103,SAN DIEGO,UNINCORPORATED,-116.93101178,32.85607694
6401352,2014,2014-06-19,3703,2014-02-04,0741,1028,NA,2,5,3,3703,0,0,0,NA,0,001,3RD ST,A AV,85,E,N,B,-,N,NA,NA,NA,NA,NA,NA,NA,NA,NA,N,4,0,1,2,A,-,09,21801,A,N,A,C,A,A,H,-,A,D,0,NA,NA,NA,NA,Y,NA,A,01,0,0,1,0,0,0,0,0,0,-,-,NA,NA,SAN DIEGO,CORONADO,-117.1703323,32.69435826
6400365,2014,2014-06-20,3711,2014-02-20,1500,4824,NA,4,5,7,3711,0,0,0,NA,0,232,CARMEL MOUNTAIN RD,RANCHO CARMEL DR,528,W,N,A,-,N,NA,NA,NA,NA,NA,NA,NA,NA,NA,N,4,0,2,3,A,-,03,22350,NA,N,C,C,A,A,H,-,A,D,0,NA,NA,NA,NA,Y,NA,-,NA,0,0,2,0,0,0,0,0,0,-,-,NA,NA,SAN DIEGO,SAN DIEGO,-117.08377587,32.97885809
6400322,2014,2014-06-19,3711,2014-02-19,1834,7025,NA,3,5,7,3711,0,0,0,NA,0,521,MARKET ST,9TH AV,0,NA,Y,A,-,N,NA,NA,NA,NA,NA,NA,NA,NA,NA,Y,4,0,1,2,A,-,09,21801,A,N,B,C,A,A,H,-,C,A,0,NA,NA,NA,NA,Y,NA,-,NA,0,0,1,0,0,0,0,0,0,-,-,NA,NA,SAN DIEGO,SAN DIEGO,-117.15650009,32.71152009
6400301,2014,2014-06-17,3711,2014-02-21,2125,5393,NA,5,5,7,3711,0,0,0,NA,0,116,BALBOA AV,MORAGA AV,250,E,N,A,-,N,NA,NA,NA,NA,NA,NA,NA,NA,NA,Y,4,0,3,3,A,-,03,22350,NA,N,C,C,A,A,H,-,D,D,0,NA,NA,NA,NA,Y,NA,A,01,0,0,3,0,0,0,0,0,0,-,-,NA,NA,SAN DIEGO,SAN DIEGO,-117.20981928,32.80815214
6395216,2014,2014-06-06,3705,2014-01-05,1548,EC5420,NA,7,5,5,3705,0,0,0,NA,0,009,MAIN,MADISON,24,S,N,A,-,N,NA,NA,NA,NA,NA,NA,NA,NA,NA,Y,3,0,1,1,A,-,08,22107,NA,N,A,I,A,A,H,-,A,A,0,NA,NA,NA,NA,Y,NA,D,22,0,1,0,0,0,0,0,0,0,-,-,NA,NA,SAN DIEGO,EL CAJON,-116.93062124,32.80012053
6394384,2014,2015-11-09,9650,2014-02-22,1035,014615,NA,6,1,5,3782,0,1,1,NA,2,007,RT 5,BIRMINGHAM DR,1320,S,N,A,-,Y,SD,11,5,-,R,39.58,H,-,N,N,4,0,1,2,A,-,03,22350,NA,N,C,C,A,A,H,-,A,D,1,NA,NA,NA,NA,Y,NA,A,07,0,0,1,0,0,0,0,0,0,-,-,NA,NA,SAN DIEGO,ENCINITAS,-117.27342428,33.02281452
6442905,2014,2014-07-02,3708,2014-03-20,2156,1158,200,4,5,5,3708,0,0,0,NA,0,002,UNIVERSITY AV,BALTIMORE DR,0,NA,Y,A,-,N,NA,NA,NA,NA,NA,NA,NA,NA,NA,Y,4,0,1,2,A,-,03,22350,NA,N,E,I,A,A,H,-,C,A,0,NA,NA,NA,NA,Y,NA,A,07,0,0,1,0,0,0,0,0,0,-,-,NA,NA,SAN DIEGO,LA MESA,-117.02346002,32.76779006
6433748,2014,2014-07-09,3708,2014-03-21,1626,8193,100,5,5,5,3708,0,0,0,NA,0,003,COWLES MOUNTAIN BL,LAKE PARK WY,540,N,N,A,-,N,NA,NA,NA,NA,NA,NA,NA,NA,NA,N,4,0,1,2,A,-,09,21804,A,N,D,C,A,A,H,-,A,D,0,NA,NA,NA,NA,Y,NA,A,01,0,0,1,0,0,0,0,0,0,-,-,NA,NA,SAN DIEGO,LA MESA,-117.03128166,32.78418886
6451862,2014,2015-11-07,9645,2014-03-21,1848,18250,NA,5,2,7,3711,0,1,1,NA,2,011,RT 805,HOME AV,900,N,N,A,-,Y,SD,11,805,-,-,14.15,H,-,N,Y,4,0,2,3,A,-,07,21658,A,N,B,C,A,A,H,-,A,D,1,NA,NA,NA,Y,Y,NA,A,01,0,0,2,0,0,0,0,0,0,-,-,32.73062,-117.10818,SAN DIEGO,SAN DIEGO,-117.10502857,32.72818804
6453142,2014,2014-08-01,3700,2014-04-11,0745,SH3121,NA,5,5,4,3707,0,0,0,NA,0,705,11TH ST,ELDER AV,0,NA,Y,A,-,N,NA,NA,NA,NA,NA,NA,NA,NA,NA,N,4,0,1,2,A,-,12,22450,A,N,D,C,A,A,H,-,A,-,0,NA,NA,NA,NA,Y,NA,A,01,0,0,1,0,0,0,0,0,0,-,-,NA,NA,SAN DIEGO,IMPERIAL BEACH,-117.11060004,32.5790901
6453527,2014,2016-02-17,9650,2014-05-09,1953,15654,NA,5,2,9,3700,0,1,1,NA,2,022,RT 15,OLD HIGHWAY 395,3168,S,N,A,-,Y,SD,11,15,-,R,42.68,H,-,N,Y,4,0,3,1,A,-,08,22107,NA,N,E,I,A,A,H,-,D,D,1,NA,NA,NA,NA,Y,NA,A,08,0,0,3,0,0,0,0,0,0,-,-,33.37383,-117.16919,SAN DIEGO,UNINCORPORATED,-117.15271911,33.2781102
6421042,2014,2015-11-10,9680,2014-03-16,1525,016891,NA,7,2,9,3700,0,1,3,NA,1,052,RT 78,WHISPERING PINES DR,139,E,N,A,-,Y,SD,11,78,-,-,59.5,H,-,E,Y,4,0,1,1,A,-,03,22350,NA,N,F,A,A,A,H,-,A,A,0,NA,NA,Y,NA,Y,NA,C,02,0,0,1,0,0,0,0,0,1,-,-,33.08804,-116.59216,SAN DIEGO,UNINCORPORATED,-116.5923941,33.0879992
6456078,2014,2016-04-09,9650,2014-04-05,1632,015654,NA,6,2,9,3700,0,1,1,NA,2,001,RT 5,USBP CHECK PT,1584,S,N,A,-,Y,SD,11,5,-,R,67.02,H,-,N,N,2,0,1,2,A,-,03,22350,NA,F,G,B,E,A,H,-,A,D,1,Y,NA,NA,NA,Y,NA,D,22,1,0,0,0,1,0,0,0,0,-,-,33.3499,-117.5213,SAN DIEGO,UNINCORPORATED,-117.52105633,33.34967561
6457257,2014,2016-03-28,9645,2014-04-17,2310,13292,NA,4,3,7,3711,0,1,1,NA,2,013,RT 805,MURRAY RIDGE RD,1320,S,N,B,-,Y,SD,11,805,-,-,18.64,H,-,S,N,4,0,1,2,A,-,03,22350,NA,N,C,C,A,A,D,-,C,A,1,NA,NA,NA,NA,Y,NA,A,01,0,0,1,0,0,0,0,0,0,-,-,32.78319,-117.14178,SAN DIEGO,SAN DIEGO,-117.14218734,32.78335106
6464847,2014,2014-07-08,3701,2014-03-31,1058,5205,23,1,5,5,3701,0,0,0,NA,0,004,COLLEGE BL,TAMARACK,250,S,N,A,-,N,NA,NA,NA,NA,NA,NA,NA,NA,NA,Y,3,0,1,1,A,-,03,22350,NA,N,F,I,A,A,H,-,A,A,0,NA,NA,Y,NA,Y,NA,C,02,0,1,0,0,0,0,0,0,1,-,-,NA,NA,SAN DIEGO,CARLSBAD,-117.29400153,33.17011387
6467422,2014,2016-02-08,9650,2014-04-11,1615,14886,NA,5,2,9,3700,0,1,1,NA,2,003,RT 5,COCKLEBURR,100,N,N,A,-,Y,SD,11,5,-,R,58.105,H,-,S,Y,4,0,1,2,A,-,03,22350,NA,N,C,C,A,A,H,-,A,D,1,NA,NA,NA,NA,Y,NA,A,01,0,0,1,0,0,0,0,0,0,-,-,33.25391,-117.42327,SAN DIEGO,UNINCORPORATED,-117.42290766,33.25328353
6467426,2014,2016-03-28,9650,2014-04-10,1150,13570,NA,4,1,5,3712,0,1,3,NA,2,019,RT 78,SAN MARCOS BL,400,W,N,A,-,Y,SD,11,78,-,-,12.06,H,-,E,Y,4,0,1,2,A,-,03,22350,NA,N,C,C,A,A,C,-,A,D,1,NA,NA,NA,NA,Y,NA,A,01,0,0,1,0,0,0,0,0,0,-,-,33.13863,-117.17845,SAN DIEGO,SAN MARCOS,-117.17793731,33.13830585
6470465,2014,2014-07-08,3705,2014-03-15,2318,EC0338,NA,6,5,5,3705,0,0,0,NA,0,010,MAIN,ROANOKE,0,NA,Y,A,-,N,NA,NA,NA,NA,NA,NA,NA,NA,NA,Y,4,0,2,2,A,-,09,21802,A,M,D,C,A,A,H,-,C,A,0,NA,NA,NA,NA,Y,NA,D,22,0,0,2,0,0,0,0,0,0,-,-,NA,NA,SAN DIEGO,EL CAJON,-116.95488001,32.79495005
6473520,2014,2016-03-26,9680,2014-04-23,1515,017928,NA,3,2,9,3700,0,1,3,NA,1,090,RT 67,14TH ST,63,N,N,A,-,Y,SD,11,67,-,-,23.97,H,-,S,Y,4,0,2,2,A,-,03,22350,NA,N,C,C,A,A,H,-,A,A,0,NA,NA,NA,NA,Y,NA,A,01,0,0,2,0,0,0,0,0,0,-,-,33.0385,-116.87488,SAN DIEGO,UNINCORPORATED,-116.87448239,33.03876108
6480255,2014,2014-07-30,3711,2014-04-27,2205,6759,NA,7,5,7,3711,0,0,0,NA,0,437,PARADISE VALLEY RD,BRIARWOOD RD,40,W,N,A,-,N,NA,NA,NA,NA,NA,NA,NA,NA,NA,Y,3,0,2,2,A,-,09,21801,A,N,A,C,A,-,H,-,C,A,0,NA,NA,NA,NA,Y,NA,-,NA,0,2,0,0,0,0,0,0,0,-,-,NA,NA,SAN DIEGO,SAN DIEGO,-117.03691637,32.69173584
6480261,2014,2014-07-30,3711,2014-04-23,0745,6913,NA,3,5,7,3711,0,0,0,NA,0,712,SIPES LN,CAMINO DE LA PLAZA,214,E,N,A,-,N,NA,NA,NA,NA,NA,NA,NA,NA,NA,Y,4,0,1,2,A,-,-,NA,NA,N,D,C,A,A,H,-,A,D,0,NA,NA,NA,NA,Y,NA,-,-,0,0,1,0,0,0,0,0,0,-,-,NA,NA,SAN DIEGO,SAN DIEGO,-117.0459,32.54476
6508350,2014,2014-07-21,3700,2014-04-05,1506,SH2731,NA,6,5,5,3782,0,0,0,NA,0,241,BIRMINGHAM DR,NEWCASTLE AV,0,NA,Y,A,-,N,NA,NA,NA,NA,NA,NA,NA,NA,NA,N,4,0,1,2,A,-,08,22107,NA,N,A,C,A,A,H,-,A,D,0,NA,NA,NA,NA,Y,NA,A,01,0,0,1,0,0,0,0,0,0,-,-,NA,NA,SAN DIEGO,ENCINITAS,-117.28254013,33.02315006
6508569,2014,2014-07-31,3711,2014-05-03,1700,5470,NA,6,5,7,3711,0,0,0,NA,0,315,CAMINO DEL RIO S,TEXAS ST,1056,E,N,A,-,N,NA,NA,NA,NA,NA,NA,NA,NA,NA,Y,3,0,1,1,A,-,03,22350,NA,N,E,I,A,A,H,-,A,D,0,NA,NA,NA,NA,Y,Y,A,01,0,1,0,0,0,0,0,0,0,-,-,NA,NA,SAN DIEGO,SAN DIEGO,-117.13741958,32.76938109
6511111,2014,2014-08-04,9645,2014-05-05,1150,18118,NA,1,1,9,3700,0,3,5,NA,2,018,ALTA LOMA DR,BONITA MESA RD,0,NA,Y,A,-,N,NA,NA,NA,NA,NA,NA,NA,NA,NA,Y,4,0,1,2,A,-,09,21802,A,N,D,C,A,A,H,-,A,D,0,NA,NA,NA,NA,Y,NA,A,01,0,0,1,0,0,0,0,0,0,-,-,32.65448,-117.05998,SAN DIEGO,UNINCORPORATED,-117.06058012,32.65437006
6512376,2014,2016-02-06,9645,2014-06-12,0550,014669,NA,4,3,7,3711,0,1,1,NA,2,003,RT 5,28TH ST,550,S,N,A,-,Y,SD,11,5,-,R,13.26,H,-,N,Y,4,0,1,1,A,-,08,22107,NA,N,E,I,A,A,H,-,B,D,1,NA,NA,NA,NA,Y,NA,D,22,0,0,1,0,0,0,0,0,0,-,-,32.69444,-117.1311,SAN DIEGO,SAN DIEGO,-117.13179094,32.69455857
6512379,2014,2016-02-06,9645,2014-06-10,1710,019322,NA,2,2,7,3711,0,1,1,NA,2,007,RT 5,RT 56,1900,S,N,A,-,Y,SD,11,5,-,R,31.982,R,4,N,Y,4,0,2,3,A,-,03,22350,NA,N,C,C,A,A,H,-,A,D,1,NA,NA,NA,NA,Y,NA,D,22,0,0,2,0,0,0,0,0,0,-,-,32.92679,-117.23933,SAN DIEGO,SAN DIEGO,-117.23618308,32.91961248
6513614,2014,2014-08-07,9680,2014-06-02,1230,19270,NA,1,1,5,3708,0,3,5,NA,2,002,BROADWAY,FAIRWAY DR,284,E,N,A,-,N,NA,NA,NA,NA,NA,NA,NA,NA,NA,Y,3,0,1,1,A,-,08,22107,NA,N,E,I,A,A,H,-,A,D,0,NA,NA,NA,NA,Y,NA,A,07,0,1,0,0,0,0,0,0,0,-,-,32.75192,-117.01124,SAN DIEGO,LA MESA,-117.01174639,32.75154567
6514013,2014,2014-08-11,3711,2014-06-17,0829,6718,NA,2,5,7,3711,0,0,0,NA,0,239,CAMINO DEL NORTE,BERNARDO CENTER DR,300,W,N,A,-,N,NA,NA,NA,NA,NA,NA,NA,NA,NA,Y,4,0,2,3,A,-,03,22350,NA,N,C,C,A,A,H,-,A,A,0,NA,NA,NA,NA,Y,NA,-,NA,0,0,2,0,0,0,0,0,0,-,-,NA,NA,SAN DIEGO,SAN DIEGO,-117.09303904,33.00583735
6514709,2014,2016-02-17,9650,2014-06-09,0810,015276,NA,1,1,9,3700,0,1,1,NA,2,022,RT 15,RAINBOW VALLEY BL,2640,S,N,A,-,Y,SD,11,15,-,R,53.55,H,-,N,Y,2,0,1,1,A,-,08,22107,NA,N,F,A,A,A,H,-,A,D,1,NA,NA,NA,NA,Y,NA,I,11,1,0,0,0,0,0,0,0,0,-,-,33.42567,-117.15029,SAN DIEGO,UNINCORPORATED,-117.15133359,33.42490961
6514830,2014,2014-08-12,3708,2014-05-09,1437,1248,100,5,5,5,3708,0,0,0,NA,0,001,EL CAJON BL,JESSIE AV,0,NA,Y,A,-,N,NA,NA,NA,NA,NA,NA,NA,NA,NA,Y,4,0,1,2,A,-,09,21802,A,N,D,C,A,A,H,-,A,D,0,NA,NA,Y,NA,Y,NA,A,01,0,0,1,0,0,0,0,0,1,-,-,NA,NA,SAN DIEGO,LA MESA,-117.03763004,32.76859007
6515003,2014,2014-07-15,3705,2014-02-11,1040,EC0301,NA,2,5,5,3705,0,0,0,NA,0,009,N 1ST,MADISON,80,S,N,A,-,N,NA,NA,NA,NA,NA,NA,NA,NA,NA,N,4,0,1,2,A,-,05,21202,A,N,B,G,A,A,H,-,A,D,0,NA,Y,NA,NA,Y,NA,L,04,0,0,1,0,0,0,1,0,0,-,-,NA,NA,SAN DIEGO,EL CAJON,-116.94460935,32.79992091
6515592,2014,2014-08-12,9650,2014-05-24,1534,16490,NA,6,2,9,3700,0,3,5,NA,1,212,LILAC RD,VALLEY CENTER RD,10560,W,N,A,-,N,NA,NA,NA,NA,NA,NA,NA,NA,NA,N,4,0,2,2,A,-,01,23152,A,F,C,C,A,A,H,-,A,D,0,NA,NA,NA,NA,Y,Y,A,07,0,0,2,0,0,0,0,0,0,-,-,33.22219,-117.03955,SAN DIEGO,UNINCORPORATED,-117.05473256,33.24289181
6515713,2014,2016-04-09,9645,2014-06-05,1830,17529,NA,4,2,7,3711,0,1,3,NA,2,006,RT 94,KELTON RD,35,E,N,A,-,Y,SD,11,94,-,-,5.891,R,1,W,N,4,0,1,2,A,-,03,22350,NA,N,C,C,A,A,H,-,A,D,1,NA,NA,NA,NA,Y,NA,A,01,0,0,1,0,0,0,0,0,0,-,-,32.72358,-117.0773,SAN DIEGO,SAN DIEGO,-117.07495582,32.72473768
6516086,2014,2015-09-24,3711,2014-06-13,0930,7137,NA,5,5,7,3711,0,0,0,NA,0,611,PACIFIC HWY,ENTERPRISE ST,0,NA,Y,A,-,N,NA,NA,NA,NA,NA,NA,NA,NA,NA,Y,4,0,2,2,A,-,08,22107,NA,N,B,C,A,A,H,-,A,A,0,NA,NA,NA,NA,Y,NA,-,NA,0,0,2,0,0,0,0,0,0,-,-,NA,NA,SAN DIEGO,SAN DIEGO,-117.19767003,32.74708009
6516108,2014,2016-02-06,9645,2014-06-11,0815,17270,NA,3,1,7,3711,0,1,1,NA,2,005,RT 5,GILMAN DR,363,S,N,A,-,Y,SD,11,5,-,R,26.73,H,-,S,Y,4,0,1,1,A,-,08,22107,NA,N,E,I,A,A,H,-,A,D,1,NA,NA,NA,NA,Y,NA,A,01,0,0,1,0,0,0,0,0,0,-,-,32.84813,-117.23611,SAN DIEGO,SAN DIEGO,-117.23573606,32.84863051
6516172,2014,2015-04-06,9650,2014-06-09,2355,019765,NA,1,3,9,3700,0,1,1,NA,2,022,RT 15,RT 76,7392,S,N,A,-,Y,SD,11,15,-,R,45.06,H,-,N,Y,4,0,1,1,A,-,01,23152,A,N,E,I,A,A,H,-,C,D,1,NA,NA,NA,NA,Y,Y,A,01,0,0,1,0,0,0,0,0,0,-,-,33.31252,-117.15178,SAN DIEGO,UNINCORPORATED,-117.15146258,33.3121219
6516176,2014,2014-08-08,9650,2014-06-15,0730,16275,NA,7,1,9,3700,0,2,4,NA,2,061,SOUTH MISSION RD,VIA ENCINOS DR,55,N,N,A,-,N,NA,NA,NA,NA,NA,NA,NA,NA,NA,Y,4,0,1,1,A,-,08,22107,NA,N,E,I,A,A,H,-,A,D,0,NA,NA,NA,NA,Y,NA,A,01,0,0,1,0,0,0,0,0,0,-,-,33.32865,-117.23586,SAN DIEGO,UNINCORPORATED,-117.23605785,33.32876993
6516183,2014,2014-08-08,3700,2014-06-13,0753,SH9739,NA,5,5,5,3713,0,0,0,NA,0,317,SOUTH MELROSE DR,FARADAY AV,642,N,N,A,-,N,NA,NA,NA,NA,NA,NA,NA,NA,NA,N,4,0,1,2,A,-,08,22107,NA,N,C,C,A,A,D,-,A,D,0,NA,NA,Y,NA,Y,NA,A,01,0,0,1,0,0,0,0,0,1,-,-,NA,NA,SAN DIEGO,VISTA,-117.24377073,33.14160095
6517138,2014,2016-04-09,9680,2014-06-07,0725,19270,NA,6,1,9,3700,0,1,3,NA,2,028,RT 125,PARADISE VALLEY RD,318,N,N,A,-,Y,SD,11,125,-,-,9.96,H,-,S,Y,4,0,1,1,A,-,08,22107,NA,N,E,I,A,A,H,-,A,D,1,NA,NA,NA,NA,Y,NA,A,07,0,0,1,0,0,0,0,0,0,-,-,32.70668,-117.01152,SAN DIEGO,UNINCORPORATED,-117.01118552,32.70505069
6517692,2014,2014-08-07,3711,2014-06-10,1040,7063,NA,2,5,7,3711,0,0,0,NA,0,NA,NAVAJO RD,COWLES MOUNTAIN BL,500,E,N,A,-,N,NA,NA,NA,NA,NA,NA,NA,NA,NA,Y,3,0,2,4,A,-,03,22350,NA,N,C,C,A,A,H,-,A,A,0,NA,NA,NA,NA,Y,NA,-,NA,0,1,1,0,0,0,0,0,0,-,-,NA,NA,SAN DIEGO,SAN DIEGO,-117.02374067,32.8034277
6518526,2014,2014-08-20,3711,2014-05-30,1140,5702,SANDI,5,5,7,3711,0,0,0,NA,0,931,MIRA MESA BL,SCRANTON RD,0,NA,Y,A,-,N,NA,NA,NA,NA,NA,NA,NA,NA,NA,N,4,0,1,2,A,-,04,21703,NA,N,C,C,A,A,H,-,A,A,0,NA,NA,NA,NA,Y,NA,-,-,0,0,1,0,0,0,0,0,0,-,-,NA,NA,SAN DIEGO,SAN DIEGO,-117.20163001,32.89273
6519357,2014,2014-07-31,3701,2014-05-19,0641,5351,111,1,5,5,3701,0,0,0,NA,0,008,LA COSTA AV,CADENCIA ST,13,W,N,A,-,N,NA,NA,NA,NA,NA,NA,NA,NA,NA,Y,4,0,1,2,A,-,03,22350,NA,N,C,C,A,A,H,-,A,A,0,NA,NA,NA,NA,Y,NA,A,01,0,0,1,0,0,0,0,0,0,-,-,NA,NA,SAN DIEGO,CARLSBAD,-117.23926909,33.08617586
6519845,2014,2016-03-26,9645,2014-05-13,1541,12294,NA,2,2,7,3711,0,1,1,NA,2,007,RT 5,SAN DIEGUITO RIVER,2640,S,N,A,-,Y,SD,11,5,-,R,35.16,H,-,N,Y,4,0,1,3,A,-,03,22350,NA,N,C,C,A,A,H,-,A,D,1,NA,NA,NA,NA,Y,NA,A,01,0,0,1,0,0,0,0,0,0,-,-,32.96357,-117.24722,SAN DIEGO,SAN DIEGO,-117.24717262,32.96459609
6523406,2014,2016-03-28,9645,2014-04-22,1745,16766,NA,2,2,5,3709,0,1,1,NA,2,001,RT 5,RT 54,500,NA,N,A,-,Y,SD,11,5,-,-,9.602,R,2,S,Y,4,0,1,2,A,-,03,22350,NA,N,C,C,A,A,H,-,A,C,1,NA,NA,NA,NA,Y,NA,A,01,0,0,1,0,0,0,0,0,0,TO,-,32.65481,-117.10562,SAN DIEGO,NATIONAL CITY,-117.10555989,32.65383074
6523708,2014,2015-04-16,9645,2014-06-03,1420,017297,NA,2,2,7,3711,0,1,1,NA,2,021,RT 15,RT 94,528,N,N,A,-,Y,SD,11,15,-,-,2.36,H,-,S,Y,4,0,1,2,A,-,03,22350,NA,N,C,C,A,A,H,-,A,D,1,NA,NA,NA,NA,Y,NA,A,07,0,0,1,0,0,0,0,0,0,-,-,32.71834,-117.11806,SAN DIEGO,SAN DIEGO,-117.11779797,32.71884791
6523796,2014,2014-08-04,3705,2014-05-06,2053,EC0163,NA,2,5,5,3705,0,0,0,NA,0,010,MADISON,CHAMBERS,53,W,N,A,-,N,NA,NA,NA,NA,NA,NA,NA,NA,NA,N,4,0,1,2,A,-,03,22350,NA,N,C,C,A,A,H,-,C,D,0,NA,NA,NA,NA,Y,NA,A,01,0,0,1,0,0,0,0,0,0,-,-,NA,NA,SAN DIEGO,EL CAJON,-116.9673648,32.8004288
6524130,2014,2014-07-17,3711,2014-04-12,1857,6817,SAN D,6,5,7,3711,0,0,0,NA,0,432,LOGAN AV,GINNA PL,150,E,N,A,-,N,NA,NA,NA,NA,NA,NA,NA,NA,NA,Y,3,0,3,4,A,-,08,22107,NA,N,D,C,A,A,H,-,B,D,0,NA,NA,NA,NA,Y,NA,-,NA,0,1,2,0,0,0,0,0,0,-,-,NA,NA,SAN DIEGO,SAN DIEGO,-117.08205387,32.69654596
6524153,2014,2014-07-22,3711,2014-04-21,1813,6511,NA,1,5,7,3711,0,0,0,NA,0,122,MISSION BAY DR,4700 MISSION BAY DR,0,NA,Y,A,-,N,NA,NA,NA,NA,NA,NA,NA,NA,NA,N,4,0,1,2,A,-,03,22350,NA,N,-,C,A,A,H,-,A,A,0,NA,NA,NA,NA,Y,Y,-,NA,0,0,1,0,0,0,0,0,0,-,-,NA,NA,SAN DIEGO,SAN DIEGO,-117.21897393,32.80614602