CASE_ID,ACCIDENT_YEAR,PROC_DATE,JURIS,COLLISION_DATE,COLLISION_TIME,OFFICER_ID,REPORTING_DISTRICT,DAY_OF_WEEK,CHP_SHIFT,POPULATION,CNTY_CITY_LOC,SPECIAL_COND,BEAT_TYPE,CHP_BEAT_TYPE,CITY_DIVISION_LAPD,CHP_BEAT_CLASS,BEAT_NUMBER,PRIMARY_RD,SECONDARY_RD,DISTANCE,DIRECTION,INTERSECTION,WEATHER_1,WEATHER_2,STATE_HWY_IND,CALTRANS_COUNTY,CALTRANS_DISTRICT,STATE_ROUTE,ROUTE_SUFFIX,POSTMILE_PREFIX,POSTMILE,LOCATION_TYPE,RAMP_INTERSECTION,SIDE_OF_HWY,TOW_AWAY,COLLISION_SEVERITY,NUMBER_KILLED,NUMBER_INJURED,PARTY_COUNT,PRIMARY_COLL_FACTOR,PCF_CODE_OF_VIOL,PCF_VIOL_CATEGORY,PCF_VIOLATION,PCF_VIOL_SUBSECTION,HIT_AND_RUN,TYPE_OF_COLLISION,MVIW,PED_ACTION,ROAD_SURFACE,ROAD_COND_1,ROAD_COND_2,LIGHTING,CONTROL_DEVICE,CHP_ROAD_TYPE,PEDESTRIAN_ACCIDENT,BICYCLE_ACCIDENT,MOTORCYCLE_ACCIDENT,TRUCK_ACCIDENT,NOT_PRIVATE_PROPERTY,ALCOHOL_INVOLVED,STWD_VEHTYPE_AT_FAULT,CHP_VEHTYPE_AT_FAULT,COUNT_SEVERE_INJ,COUNT_VISIBLE_INJ,COUNT_COMPLAINT_PAIN,COUNT_PED_KILLED,COUNT_PED_INJURED,COUNT_BICYCLIST_KILLED,COUNT_BICYCLIST_INJURED,COUNT_MC_KILLED,COUNT_MC_INJURED,PRIMARY_RAMP,SECONDARY_RAMP,LATITUDE,LONGITUDE,COUNTY,CITY,POINT_X,POINT_Y
6607793,2014,2016-05-24,9645,2014-08-27,0840,13111,NA,3,1,7,3711,0,1,3,NA,2,022,RT 56,BLACK MOUNTAIN RD,1226,E,N,A,-,Y,SD,11,56,-,-,7.79,H,-,W,N,4,0,1,3,A,-,03,22350,NA,N,C,C,A,A,H,-,A,D,1,NA,NA,NA,NA,Y,NA,A,07,0,0,1,0,0,0,0,0,0,-,-,32.95478,-117.12627,SAN DIEGO,SAN DIEGO,-117.12622001,32.95480929
6607794,2014,2016-05-21,9645,2014-08-26,0920,12572,NA,2,1,7,3711,0,1,1,NA,2,005,RT 5,OLD TOWN AV,500,S,N,A,-,Y,SD,11,5,-,R,18.94,H,-,N,Y,4,0,1,2,A,-,04,21703,NA,N,C,C,A,A,H,-,A,D,1,NA,NA,NA,NA,Y,NA,A,01,0,0,1,0,0,0,0,0,0,-,-,32.74775,-117.19256,SAN DIEGO,SAN DIEGO,-117.19201743,32.74703139
6608040,2014,2014-09-09,3711,2014-08-24,0901,6513,NA,7,5,7,3711,0,0,0,NA,0,111,MOUNT ALIFAN DR,MOUNT AGUILAR DR,0,NA,Y,A,-,N,NA,NA,NA,NA,NA,NA,NA,NA,NA,Y,3,0,4,2,A,-,03,22350,NA,N,C,C,A,A,H,-,A,A,0,NA,NA,NA,NA,Y,NA,A,01,0,4,0,0,0,0,0,0,0,-,-,NA,NA,SAN DIEGO,SAN DIEGO,-117.17765004,32.81805005
6609998,2014,2014-09-18,3711,2014-08-26,1920,6957,NA,2,5,7,3711,0,0,0,NA,0,122,INGRAHAM ST,FORTUNA AV,8,N,N,A,-,N,NA,NA,NA,NA,NA,NA,NA,NA,NA,N,4,0,1,2,A,-,09,21802,A,M,D,C,A,A,H,-,B,D,0,NA,NA,NA,NA,Y,NA,-,99,0,0,1,0,0,0,0,0,0,-,-,NA,NA,SAN DIEGO,SAN DIEGO,-117.2386165,32.79236122
6611893,2014,2014-09-23,3702,2014-08-04,0746,CV0662,NA,1,5,6,3702,0,0,0,NA,0,013,K ST,CHURCH AV,6,E,N,A,-,N,NA,NA,NA,NA,NA,NA,NA,NA,NA,Y,4,0,4,2,A,-,09,21802,A,N,D,C,A,A,H,-,A,A,0,NA,NA,NA,NA,Y,NA,A,01,0,0,4,0,0,0,0,0,0,-,-,NA,NA,SAN DIEGO,CHULA VISTA,-117.07208162,32.62432531
6612115,2014,2014-09-18,3705,2014-08-29,0710,EC0292,NA,5,5,5,3705,0,0,0,NA,0,010,FLETCHER PKWY,JOHNSON,353,E,N,A,-,N,NA,NA,NA,NA,NA,NA,NA,NA,NA,Y,2,0,1,2,A,-,09,21802,A,F,D,G,A,A,H,-,A,D,0,NA,Y,NA,NA,Y,NA,A,01,1,0,0,0,0,0,1,0,0,-,-,NA,NA,SAN DIEGO,EL CAJON,-116.96986522,32.80778
6612991,2014,2014-09-19,3709,2014-08-20,1501,479,NATIO,3,5,5,3709,0,0,0,NA,0,021,EAST 8TH ST,HIGHLAND AV,120,E,N,A,-,N,NA,NA,NA,NA,NA,NA,NA,NA,NA,N,4,0,1,2,A,-,09,21804,A,N,A,C,A,A,H,-,A,A,0,NA,NA,NA,NA,Y,NA,A,01,0,0,1,0,0,0,0,0,0,-,-,NA,NA,SAN DIEGO,NATIONAL CITY,-117.09837662,32.67822127
6613415,2014,2014-09-30,3711,2014-09-04,2220,6938,SANDI,4,5,7,3711,0,0,0,NA,0,613,NIPOMA ST,AMARYLLIS DR,209,N,N,A,-,N,NA,NA,NA,NA,NA,NA,NA,NA,NA,Y,3,0,1,1,A,-,08,22107,NA,N,H,A,A,A,H,-,D,D,0,NA,NA,NA,NA,Y,Y,-,NA,0,1,0,0,0,0,0,0,0,-,-,NA,NA,SAN DIEGO,SAN DIEGO,-117.22341449,32.74920254
6614801,2014,2016-05-21,9645,2014-08-25,1620,20867,NA,1,2,7,3711,0,1,1,NA,2,009,RT 805,MARKET ST,1584,S,N,A,-,Y,SD,11,805,-,-,12.65,H,-,S,Y,4,0,1,3,A,-,03,22350,NA,N,C,C,A,A,H,-,A,D,1,NA,NA,NA,NA,Y,NA,A,01,0,0,1,0,0,0,0,0,0,-,-,NA,NA,SAN DIEGO,SAN DIEGO,-117.09758187,32.70799053
6614829,2014,2016-05-21,9645,2014-08-25,1800,019033,NA,1,2,7,3711,0,1,1,NA,2,005,RT 5,CLAIREMONT DR,650,N,N,A,-,Y,SD,11,5,-,R,22.38,H,-,S,N,4,0,1,2,A,-,03,22350,NA,N,C,C,A,A,H,-,A,D,1,NA,NA,NA,NA,Y,NA,A,07,0,0,1,0,0,0,0,0,0,-,-,32.79335,-117.2081,SAN DIEGO,SAN DIEGO,-117.20759932,32.79236434
6614837,2014,2016-05-21,9645,2014-08-23,1815,19033,NA,6,2,7,3711,0,1,1,NA,2,005,RT 5,CLAIREMONT DR,1500,N,N,A,-,Y,SD,11,5,-,R,22.54,H,-,S,Y,4,0,1,3,A,-,03,22350,NA,N,C,C,A,A,H,-,A,D,1,NA,NA,NA,NA,Y,NA,A,07,0,0,1,0,0,0,0,0,0,-,-,32.79661,-117.20971,SAN DIEGO,SAN DIEGO,-117.20842026,32.79458371
6614840,2014,2014-09-16,3700,2014-08-21,2230,SH0817,NA,4,5,5,3713,0,0,0,NA,0,310,CIVIC CENTER DR,POSTAL WY,35,N,N,A,-,N,NA,NA,NA,NA,NA,NA,NA,NA,NA,N,4,0,1,2,A,-,03,22350,NA,N,C,C,A,A,D,-,C,A,0,NA,NA,NA,NA,Y,NA,A,01,0,0,1,0,0,0,0,0,0,-,-,NA,NA,SAN DIEGO,VISTA,-117.23512186,33.19272248
6616291,2014,2014-09-19,3710,2014-08-14,0735,OC1344,NA,4,5,6,3710,0,0,0,NA,0,012,OCEANSIDE,EL CAMINIO REAL,35,E,N,A,-,N,NA,NA,NA,NA,NA,NA,NA,NA,NA,N,4,0,1,2,A,-,04,21703,NA,N,C,C,A,A,H,-,A,A,0,NA,NA,NA,NA,Y,NA,A,01,0,0,1,0,0,0,0,0,0,-,-,NA,NA,SAN DIEGO,OCEANSIDE,-117.33230612,33.20182542
6617392,2014,2014-10-09,3705,2014-08-17,1309,EC5420,NA,7,5,5,3705,0,0,0,NA,0,006,EL CAJON,JOHNSON,0,NA,Y,A,-,N,NA,NA,NA,NA,NA,NA,NA,NA,NA,Y,3,0,3,2,-,-,-,NA,NA,N,D,C,A,A,H,-,A,A,0,NA,NA,NA,NA,Y,NA,-,-,0,2,1,0,0,0,0,0,0,-,-,NA,NA,SAN DIEGO,EL CAJON,-116.97105002,32.79172002
6617406,2014,2016-05-20,9680,2014-08-21,1340,017460,NA,4,1,9,3700,0,1,1,NA,2,086,RT 8,KITCHEN CREEK RD,700,W,N,B,C,Y,SD,11,8,-,R,51.85,H,-,E,Y,2,0,1,1,A,-,03,22350,NA,N,F,A,A,B,H,-,A,D,1,NA,NA,NA,NA,Y,NA,A,07,1,0,0,0,0,0,0,0,0,-,-,32.71982,-116.4734,SAN DIEGO,UNINCORPORATED,-116.47138215,32.7185781
6619723,2014,2016-05-21,9650,2014-08-29,0050,018296,NA,5,3,5,3713,0,1,3,NA,2,017,RT 78,SYCAMORE AV,2640,W,N,A,-,Y,SD,11,78,-,-,8.59,H,-,E,Y,3,0,1,1,A,-,01,23152,A,M,E,I,A,A,H,-,D,D,1,NA,NA,NA,NA,Y,Y,D,22,0,1,0,0,0,0,0,0,0,-,-,33.17167,-117.22397,SAN DIEGO,VISTA,-117.22200855,33.17052255
6620749,2014,2014-09-19,9650,2014-08-31,1045,016103,NA,7,1,9,3700,0,3,5,NA,2,006,FALLBROOK ST,OLD STAGE RD,43,E,N,A,-,N,NA,NA,NA,NA,NA,NA,NA,NA,NA,N,4,0,1,2,A,-,08,22107,NA,N,B,G,A,A,H,-,A,D,0,NA,Y,NA,NA,Y,NA,L,04,0,0,1,0,0,0,1,0,0,-,-,33.37652,-117.24903,SAN DIEGO,UNINCORPORATED,-117.24914959,33.37659
6621617,2014,2014-10-06,3711,2014-09-04,1927,7191,NA,4,5,7,3711,0,0,0,NA,0,431,IMPERIAL,54TH,0,NA,Y,A,-,N,NA,NA,NA,NA,NA,NA,NA,NA,NA,N,4,0,1,3,A,-,03,22350,NA,M,C,C,A,A,H,-,C,A,0,NA,NA,NA,NA,Y,Y,-,-,0,0,1,0,0,0,0,0,0,-,-,NA,NA,SAN DIEGO,SAN DIEGO,-117.07878003,32.70708005
6622972,2014,2016-05-25,9650,2014-09-09,0835,013636,NA,2,1,5,3782,0,1,1,NA,2,007,RT 5,ENCINITAS BL,2640,N,N,A,-,Y,SD,11,5,-,R,42.04,H,-,S,N,4,0,1,2,A,-,03,22350,NA,N,C,C,A,A,H,-,A,D,1,NA,NA,NA,NA,Y,NA,A,01,0,0,1,0,0,0,0,0,0,-,-,NA,NA,SAN DIEGO,ENCINITAS,-117.28956905,33.05568166
6625385,2014,2016-01-05,3706,2014-09-05,1415,ES0223,NA,5,5,6,3706,0,0,0,NA,0,042,CENTRE CITY PKWY,WASHINGTON AV,0,NA,Y,A,-,N,NA,NA,NA,NA,NA,NA,NA,NA,NA,N,4,0,1,2,A,-,03,22350,NA,N,C,C,A,A,H,-,A,A,0,NA,NA,NA,NA,Y,NA,A,01,0,0,1,0,0,0,0,0,0,-,-,NA,NA,SAN DIEGO,ESCONDIDO,-117.08998008,33.12507
6625430,2014,2014-10-07,9680,2014-09-05,0920,018152,NA,5,1,9,3700,0,3,5,NA,2,001,GREENFIELD DR,1ST ST,330,W,N,A,-,N,NA,NA,NA,NA,NA,NA,NA,NA,NA,Y,4,0,1,2,A,-,03,22350,NA,N,C,C,A,A,H,-,A,D,0,NA,NA,NA,NA,Y,NA,A,01,0,0,1,0,0,0,0,0,0,-,-,32.81326,-116.94672,SAN DIEGO,UNINCORPORATED,-116.94569023,32.81332
6625684,2014,2016-05-23,9650,2014-08-23,0055,013087,NA,6,3,6,3710,0,1,1,NA,2,005,RT 5,HARBOR DR,1320,S,N,A,-,Y,SD,11,5,-,R,54.14,H,-,S,Y,3,0,1,1,C,-,18,NA,NA,N,F,A,A,A,H,-,D,D,1,NA,NA,NA,NA,Y,Y,-,-,0,1,0,0,0,0,0,0,0,-,-,NA,NA,SAN DIEGO,OCEANSIDE,-117.38533267,33.20711287
6625788,2014,2014-09-29,3706,2014-08-26,1101,ES0333,NA,2,5,6,3706,0,0,0,NA,0,042,MISSION AV,BROADWAY,136,E,N,A,-,N,NA,NA,NA,NA,NA,NA,NA,NA,NA,N,4,0,1,2,A,-,09,21804,A,N,A,C,A,A,H,-,A,D,0,NA,NA,NA,NA,Y,NA,A,01,0,0,1,0,0,0,0,0,0,-,-,NA,NA,SAN DIEGO,ESCONDIDO,-117.08534,33.13036
6627026,2014,2016-05-21,9645,2014-09-09,0700,14909,NA,2,1,7,3711,0,1,1,NA,2,011,RT 805,MEADE AV,80,S,N,A,-,Y,SD,11,805,-,-,16.549,R,1,N,Y,4,0,1,2,A,-,03,22350,NA,N,C,C,A,A,H,-,A,A,1,NA,NA,NA,NA,Y,NA,A,01,0,0,1,0,0,0,0,0,0,FR,-,32.75681,-117.12525,SAN DIEGO,SAN DIEGO,-117.12531209,32.75697477
6627061,2014,2016-05-21,9680,2014-08-31,1920,019822,NA,7,2,9,3700,0,1,3,NA,2,027,RT 94,MASSACHUSETTS AV,238,E,N,A,-,Y,SD,11,94,-,-,8.299,R,2,E,Y,2,0,1,1,A,-,03,22350,NA,N,E,I,A,A,H,-,C,A,1,NA,NA,Y,NA,Y,NA,C,02,1,0,0,0,0,0,0,0,1,TO,-,32.7444,-117.04195,SAN DIEGO,UNINCORPORATED,-117.04240837,32.74472417
6629337,2014,2014-10-09,3711,2014-09-09,0855,6391,NA,2,5,7,3711,0,0,0,NA,0,838,UNIVERSITY AV,35TH ST,5,E,N,A,-,N,NA,NA,NA,NA,NA,NA,NA,NA,NA,N,3,0,1,2,A,-,11,21456,B,N,D,G,A,A,H,-,A,A,0,NA,Y,NA,NA,Y,NA,L,04,0,1,0,0,0,0,1,0,0,-,-,NA,NA,SAN DIEGO,SAN DIEGO,-117.11803379,32.74975987
6629733,2014,2016-01-05,3711,2014-09-11,2110,6775,NA,4,5,7,3711,0,0,0,NA,0,621,LINDA VISTA RD,ULRIC ST,15,N,N,A,-,N,NA,NA,NA,NA,NA,NA,NA,NA,NA,NA,3,0,2,3,A,-,11,21950,B,N,G,B,B,A,H,-,C,A,0,Y,NA,NA,NA,Y,NA,-,NA,0,2,0,0,2,0,0,0,0,-,-,NA,NA,SAN DIEGO,SAN DIEGO,-117.1702861,32.78654096
6629863,2014,2014-09-30,3711,2014-09-12,1510,4523,NA,5,5,7,3711,0,0,0,NA,0,124,LA JOLLA SHORES DR,PASEO DORADO,0,NA,Y,A,-,N,NA,NA,NA,NA,NA,NA,NA,NA,NA,N,3,0,1,2,A,-,09,21804,A,N,D,C,A,A,H,-,A,A,0,NA,NA,NA,NA,Y,NA,-,NA,0,1,0,0,0,0,0,0,0,-,-,NA,NA,SAN DIEGO,SAN DIEGO,-117.25389007,32.85245011
6631128,2014,2016-05-24,9645,2014-08-18,2158,19010,NA,1,2,7,3711,0,1,1,NA,2,017,RT 15,RANCHO PENASQUITOS BL,1500,N,N,A,-,Y,SD,11,15,-,M,18.46,H,-,N,Y,4,0,1,2,A,-,03,22350,NA,N,C,C,A,A,H,-,C,D,1,NA,NA,NA,NA,Y,NA,A,01,0,0,1,0,0,0,0,0,0,-,-,32.95384,-117.10446,SAN DIEGO,SAN DIEGO,-117.10319116,32.95186435
6631729,2014,2016-05-24,9650,2014-09-16,1740,015503,NA,2,2,6,3706,0,1,1,NA,2,023,RT 15,EL NORTE PKWY,4224,S,N,B,C,Y,SD,11,15,-,R,32.06,H,-,N,Y,4,0,1,2,A,-,03,22350,NA,N,C,C,A,B,H,-,A,D,1,NA,NA,NA,NA,Y,Y,A,01,0,0,1,0,0,0,0,0,0,-,-,33.13451,-117.10522,SAN DIEGO,ESCONDIDO,-117.10495455,33.13506223
6632121,2014,2014-09-25,3700,2014-07-03,0510,SH4791,NA,4,5,5,3782,0,0,0,NA,0,223,NORTH RANCHO SANTA FE RD,AVENIDA LA POSTA,0,NA,Y,A,-,N,NA,NA,NA,NA,NA,NA,NA,NA,NA,Y,4,0,1,1,A,-,01,23152,A,N,E,I,A,A,H,-,B,A,0,NA,NA,NA,NA,Y,Y,A,01,0,0,1,0,0,0,0,0,0,-,-,NA,NA,SAN DIEGO,ENCINITAS,-117.24062007,33.06128002
6632297,2014,2014-10-03,9650,2014-09-09,1830,015276,NA,2,2,9,3700,0,3,5,NA,1,212,OLD CASTLE RD,PAMOOSA LN,2112,E,N,A,-,N,NA,NA,NA,NA,NA,NA,NA,NA,NA,Y,4,0,1,1,A,-,08,22107,NA,N,E,I,A,A,H,-,A,D,0,NA,NA,NA,NA,Y,NA,A,01,0,0,1,0,0,0,0,0,0,-,-,33.25594,-117.11064,SAN DIEGO,UNINCORPORATED,-117.1112697,33.25623645
6632362,2014,2014-10-14,3711,2014-09-08,0636,1028,NA,1,5,7,3711,0,0,0,NA,0,001,3RD ST,H AV,16,W,N,A,-,N,NA,NA,NA,NA,NA,NA,NA,NA,NA,N,3,0,1,2,A,-,09,21802,A,N,G,B,B,A,H,-,A,A,0,Y,NA,NA,NA,Y,NA,A,01,0,1,0,0,1,0,0,0,0,-,-,NA,NA,SAN DIEGO,SAN DIEGO,-117.1796458,32.69826053
6632365,2014,2016-05-23,9645,2014-09-11,0555,14922,NA,4,3,5,3709,0,1,1,NA,2,001,RT 5,CIVIC CENTER DR,1500,S,N,A,-,Y,SD,11,5,-,R,10.47,H,-,N,Y,4,0,2,2,A,-,03,22350,NA,N,C,C,A,A,H,-,A,D,1,NA,NA,NA,NA,Y,NA,A,01,0,0,2,0,0,0,0,0,0,-,-,32.66315,-117.10894,SAN DIEGO,NATIONAL CITY,-117.11017387,32.66580323
6632369,2014,2016-05-24,9645,2014-09-05,1520,019322,NA,5,2,7,3711,0,1,1,NA,2,005,RT 5,OLD TOWN AV,395,S,N,A,-,Y,SD,11,5,-,R,18.937,R,1,S,Y,4,0,1,2,A,-,03,22350,NA,N,C,A,A,A,H,-,A,A,1,NA,NA,NA,NA,Y,NA,A,01,0,0,1,0,0,0,0,0,0,SO,-,32.74678,-117.19231,SAN DIEGO,SAN DIEGO,-117.19203138,32.7468431
6632578,2014,2014-09-26,3700,2014-07-20,1202,SH1654,NA,7,5,5,3782,0,0,0,NA,0,242,S EL CAMINIO REAL,CERRO ST,0,NA,Y,A,-,N,NA,NA,NA,NA,NA,NA,NA,NA,NA,Y,4,0,2,2,A,-,09,21802,A,N,D,C,A,A,H,-,A,D,0,NA,NA,NA,NA,Y,NA,A,01,0,0,2,0,0,0,0,0,0,-,-,NA,NA,SAN DIEGO,ENCINITAS,-117.25674005,33.03448002
6633277,2014,2014-09-30,3709,2014-09-04,1950,470,NA,4,5,5,3709,0,0,0,NA,0,023,EAST 18TH ST,HIGHLAND AV,0,NA,Y,A,-,N,NA,NA,NA,NA,NA,NA,NA,NA,NA,N,4,0,1,2,A,-,11,21456,A,N,G,B,B,A,H,-,C,A,0,Y,NA,NA,NA,Y,NA,N,60,0,0,1,0,1,0,0,0,0,-,-,NA,NA,SAN DIEGO,NATIONAL CITY,-117.09536008,32.66949009
6636844,2014,2016-05-21,9680,2014-09-12,1513,019519,NA,5,2,5,3705,0,1,3,NA,2,027,RT 94,LEMON GROVE AV,0,NA,Y,A,-,Y,SD,11,94,-,-,8.82,R,1,E,N,4,0,1,2,A,-,03,22350,NA,N,C,C,A,A,H,-,A,A,1,NA,NA,NA,NA,Y,NA,A,01,0,0,1,0,0,0,0,0,0,TO,-,32.74548,-117.03099,SAN DIEGO,EL CAJON,-117.03375588,32.74544077
6638304,2014,2014-10-08,3711,2014-09-19,0858,6775,NA,5,5,7,3711,0,0,0,NA,0,621,LINDA VISTA RD,GENESEE AV,300,S,N,B,-,N,NA,NA,NA,NA,NA,NA,NA,NA,NA,N,3,0,1,2,A,-,17,21209,A,N,D,C,A,A,H,-,A,D,0,NA,NA,NA,NA,Y,NA,-,NA,0,1,0,0,0,0,0,0,0,-,-,NA,NA,SAN DIEGO,SAN DIEGO,-117.16659826,32.79092543
6638395,2014,2014-10-24,3709,2014-09-22,1758,452,3709,1,5,5,3709,0,0,0,NA,0,023,SWEETWATER,PLAZA BONITA RD,0,NA,Y,A,-,N,NA,NA,NA,NA,NA,NA,NA,NA,NA,N,4,0,2,3,A,-,09,21453,C,N,D,C,A,A,H,-,A,A,0,NA,NA,NA,NA,Y,NA,A,01,0,0,2,0,0,0,0,0,0,-,-,NA,NA,SAN DIEGO,NATIONAL CITY,-117.06626005,32.65971007
6639172,2014,2014-10-15,3706,2014-09-09,1151,ES0322,NA,2,5,6,3706,0,0,0,NA,0,045,CENTRE CITY PKWY,MISSION AV,0,NA,Y,A,-,N,NA,NA,NA,NA,NA,NA,NA,NA,NA,Y,3,0,2,3,A,-,12,21453,A,N,D,C,A,A,H,-,A,A,0,NA,NA,NA,NA,Y,NA,A,01,0,2,0,0,0,0,0,0,0,-,-,NA,NA,SAN DIEGO,ESCONDIDO,-117.09168004,33.12836006
6639192,2014,2016-01-05,3706,2014-09-19,1525,ES0479,NA,5,5,6,3706,0,0,0,NA,0,044,E LINCOLN AV,HARDING ST,0,NA,Y,A,-,N,NA,NA,NA,NA,NA,NA,NA,NA,NA,Y,4,0,2,2,A,-,09,21802,A,N,D,C,A,A,H,-,A,A,0,NA,NA,NA,NA,Y,NA,A,01,0,0,2,0,0,0,0,0,0,-,-,NA,NA,SAN DIEGO,ESCONDIDO,-117.07037005,33.14055003
6640613,2014,2014-10-13,3711,2014-09-10,1130,5197,NA,3,5,7,3711,0,0,0,NA,0,524,INDIA ST,WEST ASH ST,0,NA,Y,A,-,N,NA,NA,NA,NA,NA,NA,NA,NA,NA,N,4,0,1,2,D,-,00,NA,NA,N,G,B,B,A,H,-,A,D,0,Y,NA,NA,NA,Y,NA,-,-,0,0,1,0,1,0,0,0,0,-,-,NA,NA,SAN DIEGO,SAN DIEGO,-117.16831006,32.71985001
6640889,2014,2016-05-24,9650,2014-09-24,0750,12168,NA,3,1,6,3706,0,1,1,NA,2,023,RT 15,VALLEY PKWY,700,S,N,A,-,Y,SD,11,15,-,R,30.5,H,-,N,Y,3,0,2,5,A,-,03,22350,NA,N,C,C,A,A,H,-,A,D,1,NA,NA,NA,Y,Y,NA,G,25,0,1,1,0,0,0,0,0,0,-,-,33.11263,-117.09713,SAN DIEGO,ESCONDIDO,-117.09789048,33.11378876
6643708,2014,2015-01-15,9680,2014-11-08,1340,18279,NA,6,1,9,3700,0,3,5,NA,2,007,SPLIT MOUNTAIN RD,RT 78,27984,S,N,A,-,N,NA,NA,NA,NA,NA,NA,NA,NA,NA,Y,3,0,1,1,A,-,08,22107,NA,N,F,A,A,A,H,-,A,D,0,NA,NA,NA,NA,Y,NA,D,22,0,1,0,0,0,0,0,0,0,-,-,33.07782,-116.10574,SAN DIEGO,UNINCORPORATED,-116.10617475,33.07854323
6644897,2014,2014-10-10,3711,2014-09-18,2351,6553,NA,4,5,7,3711,0,0,0,NA,0,813,30TH ST,THORN ST,103,N,N,A,-,N,NA,NA,NA,NA,NA,NA,NA,NA,NA,Y,4,0,1,2,A,-,08,22107,NA,N,B,E,A,A,H,-,C,D,0,NA,NA,NA,NA,Y,Y,A,01,0,0,1,0,0,0,0,0,0,-,-,NA,NA,SAN DIEGO,SAN DIEGO,-117.12932,32.73952215
6645536,2014,2016-05-21,9680,2014-09-21,0003,020049,NA,7,3,5,3708,0,1,3,NA,2,028,RT 94,SPRING ST,1056,W,N,A,-,Y,SD,11,94,-,R,10.218,R,2,W,Y,4,0,1,1,A,-,08,22107,NA,N,E,I,A,A,H,-,C,D,1,NA,NA,NA,NA,Y,NA,A,07,0,0,1,0,0,0,0,0,0,TO,-,32.75213,-117.01449,SAN DIEGO,LA MESA,-117.01294367,32.75328532
6646836,2014,2014-10-09,3711,2014-09-29,1158,4298,NA,1,5,7,3711,0,0,0,NA,0,311,AERO DR,MURPHY CANYON RD,141,E,N,A,-,N,NA,NA,NA,NA,NA,NA,NA,NA,NA,Y,4,0,1,3,A,-,03,22350,NA,N,C,C,A,A,H,-,A,A,0,NA,NA,NA,NA,Y,NA,-,NA,0,0,1,0,0,0,0,0,0,-,-,NA,NA,SAN DIEGO,SAN DIEGO,-117.11624574,32.80977823
6647812,2014,2016-05-24,9645,2014-09-16,0640,14804,NA,2,1,5,3709,0,1,1,NA,2,001,RT 5,E ST,150,S,N,A,-,Y,SD,11,5,-,-,8.53,H,-,N,Y,3,0,2,3,A,-,08,22107,NA,N,F,A,A,A,H,-,A,D,1,NA,NA,Y,NA,Y,NA,C,02,0,2,0,0,0,0,0,0,2,-,-,32.63865,-117.09964,SAN DIEGO,NATIONAL CITY,-117.09972468,32.63909557
6648284,2014,2016-05-21,9645,2014-09-18,1055,018344,NA,4,1,7,3711,0,1,1,NA,2,015,RT 805,SORRENTO VALLEY RD,125,S,N,A,-,Y,SD,11,805,-,-,27.05,H,-,S,Y,4,0,1,2,A,-,08,22107,NA,N,E,I,A,A,H,-,A,D,1,NA,NA,NA,NA,Y,NA,A,07,0,0,1,0,0,0,0,0,0,-,-,32.88972,-117.20653,SAN DIEGO,SAN DIEGO,-117.20594979,32.89018146
6648965,2014,2016-05-21,9680,2014-09-23,1038,015008,NA,2,1,9,3700,0,1,3,NA,1,090,RT 67,RT 78,136,S,N,A,-,Y,SD,11,67,-,-,24.35,H,-,N,Y,2,0,1,2,A,-,21,22106,NA,N,C,C,A,A,H,-,A,D,0,NA,NA,Y,NA,Y,NA,A,08,1,0,0,0,0,0,0,0,1,-,-,33.04174,-116.86896,SAN DIEGO,UNINCORPORATED,-116.96227114,32.80334053
6650773,2014,2014-10-20,3702,2014-09-26,0841,CV1038,NA,5,5,6,3702,0,0,0,NA,0,031,EAST H ST,BUENA VISTA WY,15,E,N,A,-,N,NA,NA,NA,NA,NA,NA,NA,NA,NA,N,4,0,1,2,A,-,10,21950,A,N,G,B,B,A,H,-,A,A,0,Y,NA,NA,NA,Y,NA,A,01,0,0,1,0,1,0,0,0,0,-,-,NA,NA,SAN DIEGO,CHULA VISTA,-117.00576979,32.64144303
6650808,2014,2014-10-23,3702,2014-09-22,1751,CV0815,NA,1,5,6,3702,0,0,0,NA,0,013,G ST,3RD AV,0,NA,Y,A,-,N,NA,NA,NA,NA,NA,NA,NA,NA,NA,Y,3,0,3,2,A,-,09,21801,A,N,A,C,A,A,H,-,A,A,0,NA,NA,NA,NA,Y,NA,A,01,0,1,2,0,0,0,0,0,0,-,-,NA,NA,SAN DIEGO,CHULA VISTA,-117.07854007,32.63782004
6650876,2014,2014-10-23,3702,2014-09-21,0855,CV0604,NA,7,5,6,3702,0,0,0,NA,0,013,L ST,3RD AV,150,E,N,A,-,N,NA,NA,NA,NA,NA,NA,NA,NA,NA,Y,3,0,1,1,A,-,03,22350,NA,M,E,I,A,A,H,-,D,A,0,NA,NA,NA,NA,Y,Y,A,01,0,1,0,0,0,0,0,0,0,-,-,NA,NA,SAN DIEGO,CHULA VISTA,-117.07132517,32.62074242
6651114,2014,2014-11-05,3705,2014-09-04,0604,EC5258,NA,4,5,5,3705,0,0,0,NA,0,006,MAIN ST,MARSHALL AV,0,NA,Y,B,-,N,NA,NA,NA,NA,NA,NA,NA,NA,NA,Y,3,0,1,2,A,-,12,21453,A,N,A,C,A,A,H,-,B,A,0,NA,NA,NA,NA,Y,NA,A,01,0,1,0,0,0,0,0,0,0,-,-,NA,NA,SAN DIEGO,EL CAJON,-116.97554007,32.79497002
6651175,2014,2016-05-24,9650,2014-09-18,0900,15295,NA,4,1,9,3700,0,1,1,NA,2,023,RT 15,FELICITA RD,150,N,N,A,-,Y,SD,11,15,-,R,28.96,H,-,S,Y,4,0,3,3,A,-,03,22350,NA,N,C,C,A,A,H,-,A,D,1,NA,NA,NA,NA,Y,NA,A,01,0,0,3,0,0,0,0,0,0,-,-,33.09425,-117.08477,SAN DIEGO,UNINCORPORATED,-117.08506902,33.09459352