CASE_ID,ACCIDENT_YEAR,PROC_DATE,JURIS,COLLISION_DATE,COLLISION_TIME,OFFICER_ID,REPORTING_DISTRICT,DAY_OF_WEEK,CHP_SHIFT,POPULATION,CNTY_CITY_LOC,SPECIAL_COND,BEAT_TYPE,CHP_BEAT_TYPE,CITY_DIVISION_LAPD,CHP_BEAT_CLASS,BEAT_NUMBER,PRIMARY_RD,SECONDARY_RD,DISTANCE,DIRECTION,INTERSECTION,WEATHER_1,WEATHER_2,STATE_HWY_IND,CALTRANS_COUNTY,CALTRANS_DISTRICT,STATE_ROUTE,ROUTE_SUFFIX,POSTMILE_PREFIX,POSTMILE,LOCATION_TYPE,RAMP_INTERSECTION,SIDE_OF_HWY,TOW_AWAY,COLLISION_SEVERITY,NUMBER_KILLED,NUMBER_INJURED,PARTY_COUNT,PRIMARY_COLL_FACTOR,PCF_CODE_OF_VIOL,PCF_VIOL_CATEGORY,PCF_VIOLATION,PCF_VIOL_SUBSECTION,HIT_AND_RUN,TYPE_OF_COLLISION,MVIW,PED_ACTION,ROAD_SURFACE,ROAD_COND_1,ROAD_COND_2,LIGHTING,CONTROL_DEVICE,CHP_ROAD_TYPE,PEDESTRIAN_ACCIDENT,BICYCLE_ACCIDENT,MOTORCYCLE_ACCIDENT,TRUCK_ACCIDENT,NOT_PRIVATE_PROPERTY,ALCOHOL_INVOLVED,STWD_VEHTYPE_AT_FAULT,CHP_VEHTYPE_AT_FAULT,COUNT_SEVERE_INJ,COUNT_VISIBLE_INJ,COUNT_COMPLAINT_PAIN,COUNT_PED_KILLED,COUNT_PED_INJURED,COUNT_BICYCLIST_KILLED,COUNT_BICYCLIST_INJURED,COUNT_MC_KILLED,COUNT_MC_INJURED,PRIMARY_RAMP,SECONDARY_RAMP,LATITUDE,LONGITUDE,COUNTY,CITY,POINT_X,POINT_Y
6878722,2015,2015-04-17,3711,2015-04-03,1150,6734,NA,5,5,7,3711,0,0,0,NA,0,611,ROSECRANS ST,KURTZ ST,30,N,N,A,-,N,NA,NA,NA,NA,NA,NA,NA,NA,NA,N,4,0,1,2,A,-,09,21804,A,N,D,G,A,A,H,-,A,D,0,NA,Y,NA,NA,Y,NA,L,04,0,0,1,0,0,0,1,0,0,-,-,NA,NA,SAN DIEGO,SAN DIEGO,-117.20382177,32.75237583
6878793,2015,2015-04-17,3711,2015-04-04,0949,6800,NA,6,5,7,3711,0,0,0,NA,0,622,FRIARS RD,YMCA WEST DRIVEWAY,16,W,N,A,-,N,NA,NA,NA,NA,NA,NA,NA,NA,NA,Y,4,0,1,2,A,-,09,21801,A,N,B,C,A,A,H,-,A,D,0,NA,NA,NA,NA,Y,NA,-,NA,0,0,1,0,0,0,0,0,0,-,-,NA,NA,SAN DIEGO,SAN DIEGO,-117.19347954,32.76395132
6879340,2015,2017-02-04,3711,2015-04-04,0202,5985,NA,6,5,7,3711,0,0,0,NA,0,517,B ST,END ROADWAY,7,E,N,A,-,N,NA,NA,NA,NA,NA,NA,NA,NA,NA,Y,3,0,2,2,A,-,03,22350,NA,N,E,I,A,A,H,-,C,D,0,NA,NA,NA,NA,Y,Y,A,01,0,2,0,0,0,0,0,0,0,-,-,NA,NA,SAN DIEGO,SAN DIEGO,NA,NA
6879750,2015,2015-04-20,9680,2015-03-30,0935,018152,NA,1,1,9,3700,0,2,4,NA,1,021,WILLOW GLEN DR,DEHESA RD,7920,S,N,A,-,N,NA,NA,NA,NA,NA,NA,NA,NA,NA,Y,3,0,1,1,A,-,03,22350,NA,N,E,I,A,A,H,-,A,D,0,NA,NA,NA,NA,Y,NA,A,01,0,1,0,0,0,0,0,0,0,-,-,32.76964,-116.88237,SAN DIEGO,UNINCORPORATED,-116.88246896,32.76927411
6879922,2015,2016-10-04,9645,2015-03-27,0125,20301,NA,5,3,7,3711,0,1,1,NA,2,009,RT 805,IMPERIAL AV,500,N,N,A,-,Y,SD,11,805,-,-,12.483,R,2,N,Y,3,0,2,1,A,-,08,22107,NA,M,E,J,A,A,H,-,C,D,1,NA,NA,NA,NA,Y,NA,A,01,0,1,1,0,0,0,0,0,0,-,-,32.70551,-117.09519,SAN DIEGO,SAN DIEGO,-117.09575475,32.70615764
6879985,2015,2016-09-06,9645,2015-03-21,0300,20265,NA,6,3,7,3711,0,1,3,NA,2,014,RT 805,MIRAMAR RD,281,S,N,A,-,Y,SD,11,805,-,-,25.674,R,2,N,Y,2,0,1,1,A,-,01,23152,A,N,F,A,A,A,H,-,C,D,1,NA,NA,NA,NA,Y,Y,A,07,1,0,0,0,0,0,0,0,0,TO,-,32.87396,-117.1978,SAN DIEGO,SAN DIEGO,-117.19692501,32.87201423
6880496,2015,2015-04-29,3711,2015-03-19,0849,5072,NA,4,5,7,3711,0,0,0,NA,0,932,NORTH TORREY PINES RD,NU SYSTEMS DRIVEWAY,5379,N,N,A,-,N,NA,NA,NA,NA,NA,NA,NA,NA,NA,N,2,0,1,1,A,-,03,22350,NA,N,F,A,A,A,H,-,A,D,0,NA,Y,NA,NA,Y,NA,L,04,1,0,0,0,0,0,1,0,0,-,-,NA,NA,SAN DIEGO,SAN DIEGO,-117.25186855,32.92316789
6880837,2015,2015-04-17,9680,2015-03-25,0820,015619,NA,3,1,9,3700,0,3,5,NA,2,001,BRADLEY AV,MAGNOLIA AV,166,W,N,A,-,N,NA,NA,NA,NA,NA,NA,NA,NA,NA,Y,3,0,1,2,A,-,09,21804,A,N,D,C,A,A,H,-,A,D,0,NA,NA,NA,NA,Y,NA,A,01,0,1,0,0,0,0,0,0,0,-,-,32.81881,-116.46426,SAN DIEGO,UNINCORPORATED,-116.96284492,32.81907643
6881542,2015,2015-04-27,3706,2015-03-20,1511,ES0439,NA,5,5,6,3706,0,0,0,NA,0,052,GRAND AV,ASH ST,0,NA,Y,A,-,N,NA,NA,NA,NA,NA,NA,NA,NA,NA,N,4,0,1,2,A,-,05,21650,1,N,D,G,A,A,H,-,A,A,0,NA,Y,NA,NA,Y,NA,L,04,0,0,1,0,0,0,1,0,0,-,-,NA,NA,SAN DIEGO,ESCONDIDO,-117.06553009,33.12720011
6882348,2015,2015-04-22,3711,2015-04-02,1730,4527,NA,4,5,7,3711,0,0,0,NA,0,523,MARKET PL,4TH,60,E,N,A,-,N,NA,NA,NA,NA,NA,NA,NA,NA,NA,N,3,0,1,2,A,-,11,21456,B,N,-,B,B,A,H,-,A,A,0,Y,NA,NA,NA,Y,NA,-,-,0,1,0,0,1,0,0,0,0,-,-,NA,NA,SAN DIEGO,SAN DIEGO,-117.16086573,32.71147637
6883366,2015,2017-01-05,9645,2015-04-06,1715,16816,NA,1,2,7,3711,0,1,1,NA,2,021,RT 15,UNIVERSITY AV,100,S,N,A,-,Y,SD,11,15,-,M,4.64,H,-,S,N,4,0,1,2,A,-,03,22350,NA,N,C,C,A,A,H,-,A,D,1,NA,NA,NA,NA,Y,NA,A,01,0,0,1,0,0,0,0,0,0,-,-,32.74935,-117.10902,SAN DIEGO,SAN DIEGO,-117.1090009,32.7496515
6883402,2015,2016-11-10,9645,2015-04-01,1610,17401,NA,3,2,7,3711,0,1,1,NA,2,003,RT 5,SASSAFRAS ST,2640,N,N,A,-,Y,SD,11,5,-,R,18.3,H,-,S,Y,4,0,2,4,A,-,03,22350,NA,N,C,C,A,A,H,-,A,D,1,NA,NA,NA,NA,Y,NA,A,07,0,0,2,0,0,0,0,0,0,-,-,NA,NA,SAN DIEGO,SAN DIEGO,-117.18252829,32.74241013
6883944,2015,2015-04-21,3711,2015-04-04,1910,6936,NA,6,5,7,3711,0,0,0,NA,0,613,WEST POINT LOMA BL,GROTON ST,6,W,N,A,-,N,NA,NA,NA,NA,NA,NA,NA,NA,NA,N,3,0,1,2,A,-,12,21453,A,N,D,G,A,A,H,-,C,A,0,NA,Y,NA,NA,Y,NA,L,04,0,1,0,0,0,0,1,0,0,-,-,NA,NA,SAN DIEGO,SAN DIEGO,-117.22195774,32.75433325
6884727,2015,2015-04-22,9650,2015-03-28,1655,16516,NA,6,2,9,3700,0,2,4,NA,2,061,SOUTH MISSION RD,AMMUNITION RD,300,N,N,A,-,N,NA,NA,NA,NA,NA,NA,NA,NA,NA,N,3,0,1,2,A,-,07,21658,A,N,C,C,A,A,H,-,A,D,0,NA,NA,Y,NA,Y,NA,A,01,0,1,0,0,0,0,0,0,1,-,-,33.37184,-117.25303,SAN DIEGO,UNINCORPORATED,-117.25287701,33.37179414
6885304,2015,2015-04-27,3711,2015-04-09,1656,7124,NA,4,5,7,3711,0,0,0,NA,0,433,FEDERAL BL,WINNETT ST,0,NA,Y,A,-,N,NA,NA,NA,NA,NA,NA,NA,NA,NA,Y,4,0,2,2,A,-,00,21801,2,N,D,C,A,A,H,-,A,D,0,NA,NA,NA,NA,Y,NA,-,NA,0,0,2,0,0,0,0,0,0,-,-,NA,NA,SAN DIEGO,SAN DIEGO,-117.06374011,32.7289101
6886132,2015,2015-04-23,3711,2015-04-08,1205,4965,SANDI,3,5,7,3711,0,0,0,NA,0,621,LINDA VISTA RD,OLRICK,314,W,N,A,-,N,NA,NA,NA,NA,NA,NA,NA,NA,NA,N,3,0,1,2,A,-,08,22107,NA,N,B,G,A,A,H,-,A,D,0,NA,Y,NA,NA,Y,NA,-,NA,0,1,0,0,0,0,1,0,0,-,-,NA,NA,SAN DIEGO,SAN DIEGO,NA,NA
6886135,2015,2015-04-23,3711,2015-04-09,1210,5842,NA,4,5,7,3711,0,0,0,NA,0,931,MIRAMAR RD,RT 805,420,W,N,A,-,N,NA,NA,NA,NA,NA,NA,NA,NA,NA,Y,4,0,1,2,A,-,03,22350,NA,N,C,C,A,A,H,-,A,A,0,NA,NA,NA,NA,Y,NA,-,NA,0,0,1,0,0,0,0,0,0,-,NO,NA,NA,SAN DIEGO,SAN DIEGO,-117.20105588,32.87497983
6887478,2015,2016-12-01,9645,2015-04-13,1715,017953,NA,1,2,7,3711,0,1,1,NA,2,010,RT 8,RT 15,1127,E,N,A,-,Y,SD,11,8,-,-,6.14,R,2,E,Y,3,0,4,4,A,-,08,22107,NA,N,B,C,A,A,H,-,A,D,1,NA,NA,NA,NA,Y,NA,A,07,0,2,2,0,0,0,0,0,0,FR,-,32.77846,-117.10664,SAN DIEGO,SAN DIEGO,-117.10366949,32.77875969
6887490,2015,2016-11-17,9645,2015-04-07,1735,016061,NA,2,2,7,3711,0,1,1,NA,2,001,RT 5,DAIRY MART RD,500,N,N,A,-,Y,SD,11,5,-,-,2.4,H,-,S,Y,4,0,1,3,A,-,03,22350,NA,F,C,C,A,A,H,-,A,D,1,NA,NA,NA,NA,Y,NA,A,01,0,0,1,0,0,0,0,0,0,-,-,32.56053,-117.06641,SAN DIEGO,SAN DIEGO,-117.06370343,32.55903832
6887610,2015,2015-04-29,3711,2015-04-01,1920,5972,NA,3,5,7,3711,0,0,0,NA,0,836,44TH ST,OLIVE ST,189,S,N,A,-,N,NA,NA,NA,NA,NA,NA,NA,NA,NA,N,2,0,1,2,A,-,11,21954,A,N,G,B,D,A,H,-,D,D,0,Y,NA,NA,NA,Y,NA,N,60,1,0,0,0,1,0,0,0,0,-,-,NA,NA,SAN DIEGO,SAN DIEGO,-117.09975717,32.7346223
6887730,2015,2015-04-27,3711,2015-04-12,1151,5929,NA,7,5,7,3711,0,0,0,NA,0,122,INGRAHAM ST,RIVIERA DR,9,S,N,A,-,N,NA,NA,NA,NA,NA,NA,NA,NA,NA,N,4,0,1,1,A,-,08,22107,NA,N,-,I,A,A,H,-,A,A,0,NA,NA,NA,NA,Y,NA,-,NA,0,0,1,0,0,0,0,0,0,-,-,NA,NA,SAN DIEGO,SAN DIEGO,-117.23624,32.77984534
6887737,2015,2015-04-27,3711,2015-04-11,0855,5400,NA,6,5,7,3711,0,0,0,NA,0,321,SAN DIEGO MISSION,RANCHO MISSION,0,NA,Y,A,-,N,NA,NA,NA,NA,NA,NA,NA,NA,NA,N,4,0,1,2,A,-,10,21950,A,N,G,B,B,A,H,-,A,A,0,Y,NA,NA,NA,Y,NA,-,NA,0,0,1,0,1,0,0,0,0,-,-,NA,NA,SAN DIEGO,SAN DIEGO,-117.11039006,32.78490009
6888787,2015,2015-05-02,3700,2015-02-04,1848,SH7552,NA,3,5,4,3707,0,0,0,NA,0,710,FLORIDA ST,IMPERIAL BEACH BL,0,NA,Y,A,-,N,NA,NA,NA,NA,NA,NA,NA,NA,NA,N,4,0,1,2,A,-,10,21954,B,F,A,B,C,A,H,-,C,A,0,Y,NA,NA,NA,Y,NA,-,NA,0,0,1,0,1,0,0,0,0,-,-,NA,NA,SAN DIEGO,IMPERIAL BEACH,-117.10939013,32.57654002
6891086,2015,2015-04-27,3702,2015-03-12,1431,CV1141,NA,4,5,6,3702,0,0,0,NA,0,031,BONITA RD,ALLEN SCHOOL RD,390,W,N,A,-,N,NA,NA,NA,NA,NA,NA,NA,NA,NA,N,2,0,1,2,A,-,17,22517,NA,N,G,G,A,A,H,-,A,A,0,NA,Y,NA,NA,Y,NA,A,01,1,0,0,0,0,0,1,0,0,-,-,NA,NA,SAN DIEGO,CHULA VISTA,-117.03761029,32.65989447
6891102,2015,2015-04-27,3702,2015-03-18,0710,CV0506,NA,3,5,6,3702,0,0,0,NA,0,032,KUHN DR,MILLER DR,6,S,N,A,-,N,NA,NA,NA,NA,NA,NA,NA,NA,NA,N,3,0,1,2,A,-,05,21650,NA,N,D,G,A,A,H,-,A,A,0,NA,Y,NA,NA,Y,NA,L,04,0,1,0,0,0,0,1,0,0,-,-,NA,NA,SAN DIEGO,CHULA VISTA,-116.96788336,32.65363152
6894564,2015,2015-05-09,3711,2015-04-17,1558,6842,NA,5,5,7,3711,0,0,0,NA,0,115,GENESEE AV,GOVERNOR DR,470,N,N,A,-,N,NA,NA,NA,NA,NA,NA,NA,NA,NA,Y,3,0,1,2,A,-,11,21950,B,N,G,B,D,A,H,-,A,A,0,Y,NA,NA,NA,Y,NA,N,60,0,1,0,0,1,0,0,0,0,-,-,NA,NA,SAN DIEGO,SAN DIEGO,-117.20505761,32.85585739
6894571,2015,2015-05-11,3711,2015-04-16,2023,5985,NA,4,5,7,3711,0,0,0,NA,0,528,COLUMBIA ST,WEST GRAPE ST,0,NA,Y,A,-,N,NA,NA,NA,NA,NA,NA,NA,NA,NA,N,3,0,1,2,A,-,10,21950,A,M,G,B,B,A,H,-,C,A,0,Y,NA,NA,NA,Y,NA,-,99,0,1,0,0,1,0,0,0,0,-,-,NA,NA,SAN DIEGO,SAN DIEGO,-117.16818,32.72568008
6896400,2015,2015-05-07,3701,2015-04-01,1315,5294,66,3,5,5,3701,0,0,0,NA,0,002,CANNON RD,PASEO DEL NORTE,60,W,N,A,-,N,NA,NA,NA,NA,NA,NA,NA,NA,NA,N,4,0,1,2,A,-,03,22350,NA,N,C,C,A,A,H,-,A,A,0,NA,NA,NA,NA,Y,NA,D,22,0,0,1,0,0,0,0,0,0,-,-,NA,NA,SAN DIEGO,CARLSBAD,-117.32724922,33.13540452
6896730,2015,2016-11-19,9680,2015-04-24,2248,019936,NA,5,3,9,3700,0,1,3,NA,1,023,RT 94,MPM SD 94 R13.00,71,W,N,B,-,Y,SD,11,94,-,R,12.99,H,-,W,Y,2,0,2,2,A,-,01,23152,A,N,A,C,A,A,H,-,C,A,0,NA,NA,NA,NA,Y,Y,D,22,1,1,0,0,0,0,0,0,0,-,-,NA,NA,SAN DIEGO,UNINCORPORATED,-116.97023887,32.74464077
6897002,2015,2016-11-10,9650,2015-04-12,0130,017655,NA,7,3,9,3700,0,1,1,NA,2,001,RT 5,USBP CHECKPOINT,500,S,N,A,-,Y,SD,11,5,-,R,67.27,H,-,N,Y,3,0,2,2,A,-,03,22350,NA,N,C,C,A,A,H,-,D,A,1,NA,NA,NA,NA,Y,NA,A,01,0,1,1,0,0,0,0,0,0,-,-,NA,NA,SAN DIEGO,UNINCORPORATED,-117.52432811,33.35195478
6897035,2015,2016-12-19,9645,2015-04-27,1630,015001,NA,1,2,7,3711,0,1,3,NA,2,023,RT 163,GENESEE AV,2640,S,N,A,-,Y,SD,11,163,-,-,5.29,H,-,N,Y,4,0,2,3,A,-,03,22350,NA,N,C,C,A,A,H,-,A,D,1,NA,NA,NA,NA,Y,NA,A,08,0,0,2,0,0,0,0,0,0,-,-,32.78104,-117.16272,SAN DIEGO,SAN DIEGO,-117.16160529,32.78461963
6897107,2015,2015-05-18,9680,2015-04-15,1125,15962,NA,3,1,9,3700,0,3,5,NA,2,002,KNOLLVIEW DR,CASA ALTA LN,200,N,N,A,-,N,NA,NA,NA,NA,NA,NA,NA,NA,NA,N,3,0,1,2,A,-,06,21750,NA,N,B,G,A,A,H,-,A,D,0,NA,Y,NA,NA,Y,NA,L,04,0,1,0,0,0,0,1,0,0,-,-,32.72853,-116.98238,SAN DIEGO,UNINCORPORATED,-116.98156263,32.72912007
6897306,2015,2015-05-12,9680,2015-04-16,1125,015619,NA,4,1,9,3700,0,2,4,NA,1,013,WILDCAT CYN,WILLOW RD,10032,N,N,A,-,N,NA,NA,NA,NA,NA,NA,NA,NA,NA,Y,4,0,1,2,A,-,05,21460,A,N,B,C,A,A,H,-,A,D,0,NA,NA,NA,NA,Y,NA,A,07,0,0,1,0,0,0,0,0,0,-,-,32.88313,-116.89755,SAN DIEGO,UNINCORPORATED,-116.89018892,32.89443539
6897337,2015,2015-05-12,3701,2015-04-01,1930,5191,19,3,5,5,3701,0,0,0,NA,0,004,CARLSBAD VILLAGE DR,VICTORIA AV,1345,W,N,A,-,N,NA,NA,NA,NA,NA,NA,NA,NA,NA,N,2,0,1,2,A,-,11,21954,A,N,G,B,E,A,H,-,B,D,0,Y,NA,NA,NA,Y,NA,N,60,1,0,0,0,1,0,0,0,0,-,-,33.16963,-117.30799,SAN DIEGO,CARLSBAD,-117.30798524,33.16957628
6902532,2015,2015-05-19,3711,2015-04-14,0753,7242,NA,2,5,7,3711,0,0,0,NA,0,824,FAIRMOUNT AV,MEADE,5280,N,N,A,-,N,NA,NA,NA,NA,NA,NA,NA,NA,NA,N,3,0,2,2,A,-,03,22350,NA,N,C,C,A,A,H,-,A,D,0,NA,NA,NA,NA,Y,NA,-,NA,0,1,1,0,0,0,0,0,0,-,-,NA,NA,SAN DIEGO,SAN DIEGO,-117.0969565,32.7702259
6902664,2015,2015-05-07,3711,2015-04-20,0823,5611,NA,1,5,7,3711,0,0,0,NA,0,242,BLACK MOUNTAIN RD,HILLERY DR,700,S,N,A,-,N,NA,NA,NA,NA,NA,NA,NA,NA,NA,Y,4,0,1,2,A,-,03,22350,NA,N,C,C,A,A,H,-,A,D,0,NA,NA,NA,NA,Y,NA,A,01,0,0,1,0,0,0,0,0,0,-,-,NA,NA,SAN DIEGO,SAN DIEGO,-117.12433931,32.91095347
6905589,2015,2015-07-11,9645,2015-06-14,1648,015001,NA,7,2,9,3700,0,3,5,NA,2,024,RANCHO BERNARDO RD,TOWN SQUARE PKWY,0,NA,Y,B,-,N,NA,NA,NA,NA,NA,NA,NA,NA,NA,Y,4,0,1,2,A,-,12,22450,A,N,D,C,A,A,H,-,A,A,0,NA,NA,NA,NA,Y,NA,A,07,0,0,1,0,0,0,0,0,0,-,-,33.02269,-117.10321,SAN DIEGO,UNINCORPORATED,-117.11167009,33.0207901
6906809,2015,2016-11-03,9680,2015-04-09,2235,017460,NA,4,3,9,3700,0,1,1,NA,2,086,RT 8,CANEBRAKE RD,584,E,N,A,-,Y,SD,11,8,-,R,63.41,H,-,E,Y,3,0,1,1,A,-,08,22107,NA,N,E,I,A,A,H,-,C,D,1,NA,NA,NA,NA,Y,Y,A,01,0,1,0,0,0,0,0,0,0,-,-,32.6995,-116.3217,SAN DIEGO,UNINCORPORATED,-116.32411192000001,32.70022419
6906845,2015,2016-11-19,9680,2015-04-23,1450,017928,NA,4,2,9,3700,0,1,3,NA,1,091,RT 78,7TH ST,0,NA,Y,B,-,Y,SD,11,78,-,-,35.85,I,5,W,Y,4,0,1,3,A,-,12,21453,A,N,D,C,A,A,H,-,A,A,0,NA,NA,NA,NA,Y,NA,A,01,0,0,1,0,0,0,0,0,0,-,-,33.04465,-116.86376,SAN DIEGO,UNINCORPORATED,-116.86390727,33.04459339
6907089,2015,2015-05-15,3708,2015-03-28,1119,LM1117,NA,6,5,5,3708,0,0,0,NA,0,001,UNIVERSITY AV,YALE AV,0,NA,Y,A,-,N,NA,NA,NA,NA,NA,NA,NA,NA,NA,Y,4,0,2,2,A,-,12,21453,A,N,D,C,A,A,H,-,A,A,0,NA,NA,NA,NA,Y,NA,A,01,0,0,2,0,0,0,0,0,0,-,-,NA,NA,SAN DIEGO,LA MESA,-117.04006002,32.75599007
6907665,2015,2015-05-08,3700,2015-04-08,1420,SH0169,NA,3,5,5,3712,0,0,0,NA,0,351,BORDEN RD,COMET CIRCLE,326,W,N,A,-,N,NA,NA,NA,NA,NA,NA,NA,NA,NA,Y,4,0,1,1,A,-,08,22107,NA,N,E,I,A,A,H,-,A,D,0,NA,NA,NA,NA,Y,NA,A,01,0,0,1,0,0,0,0,0,0,-,-,NA,NA,SAN DIEGO,SAN MARCOS,-117.17690527,33.15405457
6909405,2015,2015-05-18,3706,2015-04-29,1700,ES0322,NA,3,5,6,3706,0,0,0,NA,0,055,9TH AV,REDWOOD ST,80,E,N,A,-,N,NA,NA,NA,NA,NA,NA,NA,NA,NA,N,4,0,2,3,A,-,03,22350,NA,N,C,C,A,A,H,-,A,D,0,NA,NA,NA,NA,Y,NA,A,01,0,0,2,0,0,0,0,0,0,-,-,NA,NA,SAN DIEGO,ESCONDIDO,-117.08426616,33.11051192
6910063,2015,2015-05-14,3706,2015-04-11,1049,ES1603,NA,6,5,6,3706,0,0,0,NA,0,054,EAST VALLEY PKWY,ROSE ST,665,E,N,A,-,N,NA,NA,NA,NA,NA,NA,NA,NA,NA,Y,3,0,1,2,A,-,09,21804,A,N,D,C,A,A,H,-,A,D,0,NA,NA,NA,NA,Y,NA,A,01,0,1,0,0,0,0,0,0,0,-,-,NA,NA,SAN DIEGO,ESCONDIDO,-117.05758337,33.13484816
6911050,2015,2016-12-13,9650,2015-04-23,1539,017328,NA,4,2,6,3706,0,1,1,NA,2,023,RT 15,VALLEY PKWY,800,S,N,B,-,Y,SD,11,15,-,R,30.5,H,-,N,Y,4,0,1,4,A,-,03,22350,NA,N,C,C,A,A,H,-,A,D,1,NA,NA,NA,NA,Y,NA,D,22,0,0,1,0,0,0,0,0,0,-,-,33.11239,-117.09718,SAN DIEGO,ESCONDIDO,-117.09789048,33.11378876
6911341,2015,2015-05-16,3711,2015-04-28,1614,5679,NA,2,5,7,3711,0,0,0,NA,0,233,BLACK MOUNTAIN RD,TWIN TRAILS DR,400,S,N,A,-,N,NA,NA,NA,NA,NA,NA,NA,NA,NA,N,3,0,1,3,A,-,03,22350,NA,N,C,C,A,A,H,-,A,D,0,NA,NA,NA,NA,Y,NA,A,07,0,1,0,0,0,0,0,0,0,-,-,NA,NA,SAN DIEGO,SAN DIEGO,-117.12946692,32.95656866
6911360,2015,2015-05-20,3711,2015-04-27,1220,7104,NA,1,5,7,3711,0,0,0,NA,0,234,POBLADO RD,TABLERO PL,26,S,N,-,-,N,NA,NA,NA,NA,NA,NA,NA,NA,NA,N,3,0,1,3,A,-,03,22350,NA,N,C,E,A,-,-,-,-,D,0,NA,NA,NA,NA,Y,NA,-,NA,0,1,0,0,0,0,0,0,0,-,-,NA,NA,SAN DIEGO,SAN DIEGO,-117.08798084,33.02930315
6911934,2015,2016-11-17,9645,2015-04-27,1734,019496,NA,1,2,7,3711,0,1,1,NA,2,003,RT 5,1ST AV,200,N,N,A,-,Y,SD,11,5,-,R,16.746,R,2,N,Y,3,0,1,1,A,-,08,22107,NA,N,F,A,A,A,H,-,A,D,1,NA,NA,Y,NA,Y,NA,C,02,0,1,0,0,0,0,0,0,1,-,-,32.72511,-117.1655,SAN DIEGO,SAN DIEGO,-117.16563297,32.72508682
6913335,2015,2016-12-19,3710,2015-04-19,1420,OC1093,NA,7,5,6,3710,0,0,0,NA,0,033,RT 76,COLLEGE BL,200,W,N,A,-,Y,SD,11,76,-,R,6.17,H,-,E,N,4,0,2,2,A,-,04,21703,NA,N,C,C,A,A,H,-,A,A,0,NA,NA,NA,NA,Y,NA,D,22,0,0,2,0,0,0,0,0,0,-,-,NA,NA,SAN DIEGO,OCEANSIDE,-117.29040809,33.24359183
6913832,2015,2015-06-02,3711,2015-04-26,1331,6045,NA,7,5,7,3711,0,0,0,NA,0,116,WACO ST,DAKOTA,235,S,N,-,-,N,NA,NA,NA,NA,NA,NA,NA,NA,NA,NA,3,0,1,1,A,-,03,22350,NA,N,H,-,A,-,-,-,-,D,0,NA,NA,NA,NA,Y,NA,-,NA,0,1,0,0,0,0,0,0,0,-,-,NA,NA,SAN DIEGO,SAN DIEGO,-117.19647177,32.80322927
6914308,2015,2015-05-19,3709,2015-04-21,1150,0482,NATIO,2,5,5,3709,0,0,0,NA,0,021,EAST 16TH ST,GROVE ST,0,NA,Y,A,-,N,NA,NA,NA,NA,NA,NA,NA,NA,NA,N,4,0,1,2,A,-,09,21802,A,N,D,C,A,A,H,-,A,A,0,NA,NA,Y,NA,Y,NA,A,08,0,0,1,0,0,0,0,0,1,-,-,NA,NA,SAN DIEGO,NATIONAL CITY,-117.0824,32.67505005
6916339,2015,2016-12-19,9645,2015-04-30,1750,018801,NA,4,2,7,3711,0,1,3,NA,2,023,RT 163,FRIARS RD,1056,S,N,A,-,Y,SD,11,163,-,-,4.16,H,-,S,Y,4,0,2,2,A,-,03,22350,NA,N,C,C,A,A,H,-,A,D,1,NA,NA,NA,NA,Y,NA,A,01,0,0,2,0,0,0,0,0,0,-,-,32.76752,-117.16265,SAN DIEGO,SAN DIEGO,-117.16213113,32.76917176
6918415,2015,2016-11-17,9645,2015-05-03,2155,20541,NA,7,2,7,3711,0,1,1,NA,2,003,RT 5,1ST AV,85,S,N,A,-,Y,SD,11,5,-,R,16.57,H,-,S,Y,4,0,1,1,A,-,08,22107,NA,N,E,I,A,A,H,-,D,D,1,NA,NA,NA,NA,Y,Y,A,07,0,0,1,0,0,0,0,0,0,-,-,32.72281,-117.16324,SAN DIEGO,SAN DIEGO,-117.16363957,32.72312686
6919976,2015,2015-06-03,3711,2015-05-12,1545,5301,NA,2,5,7,3711,0,0,0,NA,0,713,LA MEDIA RD,AIRWAY RD,27,NA,N,A,-,N,NA,NA,NA,NA,NA,NA,NA,NA,NA,N,4,0,1,3,A,-,04,21703,NA,N,C,C,A,A,H,-,A,D,0,NA,NA,NA,NA,Y,NA,-,NA,0,0,1,0,0,0,0,0,0,-,-,NA,NA,SAN DIEGO,SAN DIEGO,-116.96246008,32.5605801
6920130,2014,2015-05-28,3700,2014-12-30,1207,SH2080,NA,2,5,5,3781,0,0,0,NA,0,519,WOODSIDE AV,N MAGNOLIA AV,29,E,N,B,-,N,NA,NA,NA,NA,NA,NA,NA,NA,NA,N,4,0,1,2,A,-,08,22100,A,M,B,C,A,B,H,-,A,A,0,NA,NA,NA,NA,Y,NA,A,01,0,0,1,0,0,0,0,0,0,-,-,NA,NA,SAN DIEGO,SANTEE,-116.96714116,32.83842613
6920678,2015,2016-12-01,9680,2015-05-11,2025,19270,NA,1,2,5,3705,0,1,1,NA,2,081,RT 8,EL CAJON BL,800,W,N,A,-,Y,SD,11,8,-,-,13.43,H,-,E,Y,4,0,1,2,A,-,07,21658,A,N,B,C,A,A,H,-,A,D,1,NA,NA,NA,Y,Y,NA,-,-,0,0,1,0,0,0,0,0,0,-,-,32.78009,-116.98284,SAN DIEGO,EL CAJON,-116.9836159,32.77953733
6920689,2015,2015-06-03,3706,2015-05-21,1702,ES0393,NA,4,5,6,3706,0,0,0,NA,0,055,VALLEY PKWY,RT 15,300,E,N,B,-,N,NA,NA,NA,NA,NA,NA,NA,NA,NA,Y,4,0,1,3,A,-,03,22350,NA,N,C,C,A,A,H,-,A,A,0,NA,NA,NA,NA,Y,NA,A,07,0,0,1,0,0,0,0,0,0,-,SO,NA,NA,SAN DIEGO,ESCONDIDO,-117.09915,33.11547
6921021,2015,2015-05-29,3705,2015-05-01,1416,EC5258,NA,5,5,5,3705,0,0,0,NA,0,008,LEXINGTON AV,EL CAJON BL,34,E,N,A,-,N,NA,NA,NA,NA,NA,NA,NA,NA,NA,N,4,0,2,2,A,-,03,22350,NA,N,C,C,A,A,H,-,A,A,0,NA,NA,NA,NA,Y,NA,A,01,0,0,2,0,0,0,0,0,0,-,-,NA,NA,SAN DIEGO,EL CAJON,-116.96969456,32.7929621