CASE_ID,ACCIDENT_YEAR,PROC_DATE,JURIS,COLLISION_DATE,COLLISION_TIME,OFFICER_ID,REPORTING_DISTRICT,DAY_OF_WEEK,CHP_SHIFT,POPULATION,CNTY_CITY_LOC,SPECIAL_COND,BEAT_TYPE,CHP_BEAT_TYPE,CITY_DIVISION_LAPD,CHP_BEAT_CLASS,BEAT_NUMBER,PRIMARY_RD,SECONDARY_RD,DISTANCE,DIRECTION,INTERSECTION,WEATHER_1,WEATHER_2,STATE_HWY_IND,CALTRANS_COUNTY,CALTRANS_DISTRICT,STATE_ROUTE,ROUTE_SUFFIX,POSTMILE_PREFIX,POSTMILE,LOCATION_TYPE,RAMP_INTERSECTION,SIDE_OF_HWY,TOW_AWAY,COLLISION_SEVERITY,NUMBER_KILLED,NUMBER_INJURED,PARTY_COUNT,PRIMARY_COLL_FACTOR,PCF_CODE_OF_VIOL,PCF_VIOL_CATEGORY,PCF_VIOLATION,PCF_VIOL_SUBSECTION,HIT_AND_RUN,TYPE_OF_COLLISION,MVIW,PED_ACTION,ROAD_SURFACE,ROAD_COND_1,ROAD_COND_2,LIGHTING,CONTROL_DEVICE,CHP_ROAD_TYPE,PEDESTRIAN_ACCIDENT,BICYCLE_ACCIDENT,MOTORCYCLE_ACCIDENT,TRUCK_ACCIDENT,NOT_PRIVATE_PROPERTY,ALCOHOL_INVOLVED,STWD_VEHTYPE_AT_FAULT,CHP_VEHTYPE_AT_FAULT,COUNT_SEVERE_INJ,COUNT_VISIBLE_INJ,COUNT_COMPLAINT_PAIN,COUNT_PED_KILLED,COUNT_PED_INJURED,COUNT_BICYCLIST_KILLED,COUNT_BICYCLIST_INJURED,COUNT_MC_KILLED,COUNT_MC_INJURED,PRIMARY_RAMP,SECONDARY_RAMP,LATITUDE,LONGITUDE,COUNTY,CITY,POINT_X,POINT_Y
8037567,2016,2016-05-11,3711,2016-04-28,2040,7413,SANDI,4,5,7,3711,0,0,0,NA,0,827,54TH ST,LEA ST,0,NA,Y,A,-,N,NA,NA,NA,NA,NA,NA,NA,NA,NA,N,3,0,1,2,A,-,10,21950,A,M,G,B,B,A,H,-,C,A,0,Y,NA,NA,NA,Y,NA,-,NA,0,1,0,0,1,0,0,0,0,-,-,NA,NA,SAN DIEGO,SAN DIEGO,-117.07953013,32.74584002
8037609,2016,2016-05-11,3711,2016-04-25,0252,7081,NA,1,5,7,3711,0,0,0,NA,0,712,CAMINO DE LA PLZ,BIBLER DR,63,N,N,A,-,N,NA,NA,NA,NA,NA,NA,NA,NA,NA,Y,4,0,1,1,A,-,07,21658,A,N,A,I,A,A,H,-,C,D,0,NA,NA,NA,NA,Y,Y,-,NA,0,0,1,0,0,0,0,0,0,-,-,NA,NA,SAN DIEGO,SAN DIEGO,-117.05496721,32.54920786
8037677,2016,2016-05-11,3711,2016-04-29,1834,6032,NA,5,5,7,3711,0,0,0,NA,0,122,ALBUQUERQUE ST,DAMON AV,126,S,N,A,-,N,NA,NA,NA,NA,NA,NA,NA,NA,NA,N,4,0,1,2,A,-,05,21651,NA,N,-,C,A,A,H,-,A,D,0,NA,NA,NA,NA,Y,NA,-,-,0,0,1,0,0,0,0,0,0,-,-,NA,NA,SAN DIEGO,SAN DIEGO,-117.21853048,32.80777144
8038263,2016,2016-05-17,3711,2016-05-06,0200,6986,NA,5,5,7,3711,0,0,0,NA,0,246,SCRIPPS POWAY PKWY,SCRIPPS HIGHLAND DR,0,NA,Y,C,-,N,NA,NA,NA,NA,NA,NA,NA,NA,NA,Y,4,0,1,1,A,-,03,22350,NA,N,A,I,A,B,H,-,C,A,0,NA,NA,NA,NA,Y,NA,-,NA,0,0,1,0,0,0,0,0,0,-,-,NA,NA,SAN DIEGO,SAN DIEGO,-117.10765012,32.93653005
8038294,2016,2016-05-18,3711,2016-05-05,0732,7421,NA,4,5,7,3711,0,0,0,NA,0,234,BERNARDO CENTER DR,MATURIN DR,0,NA,Y,B,-,N,NA,NA,NA,NA,NA,NA,NA,NA,NA,Y,3,0,1,2,A,-,12,21453,A,N,D,D,A,A,H,-,A,A,0,NA,NA,NA,NA,Y,NA,-,NA,0,1,0,0,0,0,0,0,0,-,-,NA,NA,SAN DIEGO,SAN DIEGO,-117.09100003,33.00583007
8039976,2016,2016-05-17,3700,2016-04-12,0835,SH2397,NA,2,5,5,3713,0,0,0,NA,0,308,NORTH MELROSE DR,WEST VISTA WY,272,N,N,A,-,N,NA,NA,NA,NA,NA,NA,NA,NA,NA,N,4,0,1,2,A,-,03,22350,NA,N,C,C,A,A,H,-,A,D,0,NA,NA,NA,NA,Y,NA,D,22,0,0,1,0,0,0,0,0,0,-,-,NA,NA,SAN DIEGO,VISTA,-117.25495438,33.19623484
8040389,2016,2016-05-16,3700,2016-03-08,1511,SH3306,NA,2,5,5,3782,0,0,0,NA,0,211,LA COSTA AV,VULCAN AV,0,NA,Y,A,-,N,NA,NA,NA,NA,NA,NA,NA,NA,NA,Y,4,0,1,2,A,-,03,22350,NA,N,C,C,A,A,H,-,A,D,0,NA,NA,NA,NA,Y,NA,A,01,0,0,1,0,0,0,0,0,0,-,-,NA,NA,SAN DIEGO,ENCINITAS,-117.30720006,33.08338002
8042493,2016,2016-05-16,3700,2016-04-08,1335,SH2528,NA,5,5,5,3713,0,0,0,NA,0,308,NORTH EMERALD DR,WEST DR,110,N,N,A,-,N,NA,NA,NA,NA,NA,NA,NA,NA,NA,N,4,0,1,2,A,-,04,21703,NA,N,C,C,A,A,H,-,A,A,0,NA,NA,NA,NA,Y,NA,A,01,0,0,1,0,0,0,0,0,0,-,-,NA,NA,SAN DIEGO,VISTA,-117.27952686,33.19052136
8044962,2016,2016-05-27,3710,2016-05-02,1555,OC0873,NA,1,5,6,3710,0,0,0,NA,0,025,RANCHO DEL ORO,OCEANSIDE BL,308,S,N,A,-,N,NA,NA,NA,NA,NA,NA,NA,NA,NA,Y,4,0,2,2,A,-,04,21703,NA,N,C,C,A,A,H,-,A,D,0,NA,NA,NA,NA,Y,NA,A,01,0,0,2,0,0,0,0,0,0,-,-,NA,NA,SAN DIEGO,OCEANSIDE,-117.3107999,33.20237668
8046714,2016,2016-05-17,3711,2016-05-08,1823,6180,NA,7,5,7,3711,0,0,0,NA,0,093,DEL MAR HEIGHTS RD,OLD CARMEL VALLEY RD,27,E,N,A,-,N,NA,NA,NA,NA,NA,NA,NA,NA,NA,Y,4,0,3,2,A,-,12,21453,A,N,D,C,A,A,H,-,A,A,0,NA,NA,NA,NA,Y,NA,A,01,0,0,3,0,0,0,0,0,0,-,-,NA,NA,SAN DIEGO,SAN DIEGO,-117.19756421,32.9612955
8046978,2016,2016-05-18,3710,2016-05-01,2118,OC1063,NA,7,5,6,3710,0,0,0,NA,0,033,OLD GROVE,AVENIDA SOLEDAD,0,NA,Y,A,-,N,NA,NA,NA,NA,NA,NA,NA,NA,NA,N,3,0,1,2,A,-,10,21950,A,N,G,B,B,A,H,-,C,A,0,Y,NA,NA,NA,Y,Y,A,01,0,1,0,0,1,0,0,0,0,-,-,NA,NA,SAN DIEGO,OCEANSIDE,-117.30709001,33.23110001
8047098,2016,2017-02-18,3703,2016-04-27,1710,1137,NA,3,5,3,3703,0,0,0,NA,0,003,RT 75,AVENIDA DE LAS ARENAS,313,N,N,A,-,Y,SD,11,75,-,-,18.19,H,-,S,N,4,0,1,2,A,-,00,20001,A,F,C,C,A,A,H,-,A,D,0,NA,NA,NA,NA,Y,NA,A,01,0,0,1,0,0,0,0,0,0,-,-,NA,NA,SAN DIEGO,CORONADO,-117.17302348,32.67729052
8048164,2016,2016-05-25,3706,2016-05-11,1708,342,ESCON,3,5,6,3706,0,0,0,NA,0,046,EL NORTE PKWY,JUSTIN WY,0,NA,Y,A,-,N,NA,NA,NA,NA,NA,NA,NA,NA,NA,Y,4,0,2,3,A,-,09,21801,A,N,D,C,A,A,H,-,A,A,0,NA,NA,NA,NA,Y,NA,A,01,0,0,2,0,0,0,0,0,0,-,-,NA,NA,SAN DIEGO,ESCONDIDO,-117.04147001,33.15028001
8048175,2016,2016-06-01,3702,2016-04-14,1647,CV1101,NA,4,5,6,3702,0,0,0,NA,0,032,BONITA RD,ALLEN SCHOOL,0,NA,Y,A,-,N,NA,NA,NA,NA,NA,NA,NA,NA,NA,Y,4,0,2,4,A,-,03,22350,NA,N,C,C,A,A,H,-,A,A,0,NA,NA,NA,NA,Y,NA,A,01,0,0,2,0,0,0,0,0,0,-,-,NA,NA,SAN DIEGO,CHULA VISTA,-117.03657012,32.66050005
8048228,2016,2016-05-27,3701,2016-05-11,0855,5291,55,3,5,5,3701,0,0,0,NA,0,005,PALOMAR AIRPORT RD,MELROSE DR,450,W,N,A,-,N,NA,NA,NA,NA,NA,NA,NA,NA,NA,Y,4,0,1,3,A,-,03,22350,NA,N,C,C,A,A,H,-,A,D,0,NA,NA,NA,NA,Y,NA,A,08,0,0,1,0,0,0,0,0,0,-,-,33.13027,-117.24703,SAN DIEGO,CARLSBAD,-117.24694876,33.13007264
8049261,2016,2016-06-03,3711,2016-05-20,2321,6146,NA,5,5,7,3711,0,0,0,NA,0,628,KETTNER BL,W OLIVE ST,95,S,N,A,-,N,NA,NA,NA,NA,NA,NA,NA,NA,NA,Y,4,0,1,5,A,-,08,22107,NA,N,C,E,A,A,H,-,C,D,0,NA,NA,NA,NA,Y,Y,D,22,0,0,1,0,0,0,0,0,0,-,-,NA,NA,SAN DIEGO,SAN DIEGO,-117.17307183,32.73253337
8049338,2016,2016-06-02,3711,2016-05-22,1504,5046,NA,7,5,7,3711,0,0,0,NA,0,934,CARMEL CANYON RD,CARMEL COUNTRY RD,528,E,N,A,-,N,NA,NA,NA,NA,NA,NA,NA,NA,NA,N,3,0,1,1,A,-,03,22350,NA,N,H,-,A,A,H,-,A,D,0,NA,Y,NA,NA,Y,NA,L,04,0,1,0,0,0,0,1,0,0,-,-,NA,NA,SAN DIEGO,SAN DIEGO,-117.21598087,32.94641616
8049345,2016,2016-06-02,3711,2016-05-20,2053,7417,NA,5,5,7,3711,0,0,0,NA,0,814,ADAMS AV,HAWLEY BL,18,E,N,A,-,N,NA,NA,NA,NA,NA,NA,NA,NA,NA,N,4,0,1,2,A,-,10,21950,A,M,G,B,B,A,H,-,C,A,0,Y,NA,NA,NA,Y,NA,-,NA,0,0,1,0,1,0,0,0,0,-,-,NA,NA,SAN DIEGO,SAN DIEGO,-117.11939165,32.76334946
8049357,2016,2016-06-02,3711,2016-05-20,1523,6793,NA,5,5,7,3711,0,0,0,NA,0,242,MIRA MESA BL,SHILLING AV,16,E,N,A,-,N,NA,NA,NA,NA,NA,NA,NA,NA,NA,Y,4,0,1,2,A,-,12,21453,A,N,D,C,A,A,H,-,-,A,0,NA,NA,NA,NA,Y,NA,-,NA,0,0,1,0,0,0,0,0,0,-,-,NA,NA,SAN DIEGO,SAN DIEGO,-117.16656915,32.90843899
8050314,2016,2016-06-13,3701,2016-05-23,0752,5191,56,1,5,5,3701,0,0,0,NA,0,005,FARADAY AV,PALMER WY,8,E,N,A,-,N,NA,NA,NA,NA,NA,NA,NA,NA,NA,Y,3,0,1,1,A,-,03,22350,NA,N,F,I,A,A,H,-,A,D,0,NA,NA,Y,NA,Y,NA,C,02,0,1,0,0,0,0,0,0,1,-,-,33.13719,-117.27192,SAN DIEGO,CARLSBAD,-117.27198395,33.1371
8051004,2016,2016-06-01,3710,2016-05-04,1410,OC0873,NA,3,5,6,3710,0,0,0,NA,0,017,DOUGLAS DR,FESTIVAL DR,31,W,N,A,-,N,NA,NA,NA,NA,NA,NA,NA,NA,NA,Y,4,0,3,2,A,-,09,21802,A,N,D,C,A,A,H,-,A,D,0,NA,NA,NA,NA,Y,NA,A,01,0,0,3,0,0,0,0,0,0,-,-,NA,NA,SAN DIEGO,OCEANSIDE,-117.318314,33.25278275
8052768,2016,2016-06-07,3700,2016-05-17,2240,SH0817,NA,2,5,5,3713,0,0,0,NA,0,307,MONTE VISTA DR,YORK DR,450,W,N,A,-,N,NA,NA,NA,NA,NA,NA,NA,NA,NA,N,2,0,1,1,A,-,01,23152,A,N,E,I,A,A,H,-,D,D,0,NA,NA,NA,NA,Y,Y,A,01,1,0,0,0,0,0,0,0,0,-,-,NA,NA,SAN DIEGO,VISTA,-117.21462025,33.19119101
8053147,2016,2016-06-08,3711,2016-05-29,1939,6787,SD,7,5,7,3711,0,0,0,NA,0,516,MARKET ST,30TH ST,9,W,N,B,-,N,NA,NA,NA,NA,NA,NA,NA,NA,NA,N,4,0,1,2,A,-,08,22107,NA,N,G,-,-,A,H,-,B,A,0,Y,NA,NA,NA,Y,NA,-,NA,0,0,1,0,1,0,0,0,0,-,-,NA,NA,SAN DIEGO,SAN DIEGO,-117.13022916,32.71165
8055270,2016,2016-06-09,3711,2016-05-26,2255,7158,SAN D,4,5,7,3711,0,0,0,NA,0,433,AKINS AV,60TH ST,0,NA,Y,A,-,N,NA,NA,NA,NA,NA,NA,NA,NA,NA,N,4,0,1,2,A,-,09,21802,A,N,D,C,A,A,H,-,C,D,0,NA,NA,NA,NA,Y,NA,A,01,0,0,1,0,0,0,0,0,0,-,-,NA,NA,SAN DIEGO,SAN DIEGO,-117.06801013,32.7096801
8055387,2016,2016-06-09,3700,2016-05-06,1757,SH1725,NA,5,5,5,3712,0,0,0,NA,0,352,NORTH TWIN OAKS VALLEY DR,OLIVE ST,0,NA,Y,C,-,N,NA,NA,NA,NA,NA,NA,NA,NA,NA,Y,4,0,1,2,A,-,03,22350,NA,N,C,C,A,B,H,-,A,A,0,NA,NA,NA,NA,Y,NA,A,07,0,0,1,0,0,0,0,0,0,-,-,NA,NA,SAN DIEGO,SAN MARCOS,-117.15666008,33.18100006
8057446,2016,2016-06-14,3711,2016-06-02,1455,6415,NA,4,5,7,3711,0,0,0,NA,0,611,SPORTS ARENA BL,OLLIE ST,100,W,N,A,-,N,NA,NA,NA,NA,NA,NA,NA,NA,NA,N,4,0,1,2,D,-,00,NA,NA,M,-,G,A,A,H,-,A,A,0,NA,Y,NA,NA,Y,NA,-,-,0,0,1,0,0,0,1,0,0,-,-,NA,NA,SAN DIEGO,SAN DIEGO,-117.22218989,32.75641181
8057456,2016,2016-06-14,3711,2016-06-01,1553,6415,NA,3,5,7,3711,0,0,0,NA,0,315,CAMINO DEL RIO N,AUTO CIR,15,W,N,B,-,N,NA,NA,NA,NA,NA,NA,NA,NA,NA,N,4,0,1,2,A,-,21,22106,NA,N,C,C,A,A,H,-,A,A,0,NA,NA,NA,NA,Y,NA,A,01,0,0,1,0,0,0,0,0,0,-,-,NA,NA,SAN DIEGO,SAN DIEGO,-117.15338664,32.76684834
8058310,2016,2016-06-10,3706,2016-05-26,0703,464,ESCON,4,5,6,3706,0,0,0,NA,0,042,MISSION AV,CENTRE CITY PY,272,E,N,B,-,N,NA,NA,NA,NA,NA,NA,NA,NA,NA,N,3,0,1,2,A,-,09,21801,A,N,H,G,A,A,H,-,A,D,0,NA,Y,NA,NA,Y,NA,A,08,0,1,0,0,0,0,1,0,0,-,-,33.1285,-117.09149,SAN DIEGO,ESCONDIDO,-117.09085201,33.12862344
8059133,2016,2016-07-12,3711,2016-06-05,2013,7376,NA,7,5,7,3711,0,0,0,NA,0,114,CLAIREMONT DR,CLAIREMONT MESA,100,N,N,A,-,N,NA,NA,NA,NA,NA,NA,NA,NA,NA,N,4,0,1,2,A,-,08,22107,NA,N,B,C,A,A,H,-,C,D,0,NA,NA,NA,NA,Y,NA,A,01,0,0,1,0,0,0,0,0,0,-,-,NA,NA,SAN DIEGO,SAN DIEGO,-117.20614239,32.82798388
8059337,2016,2016-06-16,3711,2016-06-02,1410,6555,NA,4,5,7,3711,0,0,0,NA,0,832,43RD ST,POLK AV,0,NA,Y,A,-,N,NA,NA,NA,NA,NA,NA,NA,NA,NA,Y,4,0,2,2,A,-,12,22450,A,N,D,C,A,A,H,-,A,C,0,NA,NA,NA,NA,Y,NA,A,01,0,0,2,0,0,0,0,0,0,-,-,NA,NA,SAN DIEGO,SAN DIEGO,-117.10199006,32.75140004
8059899,2016,2017-02-14,3700,2016-05-30,1740,SH0236,NA,1,5,5,3713,0,0,0,NA,0,315,SYCAMORE AV,RT 78,0,NA,Y,A,-,Y,SD,11,78,-,-,8.964,R,4,E,N,4,0,1,2,A,-,12,21453,A,N,D,C,A,A,H,-,A,A,0,NA,NA,NA,NA,Y,NA,A,01,0,0,1,0,0,0,0,0,0,-,EF,NA,NA,SAN DIEGO,VISTA,-117.21636294,33.16830181
8064438,2016,2016-06-21,3711,2016-06-09,1320,6511,NA,4,5,7,3711,0,0,0,NA,0,124,TORREY PINES RD,CALLE DE LA PLATA,3,E,N,A,-,N,NA,NA,NA,NA,NA,NA,NA,NA,NA,Y,3,0,2,3,A,-,03,22350,A,N,C,C,A,A,H,-,A,D,0,NA,NA,NA,NA,Y,NA,-,NA,0,1,1,0,0,0,0,0,0,-,-,NA,NA,SAN DIEGO,SAN DIEGO,-117.25592079,32.85023265
8064832,2016,2016-06-16,3702,2016-05-19,2054,CV1110,NA,4,5,6,3702,0,0,0,NA,0,041,BRANDYWINE AV,EAST PALOMAR ST,623,S,N,A,-,N,NA,NA,NA,NA,NA,NA,NA,NA,NA,Y,4,0,1,1,A,-,01,23152,A,N,E,I,A,A,H,-,C,D,0,NA,NA,NA,NA,Y,NA,A,01,0,0,1,0,0,0,0,0,0,-,-,NA,NA,SAN DIEGO,CHULA VISTA,-117.02756097,32.61284797
8064871,2016,2016-06-16,3702,2016-05-27,2119,CV1114,NA,5,5,6,3702,0,0,0,NA,0,014,N 4TH AV,BRISBANE ST,0,NA,Y,A,-,N,NA,NA,NA,NA,NA,NA,NA,NA,NA,Y,4,0,3,2,A,-,00,23153,E,N,D,C,A,A,H,-,C,A,0,NA,NA,NA,NA,Y,NA,A,07,0,0,3,0,0,0,0,0,0,-,-,NA,NA,SAN DIEGO,CHULA VISTA,-117.08876002,32.65250009
8064950,2016,2016-06-16,3711,2016-06-06,1310,7399,NA,1,5,7,3711,0,0,0,NA,0,712,BEYER BL,CAMINITO DE LOS NINOS,63,W,N,A,-,N,NA,NA,NA,NA,NA,NA,NA,NA,NA,N,4,0,1,2,A,-,11,21956,A,N,A,B,B,A,H,-,A,A,0,Y,NA,Y,NA,Y,NA,C,06,0,0,1,0,1,0,0,0,0,-,-,NA,NA,SAN DIEGO,SAN DIEGO,-117.04676181,32.55824619
8064969,2016,2016-06-17,3711,2016-05-31,2033,6513,NA,2,5,7,3711,0,0,0,NA,0,611,SPORTS ARENA BL,OLLIE ST,501,S,N,B,-,N,NA,NA,NA,NA,NA,NA,NA,NA,NA,N,2,0,1,2,A,-,11,21954,A,N,G,B,D,A,H,-,E,D,0,Y,NA,NA,NA,Y,NA,N,60,1,0,0,0,1,0,0,0,0,-,-,NA,NA,SAN DIEGO,SAN DIEGO,-117.22061287,32.75544572
8064978,2016,2016-06-17,3711,2016-06-07,1805,4653,NA,2,5,7,3711,0,0,0,NA,0,246,SPRING CANYON RD,HASBROOK RD,115,N,N,B,-,N,NA,NA,NA,NA,NA,NA,NA,NA,NA,Y,4,0,1,3,A,-,08,22107,NA,N,B,E,A,A,H,-,A,D,0,NA,NA,NA,NA,Y,NA,A,01,0,0,1,0,0,0,0,0,0,-,-,NA,NA,SAN DIEGO,SAN DIEGO,-117.0961643,32.93023247
8065028,2016,2016-08-30,3710,2016-06-03,1100,OC1234,NA,5,5,6,3710,0,0,0,NA,0,007,SOUTH COAST HWY,MINNESOTA AV,48,S,N,B,-,N,NA,NA,NA,NA,NA,NA,NA,NA,NA,N,4,0,1,2,A,-,06,21751,NA,N,G,B,E,A,E,-,A,A,0,Y,NA,NA,NA,Y,NA,D,22,0,0,1,0,1,0,0,0,0,-,-,NA,NA,SAN DIEGO,OCEANSIDE,-117.37413024,33.18948229
8065351,2016,2017-02-15,3710,2016-06-08,2009,OC0873,NA,3,5,6,3710,0,0,0,NA,0,022,RT 76,N SANTA FE,20,W,N,A,-,Y,SD,11,76,-,R,6.721,I,5,E,Y,4,0,1,2,A,-,09,21453,C,N,D,C,A,A,H,-,C,A,0,NA,NA,NA,NA,Y,NA,A,07,0,0,1,0,0,0,0,0,0,-,-,NA,NA,SAN DIEGO,OCEANSIDE,-117.28152196,33.24592682
8065569,2016,2017-02-15,3706,2016-06-08,1756,393,ESPD,3,5,6,3706,0,0,0,NA,0,041,BROADWAY,RT 78,123,S,N,A,-,Y,SD,11,78,-,T,17.71,H,-,E,Y,2,0,2,2,A,-,09,21801,A,N,D,C,A,A,H,-,A,D,0,NA,NA,Y,NA,Y,Y,D,22,1,0,1,0,0,0,0,0,1,-,-,NA,NA,SAN DIEGO,ESCONDIDO,-117.0859921,33.13179626
8065837,2016,2016-06-21,3706,2016-06-04,1719,489,ESCON,6,5,6,3706,0,0,0,NA,0,055,CENTRE CITY PKWY,FELICITA AV,0,NA,Y,A,-,N,NA,NA,NA,NA,NA,NA,NA,NA,NA,Y,4,0,1,2,A,-,03,22350,NA,N,C,C,A,A,H,-,A,A,0,NA,NA,NA,NA,Y,NA,A,07,0,0,1,0,0,0,0,0,0,-,-,33.10338,-117.0756,SAN DIEGO,ESCONDIDO,-117.07567011,33.10334001
8068101,2016,2016-06-22,3711,2016-06-16,1512,7464,SDPD,4,5,7,3711,0,0,0,NA,0,937,CAMINO DEL SUR,CAMINITO SANTALUZ SUR,0,NA,Y,A,-,N,NA,NA,NA,NA,NA,NA,NA,NA,NA,Y,3,0,1,2,A,-,04,21703,NA,N,C,C,A,A,H,-,A,A,0,NA,NA,NA,NA,Y,NA,-,NA,0,1,0,0,0,0,0,0,0,-,-,NA,NA,SAN DIEGO,SAN DIEGO,-117.16013012,32.98333003
8068105,2016,2016-06-29,3711,2016-06-09,1305,4283,NA,4,5,7,3711,0,0,0,NA,0,311,MURPHY CANYON RD,AERO DR,423,S,N,A,-,N,NA,NA,NA,NA,NA,NA,NA,NA,NA,Y,4,0,1,2,A,-,09,21801,A,N,D,C,A,A,H,-,A,D,0,NA,NA,NA,NA,Y,NA,-,NA,0,0,1,0,0,0,0,0,0,-,-,NA,NA,SAN DIEGO,SAN DIEGO,-117.11579606,32.80868327
8068465,2016,2016-06-23,3705,2016-06-07,1544,EC0337,NA,2,5,5,3705,0,0,0,NA,0,009,SOUTH 3RD,EAST LEXINGTON,0,NA,Y,A,-,N,NA,NA,NA,NA,NA,NA,NA,NA,NA,Y,4,0,1,2,A,-,09,21800,C,N,D,C,A,A,H,-,A,A,0,NA,NA,NA,NA,Y,NA,D,22,0,0,1,0,0,0,0,0,0,-,-,NA,NA,SAN DIEGO,EL CAJON,-116.92692001,32.79271002
8069056,2016,2016-06-29,3711,2016-06-17,2359,8861,NA,5,5,7,3711,0,0,0,NA,0,123,WEST MISSION BAY DR,W MISSION BAY DR 2400,0,NA,-,A,-,N,NA,NA,NA,NA,NA,NA,NA,NA,NA,N,4,0,2,2,A,-,03,22350,NA,N,C,C,A,A,H,-,C,A,0,NA,NA,NA,NA,Y,NA,A,01,0,0,2,0,0,0,0,0,0,-,-,NA,NA,SAN DIEGO,SAN DIEGO,-117.22732365,32.75969135
8069145,2016,2016-06-28,3711,2016-06-16,1513,7448,SD,4,5,7,3711,0,0,0,NA,0,813,EL CAJON BL,ILLINOIS ST,68,W,N,A,-,N,NA,NA,NA,NA,NA,NA,NA,NA,NA,N,4,0,1,3,A,-,04,21703,NA,M,C,C,A,A,H,-,A,A,0,NA,NA,NA,NA,Y,NA,-,NA,0,0,1,0,0,0,0,0,0,-,-,NA,NA,SAN DIEGO,SAN DIEGO,-117.12792043,32.75540822
8069153,2016,2016-06-29,3711,2016-06-16,2117,6513,NA,4,5,7,3711,0,0,0,NA,0,122,BERYL ST,KENDALL ST,4,E,N,A,-,N,NA,NA,NA,NA,NA,NA,NA,NA,NA,Y,3,0,2,1,A,-,08,22107,NA,N,E,I,A,A,H,-,C,D,0,NA,NA,NA,NA,Y,NA,A,07,0,1,1,0,0,0,0,0,0,-,-,NA,NA,SAN DIEGO,SAN DIEGO,-117.2391975,32.80712293
8070011,2016,2016-07-13,3701,2016-05-28,0827,5288,84,6,5,5,3701,0,0,0,NA,0,006,MELROSE DR,PALOMAR AIRPORT RD,18,N,N,B,-,N,NA,NA,NA,NA,NA,NA,NA,NA,NA,N,4,0,2,2,A,-,08,22107,NA,N,B,C,A,A,H,-,A,D,0,NA,NA,NA,NA,Y,Y,-,NA,0,0,2,0,0,0,0,0,0,-,-,NA,NA,SAN DIEGO,CARLSBAD,-117.24548387,33.13014904
8070679,2016,2016-06-30,3702,2016-06-14,1720,CV1079,NA,2,5,6,3702,0,0,0,NA,0,013,H ST,3RD AV,300,E,N,A,-,N,NA,NA,NA,NA,NA,NA,NA,NA,NA,Y,3,0,2,2,A,-,09,21804,A,N,D,C,A,A,H,-,A,D,0,NA,NA,NA,NA,Y,NA,A,01,0,1,1,0,0,0,0,0,0,-,-,NA,NA,SAN DIEGO,CHULA VISTA,-117.07630919,32.63466113
8070715,2016,2016-06-30,3702,2016-06-02,1506,CV1079,NA,4,5,6,3702,0,0,0,NA,0,023,BRANDYWINE AV,INGRAM ST,0,NA,Y,A,-,N,NA,NA,NA,NA,NA,NA,NA,NA,NA,Y,3,0,1,2,A,-,08,22107,NA,N,D,C,A,A,H,-,A,D,0,NA,NA,NA,NA,Y,NA,A,01,0,1,0,0,0,0,0,0,0,-,-,NA,NA,SAN DIEGO,CHULA VISTA,-117.02826007,32.61133005
8070816,2016,2016-06-30,3702,2016-05-29,0441,CV1125,NA,7,5,6,3702,0,0,0,NA,0,024,MAIN ST,BANNER AV,105,W,N,A,-,N,NA,NA,NA,NA,NA,NA,NA,NA,NA,Y,2,0,2,1,A,-,01,23152,A,N,F,I,A,B,H,-,D,D,0,NA,NA,NA,NA,Y,Y,A,01,1,0,1,0,0,0,0,0,0,-,-,NA,NA,SAN DIEGO,CHULA VISTA,-117.06058972,32.59474313
8071669,2016,2016-07-07,3700,2016-06-16,1700,SH0013,NA,4,5,4,3780,0,0,0,NA,0,411,COMMUNITY RD,AUBREY ST,400,S,N,A,-,N,NA,NA,NA,NA,NA,NA,NA,NA,NA,N,4,0,1,2,A,-,21,22106,NA,N,C,C,A,A,H,-,A,D,0,NA,NA,NA,NA,Y,NA,A,01,0,0,1,0,0,0,0,0,0,-,-,NA,NA,SAN DIEGO,POWAY,-117.04057137,32.97000445
8071872,2016,2016-07-29,3701,2016-07-22,2347,5434,30,5,5,5,3701,0,0,0,NA,0,004,EL CAMINO REAL,CHESTNUT AV,20,N,N,B,-,N,NA,NA,NA,NA,NA,NA,NA,NA,NA,N,4,0,1,2,A,-,03,22350,NA,F,C,C,A,A,D,-,C,A,0,NA,NA,Y,NA,Y,Y,A,01,0,0,1,0,0,0,0,0,1,-,-,33.16428,-117.32003,SAN DIEGO,CARLSBAD,-117.31991319,33.1642245
8071879,2016,2016-07-29,3701,2016-07-11,1206,5492,8,1,5,5,3701,0,0,0,NA,0,004,EL CAMINO REAL,HAYMAR DR,126,S,N,A,-,N,NA,NA,NA,NA,NA,NA,NA,NA,NA,Y,4,0,2,3,A,-,03,22350,NA,N,C,C,A,A,H,-,A,A,0,NA,NA,NA,NA,Y,Y,A,01,0,0,2,0,0,0,0,0,0,-,-,33.18002,-117.32667,SAN DIEGO,CARLSBAD,-117.32688702,33.18000532
8072083,2016,2016-07-11,3711,2016-06-18,1300,6521,NA,6,5,7,3711,0,0,0,NA,0,813,OHIO ST,HOWARD AV,24,N,N,B,-,N,NA,NA,NA,NA,NA,NA,NA,NA,NA,N,4,0,4,2,A,-,06,21755,NA,M,C,C,A,A,H,-,A,A,0,NA,NA,NA,NA,Y,NA,-,-,0,0,4,0,0,0,0,0,0,-,-,NA,NA,SAN DIEGO,SAN DIEGO,-117.12897479,32.75413559
8073711,2016,2016-07-13,3705,2016-06-17,1029,EC0295,NA,5,5,5,3705,0,0,0,NA,0,007,N 2ND,MARLINE,121,N,N,A,-,N,NA,NA,NA,NA,NA,NA,NA,NA,NA,Y,2,0,1,1,A,-,03,22350,NA,N,F,A,A,A,H,-,A,D,0,NA,NA,Y,NA,Y,NA,C,02,1,0,0,0,0,0,0,0,1,-,-,NA,NA,SAN DIEGO,EL CAJON,-116.93578,32.80548137
8075701,2016,2016-07-12,3711,2016-06-25,1525,5918,NA,6,5,7,3711,0,0,0,NA,0,434,SAN VICENTE ST,CARLSBAD ST,0,NA,Y,A,-,N,NA,NA,NA,NA,NA,NA,NA,NA,NA,Y,4,0,1,2,A,-,09,21802,A,N,D,C,A,A,H,-,A,A,0,NA,NA,NA,NA,Y,NA,-,NA,0,0,1,0,0,0,0,0,0,-,-,NA,NA,SAN DIEGO,SAN DIEGO,-117.01946013,32.71201005