CASE_ID,ACCIDENT_YEAR,PROC_DATE,JURIS,COLLISION_DATE,COLLISION_TIME,OFFICER_ID,REPORTING_DISTRICT,DAY_OF_WEEK,CHP_SHIFT,POPULATION,CNTY_CITY_LOC,SPECIAL_COND,BEAT_TYPE,CHP_BEAT_TYPE,CITY_DIVISION_LAPD,CHP_BEAT_CLASS,BEAT_NUMBER,PRIMARY_RD,SECONDARY_RD,DISTANCE,DIRECTION,INTERSECTION,WEATHER_1,WEATHER_2,STATE_HWY_IND,CALTRANS_COUNTY,CALTRANS_DISTRICT,STATE_ROUTE,ROUTE_SUFFIX,POSTMILE_PREFIX,POSTMILE,LOCATION_TYPE,RAMP_INTERSECTION,SIDE_OF_HWY,TOW_AWAY,COLLISION_SEVERITY,NUMBER_KILLED,NUMBER_INJURED,PARTY_COUNT,PRIMARY_COLL_FACTOR,PCF_CODE_OF_VIOL,PCF_VIOL_CATEGORY,PCF_VIOLATION,PCF_VIOL_SUBSECTION,HIT_AND_RUN,TYPE_OF_COLLISION,MVIW,PED_ACTION,ROAD_SURFACE,ROAD_COND_1,ROAD_COND_2,LIGHTING,CONTROL_DEVICE,CHP_ROAD_TYPE,PEDESTRIAN_ACCIDENT,BICYCLE_ACCIDENT,MOTORCYCLE_ACCIDENT,TRUCK_ACCIDENT,NOT_PRIVATE_PROPERTY,ALCOHOL_INVOLVED,STWD_VEHTYPE_AT_FAULT,CHP_VEHTYPE_AT_FAULT,COUNT_SEVERE_INJ,COUNT_VISIBLE_INJ,COUNT_COMPLAINT_PAIN,COUNT_PED_KILLED,COUNT_PED_INJURED,COUNT_BICYCLIST_KILLED,COUNT_BICYCLIST_INJURED,COUNT_MC_KILLED,COUNT_MC_INJURED,PRIMARY_RAMP,SECONDARY_RAMP,LATITUDE,LONGITUDE,COUNTY,CITY,POINT_X,POINT_Y
8282603,2016,2017-01-23,3702,2016-12-18,1450,CV1111,NA,7,5,6,3702,0,0,0,NA,0,024,ANITA ST,4TH AV,33,E,N,A,-,N,NA,NA,NA,NA,NA,NA,NA,NA,NA,Y,3,0,1,2,D,-,00,NA,NA,N,D,C,A,A,H,-,A,A,0,NA,NA,NA,NA,Y,NA,-,-,0,1,0,0,0,0,0,0,0,-,-,NA,NA,SAN DIEGO,CHULA VISTA,-117.06896322,32.59846
8282671,2016,2017-01-25,3711,2016-12-27,1753,7564,SAN D,2,5,7,3711,0,0,0,NA,0,242,WESTONHILL DR,GOLDCOAST,2,N,N,A,-,N,NA,NA,NA,NA,NA,NA,NA,NA,NA,N,4,0,1,2,A,-,08,22100,NA,M,D,G,A,A,H,-,C,D,0,NA,Y,NA,NA,Y,NA,-,NA,0,0,1,0,0,0,1,0,0,-,-,NA,NA,SAN DIEGO,SAN DIEGO,-117.13553008,32.90576548
8282797,2017,2017-01-24,3711,2017-01-06,1825,6329,SANDI,5,5,7,3711,0,0,0,NA,0,838,WABASH AV,UNIVERSITY AV,75,N,N,A,-,N,NA,NA,NA,NA,NA,NA,NA,NA,NA,Y,4,0,1,2,A,-,04,21703,NA,N,C,C,A,A,H,-,C,A,0,NA,NA,NA,NA,Y,Y,-,NA,0,0,1,0,0,0,0,0,0,-,-,NA,NA,SAN DIEGO,SAN DIEGO,-117.12086592,32.74939775
8282860,2017,2017-01-27,3711,2017-01-08,1145,4923,NA,7,5,7,3711,0,0,0,NA,0,233,BLACK MOUNTAIN RD,CANYONSIDE PARK DR,12,S,N,A,-,N,NA,NA,NA,NA,NA,NA,NA,NA,NA,N,3,0,1,1,A,-,03,22350,NA,N,H,J,A,A,H,-,A,A,0,NA,Y,NA,NA,Y,NA,L,04,0,1,0,0,0,0,1,0,0,-,-,NA,NA,SAN DIEGO,SAN DIEGO,-117.12917029,32.94044816
8283260,2016,2017-02-03,3710,2016-12-08,2031,OC1428,NA,4,5,6,3710,0,0,0,NA,0,006,MISSION AV,PIRATES COVE WY,50,W,N,A,-,N,NA,NA,NA,NA,NA,NA,NA,NA,NA,N,4,0,1,2,A,-,03,22350,NA,F,C,C,A,A,H,-,C,A,0,NA,NA,NA,NA,Y,NA,A,01,0,0,1,0,0,0,0,0,0,-,-,NA,NA,SAN DIEGO,OCEANSIDE,-117.37378853,33.19931829
8284140,2016,2017-01-20,3708,2016-12-27,2129,LM1268,NA,2,5,5,3708,0,0,0,NA,0,001,70TH ST,ALAMO WY,35,S,N,A,-,N,NA,NA,NA,NA,NA,NA,NA,NA,NA,N,3,0,1,2,A,-,05,21650,1,N,D,G,A,A,H,-,C,D,0,NA,Y,NA,NA,Y,NA,L,04,0,1,0,0,0,0,1,0,0,-,-,NA,NA,SAN DIEGO,LA MESA,-117.04722764,32.75964702
8286923,2017,2017-01-25,3711,2017-01-11,2303,4310,NA,3,5,7,3711,0,0,0,NA,0,115,LA JOLLA VILLAGE DR,TOWNE CENTRE DR,0,NA,Y,A,-,N,NA,NA,NA,NA,NA,NA,NA,NA,NA,Y,4,0,1,2,D,-,00,NA,NA,N,D,C,A,B,H,-,D,A,0,NA,NA,NA,NA,Y,NA,-,-,0,0,1,0,0,0,0,0,0,-,-,NA,NA,SAN DIEGO,SAN DIEGO,-117.20742011,32.87410004
8289301,2016,2017-01-31,3711,2016-12-28,0123,6686,NA,3,5,7,3711,0,0,0,NA,0,124,TORREY PINES RD,ARDATH LN,4752,N,N,A,-,N,NA,NA,NA,NA,NA,NA,NA,NA,NA,N,3,0,2,2,A,-,05,21651,B,N,A,C,A,A,H,-,D,D,0,NA,NA,NA,NA,Y,Y,A,01,0,2,0,0,0,0,0,0,0,-,-,NA,NA,SAN DIEGO,SAN DIEGO,-117.24566463,32.86047448
8289408,2017,2017-01-27,3711,2017-01-11,2023,4840,NA,3,5,7,3711,0,0,0,NA,0,622,MORENA BL,NAPA ST,0,NA,Y,B,-,N,NA,NA,NA,NA,NA,NA,NA,NA,NA,Y,4,0,1,2,A,-,00,23153,C,N,D,C,A,A,H,-,C,A,0,NA,NA,NA,NA,Y,NA,-,NA,0,0,1,0,0,0,0,0,0,-,-,NA,NA,SAN DIEGO,SAN DIEGO,-117.19838001,32.7657801
8290196,2017,2017-01-31,3700,2017-01-10,1900,SH2439,NA,2,5,5,3713,0,0,0,NA,0,305,NORTH MELROSE DR,HIGHLAND DR,110,S,N,B,-,N,NA,NA,NA,NA,NA,NA,NA,NA,NA,Y,4,0,1,2,A,-,03,22350,NA,M,C,C,A,A,H,-,C,A,0,NA,NA,NA,NA,Y,NA,A,01,0,0,1,0,0,0,0,0,0,-,-,NA,NA,SAN DIEGO,VISTA,-117.25551026,33.21077156
8290994,2017,2017-02-02,3711,2017-01-11,1230,6403,SDPD,3,5,7,3711,0,0,0,NA,0,234,CALLE SUACILLO,PASEO LUCIDO,100,W,N,C,-,N,NA,NA,NA,NA,NA,NA,NA,NA,NA,N,4,0,1,2,A,-,21,22106,NA,M,A,B,E,B,H,-,A,-,0,Y,NA,NA,NA,Y,NA,A,01,0,0,1,0,1,0,0,0,0,-,-,NA,NA,SAN DIEGO,SAN DIEGO,-117.06818306,32.99700847
8291855,2016,2017-02-06,3700,2016-12-16,1601,SH5794,NA,5,5,5,3781,0,0,0,NA,0,516,FANITA DR,FARRINGTON DR,0,NA,Y,A,-,N,NA,NA,NA,NA,NA,NA,NA,NA,NA,Y,4,0,2,3,A,-,03,22350,NA,N,C,C,A,B,H,-,A,D,0,NA,NA,NA,NA,Y,NA,A,01,0,0,2,0,0,0,0,0,0,-,-,NA,NA,SAN DIEGO,SANTEE,-117.00071002,32.82724011
8292322,2017,2017-04-24,3711,2017-02-03,1803,7429,NA,5,5,7,3711,0,0,0,NA,0,NA,LOGAN AV,S 35TH ST,8,E,N,B,-,N,NA,NA,NA,NA,NA,NA,NA,NA,NA,N,4,0,1,2,A,-,10,21950,A,N,G,B,B,A,H,-,B,-,0,Y,NA,NA,NA,Y,NA,A,01,0,0,1,0,1,0,0,0,0,-,-,NA,NA,SAN DIEGO,SAN DIEGO,-117.1189,32.69702
8292769,2017,2017-07-19,3711,2017-06-26,1502,7451,NA,1,5,7,3711,0,0,0,NA,0,627,3RD AV,WASHINGTON,300,N,N,A,-,N,NA,NA,NA,NA,NA,NA,NA,NA,NA,Y,4,0,1,3,A,-,08,22107,NA,N,B,E,A,A,H,-,A,D,0,NA,NA,NA,NA,Y,NA,-,NA,0,0,1,0,0,0,0,0,0,-,-,NA,NA,SAN DIEGO,SAN DIEGO,-117.16275318,32.75080174
8292910,2016,2017-01-31,3705,2016-12-28,1513,EC0295,NA,3,5,5,3705,0,0,0,NA,0,006,CUYAMACA,VERNON,136,N,N,A,-,N,NA,NA,NA,NA,NA,NA,NA,NA,NA,Y,4,0,1,1,A,-,08,22107,NA,N,E,I,A,A,H,-,A,D,0,NA,NA,NA,NA,Y,NA,D,22,0,0,1,0,0,0,0,0,0,-,-,NA,NA,SAN DIEGO,EL CAJON,-116.97963224,32.81238246
8293122,2017,2017-01-30,3705,2017-01-05,1730,EC0365,NA,4,5,5,3705,0,0,0,NA,0,010,E LEXINGTON,MAGNOLIA,88,W,N,C,-,N,NA,NA,NA,NA,NA,NA,NA,NA,NA,N,4,0,1,2,A,-,03,22350,NA,N,C,C,A,B,H,-,C,A,0,NA,NA,NA,NA,Y,NA,A,01,0,0,1,0,0,0,0,0,0,-,-,NA,NA,SAN DIEGO,EL CAJON,-116.96229,32.79271
8295140,2017,2017-02-08,3711,2017-01-21,1541,6753,NA,6,5,7,3711,0,0,0,NA,0,006,PACIFIC HWY,PACIFIC HWY 4000,6,W,N,A,-,N,NA,NA,NA,NA,NA,NA,NA,NA,NA,Y,4,0,1,3,A,-,08,22107,NA,N,B,C,A,A,H,-,A,D,0,NA,NA,NA,NA,Y,NA,A,01,0,0,1,0,0,0,0,0,0,-,-,NA,NA,SAN DIEGO,SAN DIEGO,NA,NA
8295357,2017,2017-02-07,3711,2017-01-24,1758,6946,NA,2,5,7,3711,0,0,0,NA,0,242,NORTHRUP DR,CANRIGHT WY,15,S,N,B,-,N,NA,NA,NA,NA,NA,NA,NA,NA,NA,N,4,0,1,2,A,-,10,21950,A,N,G,B,C,A,H,-,C,D,0,Y,NA,NA,NA,Y,NA,-,NA,0,0,1,0,1,0,0,0,0,-,-,NA,NA,SAN DIEGO,SAN DIEGO,-117.15915773,32.90143182
82996818,2024,2024-07-31,3706,2024-07-28,1623,564,NA,7,5,6,3706,0,0,0,NA,0,052,ASH ST,OHIO AV,150,S,N,A,-,N,NA,NA,NA,NA,NA,NA,NA,NA,NA,N,4,0,3,2,A,-,08,22107,NA,F,D,C,A,A,H,-,A,D,0,NA,NA,NA,NA,Y,NA,D,22,0,0,3,0,0,0,0,0,0,-,-,33.12815856933594,-117.06607818603516,SAN DIEGO,ESCONDIDO,-117.0657958984375,33.12779235839844
8301611,2017,2017-11-08,3710,2017-01-20,1716,OC1185,024,5,5,6,3710,0,0,0,NA,0,006,EL CAMINIO REAL,MISSION AV,56,S,N,C,-,N,NA,NA,NA,NA,NA,NA,NA,NA,NA,Y,3,0,3,3,C,-,18,NA,NA,N,C,C,A,B,H,-,A,A,0,NA,NA,NA,NA,Y,NA,-,-,0,1,2,0,0,0,0,0,0,-,-,33.26016,-117.33111,SAN DIEGO,OCEANSIDE,-117.33107376,33.22571337
8302052,2017,2017-02-15,3710,2017-01-19,1830,OC1234,NA,4,5,6,3710,0,0,0,NA,0,018,VANDERGRIFT BL,CASTELLANO DR,77,N,N,A,-,N,NA,NA,NA,NA,NA,NA,NA,NA,NA,Y,3,0,3,3,A,-,03,22350,NA,N,C,C,A,A,H,-,C,A,0,NA,NA,NA,NA,Y,NA,A,07,0,1,2,0,0,0,0,0,0,-,-,NA,NA,SAN DIEGO,OCEANSIDE,-117.29751796,33.26508145
8302489,2017,2017-03-21,3710,2017-01-21,1800,OC1344,NA,6,5,6,3710,0,0,0,NA,0,025,OCEANSIDE BL,RANCHO DE ORO DR,0,NA,Y,A,-,N,NA,NA,NA,NA,NA,NA,NA,NA,NA,Y,4,0,2,2,A,-,09,21800,A,N,D,C,A,A,D,-,C,A,0,NA,NA,NA,NA,Y,NA,A,01,0,0,2,0,0,0,0,0,0,-,-,NA,NA,SAN DIEGO,OCEANSIDE,-117.31102004,33.20320004
8304007,2017,2017-12-26,3711,2017-01-29,1939,7373,NA,7,5,7,3711,0,0,0,NA,0,122,MISSION BL,THOMAS AV,0,S,N,A,-,N,NA,NA,NA,NA,NA,NA,NA,NA,NA,N,4,0,1,2,A,-,11,21950,B,N,G,B,B,A,H,-,C,A,0,Y,NA,NA,NA,Y,Y,N,60,0,0,1,0,1,0,0,0,0,-,-,NA,NA,SAN DIEGO,SAN DIEGO,-117.25459003,32.79363005
8304028,2017,2018-02-15,3711,2017-01-27,1110,6795,SANDI,5,5,7,3711,0,0,0,NA,0,811,EL CAJON BL,RT 805,47,W,N,A,-,Y,SD,11,805,-,-,16.282,R,4,N,N,4,0,3,2,A,-,12,21453,A,N,D,C,A,A,H,-,A,A,0,NA,NA,NA,NA,Y,NA,A,01,0,0,3,0,0,0,0,0,0,-,NF,NA,NA,SAN DIEGO,SAN DIEGO,-117.12414221,32.75321634
8304571,2017,2017-02-14,3705,2017-01-17,0749,EC0278,NA,2,5,5,3705,0,0,0,NA,0,009,GRANITE HILLS,WICHITA,430,W,N,A,-,N,NA,NA,NA,NA,NA,NA,NA,NA,NA,N,4,0,1,2,A,-,05,21650,1,N,D,G,A,A,H,-,A,D,0,NA,Y,NA,NA,Y,NA,L,04,0,0,1,0,0,0,1,0,0,-,-,NA,NA,SAN DIEGO,EL CAJON,-116.92439391,32.78527
8304611,2017,2017-02-14,3711,2017-01-28,0314,6812,NA,6,5,7,3711,0,0,0,NA,0,123,FIESTA ISLAND RD,FIESTA ISLAND RD 1000,0,E,N,A,-,N,NA,NA,NA,NA,NA,NA,NA,NA,NA,Y,4,0,1,1,A,-,08,22107,NA,N,E,I,A,A,H,-,D,D,0,NA,NA,NA,NA,Y,Y,A,01,0,0,1,0,0,0,0,0,0,-,-,NA,NA,SAN DIEGO,SAN DIEGO,-117.22213447,32.77993077
8304638,2017,2017-02-17,3705,2017-01-17,1213,EC5258,NA,2,5,5,3705,0,0,0,NA,0,010,MAIN ST,AVOCADO AV,50,W,N,A,-,N,NA,NA,NA,NA,NA,NA,NA,NA,NA,N,4,0,1,2,A,-,03,22350,NA,N,C,C,A,A,H,-,A,A,0,NA,NA,NA,NA,Y,NA,A,01,0,0,1,0,0,0,0,0,0,-,-,NA,NA,SAN DIEGO,EL CAJON,-116.95752212,32.79495
8305145,2017,2017-03-16,3711,2017-02-01,0856,6982,NA,3,5,7,3711,0,0,0,NA,0,123,4200 MISSION BAY DR,MISSION BAY DR,0,NA,Y,A,-,N,NA,NA,NA,NA,NA,NA,NA,NA,NA,Y,3,0,2,2,A,-,12,21453,A,N,D,C,A,A,H,-,A,A,0,NA,NA,NA,NA,Y,NA,-,NA,0,1,1,0,0,0,0,0,0,-,-,NA,NA,SAN DIEGO,SAN DIEGO,-117.21102996,32.79829002
8305250,2017,2017-12-28,3711,2017-02-04,1607,7395,NORTH,6,5,7,3711,0,0,0,NA,0,111,CHANDLER DR,MT ABERNATHY,21,W,N,A,-,N,NA,NA,NA,NA,NA,NA,NA,NA,NA,Y,3,0,2,3,A,-,08,22107,NA,N,D,C,A,A,H,-,A,A,0,NA,NA,NA,NA,Y,NA,-,NA,0,1,1,0,0,0,0,0,0,-,-,NA,NA,SAN DIEGO,SAN DIEGO,-117.17316087,32.82606584
8305695,2017,2017-02-16,3711,2017-02-01,2021,6856,NA,3,5,7,3711,0,0,0,NA,0,622,LINDA VISTA RD,ALCALA WY,16,N,N,A,-,N,NA,NA,NA,NA,NA,NA,NA,NA,NA,Y,4,0,1,2,A,-,04,21703,NA,N,C,C,A,A,H,-,C,A,0,NA,NA,NA,NA,Y,Y,A,01,0,0,1,0,0,0,0,0,0,-,-,NA,NA,SAN DIEGO,SAN DIEGO,-117.18589514,32.77134225
8306168,2017,2017-02-27,3711,2017-02-07,0755,7464,SDPD,2,5,7,3711,0,0,0,NA,0,838,ORANGE AV,39TH ST,120,W,N,B,C,N,NA,NA,NA,NA,NA,NA,NA,NA,NA,N,4,0,1,2,A,-,09,21804,A,N,B,C,A,B,H,-,A,D,0,NA,NA,NA,NA,Y,NA,A,01,0,0,1,0,0,0,0,0,0,-,-,NA,NA,SAN DIEGO,SAN DIEGO,-117.11101899,32.75324
8306208,2017,2017-03-01,3706,2017-02-02,1814,464,ESCON,4,5,6,3706,0,0,0,NA,0,052,FELICITA AV,JUNIPER ST,492,W,N,A,-,N,NA,NA,NA,NA,NA,NA,NA,NA,NA,Y,3,0,2,2,A,-,01,23153,A,F,A,C,A,A,H,-,C,D,0,NA,NA,NA,NA,Y,Y,A,01,0,2,0,0,0,0,0,0,0,-,-,NA,NA,SAN DIEGO,ESCONDIDO,-117.07005407,33.10614816
8309613,2017,2017-02-22,3701,2017-02-12,1819,5479,91,7,5,5,3701,0,0,0,NA,0,007,EL CAMINIO REAL,SWALLOW LN,20,S,N,A,-,N,NA,NA,NA,NA,NA,NA,NA,NA,NA,Y,4,0,2,2,A,-,03,22350,NA,N,C,C,A,A,H,-,C,A,0,NA,NA,NA,NA,Y,NA,A,01,0,0,2,0,0,0,0,0,0,-,-,NA,NA,SAN DIEGO,CARLSBAD,-117.26848422,33.10795422
8311409,2017,2017-03-10,3711,2017-01-13,1248,HB5908,NA,5,5,7,3711,0,0,0,NA,0,504,NORTH HARBOR DR,LAUREL ST,52,W,N,A,-,N,NA,NA,NA,NA,NA,NA,NA,NA,NA,Y,4,0,1,2,A,-,09,21453,B,N,D,C,A,A,H,-,A,A,0,NA,NA,NA,NA,Y,NA,I,10,0,0,1,0,0,0,0,0,0,-,-,NA,NA,SAN DIEGO,SAN DIEGO,-117.17758838,32.72777591
8312959,2017,2017-03-03,3711,2017-01-31,2250,6366,NA,2,5,7,3711,0,0,0,NA,0,325,JACKSON DR,NAVAJO RD,0,NA,Y,A,-,N,NA,NA,NA,NA,NA,NA,NA,NA,NA,Y,4,0,1,2,A,-,12,21453,A,N,D,C,A,A,H,-,C,D,0,NA,NA,NA,NA,Y,NA,A,01,0,0,1,0,0,0,0,0,0,-,-,NA,NA,SAN DIEGO,SAN DIEGO,-117.04608008,32.80394011
8313374,2017,2017-02-27,3711,2017-02-12,0148,6892,NA,7,5,7,3711,0,0,0,NA,0,445,MARKET ST,47TH ST,400,E,N,A,-,N,NA,NA,NA,NA,NA,NA,NA,NA,NA,Y,3,0,1,1,A,-,17,23109,C,N,F,J,A,A,-,-,C,D,0,NA,NA,NA,NA,Y,NA,-,NA,0,1,0,0,0,0,0,0,0,-,-,NA,NA,SAN DIEGO,SAN DIEGO,-117.0925129,32.71092783
8313397,2016,2017-02-27,3711,2016-02-13,1606,8261,NA,6,5,7,3711,0,0,0,NA,0,242,BLACK MOUNTAIN RD,MIRA MESA BL,322,N,N,A,-,N,NA,NA,NA,NA,NA,NA,NA,NA,NA,N,4,0,1,2,A,-,03,22350,NA,N,C,C,A,A,H,-,A,D,0,NA,NA,NA,NA,Y,Y,-,NA,0,0,1,0,0,0,0,0,0,-,-,NA,NA,SAN DIEGO,SAN DIEGO,-117.12501871,32.91810518
8313762,2017,2017-03-06,3702,2017-01-22,0156,CV1141,NA,7,5,6,3702,0,0,0,NA,0,022,L ST,3RD AV,275,E,N,A,-,N,NA,NA,NA,NA,NA,NA,NA,NA,NA,Y,3,0,1,4,A,-,01,23152,A,N,C,E,A,A,H,-,C,D,0,NA,NA,NA,NA,Y,Y,A,01,0,1,0,0,0,0,0,0,0,-,-,NA,NA,SAN DIEGO,CHULA VISTA,-117.07100531,32.62095069
8314079,2017,2017-03-03,3702,2017-02-08,2341,CV1193,NA,3,5,6,3702,0,0,0,NA,0,022,4TH AV,MOSS ST,6,S,N,E,-,N,NA,NA,NA,NA,NA,NA,NA,NA,NA,N,3,0,1,2,A,-,10,21950,A,N,G,B,B,A,H,-,C,A,0,Y,NA,NA,NA,Y,NA,A,01,0,1,0,0,1,0,0,0,0,-,-,NA,NA,SAN DIEGO,CHULA VISTA,-117.07453395,32.61596438
8315958,2017,2017-03-09,3701,2017-02-23,1300,5489,4,4,5,5,3701,0,0,0,NA,0,001,KNOWLES AV,JEFFERSON ST,27,E,N,A,-,N,NA,NA,NA,NA,NA,NA,NA,NA,NA,Y,4,0,1,1,A,-,03,22350,NA,N,E,I,A,A,H,-,A,D,0,NA,NA,NA,NA,Y,NA,A,01,0,0,1,0,0,0,0,0,0,-,-,33.16718,-117.34806,SAN DIEGO,CARLSBAD,-117.34828204,33.16707
8316146,2017,2017-03-01,3711,2017-02-11,1732,5465,NA,6,5,7,3711,0,0,0,NA,0,234,BERNARDO CENTER DR,BERNARDO CENTER RD,47,W,N,A,-,N,NA,NA,NA,NA,NA,NA,NA,NA,NA,Y,4,0,2,3,A,-,21,22106,NA,N,C,C,A,A,H,-,C,A,0,NA,NA,NA,NA,Y,NA,-,NA,0,0,2,0,0,0,0,0,0,-,-,NA,NA,SAN DIEGO,SAN DIEGO,-117.1017121,33.00218217
8319000,2017,2017-03-06,3711,2017-02-14,0615,6389,NA,2,5,7,3711,0,0,0,NA,0,524,4TH AV,ASH ST,21,S,N,A,-,N,NA,NA,NA,NA,NA,NA,NA,NA,NA,NA,4,0,2,2,A,-,12,21453,A,N,D,C,A,A,H,-,A,A,0,NA,NA,NA,NA,Y,NA,-,NA,0,0,2,0,0,0,0,0,0,-,-,NA,NA,SAN DIEGO,SAN DIEGO,-117.16112918,32.71983248
8319012,2017,2017-02-27,3711,2017-02-14,1717,6657,NA,2,5,7,3711,0,0,0,NA,0,516,MARKET ST,33RD ST,528,E,N,A,-,N,NA,NA,NA,NA,NA,NA,NA,NA,NA,N,4,0,1,2,A,-,04,21703,NA,M,C,C,A,A,H,-,B,A,0,NA,NA,NA,NA,Y,NA,-,NA,0,0,1,0,0,0,0,0,0,-,-,NA,NA,SAN DIEGO,SAN DIEGO,-117.1214331,32.71173282
8319414,2017,2018-02-15,3711,2017-02-17,0644,7104,NA,5,5,7,3711,0,0,0,NA,0,235,SAN PASQUAL VALLEY RD,SAN PASQUAL VALLEY RD 17900,0,NA,N,B,-,Y,SD,11,78,-,-,28.029,H,-,E,N,3,0,1,1,A,-,03,22350,NA,N,F,I,A,A,H,-,B,D,0,NA,NA,NA,NA,Y,NA,A,01,0,1,0,0,0,0,0,0,0,-,-,33.09117,-116.9432,SAN DIEGO,SAN DIEGO,-116.94295239,33.09115952
8321240,2017,2017-03-10,3711,2017-02-09,1611,5985,NA,4,5,7,3711,0,0,0,NA,0,242,CALLE CRISTOBAL,THOMAS HAYES LN,0,NA,Y,A,-,N,NA,NA,NA,NA,NA,NA,NA,NA,NA,Y,2,0,2,2,A,-,09,21801,A,N,D,C,A,A,H,-,A,D,0,NA,NA,NA,NA,Y,NA,A,01,1,0,1,0,0,0,0,0,0,-,-,NA,NA,SAN DIEGO,SAN DIEGO,-117.15084009,32.93049005
8322710,2016,2017-03-13,3710,2016-07-20,0635,OC1428,NA,3,5,6,3710,0,0,0,NA,0,020,NORTH RIVER,SLEEPING INDIAN RD,12,N,N,A,-,N,NA,NA,NA,NA,NA,NA,NA,NA,NA,N,4,0,1,2,A,-,03,22350,NA,N,C,C,A,A,H,-,A,D,0,NA,NA,NA,NA,Y,NA,A,01,0,0,1,0,0,0,0,0,0,-,-,NA,NA,SAN DIEGO,OCEANSIDE,-117.2641,33.26008
8323457,2017,2017-03-16,3711,2017-02-27,1130,6339,NA,1,5,7,3711,0,0,0,NA,0,241,KEARNY VILLA RD,MIRAMAR WY,800,S,N,C,-,N,NA,NA,NA,NA,NA,NA,NA,NA,NA,Y,4,0,2,1,A,-,03,22350,NA,N,E,I,A,B,F,-,A,D,0,NA,NA,NA,NA,Y,NA,-,NA,0,0,2,0,0,0,0,0,0,-,-,NA,NA,SAN DIEGO,SAN DIEGO,-117.11667865,32.87836877
8323524,2017,2017-03-16,3711,2017-02-27,1647,7245,NA,1,5,7,3711,0,0,0,NA,0,512,22ND ST,IMPERIAL AV,0,NA,Y,B,C,N,NA,NA,NA,NA,NA,NA,NA,NA,NA,N,4,0,1,2,A,-,09,21802,A,N,D,G,A,B,H,-,B,A,0,NA,Y,NA,NA,Y,NA,-,NA,0,0,1,0,0,0,1,0,0,-,-,NA,NA,SAN DIEGO,SAN DIEGO,-117.14396012,32.70629004
8323572,2017,2017-03-16,3711,2017-02-27,2130,7480,NA,1,5,7,3711,0,0,0,NA,0,242,GOLD COAST DR,CAMINO RUIZ,95,E,N,B,C,N,NA,NA,NA,NA,NA,NA,NA,NA,NA,N,4,0,1,2,D,-,00,NA,NA,N,G,B,F,B,H,-,C,D,0,Y,NA,NA,NA,Y,NA,-,-,0,0,1,0,1,0,0,0,0,-,-,NA,NA,SAN DIEGO,SAN DIEGO,-117.14588206,32.90532197
8323584,2017,2017-03-16,3711,2017-02-26,0750,4203,NA,7,5,7,3711,0,0,0,NA,0,242,BLACK MOUNTAIN RD,GEMINI AV,30,N,N,B,-,N,NA,NA,NA,NA,NA,NA,NA,NA,NA,Y,4,0,1,2,A,-,12,21453,A,N,-,C,A,A,H,-,A,A,0,NA,NA,NA,NA,Y,NA,-,NA,0,0,1,0,0,0,0,0,0,-,-,NA,NA,SAN DIEGO,SAN DIEGO,-117.12513135,32.91939217
8323965,2017,2017-03-20,3711,2017-03-01,0006,6366,NA,3,5,7,3711,0,0,0,NA,0,232,RANCHO CARMEL DR,SHAWL CREEK DR,127,S,N,A,-,N,NA,NA,NA,NA,NA,NA,NA,NA,NA,Y,3,0,1,1,A,-,08,22107,NA,N,E,I,A,A,H,-,C,D,0,NA,NA,NA,NA,Y,Y,A,07,0,1,0,0,0,0,0,0,0,-,-,NA,NA,SAN DIEGO,SAN DIEGO,-117.08586842,32.97137399
8326109,2017,2017-03-20,3711,2017-03-05,2240,4310,NA,7,5,7,3711,0,0,0,NA,0,523,4TH AV,G ST,0,NA,Y,A,-,N,NA,NA,NA,NA,NA,NA,NA,NA,NA,N,4,0,1,2,D,-,00,NA,NA,N,C,D,A,A,H,-,C,A,0,NA,NA,NA,NA,Y,NA,-,-,0,0,1,0,0,0,0,0,0,-,-,NA,NA,SAN DIEGO,SAN DIEGO,-117.16105999,32.71257007
8326121,2017,2017-03-20,3711,2017-03-01,1539,3747,SD,3,5,7,3711,0,0,0,NA,0,512,S 30TH ST,CLAY AV,27,N,N,A,-,N,NA,NA,NA,NA,NA,NA,NA,NA,NA,Y,3,0,2,3,A,-,08,22107,NA,N,C,E,A,A,H,-,A,D,0,NA,NA,NA,NA,Y,NA,-,NA,0,1,1,0,0,0,0,0,0,-,-,NA,NA,SAN DIEGO,SAN DIEGO,-117.12952,32.70332396
8326136,2017,2017-03-21,3711,2017-02-26,1225,5105,NA,7,5,7,3711,0,0,0,NA,0,242,MIRA MESA RD,NEW SALEM ST,0,NA,Y,A,-,N,NA,NA,NA,NA,NA,NA,NA,NA,NA,Y,4,0,2,2,A,-,12,21453,A,N,A,-,A,B,H,-,A,A,0,NA,NA,NA,NA,Y,NA,A,01,0,0,2,0,0,0,0,0,0,-,-,NA,NA,SAN DIEGO,SAN DIEGO,-117.13851009,32.91293006
8326226,2017,2017-03-21,3708,2017-02-15,1713,LM1158,NA,3,5,5,3708,0,0,0,NA,0,001,70TH ST,UNIVERSITY AV,60,N,N,A,-,N,NA,NA,NA,NA,NA,NA,NA,NA,NA,N,4,0,1,2,A,-,03,22350,NA,M,C,C,A,A,H,-,A,A,0,NA,NA,NA,NA,Y,NA,A,01,0,0,1,0,0,0,0,0,0,-,-,NA,NA,SAN DIEGO,LA MESA,-117.04753156,32.75549404
8326728,2017,2017-04-05,3711,2017-03-07,1512,5106,SAN D,2,5,7,3711,0,0,0,NA,0,721,SATURN BL,HALO ST,75,N,N,A,-,N,NA,NA,NA,NA,NA,NA,NA,NA,NA,Y,3,0,1,2,A,-,00,31703,NA,N,C,C,A,A,H,-,A,D,0,NA,NA,NA,NA,Y,Y,-,NA,0,1,0,0,0,0,0,0,0,-,-,NA,NA,SAN DIEGO,SAN DIEGO,-117.0927486,32.57303521
8326735,2017,2017-04-05,3711,2017-03-04,1307,7159,NA,6,5,7,3711,0,0,0,NA,0,122,MISSION BAY DR,GLENDORA ST,45,N,N,A,-,N,NA,NA,NA,NA,NA,NA,NA,NA,NA,N,2,0,1,2,A,-,12,21453,A,N,F,C,A,A,H,-,A,A,0,NA,NA,NA,NA,Y,NA,-,NA,1,0,0,0,0,0,0,0,0,-,-,NA,NA,SAN DIEGO,SAN DIEGO,-117.21513821,32.80180275