CASE_ID,ACCIDENT_YEAR,PROC_DATE,JURIS,COLLISION_DATE,COLLISION_TIME,OFFICER_ID,REPORTING_DISTRICT,DAY_OF_WEEK,CHP_SHIFT,POPULATION,CNTY_CITY_LOC,SPECIAL_COND,BEAT_TYPE,CHP_BEAT_TYPE,CITY_DIVISION_LAPD,CHP_BEAT_CLASS,BEAT_NUMBER,PRIMARY_RD,SECONDARY_RD,DISTANCE,DIRECTION,INTERSECTION,WEATHER_1,WEATHER_2,STATE_HWY_IND,CALTRANS_COUNTY,CALTRANS_DISTRICT,STATE_ROUTE,ROUTE_SUFFIX,POSTMILE_PREFIX,POSTMILE,LOCATION_TYPE,RAMP_INTERSECTION,SIDE_OF_HWY,TOW_AWAY,COLLISION_SEVERITY,NUMBER_KILLED,NUMBER_INJURED,PARTY_COUNT,PRIMARY_COLL_FACTOR,PCF_CODE_OF_VIOL,PCF_VIOL_CATEGORY,PCF_VIOLATION,PCF_VIOL_SUBSECTION,HIT_AND_RUN,TYPE_OF_COLLISION,MVIW,PED_ACTION,ROAD_SURFACE,ROAD_COND_1,ROAD_COND_2,LIGHTING,CONTROL_DEVICE,CHP_ROAD_TYPE,PEDESTRIAN_ACCIDENT,BICYCLE_ACCIDENT,MOTORCYCLE_ACCIDENT,TRUCK_ACCIDENT,NOT_PRIVATE_PROPERTY,ALCOHOL_INVOLVED,STWD_VEHTYPE_AT_FAULT,CHP_VEHTYPE_AT_FAULT,COUNT_SEVERE_INJ,COUNT_VISIBLE_INJ,COUNT_COMPLAINT_PAIN,COUNT_PED_KILLED,COUNT_PED_INJURED,COUNT_BICYCLIST_KILLED,COUNT_BICYCLIST_INJURED,COUNT_MC_KILLED,COUNT_MC_INJURED,PRIMARY_RAMP,SECONDARY_RAMP,LATITUDE,LONGITUDE,COUNTY,CITY,POINT_X,POINT_Y
8409679,2017,2017-08-02,3711,2017-07-06,1711,6156,SD,4,5,7,3711,0,0,0,NA,0,116,MORENA BL,NAPIER ST,0,NA,Y,A,-,N,NA,NA,NA,NA,NA,NA,NA,NA,NA,Y,3,0,2,2,A,-,09,21801,A,N,A,C,A,A,H,-,-,D,0,NA,NA,NA,NA,Y,NA,A,01,0,1,1,0,0,0,0,0,0,-,-,NA,NA,SAN DIEGO,SAN DIEGO,-117.20716013,32.78234004
8409978,2017,2017-07-28,3710,2017-01-14,1224,OC1430,NA,6,5,6,3710,0,0,0,NA,0,008,SOUTH COAST HWY,EUCALYPTUS,0,NA,Y,A,-,N,NA,NA,NA,NA,NA,NA,NA,NA,NA,Y,4,0,1,2,A,-,08,22107,NA,N,A,C,A,A,H,-,A,A,0,NA,NA,NA,NA,Y,NA,A,01,0,0,1,0,0,0,0,0,0,-,-,NA,NA,SAN DIEGO,OCEANSIDE,-117.37057004,33.1851601
8410498,2017,2017-07-27,3701,2017-07-12,1545,CB5499,NA,3,5,5,3701,0,0,0,NA,0,002,TAMARACK AV,GARFIELD ST,0,NA,Y,A,-,N,NA,NA,NA,NA,NA,NA,NA,NA,NA,N,4,0,1,3,A,-,03,22350,NA,N,C,C,A,A,H,-,A,A,0,NA,NA,NA,NA,Y,NA,D,22,0,0,1,0,0,0,0,0,0,-,-,NA,NA,SAN DIEGO,CARLSBAD,-117.3439401,33.14836011
8412572,2017,2017-09-08,3711,2017-08-19,0900,7378,NA,6,5,7,3711,0,0,0,NA,0,8241,FAIRMONT AV,MONTEZUMA RD,50,N,N,B,-,N,NA,NA,NA,NA,NA,NA,NA,NA,NA,Y,4,0,1,2,A,-,04,21703,NA,N,A,C,A,A,H,-,A,D,0,NA,NA,NA,NA,Y,NA,A,01,0,0,1,0,0,0,0,0,0,-,-,NA,NA,SAN DIEGO,SAN DIEGO,-117.09719701,32.77258504
8412665,2017,2017-08-31,3711,2017-08-12,0956,7516,SAN D,6,5,7,3711,0,0,0,NA,0,524,4TH AV,B ST,15,E,N,A,-,N,NA,NA,NA,NA,NA,NA,NA,NA,NA,N,3,0,1,2,A,-,00,21953,A,N,D,G,A,A,H,-,A,A,0,NA,Y,NA,NA,Y,NA,A,01,0,1,0,0,0,0,1,0,0,-,-,NA,NA,SAN DIEGO,SAN DIEGO,-117.16108,32.71779
8413860,2017,2017-08-09,3700,2017-05-20,1708,SH1725,NA,6,5,5,3712,0,0,0,NA,0,349,SAN ELIJO RD,LEDGE ST,425,W,N,A,-,N,NA,NA,NA,NA,NA,NA,NA,NA,NA,Y,2,0,1,1,A,-,01,23152,A,N,E,I,A,A,H,-,A,D,0,NA,NA,Y,NA,Y,Y,C,02,1,0,0,0,0,0,0,0,1,-,-,NA,NA,SAN DIEGO,SAN MARCOS,-117.17316998,33.10720227
8414001,2017,2017-08-11,3711,2017-07-24,0620,5699,NA,1,5,7,3711,0,0,0,NA,0,242,WESTVIEW PKWY,HILLERY DR,0,NA,Y,B,-,N,NA,NA,NA,NA,NA,NA,NA,NA,NA,N,3,0,1,2,A,-,08,22107,NA,N,A,G,A,A,H,-,A,A,0,NA,Y,NA,NA,Y,NA,-,NA,0,1,0,0,0,0,1,0,0,-,-,NA,NA,SAN DIEGO,SAN DIEGO,-117.12027002,32.91290005
8415696,2017,2017-09-08,3711,2017-07-11,1808,7176,NA,2,5,7,3711,0,0,0,NA,0,518,DATE ST,30TH ST,20,W,N,A,-,N,NA,NA,NA,NA,NA,NA,NA,NA,NA,N,3,0,1,1,A,-,03,22350,NA,N,H,A,A,A,-,-,A,D,0,NA,NA,Y,NA,Y,NA,C,02,0,1,0,0,0,0,0,0,1,-,-,NA,NA,SAN DIEGO,SAN DIEGO,-117.13028479,32.72338142
8415754,2017,2017-12-18,3710,2017-11-13,0005,OC1414,019,1,5,6,3710,0,0,0,NA,0,010,NORTH RIVER RD,STALLION DR,975,E,N,A,-,N,NA,NA,NA,NA,NA,NA,NA,NA,NA,N,3,0,1,1,A,-,01,23153,B,N,E,I,A,A,H,-,C,D,0,NA,NA,NA,NA,Y,Y,A,01,0,1,0,0,0,0,0,0,0,-,-,33.25563,-117.28819,SAN DIEGO,OCEANSIDE,-117.28533376,33.25556875
8415854,2017,2017-12-07,3711,2017-11-10,1254,7653,SAN D,5,5,7,3711,0,0,0,NA,0,326,MONTEZUMA RD,MONTEZUMA RD 5824,0,NA,-,A,-,N,NA,NA,NA,NA,NA,NA,NA,NA,NA,Y,4,0,2,2,A,-,09,21804,A,N,D,C,A,A,H,-,A,A,0,NA,NA,NA,NA,Y,NA,D,22,0,0,2,0,0,0,0,0,0,-,-,NA,NA,SAN DIEGO,SAN DIEGO,-117.0711726,32.77071903
8416937,2017,2017-08-07,3705,2017-07-25,1737,EC0295,NA,2,5,5,3705,0,0,0,NA,0,006,FLETCHER PKWY,HACIENDA,420,N,N,A,-,N,NA,NA,NA,NA,NA,NA,NA,NA,NA,Y,3,0,1,1,A,-,08,22107,NA,N,E,I,A,A,H,-,A,D,0,NA,NA,NA,NA,Y,NA,A,01,0,1,0,0,0,0,0,0,0,-,-,NA,NA,SAN DIEGO,EL CAJON,-116.99246267,32.80376018
8416998,2017,2017-07-28,3702,2017-06-06,1615,CV1099,NA,2,5,6,3702,0,0,0,NA,0,021,PALOMAR ST,INDUSTRIAL BL,95,E,N,A,-,N,NA,NA,NA,NA,NA,NA,NA,NA,NA,N,4,0,1,2,A,-,03,22350,NA,N,C,C,A,A,H,-,A,A,0,NA,NA,NA,NA,Y,NA,A,08,0,0,1,0,0,0,0,0,0,-,-,NA,NA,SAN DIEGO,CHULA VISTA,-117.08530374,32.60390749
8417044,2017,2017-07-31,3700,2017-07-10,1627,SH0236,NA,1,5,5,3713,0,0,0,NA,0,308,WEST VISTA WY,HILL DR,0,NA,Y,A,-,N,NA,NA,NA,NA,NA,NA,NA,NA,NA,Y,2,0,1,2,A,-,09,21801,A,N,D,C,A,A,H,-,A,D,0,NA,NA,Y,NA,Y,NA,A,01,1,0,0,0,0,0,0,0,1,-,-,NA,NA,SAN DIEGO,VISTA,-117.27084002,33.19233009
8418024,2017,2017-10-11,3711,2017-07-24,1614,7396,SAN D,1,5,7,3711,0,0,0,NA,0,521,G ST,11TH,20,E,N,A,-,N,NA,NA,NA,NA,NA,NA,NA,NA,NA,Y,4,0,1,2,A,-,12,21453,A,N,D,C,A,A,H,-,A,A,0,NA,NA,NA,NA,Y,NA,A,01,0,0,1,0,0,0,0,0,0,-,-,NA,NA,SAN DIEGO,SAN DIEGO,-117.1546252,32.7126007
8418038,2017,2017-08-04,3711,2017-07-22,2002,6969,NA,6,5,7,3711,0,0,0,NA,0,242,GOLD COAST DR,CAMINO RUIZ,35,E,N,A,-,N,NA,NA,NA,NA,NA,NA,NA,NA,NA,N,4,0,1,2,A,-,03,22350,NA,M,C,C,A,A,H,-,C,A,0,NA,NA,NA,NA,Y,Y,-,NA,0,0,1,0,0,0,0,0,0,-,-,NA,NA,SAN DIEGO,SAN DIEGO,-117.14607681,32.90532129
8419263,2017,2017-08-03,3700,2017-07-15,1615,SH0817,NA,6,5,5,3712,0,0,0,NA,0,354,NORDAHL RD,KNOBHILL RD,0,NA,Y,A,-,N,NA,NA,NA,NA,NA,NA,NA,NA,NA,Y,4,0,2,2,A,-,12,21453,A,N,A,C,A,A,H,-,A,A,0,NA,NA,NA,NA,Y,NA,D,22,0,0,2,0,0,0,0,0,0,-,-,NA,NA,SAN DIEGO,SAN MARCOS,-117.11660011,33.13833005
8420877,2017,2018-07-09,3710,2017-07-12,1025,OC0891,NA,3,5,6,3710,0,0,0,NA,0,014,RT 76,AIRPORT RD,260,W,N,A,-,Y,SD,11,76,-,R,2.1,H,-,W,Y,4,0,3,2,A,-,03,22350,NA,N,C,C,A,A,H,-,A,D,0,NA,NA,NA,NA,Y,NA,A,01,0,0,3,0,0,0,0,0,0,-,-,NA,NA,SAN DIEGO,OCEANSIDE,-117.35184588,33.21636432
8422056,2017,2017-08-08,3705,2017-07-22,1358,EC0337,NA,6,5,5,3705,0,0,0,NA,0,009,JAMACHA,GRANITE HILLS,318,N,N,A,-,N,NA,NA,NA,NA,NA,NA,NA,NA,NA,N,4,0,2,3,A,-,03,22350,NA,N,C,C,A,A,H,-,A,D,0,NA,NA,NA,NA,Y,NA,A,01,0,0,2,0,0,0,0,0,0,-,-,NA,NA,SAN DIEGO,EL CAJON,-116.92792256,32.78616084
8422798,2017,2017-08-07,3700,2017-06-03,1013,SH0742,NA,6,5,4,3780,0,0,0,NA,0,411,POWAY RD,MIDLAND RD,335,E,N,A,-,N,NA,NA,NA,NA,NA,NA,NA,NA,NA,N,3,0,2,3,A,-,09,21801,A,N,D,G,A,A,H,-,A,D,0,NA,Y,NA,NA,Y,NA,A,07,0,2,0,0,0,0,2,0,0,-,-,NA,NA,SAN DIEGO,POWAY,-117.03563172,32.95631078
8423564,2017,2018-07-09,3702,2017-07-20,0808,CV0790,NA,4,5,6,3702,0,0,0,NA,0,024,OLYMPIC PKWY,OLEANDER,50,W,N,A,-,Y,SD,11,805,-,-,4.224,R,4,N,N,3,0,1,2,A,-,03,22350,NA,N,C,C,A,A,H,-,A,A,0,NA,NA,NA,NA,Y,NA,A,08,0,1,0,0,0,0,0,0,0,-,-,NA,NA,SAN DIEGO,CHULA VISTA,-117.03614308,32.6030694
8424429,2017,2017-08-11,3702,2017-07-07,1448,CV0410,NA,5,5,6,3702,0,0,0,NA,0,024,ORANGE DR,SPRUCE DR,83,S,N,A,-,N,NA,NA,NA,NA,NA,NA,NA,NA,NA,Y,3,0,1,2,A,-,08,22107,NA,N,A,C,A,A,H,-,A,D,0,NA,NA,NA,NA,Y,NA,A,01,0,1,0,0,0,0,0,0,0,-,-,NA,NA,SAN DIEGO,CHULA VISTA,-117.04601411,32.59717877
8425042,2017,2017-08-10,3711,2017-07-26,1942,5918,NA,3,5,7,3711,0,0,0,NA,0,NA,DUSK,HUTTON,214,N,N,A,-,N,NA,NA,NA,NA,NA,NA,NA,NA,NA,N,4,0,3,2,A,-,08,22107,NA,N,D,C,A,A,H,-,A,A,0,NA,NA,NA,NA,Y,NA,-,NA,0,0,3,0,0,0,0,0,0,-,-,NA,NA,SAN DIEGO,SAN DIEGO,-117.0483507,32.67332799
8426545,2017,2017-08-14,3711,2017-07-29,0113,7423,NA,6,5,7,3711,0,0,0,NA,0,627,5TH AV,ROBINSON AV,30,N,N,A,-,N,NA,NA,NA,NA,NA,NA,NA,NA,NA,N,4,0,1,2,A,-,12,21453,A,M,D,C,A,A,H,-,C,A,0,NA,NA,Y,NA,Y,NA,-,99,0,0,1,0,0,0,0,0,1,-,-,NA,NA,SAN DIEGO,SAN DIEGO,-117.16041,32.74702218
8426757,2017,2017-08-17,3710,2017-07-28,0725,OC1211,028,5,5,6,3710,0,0,0,NA,0,009,COLLEGE BL,AVENIDA DE LA PLATA,0,NA,Y,B,-,N,NA,NA,NA,NA,NA,NA,NA,NA,NA,Y,3,0,2,2,D,-,00,NA,NA,N,D,C,A,A,H,-,A,A,0,NA,NA,NA,NA,Y,NA,-,-,0,1,1,0,0,0,0,0,0,-,-,NA,NA,SAN DIEGO,OCEANSIDE,-117.28684009,33.21301004
8428260,2017,2017-08-25,3701,2017-07-31,1639,CB5287,NA,1,5,5,3701,0,0,0,NA,0,006,PALOMAR AIRPORT RD,LOKER AVENUE WEST,45,W,N,A,-,N,NA,NA,NA,NA,NA,NA,NA,NA,NA,Y,4,0,1,3,B,-,22,NA,NA,N,C,C,A,A,H,-,A,A,0,NA,NA,NA,NA,Y,NA,A,01,0,0,1,0,0,0,0,0,0,-,-,NA,NA,SAN DIEGO,CARLSBAD,-117.25958588,33.1306284
8429921,2017,2017-08-18,3710,2017-07-11,2321,OC1436,NA,2,5,6,3710,0,0,0,NA,0,NA,VIA RANCHO RD,CASSANNA WY,0,NA,Y,A,-,N,NA,NA,NA,NA,NA,NA,NA,NA,NA,Y,3,0,1,2,A,-,01,23152,A,N,D,C,A,A,H,-,C,D,0,NA,NA,NA,Y,Y,Y,A,01,0,1,0,0,0,0,0,0,0,-,-,NA,NA,SAN DIEGO,OCEANSIDE,-117.30197002,33.22038009
8429934,2017,2017-09-02,3709,2017-08-01,0640,NC0493,NA,2,5,5,3709,0,0,0,NA,0,021,E PLAZA BL 900,HIGHLAND AV,402,E,N,A,-,N,NA,NA,NA,NA,NA,NA,NA,NA,NA,Y,4,0,1,2,A,-,03,22350,NA,N,C,E,A,A,H,-,B,D,0,NA,NA,NA,NA,Y,NA,A,01,0,0,1,0,0,0,0,0,0,-,-,NA,NA,SAN DIEGO,NATIONAL CITY,NA,NA
8430200,2017,2017-08-21,3711,2017-08-08,2150,4310,NA,2,5,7,3711,0,0,0,NA,0,122,OLNEY ST,OLIVER AV,46,N,N,A,-,N,NA,NA,NA,NA,NA,NA,NA,NA,NA,Y,3,0,1,3,A,-,08,22107,NA,N,C,E,A,A,H,-,C,D,0,NA,NA,NA,NA,Y,Y,A,08,0,1,0,0,0,0,0,0,0,-,-,NA,NA,SAN DIEGO,SAN DIEGO,-117.22841735,32.79753201
8431750,2017,2017-09-25,3711,2017-08-25,1650,7425,NA,5,5,7,3711,0,0,0,NA,0,124,LA JOLLA VILLAGE DR,VILLA LA JOLLA DR,20,W,N,A,-,N,NA,NA,NA,NA,NA,NA,NA,NA,NA,N,4,0,1,2,A,-,03,22350,NA,N,C,C,A,A,H,-,A,A,0,NA,NA,NA,NA,Y,NA,-,NA,0,0,1,0,0,0,0,0,0,-,-,NA,NA,SAN DIEGO,SAN DIEGO,-117.23396448,32.87178645
8431800,2017,2018-07-09,3710,2017-07-29,2030,OC1363,016,6,5,6,3710,0,0,0,NA,0,008,RT 76,RANCHO DEL ORO,0,NA,Y,A,-,Y,SD,11,76,-,R,4.211,I,5,W,Y,3,0,3,2,A,-,09,21453,C,N,A,C,A,A,H,-,C,A,0,NA,NA,NA,NA,Y,Y,A,01,0,2,1,0,0,0,0,0,0,-,-,NA,NA,SAN DIEGO,OCEANSIDE,-117.31826753,33.22799969
8432646,2017,2017-08-22,3711,2017-08-03,0529,7602,NA,4,5,7,3711,0,0,0,NA,0,821,EL CAJON BL,COLLEGE AV,10,W,N,A,-,N,NA,NA,NA,NA,NA,NA,NA,NA,NA,N,2,0,1,2,A,-,11,21456,B,N,G,B,B,A,H,-,A,A,0,Y,NA,NA,NA,Y,NA,N,60,1,0,0,0,1,0,0,0,0,-,-,NA,NA,SAN DIEGO,SAN DIEGO,-117.06705819,32.76133647
8432654,2017,2017-08-22,3711,2017-08-06,0925,7640,NA,7,5,7,3711,0,0,0,NA,0,242,MIRA MESA BL,WESTVIEW PKWY,0,NA,Y,A,-,N,NA,NA,NA,NA,NA,NA,NA,NA,NA,Y,3,0,2,2,A,-,09,21453,C,N,-,C,A,A,H,-,A,A,0,NA,NA,NA,NA,Y,NA,-,NA,0,1,1,0,0,0,0,0,0,-,-,NA,NA,SAN DIEGO,SAN DIEGO,-117.12052007,32.9173201
8432701,2017,2017-08-23,3711,2017-08-11,1731,8192,NA,5,5,7,3711,0,0,0,NA,0,831,30TH ST,EL CAJON BL,300,N,N,A,-,N,NA,NA,NA,NA,NA,NA,NA,NA,NA,N,3,0,1,2,A,-,08,22107,NA,N,B,G,A,A,H,-,B,D,0,NA,Y,NA,NA,Y,NA,A,01,0,1,0,0,0,0,1,0,0,-,-,NA,NA,SAN DIEGO,SAN DIEGO,-117.13017,32.75622178
8432709,2017,2017-08-23,3711,2017-08-14,1843,7544,NA,1,5,7,3711,0,0,0,NA,0,813,UNIVERSITY AV,ILLINOIS ST,60,W,N,A,-,N,NA,NA,NA,NA,NA,NA,NA,NA,NA,N,3,0,1,2,A,-,00,21703,A,N,C,C,A,A,H,-,A,A,0,NA,NA,NA,NA,Y,NA,-,NA,0,1,0,0,0,0,0,0,0,-,-,NA,NA,SAN DIEGO,SAN DIEGO,-117.12792449,32.74849
8432717,2017,2017-08-23,3711,2017-08-12,1045,4957,NA,6,5,7,3711,0,0,0,NA,0,232,INNOVATION DR,AVENUE OF INDUSTRY,1056,W,N,A,-,N,NA,NA,NA,NA,NA,NA,NA,NA,NA,N,4,0,1,2,A,-,08,22107,NA,N,C,E,A,A,H,-,A,D,0,NA,NA,NA,NA,Y,NA,-,NA,0,0,1,0,0,0,0,0,0,-,-,NA,NA,SAN DIEGO,SAN DIEGO,-117.07813184,32.99301368
8432984,2017,2017-09-07,3711,2017-07-24,0255,4643,NA,1,5,7,3711,0,0,0,NA,0,627,UNIVERSITY AV,10TH AV,16,W,N,B,-,N,NA,NA,NA,NA,NA,NA,NA,NA,NA,N,3,0,1,2,A,-,10,21954,B,N,G,B,C,A,H,-,C,A,0,Y,NA,NA,NA,Y,Y,J,48,0,1,0,0,1,0,0,0,0,-,-,NA,NA,SAN DIEGO,SAN DIEGO,-117.15533184,32.74841867
8433106,2017,2017-12-01,3701,2017-08-03,1750,CB5489,NA,4,5,5,3701,0,0,0,NA,0,005,MELROSE DR,LIONSHEAD AV,0,NA,Y,A,-,N,NA,NA,NA,NA,NA,NA,NA,NA,NA,Y,4,0,1,2,A,-,09,21453,C,N,D,C,A,A,H,-,A,A,0,NA,NA,NA,NA,Y,NA,A,07,0,0,1,0,0,0,0,0,0,-,-,NA,NA,SAN DIEGO,CARLSBAD,-117.24430005,33.13370007
8434037,2017,2018-06-15,3711,2017-08-08,1710,6432,NA,2,5,7,3711,0,0,0,NA,0,574,MARKET ST,19TH ST,0,NA,Y,A,-,Y,SD,11,94,-,-,1.493,R,4,E,Y,3,0,2,2,A,-,09,21801,A,N,A,C,A,A,-,-,A,A,0,NA,NA,NA,NA,Y,NA,-,NA,0,1,1,0,0,0,0,0,0,-,-,NA,NA,SAN DIEGO,SAN DIEGO,-117.14624922,32.71300668
84370378,2024,2024-08-27,3706,2024-08-22,2247,404,NA,4,5,6,3706,0,0,0,NA,0,052,JUNIPER ST,IDAHO AV,35,N,N,A,-,N,NA,NA,NA,NA,NA,NA,NA,NA,NA,Y,3,0,1,3,A,-,01,23152,A,N,C,E,A,A,H,-,C,D,0,NA,NA,NA,NA,Y,Y,A,07,0,1,0,0,0,0,0,0,0,-,-,33.11045837402344,-117.06983184814452,SAN DIEGO,ESCONDIDO,-117.06996917724608,33.11055374145508
8437068,2017,2017-09-21,3700,2017-09-09,1900,SH2520,NA,6,5,5,3713,0,0,0,NA,0,303,EAST VISTA WY,WARMLANDS AV,143,S,N,A,-,N,NA,NA,NA,NA,NA,NA,NA,NA,NA,N,4,0,2,2,A,-,03,22350,NA,N,C,C,A,A,H,-,C,A,0,NA,NA,NA,NA,Y,NA,A,01,0,0,2,0,0,0,0,0,0,-,-,NA,NA,SAN DIEGO,VISTA,-117.22619415,33.23282828
8437944,2017,2017-08-25,3700,2017-07-28,1727,SH2573,NA,5,5,5,3782,0,0,0,NA,0,223,NORTH EL CAMINO REAL,GARDEN VIEW RD,0,NA,Y,A,-,N,NA,NA,NA,NA,NA,NA,NA,NA,NA,Y,3,0,1,2,A,-,08,22107,NA,N,D,C,A,A,H,-,A,A,0,NA,NA,NA,NA,Y,NA,A,01,0,1,0,0,0,0,0,0,0,-,-,NA,NA,SAN DIEGO,ENCINITAS,-117.26282002,33.05853
8438537,2017,2017-08-29,3711,2017-08-15,2215,6734,NA,2,5,7,3711,0,0,0,NA,0,521,14TH ST,IMPERIAL AV,98,N,N,A,-,N,NA,NA,NA,NA,NA,NA,NA,NA,NA,N,3,0,1,2,C,-,18,NA,NA,N,G,B,F,A,H,-,C,D,0,Y,NA,NA,NA,Y,Y,-,-,0,1,0,0,1,0,0,0,0,-,-,NA,NA,SAN DIEGO,SAN DIEGO,-117.15188,32.70654846
84390940,2024,2024-09-12,3701,2024-07-21,1710,CB5601,NA,7,5,5,3701,0,0,0,NA,0,008,3458 CAMINO ALEGRE,3453 CAMINO ALEGRE,85,S,N,A,-,N,NA,NA,NA,NA,NA,NA,NA,NA,NA,N,3,0,2,2,A,-,03,22350,NA,N,D,E,A,A,H,-,A,D,0,NA,NA,Y,NA,Y,NA,C,03,0,2,0,0,0,0,0,0,2,-,-,NA,NA,SAN DIEGO,CARLSBAD,NA,NA
84399737,2024,2024-09-19,3706,2024-09-13,757,424,NA,5,5,6,3706,0,0,0,NA,0,043,EL NORTE PY,LAS VILLAS WY,0,NA,Y,B,-,N,NA,NA,NA,NA,NA,NA,NA,NA,NA,Y,4,0,1,2,A,-,09,21801,A,N,D,C,A,A,H,-,A,D,0,NA,NA,NA,NA,Y,NA,A,01,0,0,1,0,0,0,0,0,0,-,-,33.140560150146484,-117.09430694580078,SAN DIEGO,ESCONDIDO,-117.0943603515625,33.140377044677734
84410188,2024,2024-09-27,3706,2024-09-15,1730,596,NA,7,5,6,3706,0,0,0,NA,0,042,FIG ST,VALLEY PY,411,N,N,A,-,N,NA,NA,NA,NA,NA,NA,NA,NA,NA,N,4,0,1,2,A,-,10,21950,A,F,G,B,C,A,H,-,A,A,0,Y,NA,NA,NA,Y,NA,A,01,0,0,1,0,1,0,0,0,0,-,-,33.12702941894531,-117.07421112060548,SAN DIEGO,ESCONDIDO,-117.07457733154295,33.128273010253906
84415619,2024,2025-01-10,3706,2024-09-30,734,441,NA,1,5,6,3706,0,0,0,NA,0,054,VALLEY PY,MIDWAY DR,1185,W,N,A,-,N,NA,NA,NA,NA,NA,NA,NA,NA,NA,N,3,0,3,2,A,-,09,21801,A,N,D,C,A,A,H,-,A,D,0,NA,NA,NA,NA,Y,NA,A,01,0,3,0,0,0,0,0,0,0,-,-,33.1375617980957,-117.05184173583984,SAN DIEGO,ESCONDIDO,-117.05519104003906,33.13595199584961
8442122,2017,2017-08-29,3710,2017-08-14,1045,OC0778,011,1,5,6,3710,0,0,0,NA,0,004,OCEANSIDE BL,GARRISON ST,0,NA,Y,A,-,N,NA,NA,NA,NA,NA,NA,NA,NA,NA,Y,4,0,1,2,A,-,12,21453,A,N,D,C,A,A,H,-,A,A,0,NA,NA,NA,NA,Y,NA,A,01,0,0,1,0,0,0,0,0,0,-,-,NA,NA,SAN DIEGO,OCEANSIDE,-117.3372801,33.20176008
8442773,2017,2017-08-31,3710,2017-08-21,2255,OC1438,036,1,5,6,3710,0,0,0,NA,0,007,OCEANSIDE BL,CATALINA CR,8,W,N,A,-,N,NA,NA,NA,NA,NA,NA,NA,NA,NA,Y,2,0,4,1,A,-,01,23152,A,N,E,I,A,A,H,-,C,D,0,NA,NA,NA,NA,Y,Y,A,01,2,1,1,0,0,0,0,0,0,-,-,NA,NA,SAN DIEGO,OCEANSIDE,-117.26636585,33.21919713
84432428,2024,2024-10-16,3706,2024-10-05,152,591,NA,6,5,6,3706,0,0,0,NA,0,055,CENTRE CITY PY,GRAND AV,0,NA,Y,A,-,N,NA,NA,NA,NA,NA,NA,NA,NA,NA,Y,3,0,3,2,A,-,01,23152,A,N,D,C,A,A,H,-,A,A,0,NA,NA,NA,NA,Y,Y,A,07,0,1,2,0,0,0,0,0,0,-,-,33.11909866333008,-117.08666229248048,SAN DIEGO,ESCONDIDO,-117.08675384521484,33.11899185180664
8443541,2017,2017-09-08,3711,2017-08-25,1638,4246,NA,5,5,7,3711,0,0,0,NA,0,313,SHAWLINE ST,MESA BL,140,N,N,A,-,N,NA,NA,NA,NA,NA,NA,NA,NA,NA,Y,4,0,2,2,A,-,09,21802,A,N,D,C,A,A,H,-,A,D,0,NA,NA,NA,NA,Y,NA,-,-,0,0,2,0,0,0,0,0,0,-,-,NA,NA,SAN DIEGO,SAN DIEGO,-117.1638447,32.83303717
8443933,2017,2017-09-11,3711,2017-08-31,1510,6151,NA,4,5,7,3711,0,0,0,NA,0,313,RUFFIN RD,RUFFIN CT,660,S,N,B,-,N,NA,NA,NA,NA,NA,NA,NA,NA,NA,Y,4,0,1,3,A,-,08,22107,NA,N,C,E,A,A,H,-,A,D,0,NA,NA,NA,NA,Y,NA,-,NA,0,0,1,0,0,0,0,0,0,-,-,NA,NA,SAN DIEGO,SAN DIEGO,-117.12700609,32.82689738
8444649,2017,2017-08-31,3708,2017-08-08,1009,LM8233,NA,2,5,5,3708,0,0,0,NA,0,003,BALTIMORE DR,AZTEC DR,0,NA,Y,A,-,N,NA,NA,NA,NA,NA,NA,NA,NA,NA,Y,4,0,1,2,A,-,09,21802,A,N,D,C,A,A,H,-,A,D,0,NA,NA,NA,NA,Y,NA,A,01,0,0,1,0,0,0,0,0,0,-,-,NA,NA,SAN DIEGO,LA MESA,-117.02836012,32.77656002
8444668,2017,2017-08-31,3708,2017-07-27,2138,IM8273,NA,4,5,5,3708,0,0,0,NA,0,001,MASSACHUSETTS AV,HOFFMAN AV,110,N,N,A,-,N,NA,NA,NA,NA,NA,NA,NA,NA,NA,Y,4,0,3,1,A,-,08,22107,NA,N,E,I,A,A,H,-,C,D,0,NA,NA,NA,NA,Y,NA,A,01,0,0,3,0,0,0,0,0,0,-,-,NA,NA,SAN DIEGO,LA MESA,-117.04278,32.75050129
8444676,2017,2017-08-31,3708,2017-07-11,1330,LM1217,NA,2,5,5,3708,0,0,0,NA,0,003,70TH ST,ALVARADO RD,250,S,N,A,-,N,NA,NA,NA,NA,NA,NA,NA,NA,NA,N,3,0,1,2,A,-,08,22100,A,N,D,G,A,A,H,-,A,A,0,NA,Y,NA,NA,Y,NA,D,22,0,1,0,0,0,0,1,0,0,-,-,NA,NA,SAN DIEGO,LA MESA,-117.04682726,32.77260519
8444698,2017,2017-08-31,3706,2017-08-18,1837,492,NA,5,5,6,3706,0,0,0,NA,0,055,9TH AV,QUINCE ST,0,NA,Y,A,-,N,NA,NA,NA,NA,NA,NA,NA,NA,NA,N,4,0,1,2,A,-,09,21801,A,N,D,C,A,A,H,-,A,A,0,NA,NA,Y,NA,Y,NA,A,01,0,0,1,0,0,0,0,0,1,-,-,33.1111,-117.08319,SAN DIEGO,ESCONDIDO,-117.08313012,33.11108003
8446239,2017,2018-05-08,3711,2017-08-17,1338,8192,NA,4,5,7,3711,0,0,0,NA,0,824,EL CAJON BL,52ND ST,0,NA,Y,A,-,N,NA,NA,NA,NA,NA,NA,NA,NA,NA,Y,4,0,2,2,A,-,12,21453,A,N,A,C,A,-,H,-,A,A,0,NA,NA,NA,NA,Y,NA,A,01,0,0,2,0,0,0,0,0,0,-,-,NA,NA,SAN DIEGO,SAN DIEGO,-117.08359,32.75724011
84462806,2024,2024-11-08,3706,2024-10-23,2047,610,NA,3,5,6,3706,0,0,0,NA,0,051,I-15 NB OFF RA,CRANSTON DR,2054,S,N,A,-,Y,SD,NA,15,NA,M,27.269,H,NA,R,N,4,0,1,2,A,-,11,21954,A,N,G,B,E,A,H,-,D,D,0,Y,NA,NA,NA,Y,Y,N,60,0,0,1,0,1,0,0,0,0,-,-,33.07358932495117,-117.07009887695313,SAN DIEGO,ESCONDIDO,-117.06979370117188,33.07361602783203