CASE_ID,ACCIDENT_YEAR,PROC_DATE,JURIS,COLLISION_DATE,COLLISION_TIME,OFFICER_ID,REPORTING_DISTRICT,DAY_OF_WEEK,CHP_SHIFT,POPULATION,CNTY_CITY_LOC,SPECIAL_COND,BEAT_TYPE,CHP_BEAT_TYPE,CITY_DIVISION_LAPD,CHP_BEAT_CLASS,BEAT_NUMBER,PRIMARY_RD,SECONDARY_RD,DISTANCE,DIRECTION,INTERSECTION,WEATHER_1,WEATHER_2,STATE_HWY_IND,CALTRANS_COUNTY,CALTRANS_DISTRICT,STATE_ROUTE,ROUTE_SUFFIX,POSTMILE_PREFIX,POSTMILE,LOCATION_TYPE,RAMP_INTERSECTION,SIDE_OF_HWY,TOW_AWAY,COLLISION_SEVERITY,NUMBER_KILLED,NUMBER_INJURED,PARTY_COUNT,PRIMARY_COLL_FACTOR,PCF_CODE_OF_VIOL,PCF_VIOL_CATEGORY,PCF_VIOLATION,PCF_VIOL_SUBSECTION,HIT_AND_RUN,TYPE_OF_COLLISION,MVIW,PED_ACTION,ROAD_SURFACE,ROAD_COND_1,ROAD_COND_2,LIGHTING,CONTROL_DEVICE,CHP_ROAD_TYPE,PEDESTRIAN_ACCIDENT,BICYCLE_ACCIDENT,MOTORCYCLE_ACCIDENT,TRUCK_ACCIDENT,NOT_PRIVATE_PROPERTY,ALCOHOL_INVOLVED,STWD_VEHTYPE_AT_FAULT,CHP_VEHTYPE_AT_FAULT,COUNT_SEVERE_INJ,COUNT_VISIBLE_INJ,COUNT_COMPLAINT_PAIN,COUNT_PED_KILLED,COUNT_PED_INJURED,COUNT_BICYCLIST_KILLED,COUNT_BICYCLIST_INJURED,COUNT_MC_KILLED,COUNT_MC_INJURED,PRIMARY_RAMP,SECONDARY_RAMP,LATITUDE,LONGITUDE,COUNTY,CITY,POINT_X,POINT_Y
8542205,2018,2018-02-05,3706,2018-01-03,1100,342,ESCON,3,5,6,3706,0,0,0,NA,0,041,BROADWAY,CREST ST,0,NA,Y,A,-,N,NA,NA,NA,NA,NA,NA,NA,NA,NA,N,4,0,1,2,A,-,09,21801,A,N,D,C,A,A,H,-,A,D,0,NA,NA,NA,NA,Y,NA,A,07,0,0,1,0,0,0,0,0,0,-,-,33.137229919433594,-117.08599090576172,SAN DIEGO,ESCONDIDO,-117.08589935302734,33.13161849975586
8543219,2017,2018-02-05,3710,2017-12-19,0908,OC1185,011,2,5,6,3710,0,0,0,NA,0,004,MISSION AV,SAN DIEGO ST,0,NA,Y,A,-,N,NA,NA,NA,NA,NA,NA,NA,NA,NA,Y,4,0,1,2,B,-,22,NA,NA,N,D,C,A,A,H,-,A,A,0,NA,NA,NA,NA,Y,NA,J,49,0,0,1,0,0,0,0,0,0,-,-,33.20181,-117.36902,SAN DIEGO,OCEANSIDE,-117.36907004,33.20178003
8543703,2017,2018-06-29,3710,2017-11-11,1615,OC1185,010,6,5,6,3710,0,0,0,NA,0,004,RT 76,RT 5,3,E,N,A,-,Y,SD,11,76,-,R,0.078,I,5,W,N,4,0,1,2,A,-,12,21453,A,N,D,G,A,A,H,-,A,A,0,NA,Y,NA,NA,Y,NA,L,04,0,0,1,0,0,0,1,0,0,-,-,33.20482,-117.38314,SAN DIEGO,OCEANSIDE,-117.38288084,33.20602314
8545312,2017,2018-02-07,3700,2017-12-21,1416,SH2573,NA,4,5,5,3782,0,0,0,NA,0,221,SOUTH VULCAN AV,F ST,0,NA,Y,A,-,N,NA,NA,NA,NA,NA,NA,NA,NA,NA,Y,4,0,1,2,A,-,09,21801,A,N,E,I,A,A,H,-,A,A,0,NA,NA,NA,NA,Y,NA,A,01,0,0,1,0,0,0,0,0,0,-,-,NA,NA,SAN DIEGO,ENCINITAS,-117.29229006,33.04344011
8545405,2018,2018-02-09,3706,2018-01-27,1409,496,ESCON,6,5,6,3706,0,0,0,NA,0,046,VALLEY PKWY,MIDWAY DR,494,E,N,A,-,N,NA,NA,NA,NA,NA,NA,NA,NA,NA,Y,4,0,2,2,A,-,09,21801,A,N,D,C,A,A,H,-,A,D,0,NA,NA,NA,NA,Y,NA,D,22,0,0,2,0,0,0,0,0,0,-,-,33.1375617980957,-117.05184173583984,SAN DIEGO,ESCONDIDO,-117.05039978027344,33.13816452026367
8545767,2018,2018-02-07,3711,2018-01-18,1838,7200,NA,4,5,7,3711,0,0,0,NA,0,122,MISSION BL,THOMAS AV,6,S,N,A,-,N,NA,NA,NA,NA,NA,NA,NA,NA,NA,N,3,0,1,2,A,-,08,22100,A,N,B,C,A,A,H,-,C,A,0,NA,NA,NA,NA,Y,NA,-,NA,0,1,0,0,0,0,0,0,0,-,-,NA,NA,SAN DIEGO,SAN DIEGO,-117.25458526611328,32.79361343383789
8545798,2018,2018-02-09,3711,2018-01-15,1644,5600,NA,1,5,7,3711,0,0,0,NA,0,813,PERSHING AV,UNIVERSITY AV,0,NA,Y,A,-,N,NA,NA,NA,NA,NA,NA,NA,NA,NA,Y,2,0,1,2,A,-,09,21802,A,N,D,C,A,A,H,-,B,D,0,NA,NA,Y,NA,Y,NA,A,01,1,0,0,0,0,0,0,0,1,-,-,NA,NA,SAN DIEGO,SAN DIEGO,-117.1346435546875,32.74845886230469
8545876,2017,2018-03-09,3700,2017-12-28,0930,SH2439,NA,4,5,5,3713,0,0,0,NA,0,309,NORTH MELROSE DR,OLIVE AV,250,S,N,A,-,N,NA,NA,NA,NA,NA,NA,NA,NA,NA,Y,4,0,1,2,A,-,08,22107,NA,N,C,E,A,A,H,-,A,D,0,NA,NA,NA,NA,Y,NA,A,01,0,0,1,0,0,0,0,0,0,-,-,NA,NA,SAN DIEGO,VISTA,-117.254533,33.20403723
8546270,2018,2018-02-09,3700,2018-01-04,0925,SH0320,NA,4,5,5,3713,0,0,0,NA,0,302,EAST VISTA WAY,ARCADIA AV,0,NA,Y,A,-,N,NA,NA,NA,NA,NA,NA,NA,NA,NA,Y,4,0,3,2,A,-,12,21453,A,N,D,C,A,A,H,-,A,A,0,NA,NA,NA,NA,Y,NA,A,01,0,0,3,0,0,0,0,0,0,-,-,NA,NA,SAN DIEGO,VISTA,-117.22614288330078,33.22489929199219
8546316,2018,2018-02-08,3702,2018-01-21,1757,CV1112,NA,7,5,6,3702,0,0,0,NA,0,013,3RD AV,H ST,0,NA,Y,A,-,N,NA,NA,NA,NA,NA,NA,NA,NA,NA,N,4,0,1,1,A,-,08,22107,NA,N,H,A,A,A,H,-,C,A,0,NA,NA,Y,NA,Y,Y,C,02,0,0,1,0,0,0,0,0,1,-,-,NA,NA,SAN DIEGO,CHULA VISTA,-117.07723236083984,32.6343994140625
8546321,2018,2018-02-08,3702,2018-01-02,1301,CV1004,NA,2,5,6,3702,0,0,0,NA,0,022,4TH AV,OXFORD ST,0,NA,Y,A,-,N,NA,NA,NA,NA,NA,NA,NA,NA,NA,Y,4,0,4,2,A,-,09,21801,A,N,D,C,A,A,H,-,A,A,0,NA,NA,NA,NA,Y,NA,A,01,0,0,4,0,0,0,0,0,0,-,-,NA,NA,SAN DIEGO,CHULA VISTA,-117.07183074951172,32.60906982421875
8546869,2018,2018-02-09,3706,2018-01-14,1020,509,ESCON,7,5,6,3706,0,0,0,NA,0,041,LINCOLN AV,GRAPE ST,0,NA,Y,A,-,N,NA,NA,NA,NA,NA,NA,NA,NA,NA,N,4,0,1,2,A,-,08,22107,NA,N,C,C,A,A,H,-,A,D,0,NA,NA,Y,NA,Y,NA,C,02,0,0,1,0,0,0,0,0,1,-,-,33.135841369628906,-117.08039855957033,SAN DIEGO,ESCONDIDO,-117.08038330078124,33.13579177856445
8547350,2017,2018-02-28,3702,2017-12-08,0703,CV1197,NA,5,5,6,3702,0,0,0,NA,0,041,BRANDYWINE,CONCORD ST,0,NA,Y,A,-,N,NA,NA,NA,NA,NA,NA,NA,NA,NA,Y,4,0,1,4,A,-,08,22107,NA,N,D,C,A,A,H,-,A,D,0,NA,NA,NA,NA,Y,NA,A,01,0,0,1,0,0,0,0,0,0,-,-,NA,NA,SAN DIEGO,CHULA VISTA,-117.02838011,32.60702003
8547733,2017,2018-02-10,3702,2017-12-16,1325,0968,NA,6,5,6,3702,0,0,0,NA,0,022,PALOMAR ST,3RD AV,243,E,N,B,-,N,NA,NA,NA,NA,NA,NA,NA,NA,NA,Y,4,0,2,4,A,-,09,21804,A,N,D,C,A,A,H,-,A,A,0,NA,NA,NA,NA,Y,NA,A,07,0,0,2,0,0,0,0,0,0,-,-,NA,NA,SAN DIEGO,CHULA VISTA,-117.06564355,32.60700937
8547753,2017,2018-02-10,3702,2017-12-20,1520,1217,NA,3,5,6,3702,0,0,0,NA,0,011,BROADWAY AV,D ST,9,S,N,A,-,N,NA,NA,NA,NA,NA,NA,NA,NA,NA,N,4,0,1,2,A,-,10,21950,A,N,G,B,B,A,H,-,A,A,0,Y,NA,NA,NA,Y,NA,A,01,0,0,1,0,1,0,0,0,0,-,-,NA,NA,SAN DIEGO,CHULA VISTA,-117.09483087,32.64473659
8550402,2018,2018-02-10,3711,2018-01-28,1530,7691,NA,7,5,7,3711,0,0,0,NA,0,111,BALBOA AV,CHARGER BL,0,NA,Y,A,-,N,NA,NA,NA,NA,NA,NA,NA,NA,NA,Y,3,0,1,2,A,-,12,21453,A,N,D,C,A,A,H,-,A,A,0,NA,NA,NA,NA,Y,NA,-,NA,0,1,0,0,0,0,0,0,0,-,-,NA,NA,SAN DIEGO,SAN DIEGO,-117.16710662841795,32.82059097290039
8550410,2018,2018-06-28,3711,2018-01-21,1303,6789,NA,7,5,7,3711,0,0,0,NA,0,626,WITHERBY ST,PACIFIC HWY,0,NA,Y,A,-,N,NA,NA,NA,NA,NA,NA,NA,NA,NA,N,4,0,4,2,A,-,03,22350,NA,N,C,C,A,A,H,-,A,D,0,NA,NA,NA,NA,Y,NA,A,01,0,0,4,0,0,0,0,0,0,-,-,NA,NA,SAN DIEGO,SAN DIEGO,-117.19348907470705,32.744571685791016
8550422,2018,2018-02-10,3711,2018-01-25,1202,7335,SD,4,5,7,3711,0,0,0,NA,0,315,MISSION CITY PKWY,CAMINO DEL RIO N,20,S,N,A,-,N,NA,NA,NA,NA,NA,NA,NA,NA,NA,N,4,0,1,2,A,-,03,22350,NA,N,D,C,A,A,H,-,A,A,0,NA,NA,NA,NA,Y,NA,A,01,0,0,1,0,0,0,0,0,0,-,-,NA,NA,SAN DIEGO,SAN DIEGO,-117.1256103515625,32.77671813964844
8553671,2018,2018-02-21,3711,2018-02-07,1520,7349,NW2,3,5,7,3711,0,0,0,NA,0,935,CARMEL VALLEY RD,RANCHO SANTA FE FARMS RD,400,S,N,A,-,N,NA,NA,NA,NA,NA,NA,NA,NA,NA,Y,3,0,3,2,A,-,03,22350,NA,N,C,C,A,A,H,-,A,A,0,NA,NA,NA,NA,Y,NA,-,NA,0,1,2,0,0,0,0,0,0,-,-,NA,NA,SAN DIEGO,SAN DIEGO,-117.17959594726563,32.96772003173828
8556681,2018,2018-02-28,3711,2018-02-04,2216,6837,NA,7,5,7,3711,0,0,0,NA,0,524,F ST,7TH AV,0,NA,Y,A,-,N,NA,NA,NA,NA,NA,NA,NA,NA,NA,Y,4,0,1,2,A,-,17,21657,NA,N,D,C,A,A,H,-,C,A,0,NA,NA,NA,NA,Y,NA,-,NA,0,0,1,0,0,0,0,0,0,-,-,NA,NA,SAN DIEGO,SAN DIEGO,-117.15830993652344,32.71363067626953
8556726,2018,2018-03-01,3711,2018-02-02,1046,5472,NA,5,5,7,3711,0,0,0,NA,0,242,MIRA MESA BL,MIRA MESA BL 8400,0,NA,N,A,-,N,NA,NA,NA,NA,NA,NA,NA,NA,NA,Y,4,0,1,4,A,-,08,22107,NA,N,B,C,A,A,H,-,A,A,0,NA,NA,NA,NA,Y,NA,-,NA,0,0,1,0,0,0,0,0,0,-,-,NA,NA,SAN DIEGO,SAN DIEGO,-117.14290023,32.91282865
8556951,2018,2018-03-03,3711,2018-02-06,0916,7515,NA,2,5,7,3711,0,0,0,NA,0,521,MARKET ST,15TH ST,0,NA,Y,A,-,N,NA,NA,NA,NA,NA,NA,NA,NA,NA,Y,3,0,3,2,A,-,09,21802,A,N,D,C,A,A,H,-,A,A,0,NA,NA,NA,NA,Y,NA,A,07,0,2,1,0,0,0,0,0,0,-,-,NA,NA,SAN DIEGO,SAN DIEGO,-117.15038299560548,32.71152877807617
8557316,2018,2018-02-21,3711,2018-01-25,0830,7599,NA,4,5,7,3711,0,0,0,NA,0,626,PACIFIC HWY,SUTHERLAND,0,NA,Y,A,-,N,NA,NA,NA,NA,NA,NA,NA,NA,NA,N,4,0,1,2,A,-,21,22106,NA,N,C,C,A,A,H,-,A,D,0,NA,NA,NA,NA,Y,NA,-,NA,0,0,1,0,0,0,0,0,0,-,-,NA,NA,SAN DIEGO,SAN DIEGO,-117.18637847900392,32.74161148071289
8557777,2018,2018-03-09,3700,2018-01-23,2134,SH0690,NA,2,5,5,3782,0,0,0,NA,0,211,NORTH VULCAN AV,N VULCAN AV 1201,0,NA,N,A,-,N,NA,NA,NA,NA,NA,NA,NA,NA,NA,N,3,0,1,3,A,-,01,23152,A,N,B,E,A,A,H,-,C,D,0,NA,NA,NA,NA,Y,Y,A,01,0,1,0,0,0,0,0,0,0,-,-,NA,NA,SAN DIEGO,ENCINITAS,-117.303479,33.069761
8563063,2018,2018-03-08,3711,2018-02-16,1620,7080,NA,5,5,7,3711,0,0,0,NA,0,451,COLLEGE GROVE DR,COLLEGE GROVE WY,250,W,N,A,-,N,NA,NA,NA,NA,NA,NA,NA,NA,NA,Y,4,0,2,2,A,-,09,21802,NA,N,C,C,A,A,H,-,A,D,0,NA,NA,NA,NA,Y,NA,-,NA,0,0,2,0,0,0,0,0,0,-,-,NA,NA,SAN DIEGO,SAN DIEGO,-117.05882263183594,32.73765182495117
8563569,2018,2018-03-06,3711,2018-02-19,2310,8332,NA,1,5,7,3711,0,0,0,NA,0,524,F ST,F ST  700,24,N,N,B,C,N,NA,NA,NA,NA,NA,NA,NA,NA,NA,Y,4,0,1,2,A,-,17,21657,NA,N,D,C,A,B,H,-,C,A,0,NA,NA,NA,NA,Y,NA,A,01,0,0,1,0,0,0,0,0,0,-,-,NA,NA,SAN DIEGO,SAN DIEGO,NA,NA
8563875,2018,2018-03-05,3711,2018-02-14,1717,7163,NA,3,5,7,3711,0,0,0,NA,0,NA,WIGHTMAN,WIGHTMAN 3800,0,NA,Y,C,-,N,NA,NA,NA,NA,NA,NA,NA,NA,NA,N,3,0,1,1,-,-,-,NA,NA,N,H,-,A,B,H,-,B,A,0,NA,Y,NA,NA,Y,NA,-,-,0,1,0,0,0,0,1,0,0,-,-,NA,NA,SAN DIEGO,SAN DIEGO,-117.11183041,32.74782687
8564188,2017,2018-03-07,3709,2017-12-31,1829,NC0486,NA,7,5,5,3709,0,0,0,NA,0,021,HIGHLAND AV,6TH ST,0,NA,Y,A,-,N,NA,NA,NA,NA,NA,NA,NA,NA,NA,N,4,0,1,2,A,-,10,21950,A,N,G,B,B,A,H,-,C,D,0,Y,NA,NA,NA,Y,NA,A,07,0,0,1,0,1,0,0,0,0,-,-,NA,NA,SAN DIEGO,NATIONAL CITY,-117.09940004,32.67985003
8564315,2018,2018-03-07,3708,2018-02-06,1103,LM1206,NA,2,5,5,3708,0,0,0,NA,0,003,OLD BALTIMORE DR,FLETCHER PKWY,7,S,N,A,-,N,NA,NA,NA,NA,NA,NA,NA,NA,NA,N,4,0,1,2,A,-,21,22106,NA,N,C,C,A,A,H,-,A,D,0,NA,NA,NA,NA,Y,NA,A,01,0,0,1,0,0,0,0,0,0,-,-,NA,NA,SAN DIEGO,LA MESA,-117.0286102294922,32.773719787597656
8564446,2018,2018-02-26,3702,2018-01-21,0122,CV1226,NA,7,5,6,3702,0,0,0,NA,0,042,BARBOUR AV,FLEISHBEIN ST,206,S,N,A,-,N,NA,NA,NA,NA,NA,NA,NA,NA,NA,Y,4,0,2,3,A,-,01,23152,A,N,B,E,A,A,H,-,D,D,0,NA,NA,NA,NA,Y,Y,A,01,0,0,2,0,0,0,0,0,0,-,-,NA,NA,SAN DIEGO,CHULA VISTA,-116.98023223876952,32.61322021484375
8564468,2018,2018-02-26,3702,2018-02-09,0727,CV1223,NA,5,5,6,3702,0,0,0,NA,0,022,PALOMAR ST,2ND AV,18,E,N,A,-,N,NA,NA,NA,NA,NA,NA,NA,NA,NA,N,4,0,1,2,A,-,10,21950,A,N,B,B,B,A,H,-,A,A,0,Y,NA,NA,NA,Y,NA,A,01,0,0,1,0,1,0,0,0,0,-,-,NA,NA,SAN DIEGO,CHULA VISTA,-117.06227111816406,32.60794448852539
8564475,2018,2018-02-26,3702,2018-01-27,0835,CV1148,NA,6,5,6,3702,0,0,0,NA,0,042,OLD JANAL RANCH RD,SILVER HAWK,14,W,N,A,-,N,NA,NA,NA,NA,NA,NA,NA,NA,NA,N,4,0,1,2,A,-,12,22450,A,N,D,C,A,A,H,-,A,D,0,NA,NA,NA,NA,Y,NA,A,01,0,0,1,0,0,0,0,0,0,-,-,NA,NA,SAN DIEGO,CHULA VISTA,-116.94158172607422,32.64352035522461
8564899,2018,2018-03-06,3706,2018-02-13,0809,380,ESCON,2,5,6,3706,0,0,0,NA,0,043,MORNING VIEW DR,EL NORTE PKWY,2640,S,N,A,-,N,NA,NA,NA,NA,NA,NA,NA,NA,NA,Y,3,0,2,3,A,-,09,21804,A,N,D,C,A,A,H,-,A,D,0,NA,NA,NA,NA,Y,NA,A,07,0,1,1,0,0,0,0,0,0,-,-,33.1431999206543,-117.09625244140624,SAN DIEGO,ESCONDIDO,-117.09539794921876,33.13677978515625
8565358,2018,2018-03-05,3705,2018-02-07,1810,EC0360,NA,3,5,5,3705,0,0,0,NA,0,004,S MAGNOLIA AV,LEXINGTON AV,0,NA,Y,A,-,N,NA,NA,NA,NA,NA,NA,NA,NA,NA,Y,4,0,1,2,A,-,09,21801,A,N,D,C,A,A,H,-,C,A,0,NA,NA,NA,NA,Y,NA,A,01,0,0,1,0,0,0,0,0,0,-,-,NA,NA,SAN DIEGO,EL CAJON,-116.96228790283205,32.79270935058594
8567363,2018,2018-03-16,3711,2018-02-13,2356,8323,NA,2,5,7,3711,0,0,0,NA,0,115,EAST GATE MALL,GENESEE AV,15,W,N,A,-,N,NA,NA,NA,NA,NA,NA,NA,NA,NA,Y,3,0,1,2,A,-,13,22515,A,N,-,-,A,A,D,G,C,-,0,NA,NA,NA,NA,Y,NA,A,01,0,1,0,0,0,0,0,0,0,-,-,NA,NA,SAN DIEGO,SAN DIEGO,-117.21416473388672,32.87752151489258
8567434,2018,2018-03-14,3711,2018-02-21,1911,7321,NA,3,5,7,3711,0,0,0,NA,0,833,UNIVERSITY AV,45TH ST,75,W,N,A,-,N,NA,NA,NA,NA,NA,NA,NA,NA,NA,N,4,0,2,3,A,-,03,22350,NA,N,C,C,A,A,H,-,C,D,0,NA,NA,NA,NA,Y,NA,-,NA,0,0,2,0,0,0,0,0,0,-,-,NA,NA,SAN DIEGO,SAN DIEGO,-117.09789276123048,32.749610900878906
8569121,2018,2018-03-19,3711,2018-03-03,2149,8334,NA,6,5,7,3711,0,0,0,NA,0,451,REDWOOD ST,SUE ST,28,E,N,B,-,N,NA,NA,NA,NA,NA,NA,NA,NA,NA,Y,3,0,2,1,A,-,03,22350,NA,N,E,I,A,A,H,-,C,D,0,NA,NA,NA,NA,Y,NA,A,01,0,2,0,0,0,0,0,0,0,-,-,NA,NA,SAN DIEGO,SAN DIEGO,-117.07350158691406,32.740718841552734
8569843,2018,2018-03-27,3711,2018-03-08,1310,5450,NA,4,5,7,3711,0,0,0,NA,0,322,GLENROY ST,BRUNSWICK AV,0,NA,Y,A,-,N,NA,NA,NA,NA,NA,NA,NA,NA,NA,N,4,0,1,2,A,-,06,21750,NA,M,B,C,A,A,H,-,A,D,0,NA,NA,NA,NA,Y,NA,A,07,0,0,1,0,0,0,0,0,0,-,-,NA,NA,SAN DIEGO,SAN DIEGO,-117.07553863525392,32.79838180541992
8571766,2018,2018-03-13,3702,2018-02-15,1000,CV0410,NA,4,5,6,3702,0,0,0,NA,0,011,4TH AV,E ST,65,N,N,A,-,N,NA,NA,NA,NA,NA,NA,NA,NA,NA,N,4,0,1,2,A,-,03,22350,NA,N,C,C,A,A,H,-,A,A,0,NA,NA,Y,NA,Y,NA,A,01,0,0,1,0,0,0,0,0,1,-,-,NA,NA,SAN DIEGO,CHULA VISTA,-117.08538818359376,32.64379119873047
8571790,2018,2018-03-13,3702,2018-02-19,1442,CV0986,NA,1,5,6,3702,0,0,0,NA,0,013,ROOSEVELT ST,4TH AV,5,E,N,A,-,N,NA,NA,NA,NA,NA,NA,NA,NA,NA,N,3,0,1,2,D,-,00,NA,NA,N,G,B,B,A,H,-,A,A,0,Y,NA,NA,NA,Y,NA,-,-,0,1,0,0,1,0,0,0,0,-,-,NA,NA,SAN DIEGO,CHULA VISTA,-117.08194732666016,32.63493347167969
8572175,2018,2018-03-13,3705,2018-02-23,1604,EC0295,NA,5,5,5,3705,0,0,0,NA,0,001,FLETCHER PKWY,HACIENDA,699,N,N,A,-,N,NA,NA,NA,NA,NA,NA,NA,NA,NA,Y,4,0,1,1,A,-,01,23152,G,N,E,I,A,A,H,-,A,D,0,NA,NA,NA,NA,Y,Y,D,22,0,0,1,0,0,0,0,0,0,-,-,NA,NA,SAN DIEGO,EL CAJON,-116.99168395996094,32.804141998291016
8572305,2018,2018-03-14,3706,2018-02-03,1130,492,ESCON,6,5,6,3706,0,0,0,NA,0,052,DATE ST,PENNSYLVANIA AV,0,NA,Y,A,-,N,NA,NA,NA,NA,NA,NA,NA,NA,NA,Y,3,0,1,3,A,-,12,22450,A,N,D,E,A,A,H,-,A,A,0,NA,NA,NA,NA,Y,NA,-,NA,0,1,0,0,0,0,0,0,0,-,-,33.12778854370117,-117.07093811035156,SAN DIEGO,ESCONDIDO,-117.07079315185548,33.12778091430664
8572930,2018,2018-08-07,3701,2018-02-27,0915,CB5517,NA,2,5,5,3701,0,0,0,NA,0,007,POINSETTIA LN,RT 5,0,NA,Y,A,-,Y,SD,11,5,-,R,45.754,R,4,S,N,4,0,1,2,A,-,03,22350,NA,N,B,C,A,B,H,-,A,A,0,NA,NA,NA,NA,Y,NA,A,07,0,0,1,0,0,0,0,0,0,-,-,NA,NA,SAN DIEGO,CARLSBAD,-117.31224060058594,33.105716705322266
8573358,2018,2018-03-21,3710,2018-01-26,0935,OC1211,006,5,5,6,3710,0,0,0,NA,0,001,NORTH PACIFIC ST,BREAKWATER WY,290,N,N,A,-,N,NA,NA,NA,NA,NA,NA,NA,NA,NA,N,4,0,1,1,A,-,07,21658,A,N,E,I,A,A,H,-,A,A,0,NA,Y,NA,NA,Y,NA,L,04,0,0,1,0,0,0,1,0,0,-,-,NA,NA,SAN DIEGO,OCEANSIDE,-117.38782501220705,33.20167541503906
8574431,2018,2018-03-23,3711,2018-02-25,1027,5985,NA,7,5,7,3711,0,0,0,NA,0,321,RIVERDALE ST,FRIARS RD,192,N,N,A,-,N,NA,NA,NA,NA,NA,NA,NA,NA,NA,Y,4,0,1,2,A,-,09,21804,A,N,D,C,A,A,H,-,A,D,0,NA,NA,NA,NA,Y,NA,A,01,0,0,1,0,0,0,0,0,0,-,-,NA,NA,SAN DIEGO,SAN DIEGO,-117.09959411621094,32.791114807128906
8574852,2018,2018-03-27,3708,2018-02-18,1715,IM8273,NA,7,5,5,3708,0,0,0,NA,0,001,LA MESA BL,UNIVERSITY AV,138,N,N,A,-,N,NA,NA,NA,NA,NA,NA,NA,NA,NA,Y,4,0,1,3,A,-,03,22350,NA,N,C,C,A,A,H,-,A,D,0,NA,NA,NA,NA,Y,NA,A,01,0,0,1,0,0,0,0,0,0,-,-,NA,NA,SAN DIEGO,LA MESA,-117.02677917480467,32.765193939208984
8575240,2018,2018-06-28,3700,2018-02-19,2006,SH0327,NA,1,5,5,3712,0,0,0,NA,0,357,E BARHAM DR,HILL ST,0,NA,Y,B,-,N,NA,NA,NA,NA,NA,NA,NA,NA,NA,Y,4,0,2,4,A,-,09,21801,A,N,D,C,A,B,H,-,C,D,0,NA,NA,NA,NA,Y,NA,A,01,0,0,2,0,0,0,0,0,0,-,-,NA,NA,SAN DIEGO,SAN MARCOS,-117.15029907226563,33.13610076904297
8576043,2018,2018-03-15,3711,2018-03-01,1200,7283,NA,4,5,7,3711,0,0,0,NA,0,232,CARMEL MOUNTAIN RD,HIGHLAND RANCH RD,70,S,N,A,-,N,NA,NA,NA,NA,NA,NA,NA,NA,NA,Y,3,0,2,3,A,-,08,22107,NA,N,C,C,A,A,H,-,A,A,0,NA,NA,NA,NA,Y,NA,-,NA,0,2,0,0,0,0,0,0,0,-,-,NA,NA,SAN DIEGO,SAN DIEGO,-117.07638549804688,32.98286819458008
8577404,2018,2018-03-22,3706,2018-03-03,2128,406,ESCON,6,5,6,3706,0,0,0,NA,0,045,ANDREASEN DR,MISSION AV,6,S,N,B,-,N,NA,NA,NA,NA,NA,NA,NA,NA,NA,Y,4,0,2,1,A,-,01,23152,A,N,E,I,A,B,H,-,C,A,0,NA,NA,NA,NA,Y,Y,A,07,0,0,2,0,0,0,0,0,0,-,-,33.123958587646484,-117.10639190673828,SAN DIEGO,ESCONDIDO,-117.10636901855467,33.12409591674805
8577586,2018,2018-03-23,3710,2018-01-23,1505,OC1445,003,2,5,6,3710,0,0,0,NA,0,003,COAST HWY,GODFREY ST,390,S,N,A,-,N,NA,NA,NA,NA,NA,NA,NA,NA,NA,Y,4,0,1,3,A,-,03,22350,NA,N,C,C,A,A,H,-,A,A,0,NA,NA,NA,NA,Y,NA,A,07,0,0,1,0,0,0,0,0,0,-,-,33.182899475097656,-117.36849975585938,SAN DIEGO,OCEANSIDE,-117.36781311035156,33.181880950927734
8579249,2018,2018-08-09,3711,2018-03-07,1515,5450,NA,3,5,7,3711,0,0,0,NA,0,243,KEARNY VILLA RD,RT 163,0,NA,Y,A,-,Y,SD,11,163,-,R,10.692,R,4,S,Y,4,0,1,2,A,-,03,22350,NA,N,D,C,A,A,H,-,A,D,0,NA,NA,Y,NA,Y,NA,C,02,0,0,1,0,0,0,0,0,1,-,SO,NA,NA,SAN DIEGO,SAN DIEGO,-117.12120056152344,32.854248046875
8579451,2018,2018-04-13,3711,2018-03-07,1610,6521,NA,3,5,7,3711,0,0,0,NA,0,234,INNOVATION DR,AVENUE OF INDUSTRY,100,S,N,A,-,N,NA,NA,NA,NA,NA,NA,NA,NA,NA,N,4,0,1,2,A,-,04,21703,NA,N,C,C,A,A,H,-,A,A,0,NA,NA,NA,NA,Y,NA,A,01,0,0,1,0,0,0,0,0,0,-,-,NA,NA,SAN DIEGO,SAN DIEGO,-117.0764617919922,32.99030685424805
8579459,2018,2018-03-19,3711,2018-03-07,1535,5672,NA,3,5,7,3711,0,0,0,NA,0,313,SANTO RD,TIERRASANTA BL,0,NA,Y,A,-,N,NA,NA,NA,NA,NA,NA,NA,NA,NA,Y,4,0,1,2,A,-,12,21453,A,N,D,C,A,A,H,-,A,A,0,NA,NA,NA,NA,Y,NA,-,NA,0,0,1,0,0,0,0,0,0,-,-,NA,NA,SAN DIEGO,SAN DIEGO,-117.10418701171876,32.82339859008789
8579887,2018,2018-03-21,3711,2018-03-08,1148,7072,NA,4,5,7,3711,0,0,0,NA,0,124,LA JOLLA PKWY,LA JOLLA PKWY  2400,30,N,N,A,-,N,NA,NA,NA,NA,NA,NA,NA,NA,NA,N,4,0,1,3,A,-,04,21703,NA,N,C,C,A,A,H,-,A,A,0,NA,NA,NA,NA,Y,NA,-,NA,0,0,1,0,0,0,0,0,0,-,-,NA,NA,SAN DIEGO,SAN DIEGO,NA,NA
8580015,2018,2018-03-21,3700,2018-02-26,1832,SH3079,NA,1,5,5,3713,0,0,0,NA,0,312,HACIENDA DR,EVELYN LN,205,E,N,B,-,N,NA,NA,NA,NA,NA,NA,NA,NA,NA,Y,4,0,1,2,A,-,01,23152,F,N,C,C,A,A,H,-,D,D,0,NA,NA,NA,NA,Y,NA,-,NA,0,0,1,0,0,0,0,0,0,-,-,NA,NA,SAN DIEGO,VISTA,-117.26733148,33.19260001
8580457,2018,2018-03-22,3711,2018-03-07,1019,5937,NA,3,5,7,3711,0,0,0,NA,0,524,BROADWAY,10TH AV,27,E,N,A,-,N,NA,NA,NA,NA,NA,NA,NA,NA,NA,Y,4,0,1,2,A,-,12,21453,A,N,D,C,A,A,H,-,A,A,0,NA,NA,NA,NA,Y,NA,-,NA,0,0,1,0,0,0,0,0,0,-,-,NA,NA,SAN DIEGO,SAN DIEGO,-117.15552520751952,32.715721130371094