CASE_ID,ACCIDENT_YEAR,PROC_DATE,JURIS,COLLISION_DATE,COLLISION_TIME,OFFICER_ID,REPORTING_DISTRICT,DAY_OF_WEEK,CHP_SHIFT,POPULATION,CNTY_CITY_LOC,SPECIAL_COND,BEAT_TYPE,CHP_BEAT_TYPE,CITY_DIVISION_LAPD,CHP_BEAT_CLASS,BEAT_NUMBER,PRIMARY_RD,SECONDARY_RD,DISTANCE,DIRECTION,INTERSECTION,WEATHER_1,WEATHER_2,STATE_HWY_IND,CALTRANS_COUNTY,CALTRANS_DISTRICT,STATE_ROUTE,ROUTE_SUFFIX,POSTMILE_PREFIX,POSTMILE,LOCATION_TYPE,RAMP_INTERSECTION,SIDE_OF_HWY,TOW_AWAY,COLLISION_SEVERITY,NUMBER_KILLED,NUMBER_INJURED,PARTY_COUNT,PRIMARY_COLL_FACTOR,PCF_CODE_OF_VIOL,PCF_VIOL_CATEGORY,PCF_VIOLATION,PCF_VIOL_SUBSECTION,HIT_AND_RUN,TYPE_OF_COLLISION,MVIW,PED_ACTION,ROAD_SURFACE,ROAD_COND_1,ROAD_COND_2,LIGHTING,CONTROL_DEVICE,CHP_ROAD_TYPE,PEDESTRIAN_ACCIDENT,BICYCLE_ACCIDENT,MOTORCYCLE_ACCIDENT,TRUCK_ACCIDENT,NOT_PRIVATE_PROPERTY,ALCOHOL_INVOLVED,STWD_VEHTYPE_AT_FAULT,CHP_VEHTYPE_AT_FAULT,COUNT_SEVERE_INJ,COUNT_VISIBLE_INJ,COUNT_COMPLAINT_PAIN,COUNT_PED_KILLED,COUNT_PED_INJURED,COUNT_BICYCLIST_KILLED,COUNT_BICYCLIST_INJURED,COUNT_MC_KILLED,COUNT_MC_INJURED,PRIMARY_RAMP,SECONDARY_RAMP,LATITUDE,LONGITUDE,COUNTY,CITY,POINT_X,POINT_Y
90682370,2018,2018-03-15,9650,2018-03-06,1700,016984,NA,2,2,5,3701,0,1,1,NA,2,005,I-5 N/B TO POINSETTIA LANE,POINSETTIA LN,4,S,N,A,-,Y,NA,NA,5,NA,NA,NA,R,NA,N,N,3,0,1,2,A,-,03,22350,NA,F,D,G,A,A,H,-,B,A,0,NA,Y,NA,NA,Y,NA,A,07,0,1,0,0,0,0,1,0,0,-,-,33.103519439697266,-117.30963134765624,SAN DIEGO,CARLSBAD,-117.30963134765624,33.103519439697266
90682925,2018,2018-03-15,9650,2018-03-09,1740,020966,NA,5,2,5,3712,0,1,3,NA,2,019,SR-78 W/B,SAN MARCOS BLVD,560,W,N,A,-,Y,NA,NA,78,NA,NA,NA,NA,NA,W,Y,4,0,1,2,A,-,03,22350,NA,N,C,C,A,A,H,-,D,D,0,NA,NA,NA,NA,Y,NA,A,07,0,0,1,0,0,0,0,0,0,-,-,33.13867950439453,-117.17816162109376,SAN DIEGO,SAN MARCOS,-117.17818450927734,33.138607025146484
90684771,2018,2018-03-19,9680,2018-03-08,1955,021859,NA,4,2,5,3705,0,1,1,NA,2,081,I-8 E/B,GROSSMONT BLVD,2112,E,N,A,-,Y,NA,NA,8,NA,NA,NA,NA,NA,E,Y,3,0,1,2,A,-,01,23152,A,F,A,C,A,A,H,-,C,D,0,NA,NA,NA,NA,Y,Y,A,01,0,1,0,0,0,0,0,0,0,-,-,32.779258728027344,-116.98403930664063,SAN DIEGO,EL CAJON,-116.98406982421876,32.77933120727539
90685367,2018,2018-03-20,9680,2018-03-10,1440,020116,NA,6,2,9,3700,0,1,3,NA,1,024,SR-94,OTAY LAKES RD,9240,E,N,C,-,Y,NA,NA,94,NA,NA,NA,NA,NA,NA,Y,4,0,1,1,A,-,03,22350,NA,N,F,A,A,B,H,-,A,D,0,NA,NA,NA,NA,Y,NA,D,22,0,0,1,0,0,0,0,0,0,-,-,32.65415954589844,-116.79231262207033,SAN DIEGO,UNINCORPORATED,-116.79241180419922,32.654014587402344
90685504,2018,2018-03-20,9645,2018-03-08,1650,017104,NA,4,2,7,3711,0,1,3,NA,2,022,SR-56 W/B,CARMEL VALLEY ROAD,500,E,N,A,-,Y,NA,NA,56,NA,NA,NA,NA,NA,W,N,3,0,1,1,A,-,00,23103,A,N,F,A,A,A,H,-,A,D,0,NA,NA,Y,NA,Y,NA,C,02,0,1,0,0,0,0,0,0,1,-,-,32.952999114990234,-117.19239807128906,SAN DIEGO,SAN DIEGO,-117.19239807128906,32.95299530029297
90688190,2018,2018-03-22,9680,2018-03-14,0942,015578,NA,3,1,9,3700,0,3,5,NA,2,002,LYONS VALLEY RD.,OLIVE VISTA DR.,196,S,N,B,C,N,NA,NA,NA,NA,NA,NA,NA,NA,NA,Y,3,0,1,1,A,-,08,22107,NA,N,E,I,A,B,H,-,A,D,0,NA,NA,NA,NA,Y,NA,D,22,0,1,0,0,0,0,0,0,0,-,-,32.72077941894531,-116.87764739990234,SAN DIEGO,UNINCORPORATED,-116.87777709960938,32.72075271606445
90689139,2018,2018-03-26,9650,2018-03-10,2010,017994,NA,6,2,9,3700,0,1,3,NA,1,028,SR-76,BODIE BLVD,1056,W,N,C,-,Y,NA,NA,76,NA,NA,NA,NA,NA,NA,Y,2,0,1,1,A,-,03,22350,NA,N,F,A,A,B,H,-,D,D,0,NA,NA,NA,NA,Y,NA,A,07,1,0,0,0,0,0,0,0,0,-,-,33.34746170043945,-117.02484130859376,SAN DIEGO,UNINCORPORATED,-117.02484893798828,33.347450256347656
90689216,2018,2018-03-26,9645,2018-03-14,0124,015698,NA,3,3,7,3711,0,1,1,NA,2,003,I-5 SB,1ST. AVE.,200,S,N,B,-,Y,NA,NA,5,NA,NA,NA,NA,NA,S,Y,4,0,1,2,A,-,07,21658,A,F,B,C,A,B,H,-,D,D,0,NA,NA,NA,NA,Y,NA,-,99,0,0,1,0,0,0,0,0,0,-,-,32.723060607910156,-117.16346740722656,SAN DIEGO,SAN DIEGO,-117.16347503662108,32.723045349121094
90689811,2018,2018-03-26,9680,2018-03-16,0405,020401,NA,5,3,7,3711,0,3,5,NA,2,001,I-5 N/B,CAMINO DE LA PLAZA,530,N,N,B,-,Y,NA,NA,NA,NA,NA,NA,NA,NA,NA,Y,4,0,1,2,C,-,18,NA,NA,N,C,C,A,A,H,-,C,D,0,NA,NA,NA,NA,Y,NA,-,-,0,0,1,0,0,0,0,0,0,-,-,32.543251037597656,-117.0305404663086,SAN DIEGO,SAN DIEGO,-117.03379058837892,32.545372009277344
90691164,2018,2018-03-27,9645,2018-01-27,1550,020844,NA,6,2,7,3711,0,1,1,NA,2,011,I-805 N/B TO I-8 W/B,I-8,100,N,N,A,-,Y,NA,NA,805,NA,NA,NA,R,NA,N,Y,4,0,1,1,A,-,08,22107,NA,N,E,I,A,A,H,-,A,D,0,NA,NA,NA,NA,Y,NA,D,22,0,0,1,0,0,0,0,0,0,-,-,32.771671295166016,-117.13443756103516,SAN DIEGO,SAN DIEGO,-117.13443756103516,32.771671295166016
90691241,2018,2018-03-27,9650,2018-03-19,0740,021463,NA,1,1,9,3700,0,3,5,NA,2,170,MONTGOMERY AVE,S. SANTA FE AVE,0,NA,Y,A,-,N,NA,NA,NA,NA,NA,NA,NA,NA,NA,Y,4,0,1,2,A,-,09,21802,A,N,D,C,A,A,H,-,A,A,0,NA,NA,NA,NA,Y,NA,A,01,0,0,1,0,0,0,0,0,0,-,-,33.182861328125,-117.21867370605467,SAN DIEGO,UNINCORPORATED,-117.21855926513672,33.18272018432617
90692628,2018,2018-03-29,9680,2018-03-19,1528,020500,NA,1,2,9,3700,0,1,3,NA,1,051,SR-79 S/B,LOOKOUT RD,2112,S,N,A,-,Y,NA,NA,79,NA,NA,NA,NA,NA,S,Y,3,0,2,1,A,-,03,22350,NA,N,E,I,A,A,H,-,A,D,0,NA,NA,Y,NA,Y,NA,C,02,0,2,0,0,0,0,0,0,2,-,-,32.95309066772461,-116.57775115966795,SAN DIEGO,UNINCORPORATED,-116.57774353027344,32.95310974121094
90692635,2018,2018-03-29,9645,2018-03-19,1348,016156,NA,1,1,7,3711,0,1,3,NA,2,025,SR-163 S/B TO BALBOA AVENUE,BALBOA AVENUE,500,N,N,A,-,Y,NA,NA,163,NA,NA,NA,R,NA,S,Y,3,0,1,1,A,-,03,22350,NA,N,F,A,A,A,H,-,A,D,0,NA,NA,Y,NA,Y,NA,C,02,0,1,0,0,0,0,0,0,1,-,-,32.822940826416016,-117.1469497680664,SAN DIEGO,SAN DIEGO,-117.1469497680664,32.822940826416016
90695366,2018,2018-04-06,9645,2018-03-15,0755,018149,NA,4,1,7,3711,0,1,1,NA,2,011,I-805 N/B,I-8,750,S,N,B,-,Y,NA,NA,805,NA,NA,NA,NA,NA,N,Y,3,0,1,3,A,-,03,22350,NA,N,B,C,A,B,H,-,A,D,0,NA,NA,Y,NA,Y,NA,C,02,0,1,0,0,0,0,0,0,1,-,-,32.76762008666992,-117.12924957275392,SAN DIEGO,SAN DIEGO,-117.12911987304688,32.7676887512207
90695762,2018,2018-03-30,9680,2018-03-21,1950,017460,NA,3,2,9,3700,0,3,5,NA,2,006,BUCKMAN SPRINGS RD,CAMERON TRUCK TRAIL,80,S,N,A,-,N,NA,NA,NA,NA,NA,NA,NA,NA,NA,Y,4,0,1,1,A,-,08,22107,NA,N,A,I,A,A,H,-,D,A,0,NA,NA,NA,NA,Y,NA,A,01,0,0,1,0,0,0,0,0,0,-,-,32.6734504699707,-116.48857879638672,SAN DIEGO,UNINCORPORATED,-116.4885482788086,32.67422103881836
90696313,2018,2018-04-02,9645,2018-01-18,1804,018095,NA,4,2,7,3711,0,1,1,NA,2,017,I-15 N/B,POWAY RD. O/C,1056,N,N,A,-,Y,NA,NA,15,NA,NA,NA,NA,NA,N,N,4,0,1,2,A,-,08,22107,NA,M,C,C,A,A,H,-,C,D,0,NA,NA,Y,NA,Y,NA,A,01,0,0,1,0,0,0,0,0,1,-,-,32.89690017700195,-117.11589813232422,SAN DIEGO,SAN DIEGO,-117.11586761474608,32.89690399169922
90699098,2018,2018-04-05,9650,2018-03-31,1510,017392,NA,6,2,6,3710,0,1,3,NA,2,015,SR-78 W/B,COLLEGE BLVD,300,E,N,A,-,Y,NA,NA,78,NA,NA,NA,NA,NA,W,Y,3,0,1,1,A,-,08,22107,NA,N,E,I,A,A,H,-,A,D,0,NA,NA,NA,NA,Y,NA,A,01,0,1,0,0,0,0,0,0,0,-,-,33.18339920043945,-117.29322814941406,SAN DIEGO,OCEANSIDE,-117.29322814941406,33.183406829833984
90700461,2018,2018-04-06,9650,2018-03-28,0817,021406,NA,3,1,6,3706,0,1,1,NA,2,023,I-15 S/B,BEETHOVEN DR,130,N,N,A,-,Y,NA,NA,15,NA,NA,NA,NA,NA,S,Y,4,0,1,2,A,-,03,22350,NA,N,C,C,A,A,H,-,A,D,0,NA,NA,NA,NA,Y,NA,A,01,0,0,1,0,0,0,0,0,0,-,-,33.07481002807617,-117.07041168212892,SAN DIEGO,ESCONDIDO,-117.07051849365234,33.074790954589844
90702501,2018,2018-04-10,9645,2018-03-31,1135,019410,NA,6,1,5,3709,0,1,1,NA,2,009,I-805 N/B,PLAZA DR. U/C,1200,N,N,A,-,Y,NA,NA,805,NA,NA,NA,NA,NA,N,N,4,0,1,3,A,-,17,23114,A,N,E,J,A,A,H,-,A,D,0,NA,NA,NA,NA,Y,NA,A,07,0,0,1,0,0,0,0,0,0,-,-,32.68122863769531,-117.08634948730467,SAN DIEGO,NATIONAL CITY,-117.08648681640624,32.6811637878418
90702867,2018,2018-04-10,9650,2018-04-05,1435,020771,NA,4,2,5,3712,0,1,3,NA,2,019,SR-78 E/B,NORDAHL RD,1400,W,N,A,-,Y,NA,NA,78,NA,NA,NA,NA,NA,E,Y,3,0,2,3,A,-,03,22350,NA,N,C,C,A,A,H,-,A,D,0,NA,NA,NA,NA,Y,NA,A,01,0,1,1,0,0,0,0,0,0,-,-,33.133949279785156,-117.12596130371094,SAN DIEGO,SAN MARCOS,-117.1259536743164,33.13396453857422
90705078,2018,2018-04-13,9645,2018-04-03,0445,019410,NA,2,3,7,3711,0,1,1,NA,2,001,I-5 N/B,SR-905 O/C,750,S,N,A,-,Y,NA,NA,5,NA,NA,NA,NA,NA,N,Y,3,0,1,1,A,-,16,24002,A,N,H,A,A,A,H,-,C,D,0,NA,NA,Y,NA,Y,NA,C,03,0,1,0,0,0,0,0,0,1,-,-,32.564208984375,-117.07160949707033,SAN DIEGO,SAN DIEGO,-117.07161712646484,32.5641975402832
90707502,2018,2018-04-17,9645,2018-03-04,2245,021359,NA,7,3,7,3711,0,1,1,NA,2,027,SR-15 N/B TO I-8,CAMINO DEL RIO SOUTH,1584,S,N,A,-,Y,NA,NA,15,NA,NA,NA,R,NA,N,Y,4,0,1,1,A,-,08,22107,NA,N,E,I,A,A,H,-,C,D,0,NA,NA,NA,NA,Y,NA,A,01,0,0,1,0,0,0,0,0,0,-,-,32.77339172363281,-117.11215972900392,SAN DIEGO,SAN DIEGO,-117.11215972900392,32.77339172363281
90708658,2018,2018-04-19,9680,2018-04-10,1015,019729,NA,2,1,9,3700,0,2,4,NA,1,096,HIGHLAND VALLEY RD,SKY VALLEY DR,70,W,N,A,-,N,NA,NA,NA,NA,NA,NA,NA,NA,NA,Y,2,0,1,1,A,-,05,21650,NA,N,F,A,A,A,H,-,A,D,0,NA,NA,NA,NA,Y,NA,A,01,1,0,0,0,0,0,0,0,0,-,-,33.042110443115234,-116.97126007080078,SAN DIEGO,UNINCORPORATED,-116.97133636474608,33.041622161865234
9070954,2020,2020-10-16,3700,2020-02-11,1538,SH3157,NA,2,5,5,3713,0,0,0,NA,0,313,VISTA VILLAGE DR,HACIENDA DR,120,N,N,A,-,N,NA,NA,NA,NA,NA,NA,NA,NA,NA,Y,4,0,1,2,A,-,04,21703,NA,N,C,C,A,A,H,-,A,A,0,NA,NA,NA,NA,Y,NA,A,01,0,0,1,0,0,0,0,0,0,-,-,NA,NA,SAN DIEGO,VISTA,-117.25103759765624,33.19390106201172
90709840,2018,2018-04-20,9680,2018-04-13,1425,021584,NA,5,2,9,3700,0,1,3,NA,1,052,STATE ROUTE 78,STATE ROUTE 79,12672,W,N,A,-,Y,NA,NA,78,NA,NA,NA,NA,NA,NA,Y,4,0,1,1,A,-,08,22107,NA,N,E,I,A,A,H,-,A,D,0,NA,NA,NA,NA,Y,NA,A,01,0,0,1,0,0,0,0,0,0,-,-,33.087589263916016,-116.70742797851563,SAN DIEGO,UNINCORPORATED,-116.70730590820313,33.087467193603516
90710699,2018,2018-06-12,9680,2018-04-13,1405,016181,NA,5,2,9,3700,0,1,3,NA,1,017,SR-67,LAKESIDE AVE,1056,S,N,A,-,Y,NA,NA,67,NA,NA,NA,NA,NA,NA,Y,2,0,4,2,A,-,05,21460,A,N,A,C,A,A,H,-,A,D,0,NA,NA,NA,NA,Y,NA,A,01,2,2,0,0,0,0,0,0,0,-,-,32.868961334228516,-116.92308044433594,SAN DIEGO,UNINCORPORATED,-116.92306518554688,32.86896514892578
90712712,2018,2018-04-25,9680,2018-04-19,2255,020249,NA,4,3,9,3700,0,3,5,NA,2,002,MONTEMAR DRIVE,IVY STREET,358,W,N,A,-,N,NA,NA,NA,NA,NA,NA,NA,NA,NA,Y,4,0,1,1,A,-,08,22107,NA,N,E,J,A,A,H,-,D,D,0,NA,NA,NA,NA,Y,NA,A,01,0,0,1,0,0,0,0,0,0,-,-,32.73112869262695,-116.99329376220705,SAN DIEGO,UNINCORPORATED,-116.99698638916016,32.72916030883789
90713046,2018,2018-04-25,9680,2018-04-18,0743,015972,NA,3,1,9,3700,0,2,4,NA,1,026,BANCROFT DR,OLIVE DRIVE,300,N,N,A,-,N,NA,NA,NA,NA,NA,NA,NA,NA,NA,N,4,0,1,3,A,-,03,22350,NA,M,C,C,A,A,H,-,A,D,0,NA,NA,NA,NA,Y,NA,A,01,0,0,1,0,0,0,0,0,0,-,-,32.74271011352539,-117.0044403076172,SAN DIEGO,UNINCORPORATED,-117.00450134277344,32.74268341064453
90713697,2018,2018-04-26,9645,2018-04-18,1950,020541,NA,3,2,7,3711,0,1,3,NA,2,023,SR-163 S/B FROM FRIARS RD,FRIARS RD,25,S,N,A,-,Y,NA,NA,163,NA,NA,NA,R,NA,S,N,4,0,1,2,A,-,03,22350,NA,N,C,C,A,A,H,-,C,D,0,NA,NA,NA,NA,Y,NA,A,07,0,0,1,0,0,0,0,0,0,-,-,32.77056121826172,-117.16287994384766,SAN DIEGO,SAN DIEGO,-117.16287994384766,32.77056121826172
90713822,2018,2018-04-26,9680,2018-04-21,1330,017717,NA,6,1,9,3700,0,2,4,NA,1,029,SWEETWATER SPRINGS BLVD,DEL RIO RD,0,NA,Y,A,-,N,NA,NA,NA,NA,NA,NA,NA,NA,NA,Y,3,0,1,2,A,-,09,21802,A,N,F,A,A,A,H,-,A,A,0,NA,NA,Y,NA,Y,NA,A,01,0,1,0,0,0,0,0,0,1,-,-,32.7422981262207,-116.97257232666016,SAN DIEGO,UNINCORPORATED,-116.97245025634766,32.742401123046875
90713924,2018,2018-04-26,9645,2018-04-08,1405,021873,NA,7,2,9,3700,0,1,S,NA,2,901,BRIARWOOD RD,E/B SR-54,0,NA,Y,A,-,Y,NA,NA,NA,NA,NA,NA,NA,NA,NA,Y,4,0,1,2,A,-,12,21453,A,N,D,C,A,A,H,-,A,A,0,NA,NA,NA,NA,Y,NA,-,-,0,0,1,0,0,0,0,0,0,-,-,32.681278228759766,-117.0298309326172,SAN DIEGO,UNINCORPORATED,NA,NA
90715279,2018,2018-04-27,9645,2018-04-18,0520,015001,NA,3,3,7,3711,0,1,1,NA,2,019,I-15 N/B,CAMINO DEL NORTE,3240,S,N,A,-,Y,NA,NA,15,NA,NA,NA,NA,NA,N,Y,2,0,1,2,A,-,03,22350,NA,N,C,C,A,A,H,-,D,D,0,NA,NA,NA,Y,Y,NA,F,26,1,0,0,0,0,0,0,0,0,-,-,32.98939895629883,-117.08260345458984,SAN DIEGO,SAN DIEGO,-117.08268737792967,32.989383697509766
90716211,2018,2018-04-30,9680,2018-04-20,1425,021813,NA,5,2,9,3700,0,1,3,NA,2,028,SR-125 N/B,TROY ST,2112,N,N,A,-,Y,NA,NA,125,NA,NA,NA,NA,NA,N,Y,3,0,1,4,A,-,03,22350,NA,N,C,C,A,A,H,-,A,D,0,NA,NA,NA,NA,Y,NA,A,07,0,1,0,0,0,0,0,0,0,-,-,32.742801666259766,-117.01683044433594,SAN DIEGO,UNINCORPORATED,-117.016845703125,32.74279022216797
90716472,2018,2018-04-30,9650,2018-04-24,0930,015446,NA,2,1,6,3706,0,1,1,NA,2,023,I-15 FWY N/B TO SR-78 W/B,I-15,300,W,N,A,-,Y,NA,NA,15,NA,NA,NA,R,NA,N,N,4,0,1,2,A,-,03,22350,NA,N,C,C,A,A,H,-,A,D,0,NA,NA,NA,NA,Y,NA,A,07,0,0,1,0,0,0,0,0,0,-,-,33.12710189819336,-117.10690307617188,SAN DIEGO,ESCONDIDO,-117.10690307617188,33.12710189819336
9071681,2020,2020-09-23,3710,2020-02-26,1618,OC1177,NA,3,5,6,3710,0,0,0,NA,0,021,RT 76,OLD GROVE RD,0,NA,Y,A,-,Y,SD,11,76,-,R,4.899,I,5,W,Y,2,0,1,2,A,-,12,21453,A,N,H,G,A,A,H,-,A,A,0,NA,Y,NA,NA,Y,NA,L,04,1,0,0,0,0,0,1,0,0,-,-,NA,NA,SAN DIEGO,OCEANSIDE,-117.30811309814452,33.232994079589844
90720438,2018,2018-05-07,9650,2018-04-30,0710,019549,NA,1,1,9,3700,0,3,5,NA,2,213,RAINBOW GLEN RD,OLD HIGHWAY 395,0,NA,Y,A,-,N,NA,NA,NA,NA,NA,NA,NA,NA,NA,Y,4,0,1,2,A,-,09,21802,A,N,D,C,A,A,H,-,A,D,0,NA,NA,NA,NA,Y,NA,A,07,0,0,1,0,0,0,0,0,0,-,-,33.4068603515625,-117.16372680664063,SAN DIEGO,UNINCORPORATED,-117.16372680664063,33.4068489074707
90721413,2018,2018-05-07,9650,2018-04-28,1750,021463,NA,6,2,9,3700,0,3,5,NA,2,070,EL CAMINO REAL,CALLE FAMILIA,560,S,N,A,-,N,NA,NA,NA,NA,NA,NA,NA,NA,NA,Y,4,0,1,1,A,-,03,22350,NA,N,E,I,A,A,H,-,A,D,0,NA,NA,NA,NA,Y,NA,A,01,0,0,1,0,0,0,0,0,0,-,-,33.014400482177734,-117.23953247070313,SAN DIEGO,UNINCORPORATED,-117.23944854736328,33.01454544067383
90722463,2018,2018-05-09,9650,2018-05-02,0645,015503,NA,3,1,9,3700,0,3,5,NA,2,211,MOUNTAIN MEADOW RD,CHAMPAGNE BLVD,1742,E,N,C,-,N,NA,NA,NA,NA,NA,NA,NA,NA,NA,Y,3,0,1,1,A,-,03,22350,NA,N,F,A,A,B,H,-,A,D,0,NA,NA,NA,NA,Y,NA,D,22,0,1,0,0,0,0,0,0,0,-,-,33.12289810180664,-117.77449798583984,SAN DIEGO,UNINCORPORATED,-117.1188507080078,33.20037841796875
90722873,2018,2018-05-09,9645,2018-04-30,0148,021097,NA,1,3,7,3711,0,1,1,NA,2,010,I-8 W/B,SPORTS ARENA BLVD,270,E,N,B,-,Y,NA,NA,8,NA,NA,NA,NA,NA,W,Y,3,0,1,1,A,-,08,22107,NA,N,E,I,A,A,H,-,C,D,0,NA,NA,Y,NA,Y,NA,C,02,0,1,0,0,0,0,0,0,1,-,-,32.756649017333984,-117.22914123535156,SAN DIEGO,SAN DIEGO,-117.22914123535156,32.75667190551758
90722963,2018,2018-05-09,9680,2018-05-01,1510,015983,NA,2,2,9,3700,0,1,3,NA,1,017,SR-67,GOLD BAR LN,1056,N,N,B,-,Y,NA,NA,67,NA,NA,NA,NA,NA,NA,Y,4,0,1,2,A,-,03,22350,NA,N,C,C,A,A,H,-,A,D,0,NA,NA,NA,NA,Y,NA,D,22,0,0,1,0,0,0,0,0,0,-,-,32.8828010559082,-116.92910003662108,SAN DIEGO,UNINCORPORATED,-116.92913818359376,32.88276672363281
90723117,2018,2018-05-09,9680,2018-04-28,1630,021828,NA,6,2,9,3700,0,1,3,NA,1,017,SR-67 S/B,LAZY ACRES DR,370,N,N,A,-,Y,NA,NA,67,NA,NA,NA,NA,NA,S,Y,4,0,1,2,A,-,03,22350,NA,N,C,C,A,A,H,-,A,D,0,NA,NA,NA,NA,Y,NA,A,01,0,0,1,0,0,0,0,0,0,-,-,32.948421478271484,-116.96443939208984,SAN DIEGO,UNINCORPORATED,-116.96435546875,32.948482513427734
90725521,2018,2018-05-14,9680,2018-05-02,2033,019475,NA,3,2,4,3720,0,1,3,NA,2,028,SR-125 S/B,BROADWAY,577,S,N,A,-,Y,NA,NA,125,NA,NA,NA,NA,NA,S,Y,3,0,1,2,A,-,03,22350,NA,N,B,C,A,A,H,-,C,D,0,NA,NA,NA,NA,Y,NA,A,07,0,1,0,0,0,0,0,0,0,-,-,32.74446105957031,-117.018310546875,SAN DIEGO,LEMON GROVE,-117.01832580566406,32.74445343017578
90726168,2018,2018-05-14,9680,2018-05-05,1725,016822,NA,6,2,9,3700,0,3,5,NA,2,009,HANSON LANE,KEYSER ROAD,266,W,N,A,-,N,NA,NA,NA,NA,NA,NA,NA,NA,NA,N,2,0,1,1,C,-,18,NA,NA,N,H,A,A,A,H,-,A,D,0,NA,NA,Y,NA,Y,NA,-,-,1,0,0,0,0,0,0,0,1,-,-,33.02574920654297,-116.87181854248048,SAN DIEGO,UNINCORPORATED,-116.87168121337892,33.02573776245117
90727715,2018,2018-05-16,9645,2018-05-04,1725,020541,NA,5,2,7,3711,0,1,1,NA,2,017,I-15 S/B,AMMO RD O/C,2112,S,N,A,-,Y,NA,NA,15,NA,NA,NA,NA,NA,S,Y,3,0,1,1,A,-,08,22107,NA,N,F,A,A,A,H,-,A,D,0,NA,NA,Y,NA,Y,NA,C,02,0,1,0,0,0,0,0,0,1,-,-,32.868900299072266,-117.10810089111328,SAN DIEGO,SAN DIEGO,-117.10826873779295,32.86894607543945
90728218,2018,2018-05-17,9680,2018-05-08,1101,020500,NA,2,1,9,3700,0,1,3,NA,1,090,SR-67 S/B,PALA ST,0,NA,Y,A,-,Y,NA,NA,67,NA,NA,NA,NA,NA,S,N,3,0,1,2,A,-,09,21802,A,F,F,A,A,A,H,-,A,A,0,NA,NA,Y,NA,Y,NA,-,99,0,1,0,0,0,0,0,0,1,-,-,33.0334587097168,-116.88273620605467,SAN DIEGO,UNINCORPORATED,-116.88274383544922,33.03346252441406
90729369,2018,2018-05-18,9680,2018-05-12,1234,019910,NA,6,1,9,3700,0,3,5,NA,2,001,MARILLA DRIVE,WATERHILL ROAD,193,N,N,B,-,N,NA,NA,NA,NA,NA,NA,NA,NA,NA,N,2,0,1,2,A,-,11,21954,A,N,G,B,D,A,H,-,A,D,0,Y,NA,NA,NA,Y,NA,N,60,1,0,0,0,1,0,0,0,0,-,-,32.85211944580078,-116.94072723388672,SAN DIEGO,UNINCORPORATED,-116.9407196044922,32.85211944580078
90729709,2018,2018-05-21,9645,2018-05-10,2025,020541,NA,4,2,7,3711,0,1,1,NA,2,007,I-5 S/B,NOBEL DR,2112,S,N,A,-,Y,NA,NA,5,NA,NA,NA,NA,NA,S,Y,4,0,1,2,A,-,03,22350,NA,N,C,C,A,A,H,-,D,D,0,NA,NA,NA,NA,Y,NA,A,01,0,0,1,0,0,0,0,0,0,-,-,32.86228942871094,-117.23036956787108,SAN DIEGO,SAN DIEGO,-117.23030853271484,32.86228561401367
90730286,2018,2018-05-21,9645,2018-05-11,0850,016047,NA,5,1,7,3711,0,1,1,NA,2,011,I-805 NORTHBOUND TO SR-163 NORTHBOUND,AERO DRIVE,200,S,N,B,-,Y,NA,NA,805,NA,NA,NA,R,NA,N,N,4,0,1,2,A,-,07,21658,NA,F,H,I,A,A,H,-,A,D,0,NA,NA,Y,NA,Y,NA,-,99,0,0,1,0,0,0,0,0,1,-,-,32.80992889404297,-117.15200042724608,SAN DIEGO,SAN DIEGO,-117.15200042724608,32.80992889404297
90730529,2018,2018-05-21,9680,2018-05-14,1010,017996,NA,1,1,9,3700,0,3,5,NA,2,002,AVOCADO BOULEVARD,CALLE VERDE DRIVE,100,N,N,A,-,N,NA,NA,NA,NA,NA,NA,NA,NA,NA,N,4,0,1,2,A,-,07,21658,A,N,B,C,A,A,H,-,A,D,0,NA,NA,NA,NA,Y,NA,A,01,0,0,1,0,0,0,0,0,0,-,-,32.74850082397461,-116.96209716796876,SAN DIEGO,UNINCORPORATED,-116.96199798583984,32.748573303222656