CASE_ID,ACCIDENT_YEAR,PROC_DATE,JURIS,COLLISION_DATE,COLLISION_TIME,OFFICER_ID,REPORTING_DISTRICT,DAY_OF_WEEK,CHP_SHIFT,POPULATION,CNTY_CITY_LOC,SPECIAL_COND,BEAT_TYPE,CHP_BEAT_TYPE,CITY_DIVISION_LAPD,CHP_BEAT_CLASS,BEAT_NUMBER,PRIMARY_RD,SECONDARY_RD,DISTANCE,DIRECTION,INTERSECTION,WEATHER_1,WEATHER_2,STATE_HWY_IND,CALTRANS_COUNTY,CALTRANS_DISTRICT,STATE_ROUTE,ROUTE_SUFFIX,POSTMILE_PREFIX,POSTMILE,LOCATION_TYPE,RAMP_INTERSECTION,SIDE_OF_HWY,TOW_AWAY,COLLISION_SEVERITY,NUMBER_KILLED,NUMBER_INJURED,PARTY_COUNT,PRIMARY_COLL_FACTOR,PCF_CODE_OF_VIOL,PCF_VIOL_CATEGORY,PCF_VIOLATION,PCF_VIOL_SUBSECTION,HIT_AND_RUN,TYPE_OF_COLLISION,MVIW,PED_ACTION,ROAD_SURFACE,ROAD_COND_1,ROAD_COND_2,LIGHTING,CONTROL_DEVICE,CHP_ROAD_TYPE,PEDESTRIAN_ACCIDENT,BICYCLE_ACCIDENT,MOTORCYCLE_ACCIDENT,TRUCK_ACCIDENT,NOT_PRIVATE_PROPERTY,ALCOHOL_INVOLVED,STWD_VEHTYPE_AT_FAULT,CHP_VEHTYPE_AT_FAULT,COUNT_SEVERE_INJ,COUNT_VISIBLE_INJ,COUNT_COMPLAINT_PAIN,COUNT_PED_KILLED,COUNT_PED_INJURED,COUNT_BICYCLIST_KILLED,COUNT_BICYCLIST_INJURED,COUNT_MC_KILLED,COUNT_MC_INJURED,PRIMARY_RAMP,SECONDARY_RAMP,LATITUDE,LONGITUDE,COUNTY,CITY,POINT_X,POINT_Y
90971253,2019,2019-04-19,9645,2019-04-14,0249,021359,NA,7,3,5,3709,0,1,1,NA,2,009,SR-54 E/B TO N/B I-805,EUCLID AVE,23,N,N,A,-,Y,NA,NA,54,NA,NA,NA,R,NA,E,Y,2,0,1,1,A,-,01,23152,A,N,E,I,A,A,H,-,D,D,0,NA,NA,Y,NA,Y,Y,C,02,1,0,0,0,0,0,0,0,1,-,-,32.660831451416016,-117.07546997070313,SAN DIEGO,NATIONAL CITY,-117.07546997070313,32.660831451416016
90971379,2019,2019-04-19,9680,2019-04-01,2135,018979,NA,1,2,9,3700,0,3,5,NA,2,003,JAPATUL RD,SEQUAN TRUCK TRAIL,3696,E,N,A,-,N,NA,NA,NA,NA,NA,NA,NA,NA,NA,Y,2,0,1,1,A,-,01,23152,A,N,F,A,A,A,H,-,D,D,0,NA,NA,NA,NA,Y,Y,D,22,1,0,0,0,0,0,0,0,0,-,-,32.799560546875,-116.75837707519533,SAN DIEGO,UNINCORPORATED,-116.75939178466795,32.79965591430664
90971388,2019,2019-04-19,9645,2019-04-15,1720,017104,NA,1,2,9,3700,0,3,5,NA,2,024,CAMINO SAN BERNARDO,RANCHO BERNARDO ROAD,25,S,N,A,-,N,NA,NA,NA,NA,NA,NA,NA,NA,NA,Y,4,0,1,2,A,-,03,22350,NA,N,C,C,A,A,H,-,A,A,0,NA,NA,NA,NA,Y,NA,A,01,0,0,1,0,0,0,0,0,0,-,-,33.011600494384766,-117.06040191650392,SAN DIEGO,UNINCORPORATED,-117.10152435302734,33.02128601074219
90971971,2019,2019-04-22,9680,2019-04-04,0114,021237,NA,4,3,9,3700,0,2,4,NA,1,026,JAMACHA RD,OSAGE AVE,117,E,N,A,-,N,NA,NA,NA,NA,NA,NA,NA,NA,NA,Y,2,0,1,1,A,-,08,22107,NA,N,E,I,A,A,H,-,C,D,0,NA,NA,Y,NA,Y,NA,C,02,1,0,0,0,0,0,0,0,1,-,-,32.718528747558594,-117.02256774902344,SAN DIEGO,UNINCORPORATED,-117.02260589599608,32.71847915649414
90972078,2019,2019-04-22,9680,2019-04-10,1740,017389,NA,3,2,5,3708,0,1,1,NA,2,081,I-8 E/B,FLETCHER PKWY,1056,W,N,A,-,Y,NA,NA,8,NA,NA,NA,NA,NA,E,N,3,0,1,2,A,-,07,21658,A,N,C,C,A,A,H,-,A,D,0,NA,NA,Y,NA,Y,NA,A,01,0,1,0,0,0,0,0,0,1,-,-,32.77326965332031,-117.03711700439452,SAN DIEGO,LA MESA,-117.037109375,32.77322006225586
90972256,2019,2019-04-22,9680,2019-04-10,2050,020116,NA,3,2,9,3700,0,1,3,NA,2,028,SR-125 N/B TO JAMACHA BLVD OFF-RAMP,JAMACHA BLVD,20,S,N,A,-,Y,NA,NA,125,NA,NA,NA,R,NA,N,N,4,0,2,2,A,-,21,22106,NA,N,C,C,A,A,H,-,C,A,0,NA,NA,NA,NA,Y,NA,A,01,0,0,2,0,0,0,0,0,0,-,-,32.704830169677734,-117.01010131835938,SAN DIEGO,UNINCORPORATED,-117.01010131835938,32.704830169677734
90973012,2019,2019-04-23,9645,2019-04-08,1405,021639,NA,1,2,5,3709,0,1,1,NA,2,009,I-805 NORTHBOUND,DIVISION ST U/C,500,S,N,A,-,Y,NA,NA,805,NA,NA,NA,NA,NA,N,Y,4,0,1,2,A,-,08,22107,NA,N,B,C,A,A,H,-,A,D,0,NA,NA,NA,NA,Y,NA,A,07,0,0,1,0,0,0,0,0,0,-,-,32.68647003173828,-117.0915069580078,SAN DIEGO,NATIONAL CITY,-117.09149169921876,32.68648910522461
90973144,2019,2019-04-23,9645,2019-04-14,1745,021601,NA,7,2,7,3711,0,1,1,NA,2,001,I-5 S/B TO VIA DE SAN YSIDRO,VIA DE SAN YSIDRO,5,N,N,A,-,Y,NA,NA,5,NA,NA,NA,R,NA,S,N,4,0,1,2,A,-,03,22350,NA,N,C,C,A,A,H,-,A,D,0,NA,NA,NA,NA,Y,NA,A,07,0,0,1,0,0,0,0,0,0,-,-,32.55179977416992,-117.04595947265624,SAN DIEGO,SAN DIEGO,-117.04595947265624,32.55179977416992
90974530,2019,2019-04-24,9645,2019-03-19,1805,014692,NA,2,2,9,3700,0,3,5,NA,2,024,DOVE CANYON ROAD,CAMINO SAN BERNARDO,0,NA,Y,A,-,N,NA,NA,NA,NA,NA,NA,NA,NA,NA,Y,4,0,1,2,A,-,12,21453,A,N,D,C,A,A,H,-,A,A,0,NA,NA,NA,NA,Y,NA,A,08,0,0,1,0,0,0,0,0,0,-,-,33.01026916503906,-117.11138153076172,SAN DIEGO,UNINCORPORATED,-117.11155700683594,33.01021194458008
90974593,2019,2019-04-24,9680,2019-04-13,0755,022224,NA,6,1,9,3700,0,1,3,NA,1,040,SR-94,OTAY LAKES RD.,3696,E,N,A,-,Y,NA,NA,94,NA,NA,NA,NA,NA,NA,Y,3,0,1,2,A,-,03,22350,NA,N,C,C,A,A,H,-,A,D,0,NA,NA,NA,NA,Y,NA,D,22,0,1,0,0,0,0,0,0,0,-,-,32.66299819946289,-116.81324005126952,SAN DIEGO,UNINCORPORATED,-116.81324768066406,32.66298294067383
90976932,2019,2019-06-04,9650,2019-04-20,1855,021698,NA,6,2,9,3700,0,2,4,NA,2,061,S. MISSION RD S/B,OLIVE HILL RD,243,S,N,A,-,N,NA,NA,NA,NA,NA,NA,NA,NA,NA,Y,3,0,1,2,A,-,07,21658,A,N,B,C,A,A,H,-,B,A,0,NA,NA,Y,NA,Y,NA,A,01,0,1,0,0,0,0,0,0,1,-,-,33.34756851196289,-117.24330139160156,SAN DIEGO,UNINCORPORATED,-117.24323272705078,33.34760284423828
90977109,2019,2019-04-26,9650,2019-04-20,1340,017392,NA,6,1,5,3701,0,1,1,NA,2,005,I-5 S/B,CHINQUAPIN AVE,400,S,N,A,-,Y,NA,NA,5,NA,NA,NA,NA,NA,S,Y,4,0,1,2,A,-,03,22350,NA,N,C,C,A,A,H,-,A,D,0,NA,NA,NA,NA,Y,NA,A,01,0,0,1,0,0,0,0,0,0,-,-,33.149200439453125,-117.33480072021484,SAN DIEGO,CARLSBAD,-117.33486938476563,33.14916229248047
90977223,2019,2019-04-29,9650,2019-04-17,0135,021404,NA,3,3,5,3713,0,1,3,NA,2,017,SR-78 E/B,RANCHO SANTA FE RD,2600,W,N,A,-,Y,NA,NA,NA,NA,NA,NA,NA,NA,NA,Y,2,0,1,2,A,-,01,23152,A,N,C,C,A,A,H,-,D,D,0,NA,NA,NA,Y,Y,Y,A,01,1,0,0,0,0,0,0,0,0,-,-,33.15481948852539,-117.203857421875,SAN DIEGO,VISTA,-117.2042999267578,33.155174255371094
90977817,2019,2019-04-29,9650,2019-04-22,2144,013890,NA,1,2,3,3783,0,1,1,NA,2,007,I-5 N/B,VIA DE LA VALLE,1447,N,N,A,-,Y,NA,NA,5,NA,NA,NA,NA,NA,N,Y,3,0,2,2,A,-,03,22350,NA,N,C,C,A,A,H,-,D,D,0,NA,NA,NA,NA,Y,NA,A,01,0,1,1,0,0,0,0,0,0,-,-,32.98408126831055,-117.25450897216795,SAN DIEGO,SOLANA BEACH,-117.2545166015625,32.98407745361328
90979567,2019,2019-05-01,9645,2019-04-16,0925,016409,NA,2,1,7,3711,0,3,5,NA,2,024,CAMINO DEL NORTE W/B,DOVE CANYON ROAD,40,E,N,B,-,Y,NA,NA,NA,NA,NA,NA,NA,NA,NA,Y,4,0,1,3,A,-,03,22350,NA,N,C,C,A,A,H,-,A,D,0,NA,NA,NA,Y,Y,NA,F,26,0,0,1,0,0,0,0,0,0,-,-,33.016510009765625,-117.11112213134766,SAN DIEGO,SAN DIEGO,-117.11140441894533,33.01653289794922
90980069,2019,2019-05-01,9650,2019-04-25,1638,017392,NA,4,2,9,3700,0,3,5,NA,2,070,LA NORIA,LA BAJADA,0,NA,Y,A,-,N,NA,NA,NA,NA,NA,NA,NA,NA,NA,Y,4,0,1,2,A,-,09,21802,A,N,D,C,A,A,H,-,A,D,0,NA,NA,NA,NA,Y,NA,A,01,0,0,1,0,0,0,0,0,0,-,-,33.03020095825195,-117.23249816894533,SAN DIEGO,UNINCORPORATED,-117.23261260986328,33.030330657958984
90980870,2019,2019-05-02,9645,2019-04-29,1730,016864,NA,1,2,7,3711,0,1,1,NA,2,015,I-805 S/B,NOBEL DRIVE O/C,1320,S,N,B,-,Y,NA,NA,805,NA,NA,NA,NA,NA,S,Y,3,0,1,3,A,-,03,22350,NA,N,C,C,A,A,H,-,A,D,0,NA,NA,NA,NA,Y,NA,A,01,0,1,0,0,0,0,0,0,0,-,-,32.865478515625,-117.19117736816406,SAN DIEGO,SAN DIEGO,-117.19108581542967,32.86557388305664
90981434,2019,2019-05-03,9650,2019-04-29,1649,021463,NA,1,2,5,3782,0,1,1,NA,2,007,I-5 N/B,BIRMINGHAM DR,750,S,N,B,-,Y,NA,NA,5,NA,NA,NA,NA,NA,N,Y,4,0,1,1,A,-,08,22107,NA,N,E,I,A,A,D,-,A,D,0,NA,NA,NA,NA,Y,NA,A,01,0,0,1,0,0,0,0,0,0,-,-,33.0235595703125,-117.27353668212892,SAN DIEGO,ENCINITAS,-117.27358245849608,33.02355194091797
90982001,2019,2019-05-06,9650,2019-04-30,1055,019191,NA,2,1,5,3712,0,1,3,NA,2,019,SR-78 W/B TO RANCHO SANTA FE RD,RANCHO SANTA FE RD,30,E,N,B,C,Y,NA,NA,78,NA,NA,NA,R,NA,W,N,4,0,1,2,A,-,03,22350,NA,F,C,C,A,B,H,-,A,D,0,NA,NA,NA,NA,Y,NA,D,22,0,0,1,0,0,0,0,0,0,-,-,33.15058898925781,-117.19782257080078,SAN DIEGO,SAN MARCOS,-117.19782257080078,33.15058898925781
90982358,2019,2019-05-06,9680,2019-04-24,1116,016535,NA,3,1,5,3705,0,1,3,NA,1,024,SR-94,VISTA SAGE LN,65,W,N,A,-,Y,NA,NA,NA,NA,NA,NA,NA,NA,NA,Y,3,0,2,2,A,-,08,22107,NA,N,D,C,A,A,H,-,A,D,0,NA,NA,NA,NA,Y,NA,A,01,0,1,1,0,0,0,0,0,0,-,-,32.72346878051758,-116.89167022705078,SAN DIEGO,EL CAJON,-116.8916473388672,32.723480224609375
90982605,2019,2019-05-06,9645,2019-04-26,1700,020992,NA,5,2,7,3711,0,1,1,NA,2,003,I-5 SOUTHBOUND,WASHINGTON STREET,200,S,N,A,-,Y,NA,NA,NA,NA,NA,NA,NA,NA,NA,Y,3,0,1,2,A,-,07,21658,A,N,B,C,A,A,H,-,A,D,0,NA,NA,Y,NA,Y,NA,D,22,0,1,0,0,0,0,0,0,0,-,-,NA,NA,SAN DIEGO,SAN DIEGO,-117.18196868896484,32.74214553833008
90983455,2019,2019-07-26,9645,2019-04-27,1225,016766,NA,6,1,7,3711,0,1,3,NA,2,014,SR-52 W/B,I-15,500,W,N,A,-,Y,NA,NA,NA,NA,NA,NA,NA,NA,NA,Y,4,0,1,3,A,-,07,21658,A,N,B,C,A,A,H,-,A,D,0,NA,NA,NA,NA,Y,NA,D,22,0,0,1,0,0,0,0,0,0,-,-,32.81119155883789,-117.12052917480467,SAN DIEGO,SAN DIEGO,-117.12212371826172,32.84165573120117
90983996,2019,2019-05-07,9650,2019-05-05,1540,016516,NA,7,2,9,3700,0,3,5,NA,1,160,OLD HWY 395,DULIN RD,600,S,N,A,-,Y,NA,NA,NA,NA,NA,NA,NA,NA,NA,N,4,0,1,2,A,-,08,22107,NA,N,H,G,A,A,H,-,A,D,0,NA,Y,NA,NA,Y,NA,D,22,0,0,1,0,0,0,1,0,0,-,-,33.31562042236328,-117.15664672851563,SAN DIEGO,UNINCORPORATED,-117.16015625,33.3193473815918
90984406,2019,2019-05-08,9680,2019-04-27,1035,021501,NA,6,1,9,3700,0,3,5,NA,2,005,CENTER LOOP ROAD,MESA GRANDE RD,114,N,N,A,-,N,NA,NA,NA,NA,NA,NA,NA,NA,NA,Y,2,0,2,1,A,-,08,22107,NA,N,F,A,A,A,H,-,A,D,0,NA,NA,Y,NA,Y,NA,C,02,2,0,0,0,0,0,0,0,2,-,-,33.211570739746094,-116.73796081542967,SAN DIEGO,UNINCORPORATED,-116.73851013183594,33.21193313598633
90985193,2019,2019-05-09,9645,2019-05-03,1455,017499,NA,5,2,7,3711,0,1,1,NA,2,009,I-805 SOUTHBOUND,SAN YSIDRO BLVD,330,N,N,A,-,Y,NA,NA,805,NA,NA,NA,NA,NA,S,N,4,0,2,3,A,-,03,22350,NA,N,C,C,A,A,H,-,A,D,0,NA,NA,NA,NA,Y,NA,A,01,0,0,2,0,0,0,0,0,0,-,-,32.55311965942383,-117.04196166992188,SAN DIEGO,SAN DIEGO,-117.04163360595705,32.55319595336914
90985436,2019,2019-05-09,9650,2019-05-04,1713,019490,NA,6,2,5,3712,0,1,3,NA,2,019,SR-78 E/B,MISSION RD,20,W,N,A,-,Y,NA,NA,78,NA,NA,NA,NA,NA,E,Y,4,0,2,3,A,-,03,22350,NA,N,C,C,A,A,H,-,A,D,0,NA,NA,NA,NA,Y,NA,A,01,0,0,2,0,0,0,0,0,0,-,-,33.134620666503906,-117.12851715087892,SAN DIEGO,SAN MARCOS,-117.12851715087892,33.13462829589844
90985975,2019,2019-05-10,9650,2019-05-03,2300,021805,NA,5,3,9,3700,0,3,5,NA,2,170,ROBELINI DR,UNIVERSITY DR,525,N,N,A,-,N,NA,NA,NA,NA,NA,NA,NA,NA,NA,N,2,0,1,2,A,-,11,21956,NA,F,G,B,E,A,H,-,D,D,0,Y,NA,NA,NA,Y,NA,N,60,1,0,0,0,1,0,0,0,0,-,-,33.170860290527344,-117.21154022216795,SAN DIEGO,UNINCORPORATED,-117.21148681640624,33.17079544067383
90986644,2019,2019-05-13,9650,2019-05-06,1140,020673,NA,1,1,6,3710,0,1,1,NA,2,005,I-5 SOUTHBOUND,CASSIDY ST.,1100,N,N,A,-,Y,NA,NA,5,NA,NA,NA,NA,NA,S,Y,4,0,1,2,A,-,03,22350,NA,N,C,C,A,A,H,-,A,D,0,NA,NA,NA,NA,Y,NA,A,01,0,0,1,0,0,0,0,0,0,-,-,33.182640075683594,-117.35613250732422,SAN DIEGO,OCEANSIDE,-117.35611724853516,33.18265151977539
90987619,2019,2019-05-13,9650,2019-05-11,1220,019352,NA,6,1,9,3700,0,1,1,NA,2,003,I-5 S/B,HARBOR DR.,2640,N,N,A,-,Y,NA,NA,5,NA,NA,NA,NA,NA,S,Y,4,0,1,4,A,-,03,22350,NA,N,C,C,A,A,H,-,A,D,0,NA,NA,NA,NA,Y,NA,A,01,0,0,1,0,0,0,0,0,0,-,-,33.216880798339844,-117.39061737060548,SAN DIEGO,UNINCORPORATED,-117.39065551757813,33.21686935424805
90987644,2019,2019-05-16,9680,2019-05-02,1200,017621,NA,4,1,9,3700,0,2,4,NA,2,072,MONTEZUMA VALLEY RD.,SAN FELIPE RD.,5808,E,N,A,-,N,NA,NA,NA,NA,NA,NA,NA,NA,NA,Y,1,1,0,1,A,-,08,22107,NA,N,E,I,A,A,H,-,A,D,0,NA,NA,NA,NA,Y,NA,A,01,0,0,0,0,0,0,0,0,0,-,-,33.2169189453125,-116.58747863769533,SAN DIEGO,UNINCORPORATED,-116.58710479736328,33.21683120727539
90988549,2019,2019-05-14,9680,2019-04-26,1740,021813,NA,5,2,5,3708,0,1,3,NA,2,028,SR-125 S/B,GROSSMONT BLVD,55,S,N,A,-,Y,NA,NA,125,NA,NA,NA,NA,NA,S,N,3,0,1,4,A,-,08,22107,NA,M,C,C,A,A,H,-,A,D,0,NA,NA,Y,NA,Y,NA,A,07,0,1,0,0,0,0,0,0,1,-,-,32.772979736328125,-117.00238037109376,SAN DIEGO,LA MESA,-117.00240325927734,32.772972106933594
90991627,2019,2019-05-20,9645,2019-05-07,0740,017473,NA,2,1,7,3711,0,1,1,NA,2,017,I-15 N/B,TED WILLIAMS PKWY.,130,S,N,B,C,Y,NA,NA,15,NA,NA,NA,NA,NA,N,Y,3,0,4,4,A,-,03,22350,NA,N,A,C,A,B,H,-,A,D,0,NA,NA,NA,Y,Y,NA,A,01,0,1,3,0,0,0,0,0,0,-,-,32.964500427246094,-117.09512329101563,SAN DIEGO,SAN DIEGO,-117.09523010253906,32.96456527709961
90992849,2019,2019-07-23,9650,2019-03-08,0112,020588,NA,5,3,5,3782,0,1,1,NA,2,007,INTERSTATE 5 NORTHBOUND,MANCHESTER AVENUE,401,N,N,C,-,Y,NA,NA,5,NA,NA,NA,NA,NA,N,Y,1,1,1,2,A,-,01,23152,A,N,C,C,A,B,D,-,C,D,0,NA,NA,NA,NA,Y,Y,D,22,1,0,0,0,0,0,0,0,0,-,-,33.011680603027344,-117.26580810546876,SAN DIEGO,ENCINITAS,-117.26588439941406,33.0115966796875
90993058,2019,2019-05-21,9645,2019-05-14,1450,014692,NA,2,2,7,3711,0,1,3,NA,2,012,STATE ROUTE 52 E/B,REGENTS ROAD U/C,2112,E,N,A,-,Y,NA,NA,52,NA,NA,NA,NA,NA,E,N,4,0,1,2,A,-,03,22350,NA,N,C,C,A,A,H,-,A,D,0,NA,NA,NA,NA,Y,NA,A,01,0,0,1,0,0,0,0,0,0,-,-,32.844398498535156,-117.211669921875,SAN DIEGO,SAN DIEGO,-117.2116928100586,32.844451904296875
9099333,2020,2020-11-03,3709,2020-05-01,1732,NC0461,NA,5,5,5,3709,0,0,0,NA,0,024,MILE OF CARS WY,SOUTHPORT WY,4,W,N,A,-,N,NA,NA,NA,NA,NA,NA,NA,NA,NA,N,3,0,1,2,A,-,08,22107,NA,N,A,C,A,A,H,-,A,D,0,NA,NA,NA,NA,Y,NA,D,22,0,1,0,0,0,0,0,0,0,-,-,NA,NA,SAN DIEGO,NATIONAL CITY,-117.10591888427734,32.660789489746094
90994446,2019,2019-05-22,9680,2019-05-12,2305,021839,NA,7,3,9,3700,0,2,4,NA,1,026,SAN DIEGO ST,JAMACHA BLVD,0,NA,Y,B,-,N,NA,NA,NA,NA,NA,NA,NA,NA,NA,Y,3,0,2,2,A,-,12,21453,A,N,D,C,A,A,H,-,C,A,0,NA,NA,NA,NA,Y,NA,-,-,0,2,0,0,0,0,0,0,0,-,-,32.70825958251953,-116.98709869384766,SAN DIEGO,UNINCORPORATED,-116.98712921142578,32.708229064941406
9099584,2020,2020-10-30,3700,2020-05-06,1140,SH2439,NA,3,5,5,3713,0,0,0,NA,0,307,EAST VISTA WY,ANZA AV,20,E,N,A,-,N,NA,NA,NA,NA,NA,NA,NA,NA,NA,Y,4,0,1,2,A,-,08,22100,A,N,B,C,A,A,H,-,A,A,0,NA,NA,Y,NA,Y,NA,A,01,0,0,1,0,0,0,0,0,1,-,-,NA,NA,SAN DIEGO,VISTA,-117.23193359375,33.21110534667969
90996934,2019,2019-05-28,9680,2019-05-15,0649,015578,NA,3,1,9,3700,0,1,3,NA,2,028,SR-125 NORTHBOUND,JAMACHA RD.,1584,N,N,B,-,Y,NA,NA,125,NA,NA,NA,NA,NA,N,Y,3,0,1,2,A,-,03,22350,NA,N,C,C,A,A,H,-,A,D,0,NA,NA,Y,NA,Y,NA,C,02,0,1,0,0,0,0,0,0,1,-,-,32.71868133544922,-117.0144271850586,SAN DIEGO,UNINCORPORATED,-117.01445770263672,32.71868133544922
90997409,2019,2019-05-28,9680,2019-05-15,1555,019496,NA,3,2,5,3708,0,1,1,NA,2,081,I-8 W/B,JACKSON DR.,1200,W,N,A,-,Y,NA,NA,8,NA,NA,NA,NA,NA,W,Y,3,0,1,1,A,-,08,22107,NA,N,F,A,A,A,H,-,A,D,0,NA,NA,Y,NA,Y,NA,C,02,0,1,0,0,0,0,0,0,1,-,-,32.77281188964844,-117.01686096191406,SAN DIEGO,LA MESA,-117.01685333251952,32.772796630859375
90997775,2019,2019-05-29,9650,2019-05-24,2155,019766,NA,5,2,9,3700,0,1,3,NA,1,028,SR-76,EL SENDERO DR,675,W,N,A,-,Y,NA,NA,76,NA,NA,NA,NA,NA,NA,N,4,0,1,2,D,-,00,NA,NA,N,G,B,E,A,H,-,D,D,0,Y,NA,NA,NA,Y,NA,-,-,0,0,1,0,1,0,0,0,0,-,-,33.337520599365234,-117.00646209716795,SAN DIEGO,UNINCORPORATED,-117.0065460205078,33.33745574951172
90998902,2019,2019-05-30,9680,2019-05-17,2120,021944,NA,5,2,9,3700,0,1,3,NA,1,022,SR-54 (JAMACHA RD),CHASE AVE,220,W,N,A,-,Y,NA,NA,54,NA,NA,NA,NA,NA,NA,Y,3,0,2,3,A,-,03,22350,NA,N,C,C,A,A,H,-,C,D,0,NA,NA,NA,NA,Y,NA,A,01,0,2,0,0,0,0,0,0,0,-,-,32.76818084716797,-116.92797088623048,SAN DIEGO,UNINCORPORATED,-116.92789459228516,32.76818084716797
91001011,2019,2019-05-31,9650,2019-05-20,0900,018321,NA,1,1,9,3700,0,3,5,NA,2,006,LIVE OAK PARK RD,GUMTREE LN,509,N,N,B,-,N,NA,NA,NA,NA,NA,NA,NA,NA,NA,N,3,0,1,1,A,-,08,22107,NA,N,E,I,A,A,H,-,A,D,0,NA,NA,NA,NA,Y,NA,A,08,0,1,0,0,0,0,0,0,0,-,-,33.38991928100586,-117.20609283447266,SAN DIEGO,UNINCORPORATED,-117.20609283447266,33.3829231262207
91001931,2019,2019-06-03,9645,2019-05-22,1719,020939,NA,3,2,7,3711,0,1,1,NA,2,010,I-8 E/B,MISSION CITY PKWY O/C,1056,W,N,B,C,Y,NA,NA,8,NA,NA,NA,NA,NA,E,N,4,0,1,2,A,-,03,22350,NA,N,C,C,A,B,H,-,A,D,0,NA,NA,NA,NA,Y,NA,A,08,0,0,1,0,0,0,0,0,0,-,-,32.77640151977539,-117.12169647216795,SAN DIEGO,SAN DIEGO,-117.12171173095705,32.776424407958984
91003924,2019,2019-06-05,9680,2019-05-24,0722,016535,NA,5,1,9,3700,0,3,5,NA,2,002,HILLSDALE RD,CHASE AVE,242,W,N,A,-,N,NA,NA,NA,NA,NA,NA,NA,NA,NA,Y,3,0,1,2,A,-,11,21954,A,N,G,B,D,A,H,-,A,A,0,Y,NA,NA,NA,Y,NA,N,60,0,1,0,0,1,0,0,0,0,-,-,32.76206970214844,-116.92169189453124,SAN DIEGO,UNINCORPORATED,-116.92159271240234,32.76216125488281
91006688,2019,2019-06-10,9645,2019-05-23,1930,019241,NA,4,2,7,3711,0,1,1,NA,2,010,I-8 EASTBOUND,FAIRMONT AVENUE,1056,E,N,A,-,Y,NA,NA,8,NA,NA,NA,NA,NA,E,Y,3,0,1,2,A,-,07,21658,A,N,B,C,A,A,H,-,B,D,0,NA,NA,Y,NA,Y,NA,A,01,0,1,0,0,0,0,0,0,1,-,-,32.77949905395508,-117.0972137451172,SAN DIEGO,SAN DIEGO,-117.09723663330078,32.77965545654297
91007934,2019,2019-06-11,9645,2019-05-12,1638,021639,NA,7,2,6,3702,0,1,1,NA,2,001,I-5 SOUTHBOUND TO E ST.,E ST. O/C,500,N,N,A,-,Y,NA,NA,5,NA,NA,NA,R,NA,S,Y,4,0,1,1,A,-,01,23152,A,N,E,I,A,A,H,-,A,D,0,NA,NA,NA,NA,Y,Y,A,01,0,0,1,0,0,0,0,0,0,-,-,32.64033889770508,-117.10141754150392,SAN DIEGO,CHULA VISTA,-117.10141754150392,32.64033889770508
91008672,2019,2019-06-12,9680,2019-06-01,2330,021945,NA,6,3,9,3700,0,1,3,NA,2,028,SR-125 N/B,SPRING ST.,2112,S,N,A,-,Y,NA,NA,125,NA,NA,NA,NA,NA,N,Y,4,0,1,2,A,-,03,22350,NA,N,C,C,A,A,H,-,C,D,0,NA,NA,Y,NA,Y,NA,D,22,0,0,1,0,0,0,0,0,1,-,-,32.749168395996094,-117.01632690429688,SAN DIEGO,UNINCORPORATED,-117.01636505126952,32.74920654296875
91008819,2019,2019-06-12,9645,2019-06-01,1445,018146,NA,6,2,7,3711,0,1,1,NA,2,015,I-805 N/B,BALBOA AVE.,200,N,N,A,-,Y,NA,NA,805,NA,NA,NA,NA,NA,N,Y,4,0,1,1,A,-,03,22350,NA,N,F,A,A,A,H,-,A,D,0,NA,NA,Y,NA,Y,NA,C,02,0,0,1,0,0,0,0,0,1,-,-,32.82432174682617,-117.16368103027344,SAN DIEGO,SAN DIEGO,-117.163818359375,32.82423782348633
91009672,2019,2019-06-13,9680,2019-06-03,2115,021944,NA,1,2,9,3700,0,3,5,NA,2,001,BLOSSOM VALLEY RD,RED PONY LN,950,W,N,A,-,N,NA,NA,NA,NA,NA,NA,NA,NA,NA,Y,3,0,2,2,A,-,08,22107,NA,N,A,C,A,A,H,-,D,D,0,NA,NA,Y,NA,Y,NA,C,02,0,1,1,0,0,0,0,0,2,-,-,32.852901458740234,-116.86707305908205,SAN DIEGO,UNINCORPORATED,-116.86701965332033,32.85293197631836