CASE_ID,ACCIDENT_YEAR,PROC_DATE,JURIS,COLLISION_DATE,COLLISION_TIME,OFFICER_ID,REPORTING_DISTRICT,DAY_OF_WEEK,CHP_SHIFT,POPULATION,CNTY_CITY_LOC,SPECIAL_COND,BEAT_TYPE,CHP_BEAT_TYPE,CITY_DIVISION_LAPD,CHP_BEAT_CLASS,BEAT_NUMBER,PRIMARY_RD,SECONDARY_RD,DISTANCE,DIRECTION,INTERSECTION,WEATHER_1,WEATHER_2,STATE_HWY_IND,CALTRANS_COUNTY,CALTRANS_DISTRICT,STATE_ROUTE,ROUTE_SUFFIX,POSTMILE_PREFIX,POSTMILE,LOCATION_TYPE,RAMP_INTERSECTION,SIDE_OF_HWY,TOW_AWAY,COLLISION_SEVERITY,NUMBER_KILLED,NUMBER_INJURED,PARTY_COUNT,PRIMARY_COLL_FACTOR,PCF_CODE_OF_VIOL,PCF_VIOL_CATEGORY,PCF_VIOLATION,PCF_VIOL_SUBSECTION,HIT_AND_RUN,TYPE_OF_COLLISION,MVIW,PED_ACTION,ROAD_SURFACE,ROAD_COND_1,ROAD_COND_2,LIGHTING,CONTROL_DEVICE,CHP_ROAD_TYPE,PEDESTRIAN_ACCIDENT,BICYCLE_ACCIDENT,MOTORCYCLE_ACCIDENT,TRUCK_ACCIDENT,NOT_PRIVATE_PROPERTY,ALCOHOL_INVOLVED,STWD_VEHTYPE_AT_FAULT,CHP_VEHTYPE_AT_FAULT,COUNT_SEVERE_INJ,COUNT_VISIBLE_INJ,COUNT_COMPLAINT_PAIN,COUNT_PED_KILLED,COUNT_PED_INJURED,COUNT_BICYCLIST_KILLED,COUNT_BICYCLIST_INJURED,COUNT_MC_KILLED,COUNT_MC_INJURED,PRIMARY_RAMP,SECONDARY_RAMP,LATITUDE,LONGITUDE,COUNTY,CITY,POINT_X,POINT_Y
91312446,2020,2020-09-25,9680,2020-09-23,0550,016102,NA,3,3,9,3700,0,3,5,NA,2,003,SUNRISE HIGHWAY (S1),OLD HIGHWAY 80,12144,N,N,A,-,N,NA,NA,NA,NA,NA,NA,NA,NA,NA,Y,4,0,1,1,A,-,08,22107,NA,N,E,I,A,A,H,-,B,D,0,NA,NA,NA,NA,Y,NA,A,01,0,0,1,0,0,0,0,0,0,-,-,32.83498001098633,-116.49627685546876,SAN DIEGO,UNINCORPORATED,-116.51081085205078,32.81087875366211
9131386,2020,2020-09-28,3711,2020-07-11,1223,7633,NA,6,5,7,3711,0,0,0,NA,0,111,MOUNT ABERNATHY AV,CHANDLER DR,0,NA,Y,A,-,N,NA,NA,NA,NA,NA,NA,NA,NA,NA,N,4,0,1,2,A,-,09,21803,A,N,D,C,A,A,H,-,A,D,0,NA,NA,NA,NA,Y,NA,A,01,0,0,1,0,0,0,0,0,0,-,-,NA,NA,SAN DIEGO,SAN DIEGO,-117.17310333251952,32.8260383605957
9131547,2020,2020-10-01,3711,2020-07-23,1015,SD6564,NA,4,5,7,3711,0,0,0,NA,0,628,N UNIVERSITY AV,GOLDFINCH ST,0,NA,Y,A,-,N,NA,NA,NA,NA,NA,NA,NA,NA,NA,N,3,0,1,2,A,-,08,22107,NA,N,G,B,B,A,H,-,A,A,0,Y,NA,NA,NA,Y,NA,D,22,0,1,0,0,1,0,0,0,0,-,-,NA,NA,SAN DIEGO,SAN DIEGO,-117.17137908935548,32.74895095825195
91315864,2020,2020-10-01,9680,2020-09-24,0250,016415,NA,4,3,9,3700,0,1,3,NA,2,016,SR-67 S/B,WINTER GARDENS BLVD,1056,S,N,B,-,Y,NA,NA,67,NA,NA,NA,NA,NA,S,Y,3,0,3,1,A,-,08,22107,NA,N,E,I,A,A,H,-,D,D,0,NA,NA,NA,NA,Y,NA,A,07,0,2,1,0,0,0,0,0,0,-,-,32.85660171508789,-116.9376983642578,SAN DIEGO,UNINCORPORATED,-116.93768310546876,32.856536865234375
91316446,2020,2020-10-02,9680,2020-09-25,1750,019910,NA,5,2,9,3700,0,3,5,NA,2,001,LEMON CREST DR,WINTER GARDENS BLVD,110,W,N,A,-,N,NA,NA,NA,NA,NA,NA,NA,NA,NA,N,3,0,1,2,A,-,11,21954,A,N,G,B,D,A,H,-,A,D,0,Y,NA,NA,NA,Y,NA,N,60,0,1,0,0,1,0,0,0,0,-,-,32.849491119384766,-116.93155670166016,SAN DIEGO,UNINCORPORATED,-116.93144989013672,32.84941864013672
91317769,2020,2020-10-05,9650,2020-10-03,1825,020497,NA,6,2,5,3701,0,1,1,NA,2,005,I-5 N/B,TAMARACK AVE,3148,S,N,A,-,Y,NA,NA,5,NA,NA,NA,NA,NA,N,Y,4,0,1,1,A,-,08,22107,NA,N,E,I,A,A,H,-,A,D,0,NA,NA,NA,NA,Y,NA,A,01,0,0,1,0,0,0,0,0,0,-,-,33.14366912841797,-117.3336181640625,SAN DIEGO,CARLSBAD,-117.33338165283205,33.1436882019043
9131791,2020,2020-10-06,3711,2020-07-22,1044,SD6946,NA,3,5,7,3711,0,0,0,NA,0,611,BARNETT AV,TUSCALOOSA,47,E,N,A,-,N,NA,NA,NA,NA,NA,NA,NA,NA,NA,N,4,0,1,2,A,-,03,22350,NA,M,C,C,A,A,H,-,A,D,0,NA,NA,NA,NA,Y,NA,-,99,0,0,1,0,0,0,0,0,0,-,-,NA,NA,SAN DIEGO,SAN DIEGO,-117.20306396484376,32.744014739990234
9131799,2020,2020-10-06,3711,2020-07-27,2115,SD6011,NA,1,5,7,3711,0,0,0,NA,0,122,CASS ST,LORING ST,0,NA,Y,A,-,N,NA,NA,NA,NA,NA,NA,NA,NA,NA,Y,3,0,1,2,A,-,12,22450,A,N,D,C,A,A,H,-,C,A,0,NA,NA,NA,NA,Y,Y,A,01,0,1,0,0,0,0,0,0,0,-,-,NA,NA,SAN DIEGO,SAN DIEGO,-117.25440216064452,32.80580139160156
91319116,2020,2020-10-07,9645,2020-09-28,1225,015698,NA,1,1,9,3700,0,3,5,NA,2,018,BONITA RD. (3900 BLOCK),WILLOW ST,0,NA,N,A,-,N,NA,NA,NA,NA,NA,NA,NA,NA,NA,Y,2,0,2,2,A,-,09,21804,A,N,A,C,A,A,H,-,A,D,0,NA,NA,NA,NA,Y,NA,D,22,1,1,0,0,0,0,0,0,0,-,-,32.65732955932617,-117.04184722900392,SAN DIEGO,UNINCORPORATED,-117.04083251953124,32.65803909301758
91319117,2020,2020-10-07,9650,2020-09-30,1353,018041,NA,3,1,9,3700,0,3,5,NA,2,170,S. SANTA FE AVENUE,ROBELINI DR,310,W,N,A,-,N,NA,NA,NA,NA,NA,NA,NA,NA,NA,N,4,0,1,2,A,-,09,21804,A,N,D,C,A,A,H,-,A,D,0,NA,NA,Y,NA,Y,NA,D,22,0,0,1,0,0,0,0,0,1,-,-,33.174320220947266,-117.2104263305664,SAN DIEGO,UNINCORPORATED,-117.21023559570313,33.17427062988281
91320223,2020,2020-10-08,9645,2020-09-27,2146,021617,NA,7,2,7,3711,0,1,1,NA,2,009,I-805 NB,J STREET,420,S,N,A,-,Y,NA,NA,NA,NA,NA,NA,NA,NA,NA,Y,4,0,1,2,A,-,08,22107,NA,N,D,C,A,A,H,-,C,D,0,NA,NA,NA,NA,Y,NA,A,01,0,0,1,0,0,0,0,0,0,-,-,32.633399963378906,-117.0458984375,SAN DIEGO,SAN DIEGO,-117.04598236083984,32.63347625732422
9132103,2020,2020-09-12,3702,2020-06-05,1849,CV1120,NA,5,5,6,3702,0,0,0,NA,0,013,L ST,BROADWAY,2,E,N,A,-,N,NA,NA,NA,NA,NA,NA,NA,NA,NA,Y,3,0,2,2,A,-,08,22107,NA,N,A,C,A,A,H,-,B,A,0,NA,NA,NA,NA,Y,NA,A,01,0,1,1,0,0,0,0,0,0,-,-,NA,NA,SAN DIEGO,CHULA VISTA,-117.08407592773438,32.61716079711914
91321663,2020,2021-04-01,9680,2020-06-27,0633,020951,NA,6,1,9,3700,0,1,3,NA,1,040,STATE ROUTE 94,LITTLE TECATE ROAD,1045,E,N,B,-,Y,NA,NA,94,NA,NA,NA,NA,NA,NA,Y,1,1,2,2,A,-,05,21460,A,N,A,C,A,A,H,-,B,D,0,NA,NA,NA,NA,Y,Y,D,22,1,1,0,0,0,0,0,0,0,-,-,32.616920471191406,-116.73403167724608,SAN DIEGO,UNINCORPORATED,-116.73403930664063,32.6169548034668
91323512,2020,2020-10-14,9680,2020-10-04,2020,021994,NA,7,2,9,3700,0,1,1,NA,2,083,EASTBOUND INTERSTATE 8,OLDE HIGHWAY 80,2875,E,N,A,-,Y,NA,NA,8,NA,NA,NA,NA,NA,NA,Y,2,0,1,2,A,-,01,23152,A,N,B,C,A,A,H,-,D,D,0,NA,NA,NA,NA,Y,Y,A,01,1,0,0,0,0,0,0,0,0,-,-,32.85292053222656,-116.84387969970705,SAN DIEGO,UNINCORPORATED,-116.84387969970705,32.85292434692383
91324374,2020,2020-10-15,9650,2020-10-10,2230,021805,NA,6,3,6,3710,0,1,3,NA,2,015,SR-78 E/B TO EL CAMINO REAL,EL CAMINO REAL,25,W,N,A,-,Y,NA,NA,78,NA,NA,NA,R,NA,E,Y,4,0,2,2,A,-,01,23152,A,N,C,C,A,A,H,-,C,A,0,NA,NA,NA,NA,Y,Y,A,01,0,0,2,0,0,0,0,0,0,-,-,33.180938720703125,-117.32711029052734,SAN DIEGO,OCEANSIDE,-117.32711029052734,33.180938720703125
91325866,2020,2020-10-19,9650,2020-10-14,1932,016516,NA,3,2,9,3700,0,3,5,NA,1,160,GOPHER CANYON RD,LITTLE GOPHER CANYON RD,10,W,N,A,-,N,NA,NA,NA,NA,NA,NA,NA,NA,NA,Y,4,0,1,2,A,-,03,22350,NA,N,C,C,A,A,H,-,D,D,0,NA,NA,NA,NA,Y,NA,A,01,0,0,1,0,0,0,0,0,0,-,-,33.2571907043457,-117.21309661865234,SAN DIEGO,UNINCORPORATED,-117.21288299560548,33.25712585449219
91326183,2020,2020-10-19,9680,2020-10-08,2255,017928,NA,4,3,9,3700,0,2,4,NA,1,094,WILDCAT CANYON RD,LITTLE KLONDIKE RD,4224,S,N,A,-,N,NA,NA,NA,NA,NA,NA,NA,NA,NA,Y,3,0,1,1,A,-,03,22350,NA,N,F,A,A,A,H,-,D,D,0,NA,NA,Y,NA,Y,NA,C,02,0,1,0,0,0,0,0,0,1,-,-,32.98963928222656,-116.83074951171876,SAN DIEGO,UNINCORPORATED,-116.83074951171876,32.98963165283203
91327286,2020,2020-10-20,9650,2020-10-18,0649,015446,NA,7,1,9,3700,0,3,5,NA,2,231,BEAR VALLEY PARKWAY,BOYLE AVENUE,0,NA,Y,A,-,N,NA,NA,NA,NA,NA,NA,NA,NA,NA,Y,4,0,2,2,A,-,01,23152,A,N,D,C,A,A,H,-,A,A,0,NA,NA,NA,NA,Y,Y,A,01,0,0,2,0,0,0,0,0,0,-,-,33.12228012084961,-117.0478515625,SAN DIEGO,UNINCORPORATED,-117.04783630371094,33.12228012084961
91328580,2020,2020-10-21,9645,2020-10-16,0930,017723,NA,5,1,7,3711,0,1,1,NA,2,009,I-805 S/B TO 43RD ST.,43RD ST.,528,N,N,A,-,Y,NA,NA,NA,NA,NA,NA,NA,NA,NA,N,4,0,2,2,A,-,03,22350,NA,N,C,C,A,A,H,-,A,A,0,NA,NA,NA,NA,Y,NA,A,07,0,0,2,0,0,0,0,0,0,-,-,32.69160079956055,-117.1011962890625,SAN DIEGO,SAN DIEGO,NA,NA
91329410,2020,2020-10-22,9680,2020-10-12,1550,021353,NA,1,2,9,3700,0,2,4,NA,1,026,JAMACHA RD,SWEETWATER RD,0,NA,Y,A,-,N,NA,NA,NA,NA,NA,NA,NA,NA,NA,Y,4,0,1,2,A,-,12,21453,A,N,D,C,A,A,H,-,A,A,0,NA,NA,NA,NA,Y,NA,A,07,0,0,1,0,0,0,0,0,0,-,-,32.714839935302734,-117.01277160644533,SAN DIEGO,UNINCORPORATED,-117.0127182006836,32.714759826660156
91331321,2020,2020-10-26,9645,2020-10-18,1640,021359,NA,7,2,7,3711,0,1,1,NA,2,001,I-5 S/B TO SR-905,IRIS AVE,183,S,N,A,-,Y,NA,NA,5,NA,NA,NA,R,NA,S,Y,3,0,1,1,A,-,08,22107,NA,N,E,I,A,A,H,-,A,D,0,NA,NA,NA,NA,Y,NA,A,01,0,1,0,0,0,0,0,0,0,-,-,32.56800079345703,-117.07656860351563,SAN DIEGO,SAN DIEGO,-117.07656860351563,32.56800079345703
91333749,2020,2020-10-29,9645,2020-10-28,1550,016061,NA,3,2,7,3711,0,1,1,NA,2,030,I-15 N/B,H AVE.,300,S,N,A,-,Y,NA,NA,15,NA,NA,NA,NA,NA,N,Y,4,0,1,2,A,-,07,21658,A,N,C,C,A,A,H,-,A,D,0,NA,NA,NA,NA,Y,NA,A,07,0,0,1,0,0,0,0,0,0,-,-,32.85443115234375,-117.11382293701172,SAN DIEGO,SAN DIEGO,-117.11437225341795,32.85477828979492
91337050,2020,2020-11-02,9680,2020-10-23,0700,016102,NA,5,1,9,3700,0,1,1,NA,2,086,I-8E OFFRAMP TO SR-94 (RIBBONWOOD ROAD),STATE ROUTE 94 (SR-94) / RIBBONWOOD ROAD,0,NA,Y,A,-,Y,NA,NA,8,NA,NA,NA,R,NA,NA,Y,4,0,1,2,A,-,09,21802,A,N,D,C,A,A,H,-,A,A,0,NA,NA,NA,NA,Y,NA,E,22,0,0,1,0,0,0,0,0,0,-,-,32.676090240478516,-116.29100036621094,SAN DIEGO,UNINCORPORATED,-116.29100036621094,32.676090240478516
9133727,2020,2020-09-22,3711,2020-07-17,1728,SD7041,NA,5,5,7,3711,0,0,0,NA,0,831,CHAMOUNE AV,POLK AV,3,N,N,A,-,N,NA,NA,NA,NA,NA,NA,NA,NA,NA,N,4,0,1,2,A,-,09,21800,C,M,G,C,A,A,H,-,A,A,0,NA,NA,NA,NA,Y,NA,-,NA,0,0,1,0,0,0,0,0,0,-,-,NA,NA,SAN DIEGO,SAN DIEGO,-117.09654235839844,32.75138854980469
91339312,2020,2020-11-04,9680,2020-10-25,0535,022233,NA,7,3,9,3700,0,1,3,NA,1,052,SR-78,RANCHO SANTA TERESA DR,1584,E,N,A,-,Y,NA,NA,78,NA,NA,NA,NA,NA,NA,Y,3,0,1,1,A,-,03,22350,NA,N,F,A,A,A,H,-,B,D,0,NA,NA,NA,NA,Y,NA,D,22,0,1,0,0,0,0,0,0,0,-,-,33.08256149291992,-116.7949676513672,SAN DIEGO,UNINCORPORATED,-116.79496002197266,33.082550048828125
91339750,2020,2020-11-05,9680,2020-10-25,0155,019384,NA,7,3,5,3705,0,1,3,NA,2,028,SR-125 NORTHBOUND,NAVAJO ROAD,528,S,N,B,-,Y,NA,NA,125,NA,NA,NA,NA,NA,N,Y,3,0,2,2,A,-,01,23152,A,F,C,C,A,A,H,-,D,D,0,NA,NA,NA,NA,Y,Y,D,22,0,2,0,0,0,0,0,0,0,-,-,32.80044937133789,-117.00531005859376,SAN DIEGO,EL CAJON,-117.00536346435548,32.80044937133789
9134462,2020,2020-10-16,3711,2020-08-09,2130,SD7889,NA,7,5,7,3711,0,0,0,NA,0,722,DALISAY ST,INTERNATIONAL RD,0,NA,Y,A,-,N,NA,NA,NA,NA,NA,NA,NA,NA,NA,N,4,0,1,2,A,-,09,21802,A,N,D,C,A,A,H,-,C,A,0,NA,NA,NA,NA,Y,NA,D,22,0,0,1,0,0,0,0,0,0,-,-,NA,NA,SAN DIEGO,SAN DIEGO,-117.07543182373048,32.56217956542969
91345225,2020,2020-11-13,9650,2020-11-09,1725,016516,NA,1,2,9,3700,0,1,1,NA,2,022,I-15 N/B,MISSION RD,1725,N,N,A,-,Y,NA,NA,15,NA,NA,NA,NA,NA,N,Y,3,0,3,2,A,-,03,22350,NA,N,C,C,A,A,H,-,D,D,0,NA,NA,NA,NA,Y,NA,A,01,0,3,0,0,0,0,0,0,0,-,-,33.39249038696289,-117.17382049560548,SAN DIEGO,UNINCORPORATED,-117.1737823486328,33.392478942871094
91345470,2020,2020-11-16,9650,2020-11-07,0703,019227,NA,6,1,5,3712,0,1,3,NA,2,019,SR-78 E/B,LAS POSAS RD,1584,E,N,B,C,Y,NA,NA,78,NA,NA,NA,NA,NA,E,Y,3,0,1,1,A,-,03,22350,NA,N,E,I,A,B,H,-,A,D,0,NA,NA,NA,NA,Y,NA,A,01,0,1,0,0,0,0,0,0,0,-,-,33.14141845703125,-117.18650817871094,SAN DIEGO,SAN MARCOS,-117.1865234375,33.14137268066406
91345904,2020,2020-11-16,9650,2020-11-07,2340,021404,NA,6,3,9,3700,0,3,5,NA,2,213,PALA-TEMECULA RD,AROUBA RD,5280,S,N,B,-,N,NA,NA,NA,NA,NA,NA,NA,NA,NA,Y,4,0,1,1,A,-,08,22107,NA,N,E,I,A,B,H,-,D,D,0,NA,NA,NA,NA,Y,NA,A,01,0,0,1,0,0,0,0,0,0,-,-,33.39070129394531,-117.08467864990234,SAN DIEGO,UNINCORPORATED,-117.08465576171876,33.39070129394531
91346272,2020,2020-11-16,9645,2020-11-08,1625,020541,NA,7,2,7,3711,0,1,1,NA,2,011,SR-163 NB TO I-805 NB,AERO DR O/C,305,S,N,B,-,Y,NA,NA,163,NA,NA,NA,R,NA,N,Y,3,0,1,1,A,-,03,22350,NA,N,E,I,A,B,H,-,A,D,0,NA,NA,NA,NA,Y,NA,A,01,0,1,0,0,0,0,0,0,0,-,-,32.8100700378418,-117.15325927734376,SAN DIEGO,SAN DIEGO,-117.15325927734376,32.8100700378418
91346600,2020,2020-11-17,9645,2020-11-15,1220,016779,NA,7,1,7,3711,0,1,1,NA,2,011,I-805 (S/B),SR-15,1056,N,N,A,-,Y,NA,NA,805,NA,NA,NA,NA,NA,NA,Y,3,0,1,1,A,-,08,22107,NA,N,F,A,A,A,H,-,A,D,0,NA,NA,NA,NA,Y,NA,A,07,0,1,0,0,0,0,0,0,0,-,-,32.74300003051758,-117.11699676513672,SAN DIEGO,SAN DIEGO,-117.11740112304688,32.7426643371582
91348782,2020,2020-11-19,9680,2020-11-07,1730,021441,NA,6,2,5,3708,0,1,1,NA,2,081,I-8 W/B,JACKSON DR,68,E,N,C,-,Y,NA,NA,8,NA,NA,NA,NA,NA,W,Y,4,0,1,2,A,-,07,21658,A,M,C,C,A,B,H,-,C,D,0,NA,NA,NA,NA,Y,NA,-,99,0,0,1,0,0,0,0,0,0,-,-,32.77519989013672,-117.01059722900392,SAN DIEGO,LA MESA,-117.01061248779295,32.77523422241211
9134940,2020,2020-10-02,3711,2020-07-29,2005,SD1065,NA,3,5,7,3711,0,0,0,NA,0,233,LA CAMESA ST,LA TRUCHA ST,246,E,N,A,-,N,NA,NA,NA,NA,NA,NA,NA,NA,NA,N,3,0,1,1,B,-,22,NA,NA,N,H,-,A,A,H,-,D,-,0,NA,NA,Y,NA,Y,Y,O,05,0,1,0,0,0,0,0,0,1,-,-,NA,NA,SAN DIEGO,SAN DIEGO,-117.1383819580078,32.97636413574219
91350754,2020,2020-11-20,9680,2020-11-06,1705,021859,NA,5,2,9,3700,0,1,1,NA,2,082,I-8 E/B,2ND ST.,240,W,N,B,-,Y,NA,NA,NA,NA,NA,NA,NA,NA,NA,Y,3,0,4,4,A,-,03,22350,NA,F,C,C,A,A,H,-,D,D,0,NA,NA,NA,NA,Y,NA,D,22,0,1,3,0,0,0,0,0,0,-,-,32.80324172973633,-116.9365005493164,SAN DIEGO,UNINCORPORATED,NA,NA
91350831,2020,2020-11-23,9650,2020-11-14,0940,019270,NA,6,1,9,3700,0,3,5,NA,2,006,N. MAIN AVE,W. KALMIA ST,0,NA,Y,A,-,N,NA,NA,NA,NA,NA,NA,NA,NA,NA,N,3,0,1,2,A,-,09,21802,A,N,D,C,A,A,H,-,A,D,0,NA,NA,Y,NA,Y,NA,A,01,0,1,0,0,0,0,0,0,1,-,-,33.385520935058594,-117.25137329101563,SAN DIEGO,UNINCORPORATED,-117.2513427734375,33.3855094909668
91353787,2020,2020-11-25,9680,2020-11-16,0624,015578,NA,1,1,9,3700,0,1,3,NA,2,027,SR-94 WESTBOUND TO SR-125 SOUTHBOUND,SPRING ST.,528,W,N,A,-,Y,NA,NA,94,NA,NA,NA,R,NA,W,Y,4,0,1,1,A,-,08,22107,NA,N,E,I,A,A,H,-,A,D,0,NA,NA,NA,NA,Y,NA,A,01,0,0,1,0,0,0,0,0,0,-,-,32.75202178955078,-117.01393127441406,SAN DIEGO,UNINCORPORATED,-117.01393127441406,32.75202178955078
91355297,2020,2020-11-30,9645,2020-11-23,1710,016864,NA,1,2,7,3711,0,1,1,NA,2,015,I-805 S/B,GOVERNOR DRIVE,1584,N,N,A,-,Y,NA,NA,805,NA,NA,NA,NA,NA,S,N,3,0,1,4,A,-,03,22350,NA,N,C,C,A,A,H,-,C,D,0,NA,NA,NA,NA,Y,NA,A,01,0,1,0,0,0,0,0,0,0,-,-,32.86314010620117,-117.18871307373048,SAN DIEGO,SAN DIEGO,-117.18875122070313,32.86310577392578
91356124,2020,2020-12-01,9680,2020-11-17,1242,015660,NA,2,1,9,3700,0,3,5,NA,2,001,EL NOPAL,MOUNTAIN VIEW LANE,282,E,N,A,-,N,NA,NA,NA,NA,NA,NA,NA,NA,NA,N,3,0,1,1,A,-,03,22350,NA,N,F,A,A,A,H,-,A,A,0,NA,NA,Y,NA,Y,NA,C,02,0,1,0,0,0,0,0,0,1,-,-,32.863468170166016,-116.95540618896484,SAN DIEGO,UNINCORPORATED,-116.95556640625,32.86349868774414
91356176,2020,2020-12-01,9680,2020-11-16,1525,017011,NA,1,2,4,3720,0,1,3,NA,2,027,SR-94 W/B,COLLEGE GROVE WAY,678,E,N,A,-,Y,NA,NA,94,NA,NA,NA,NA,NA,W,Y,4,0,1,2,A,-,07,21658,A,F,B,C,A,A,H,-,A,D,0,NA,NA,NA,NA,Y,NA,A,07,0,0,1,0,0,0,0,0,0,-,-,32.736968994140625,-117.05583190917967,SAN DIEGO,LEMON GROVE,-117.05587768554688,32.73701477050781
91357693,2020,2020-12-02,9680,2020-11-19,1625,021994,NA,4,2,9,3700,0,1,1,NA,2,085,I-8 W/B,SR-79,14256,E,N,A,-,Y,NA,NA,8,NA,NA,NA,NA,NA,W,Y,4,0,3,2,A,-,03,22350,NA,N,C,C,A,A,H,-,B,D,0,NA,NA,NA,NA,Y,NA,D,22,0,0,3,0,0,0,0,0,0,-,-,32.820411682128906,-116.57945251464844,SAN DIEGO,UNINCORPORATED,-116.57945251464844,32.82038879394531
91358494,2020,2020-12-03,9680,2020-11-23,0350,018427,NA,1,3,5,3781,0,1,3,NA,2,015,SR-52 E/B,CUYAMACA ST,345,W,N,A,-,Y,NA,NA,52,NA,NA,NA,NA,NA,E,Y,4,0,1,1,A,-,08,22107,NA,N,F,A,A,A,H,-,C,D,0,NA,NA,NA,NA,Y,NA,A,01,0,0,1,0,0,0,0,0,0,-,-,32.833091735839844,-116.9851303100586,SAN DIEGO,SANTEE,-116.98511505126952,32.83316421508789
91358685,2020,2020-12-21,9645,2020-11-27,1738,021263,NA,5,2,7,3711,0,1,1,NA,2,010,INTERSTATE 8 WESTBOUND,MISSION CENTER ROAD,1875,E,N,A,-,Y,NA,NA,8,NA,NA,NA,NA,NA,W,Y,3,0,1,2,A,-,03,22350,NA,N,B,C,A,A,H,-,C,D,0,NA,NA,NA,NA,Y,NA,D,22,0,1,0,0,0,0,0,0,0,-,-,32.76818084716797,-117.14469909667967,SAN DIEGO,SAN DIEGO,-117.14470672607422,32.7681884765625
9135910,2020,2020-09-03,3711,2020-04-22,1805,SD7200,NA,3,5,7,3711,0,0,0,NA,0,122,INGRAHAM ST,REED AV,100,S,N,A,-,N,NA,NA,NA,NA,NA,NA,NA,NA,NA,Y,4,0,1,2,A,-,09,21804,A,N,D,C,A,A,H,-,A,D,0,NA,NA,NA,NA,Y,NA,A,01,0,0,1,0,0,0,0,0,0,-,-,NA,NA,SAN DIEGO,SAN DIEGO,-117.23958587646484,32.7956657409668
91359484,2020,2020-12-04,9680,2020-11-23,0135,021839,NA,1,3,9,3700,0,2,4,NA,1,026,JAMACHA BLVD,KEMPTON ST,399,W,N,A,-,N,NA,NA,NA,NA,NA,NA,NA,NA,NA,Y,2,0,3,2,A,-,01,23152,A,N,A,C,A,A,H,-,C,D,0,NA,NA,NA,NA,Y,Y,A,01,3,0,0,0,0,0,0,0,0,-,-,32.70772933959961,-117.00316619873048,SAN DIEGO,UNINCORPORATED,-117.00311279296876,32.70771408081055
91361277,2020,2020-12-08,9680,2020-11-27,1723,022224,NA,5,2,9,3700,0,1,3,NA,1,090,SR-67 N/B,WOOD ROCK LN,528,S,N,A,-,Y,NA,NA,67,NA,NA,NA,NA,NA,N,N,2,0,1,2,A,-,11,21954,A,N,G,B,D,A,H,-,D,D,0,Y,NA,NA,NA,Y,NA,N,60,1,0,0,0,1,0,0,0,0,-,-,33.009090423583984,-116.92211151123048,SAN DIEGO,UNINCORPORATED,-116.92211151123048,33.00910186767578
91362292,2020,2020-12-09,9680,2020-12-04,1410,016981,NA,5,2,9,3700,0,1,1,NA,2,084,I-8 E/B,TAVERN RD,2112,E,N,A,-,Y,NA,NA,8,NA,NA,NA,NA,NA,E,Y,4,0,1,2,A,-,03,22350,NA,N,C,A,A,A,H,-,A,D,0,NA,NA,NA,Y,Y,NA,A,01,0,0,1,0,0,0,0,0,0,-,-,32.839439392089844,-116.77100372314452,SAN DIEGO,UNINCORPORATED,-116.77099609375,32.8394660949707
91362430,2020,2020-12-10,9645,2020-12-09,0600,016156,NA,3,1,7,3711,0,1,1,NA,2,010,I-8 W/B,COLLEGE AVENUE,350,E,N,A,-,Y,NA,NA,8,NA,NA,NA,NA,NA,W,Y,4,0,1,3,A,-,07,21658,A,N,B,C,A,A,H,-,D,D,0,NA,NA,NA,NA,Y,NA,A,01,0,0,1,0,0,0,0,0,0,-,-,32.77946090698242,-117.06510162353516,SAN DIEGO,SAN DIEGO,-117.06510162353516,32.77951431274414
91366215,2020,2021-03-08,9680,2020-11-26,0525,021944,NA,4,3,9,3700,0,1,3,NA,2,028,SR-125 N/B,TROY ST,1584,S,N,A,-,Y,NA,NA,125,NA,NA,NA,NA,NA,N,Y,3,0,2,2,A,-,08,22107,NA,N,B,C,A,A,H,-,D,D,0,NA,NA,NA,NA,Y,NA,A,01,0,1,1,0,0,0,0,0,0,-,-,32.73210144042969,-117.01522064208984,SAN DIEGO,UNINCORPORATED,-117.01522827148438,32.73209762573242