CASE_ID,ACCIDENT_YEAR,PROC_DATE,JURIS,COLLISION_DATE,COLLISION_TIME,OFFICER_ID,REPORTING_DISTRICT,DAY_OF_WEEK,CHP_SHIFT,POPULATION,CNTY_CITY_LOC,SPECIAL_COND,BEAT_TYPE,CHP_BEAT_TYPE,CITY_DIVISION_LAPD,CHP_BEAT_CLASS,BEAT_NUMBER,PRIMARY_RD,SECONDARY_RD,DISTANCE,DIRECTION,INTERSECTION,WEATHER_1,WEATHER_2,STATE_HWY_IND,CALTRANS_COUNTY,CALTRANS_DISTRICT,STATE_ROUTE,ROUTE_SUFFIX,POSTMILE_PREFIX,POSTMILE,LOCATION_TYPE,RAMP_INTERSECTION,SIDE_OF_HWY,TOW_AWAY,COLLISION_SEVERITY,NUMBER_KILLED,NUMBER_INJURED,PARTY_COUNT,PRIMARY_COLL_FACTOR,PCF_CODE_OF_VIOL,PCF_VIOL_CATEGORY,PCF_VIOLATION,PCF_VIOL_SUBSECTION,HIT_AND_RUN,TYPE_OF_COLLISION,MVIW,PED_ACTION,ROAD_SURFACE,ROAD_COND_1,ROAD_COND_2,LIGHTING,CONTROL_DEVICE,CHP_ROAD_TYPE,PEDESTRIAN_ACCIDENT,BICYCLE_ACCIDENT,MOTORCYCLE_ACCIDENT,TRUCK_ACCIDENT,NOT_PRIVATE_PROPERTY,ALCOHOL_INVOLVED,STWD_VEHTYPE_AT_FAULT,CHP_VEHTYPE_AT_FAULT,COUNT_SEVERE_INJ,COUNT_VISIBLE_INJ,COUNT_COMPLAINT_PAIN,COUNT_PED_KILLED,COUNT_PED_INJURED,COUNT_BICYCLIST_KILLED,COUNT_BICYCLIST_INJURED,COUNT_MC_KILLED,COUNT_MC_INJURED,PRIMARY_RAMP,SECONDARY_RAMP,LATITUDE,LONGITUDE,COUNTY,CITY,POINT_X,POINT_Y
91898778,2022,2022-10-25,9645,2022-10-13,1552,018697,NA,4,2,7,3711,0,1,3,NA,2,025,STATE ROUTE 52 (E/B),INTERSTATE 805 (O/C),4000,E,N,B,-,Y,SD,NA,52,NA,NA,4.554,H,NA,R,Y,4,0,1,3,A,-,03,22350,NA,N,C,C,A,A,H,-,A,D,0,NA,NA,NA,NA,Y,NA,A,01,0,0,1,0,0,0,0,0,0,-,-,32.84286117553711,-117.16618347167967,SAN DIEGO,SAN DIEGO,-117.16615295410156,32.8428840637207
91899300,2022,2022-10-26,9650,2022-10-19,2135,014532,NA,3,2,5,3782,0,1,1,NA,2,007,I-5 SOUTHBOUND,LEUCADIA BLVD,1840,S,N,A,-,Y,NA,NA,NA,NA,NA,NA,NA,NA,NA,Y,3,0,1,1,A,-,08,22107,NA,N,E,I,A,A,H,-,C,D,0,NA,NA,NA,NA,Y,NA,A,01,0,1,0,0,0,0,0,0,0,-,-,33.19097900390625,-117.25852966308594,SAN DIEGO,ENCINITAS,-117.2908935546875,33.06022262573242
91900087,2022,2022-10-26,9680,2022-10-17,2125,022625,NA,1,2,4,3720,0,1,3,NA,2,027,SR-94 E/B,MASSACHUSETTS AVE OVERCROSS,160,W,N,A,-,Y,SD,NA,94,NA,NA,8.248,H,NA,R,Y,4,0,1,1,A,-,08,22107,NA,N,E,I,A,A,H,-,C,D,0,NA,NA,NA,NA,Y,NA,A,01,0,0,1,0,0,0,0,0,0,-,-,32.744590759277344,-117.04345703125,SAN DIEGO,LEMON GROVE,-117.04345703125,32.74474334716797
91901157,2022,2022-10-27,9645,2022-10-16,0540,017139,NA,7,3,7,3711,0,1,1,NA,2,027,I-15 N/B,FRIARS RD O/C,900,N,N,B,-,Y,SD,NA,15,NA,R,7.014,H,NA,R,N,4,0,1,3,A,-,08,22107,NA,N,B,C,A,A,H,-,C,D,0,NA,NA,NA,NA,Y,NA,A,01,0,0,1,0,0,0,0,0,0,-,-,32.79106903076172,-117.1127700805664,SAN DIEGO,SAN DIEGO,-117.11275482177734,32.79106521606445
91901335,2022,2022-10-27,9680,2022-10-17,1520,023077,NA,1,2,9,3700,0,1,3,NA,1,060,STATE ROUTE 94 (SR-94),TIERRA DEL SOL ROAD,2112,W,N,A,-,N,NA,NA,NA,NA,NA,NA,NA,NA,NA,Y,3,0,1,1,A,-,08,22107,NA,N,E,I,A,A,H,-,A,A,0,NA,NA,NA,NA,Y,NA,A,07,0,1,0,0,0,0,0,0,0,-,-,32.66419982910156,-116.32415008544922,SAN DIEGO,UNINCORPORATED,-116.32416534423828,32.664222717285156
9190468,2020,2020-12-09,3709,2020-11-17,1429,NC0450,NA,2,5,5,3709,0,0,0,NA,0,021,8TH ST,EUBANK LN,0,NA,Y,A,-,N,NA,NA,NA,NA,NA,NA,NA,NA,NA,Y,4,0,1,2,A,-,09,21806,A,N,B,C,A,A,H,-,A,A,0,NA,NA,NA,NA,Y,NA,A,01,0,0,1,0,0,0,0,0,0,-,-,NA,NA,SAN DIEGO,NATIONAL CITY,NA,NA
91905355,2022,2022-10-31,9650,2022-10-19,1215,017392,NA,3,1,5,3782,0,1,1,NA,2,007,I-5 S/B,LEUCADIA BLVD,528,S,N,A,-,Y,SD,NA,5,NA,R,42.424,H,NA,L,N,3,0,1,4,A,-,03,22350,NA,N,C,C,A,A,H,-,A,D,0,NA,NA,NA,NA,Y,NA,A,01,0,1,0,0,0,0,0,0,0,-,-,33.06106948852539,-117.29119110107422,SAN DIEGO,ENCINITAS,-117.29119110107422,33.06106948852539
91906679,2022,2022-11-01,9650,2022-10-23,1458,020774,NA,7,2,9,3700,0,1,1,NA,2,001,I-5 N/B,BEACH CLUB RD.,15840,S,N,A,-,Y,NA,NA,NA,NA,NA,NA,NA,NA,NA,N,4,0,3,3,A,-,03,22350,NA,N,C,C,A,A,H,-,A,D,0,NA,NA,NA,NA,Y,NA,A,07,0,0,3,0,0,0,0,0,0,-,-,33.335811614990234,-117.53337860107422,SAN DIEGO,UNINCORPORATED,-117.57695770263672,33.383209228515625
91907049,2022,2022-11-01,9645,2022-10-27,2150,020515,NA,4,2,7,3711,0,1,1,NA,2,010,I-8 E/B TO I-5 S/B,I-8 WESTBOUND TO CAMINO DEL RIO W,3,S,N,A,-,Y,NA,NA,NA,NA,NA,NA,NA,NA,NA,Y,3,0,1,1,A,-,08,22107,NA,N,E,I,A,A,H,-,D,D,0,NA,NA,NA,NA,Y,NA,A,07,0,1,0,0,0,0,0,0,0,-,-,32.75823974609375,-117.20413970947266,SAN DIEGO,SAN DIEGO,-117.20413970947266,32.75823974609375
91908943,2022,2022-11-03,9650,2022-10-29,0330,019549,NA,6,3,5,3712,0,1,3,NA,2,019,SR-78 W/B,NORDAHL RD,2000,W,N,A,-,Y,SD,NA,78,NA,NA,15.12,H,NA,L,Y,4,0,1,2,A,-,01,23152,A,N,B,C,A,A,H,-,D,D,0,NA,NA,NA,NA,Y,Y,A,01,0,0,1,0,0,0,0,0,0,-,-,33.13460159301758,-117.12721252441406,SAN DIEGO,SAN MARCOS,-117.12721252441406,33.13459014892578
91911086,2022,2023-02-07,9650,2022-10-30,1220,019346,NA,7,1,6,3710,0,1,1,NA,2,005,I-5 S/B,OCEANSIDE BLVD,1320,N,N,A,-,Y,SD,NA,5,NA,R,52.732,H,NA,L,Y,2,0,1,2,A,-,03,22350,NA,N,C,C,A,A,D,-,A,D,0,NA,NA,Y,NA,Y,NA,C,02,1,0,0,0,0,0,0,0,1,-,-,33.19527053833008,-117.36631011962892,SAN DIEGO,OCEANSIDE,-117.36649322509766,33.195159912109375
91914697,2022,2022-11-10,9680,2022-10-30,0940,019936,NA,7,1,9,3700,0,2,4,NA,1,013,WILDCAT CANYON RD,DUMP RD,80,N,N,A,-,N,NA,NA,NA,NA,NA,NA,NA,NA,NA,Y,4,0,1,1,A,-,08,22107,NA,N,F,A,A,A,H,-,A,D,0,NA,NA,Y,NA,Y,NA,C,02,0,0,1,0,0,0,0,0,1,-,-,32.94131851196289,-116.85711669921876,SAN DIEGO,UNINCORPORATED,-116.85773468017578,32.941341400146484
91914945,2022,2022-11-10,9645,2022-09-20,0935,017678,NA,2,1,7,3711,0,1,1,NA,2,010,I-8 W/B,WARING ROAD O/C,1500,W,N,A,-,Y,SD,NA,8,NA,NA,6.826,H,NA,L,N,4,0,1,2,A,-,03,22350,NA,N,C,C,A,A,H,-,A,D,0,NA,NA,NA,NA,Y,NA,D,22,0,0,1,0,0,0,0,0,0,-,-,32.780731201171875,-117.09205627441406,SAN DIEGO,SAN DIEGO,-117.09205627441406,32.780696868896484
91915320,2022,2022-11-10,9645,2022-10-07,1740,022765,NA,5,2,7,3711,0,1,1,NA,2,001,I-5 S/B,DAIRY MART RD,1200,S,N,B,-,Y,SD,NA,5,NA,NA,1.916,H,NA,L,Y,3,0,2,2,A,-,03,22350,NA,N,C,C,A,A,H,-,A,D,0,NA,NA,NA,NA,Y,NA,A,07,0,2,0,0,0,0,0,0,0,-,-,32.55583953857422,-117.05635833740234,SAN DIEGO,SAN DIEGO,-117.05632781982422,32.55588912963867
91915679,2022,2022-11-11,9650,2022-11-07,0652,020673,NA,1,1,6,3706,0,1,3,NA,2,019,SR-78 W/B,"NORDAHL RD,",1900,E,N,B,-,Y,SD,NA,78,NA,R,15.862,H,NA,L,Y,4,0,1,2,A,-,07,21658,A,N,C,C,A,B,H,-,A,A,0,NA,NA,Y,NA,Y,NA,A,01,0,0,1,0,0,0,0,0,1,-,-,33.12968826293945,-117.11569213867188,SAN DIEGO,ESCONDIDO,-117.11566925048828,33.12972640991211
91916800,2022,2022-11-14,9650,2022-10-31,1900,021404,NA,1,2,9,3700,0,2,4,NA,1,027,VALLEY CENTER RD,WOODS VALLEY RD,1056,N,N,A,-,N,NA,NA,NA,NA,NA,NA,NA,NA,NA,N,2,0,1,2,A,-,11,21954,A,N,G,B,D,A,H,-,D,D,0,Y,NA,NA,NA,Y,NA,N,60,1,0,0,0,1,0,0,0,0,-,-,33.20832061767578,-117.03372192382813,SAN DIEGO,UNINCORPORATED,-117.03455352783205,33.20793151855469
91917073,2022,2022-11-14,9645,2022-10-25,1853,022884,NA,2,2,7,3711,0,1,1,NA,2,010,I-8 E/B,MISSION CENTER RD,915,W,N,A,-,Y,SD,NA,8,NA,NA,2.845,H,NA,R,Y,4,0,2,2,A,-,03,22350,NA,N,C,C,A,A,H,-,C,D,0,NA,NA,NA,NA,Y,NA,A,01,0,0,2,0,0,0,0,0,0,-,-,32.764339447021484,-117.15685272216795,SAN DIEGO,SAN DIEGO,-117.15692138671876,32.76455307006836
91918406,2022,2022-11-15,9680,2022-11-02,0852,018672,NA,3,1,9,3700,0,1,3,NA,1,071,STATE ROUTE 79,SAN FELIPE ROAD,7920,E,N,B,-,Y,SD,NA,78,NA,NA,71.606,H,NA,R,Y,3,0,4,2,A,-,05,21460,A,N,B,C,A,B,H,-,A,A,0,NA,NA,NA,NA,Y,NA,A,07,0,3,1,0,0,0,0,0,0,-,-,33.10824966430664,-116.4507293701172,SAN DIEGO,UNINCORPORATED,-116.45059204101563,33.108158111572266
91919287,2022,2023-05-10,9680,2022-10-12,1445,021353,NA,3,2,9,3700,0,1,3,NA,2,027,SR-94 W/B,VIA MERCADO,1310,E,N,A,-,Y,SD,NA,94,NA,NA,14.031,H,NA,L,Y,4,0,2,3,A,-,07,21658,A,N,C,C,A,A,H,-,A,D,0,NA,NA,Y,NA,Y,NA,D,22,0,0,2,0,0,0,0,0,2,-,-,32.742950439453125,-116.95494842529295,SAN DIEGO,UNINCORPORATED,-116.95499420166016,32.74292755126953
91919347,2022,2022-11-16,9645,2022-11-08,0510,022814,NA,2,3,7,3711,0,1,1,NA,2,003,I-5 NORTHBOUND,28TH STREET,200,S,N,A,-,Y,SD,NA,5,NA,R,13.339,H,NA,R,Y,4,0,1,2,A,-,03,22350,NA,N,C,C,A,B,H,-,C,D,0,NA,NA,NA,NA,Y,NA,A,01,0,0,1,0,0,0,0,0,0,-,-,32.694801330566406,-117.13311004638672,SAN DIEGO,SAN DIEGO,-117.13308715820313,32.69483947753906
9192009,2020,2020-12-31,3711,2020-11-22,1100,SD7073,NA,7,5,7,3711,0,0,0,NA,0,123,PACIFIC HWY,SEA WORLD DR,430,E,N,A,-,N,NA,NA,NA,NA,NA,NA,NA,NA,NA,N,3,0,1,2,A,-,06,21750,NA,N,B,G,A,A,H,-,A,D,0,NA,Y,NA,NA,Y,NA,M,47,0,1,0,0,0,0,1,0,0,-,-,NA,NA,SAN DIEGO,SAN DIEGO,-117.207275390625,32.76676940917969
91920767,2022,2022-11-17,9645,2022-11-11,1237,018393,NA,5,1,7,3711,0,1,1,NA,2,011,I-805 N/B,I-8 U/C,1600,S,N,A,-,Y,SD,NA,805,NA,NA,17.329,H,NA,R,Y,4,0,1,2,A,-,03,22350,NA,N,C,C,A,A,H,-,A,D,0,NA,NA,NA,NA,Y,NA,A,01,0,0,1,0,0,0,0,0,0,-,-,32.76792907714844,-117.1290283203125,SAN DIEGO,SAN DIEGO,-117.12921142578124,32.767860412597656
91923166,2022,2022-11-21,9680,2022-11-08,2100,020500,NA,2,2,9,3700,0,1,3,NA,1,091,SR-78,RAMONA VIEW DR,100,E,N,B,C,Y,SD,NA,78,NA,NA,37.762,H,NA,R,N,4,0,1,1,A,-,03,22350,NA,F,E,I,A,B,H,-,D,D,0,NA,NA,NA,NA,Y,NA,A,01,0,0,1,0,0,0,0,0,0,-,-,33.04832077026367,-116.83495330810548,SAN DIEGO,UNINCORPORATED,-116.8349380493164,33.048343658447266
91923723,2022,2022-12-12,9650,2022-11-14,1554,022911,NA,1,2,6,3706,0,1,1,NA,2,023,I-15 N/B,SR-78,900,S,N,A,-,Y,SD,NA,15,NA,R,31.173,H,NA,R,N,4,0,1,3,A,-,03,22350,NA,N,C,C,A,A,H,-,A,D,0,NA,NA,NA,NA,Y,NA,A,01,0,0,1,0,0,0,0,0,0,-,-,33.12226867675781,-117.10267639160156,SAN DIEGO,ESCONDIDO,-117.10277557373048,33.12222671508789
91929641,2022,2022-11-29,9645,2022-11-15,1820,018646,NA,2,2,7,3711,0,1,3,NA,2,022,SR-56 E/B,I-15,1056,E,N,A,-,Y,SD,NA,56,NA,NA,9.415,H,NA,R,N,4,0,1,2,A,-,07,21658,A,N,C,C,A,A,H,-,D,D,0,NA,NA,NA,NA,Y,NA,D,22,0,0,1,0,0,0,0,0,0,-,-,32.96305847167969,-117.1001205444336,SAN DIEGO,SAN DIEGO,-117.10012817382813,32.96306610107422
9193225,2020,2021-01-30,3708,2020-11-24,1740,LM8294,NA,2,5,5,3708,0,0,0,NA,0,002,BANCROFT DR,SHIRLEY DR,135,N,N,A,-,N,NA,NA,NA,NA,NA,NA,NA,NA,NA,Y,4,0,1,2,A,-,03,22350,NA,N,C,-,A,A,H,-,C,D,0,NA,NA,NA,NA,Y,NA,A,01,0,0,1,0,0,0,0,0,0,-,-,NA,NA,SAN DIEGO,LA MESA,-117.00138854980467,32.77136993408203
91934537,2022,2022-12-05,9645,2022-11-23,1110,015494,NA,3,1,7,3711,0,1,1,NA,2,011,I-805 N/B,FRIARS RD UNDER CROSSING,300,N,N,A,-,Y,SD,NA,805,NA,NA,18.207,H,NA,R,Y,3,0,2,2,A,-,03,22350,NA,N,C,C,A,A,H,-,A,D,0,NA,NA,NA,NA,Y,NA,A,01,0,1,1,0,0,0,0,0,0,-,-,32.7789306640625,-117.136962890625,SAN DIEGO,SAN DIEGO,-117.13694763183594,32.77893829345703
91939558,2022,2022-12-12,9680,2022-11-30,1340,019910,NA,3,1,9,3700,0,2,4,NA,1,029,CAMPO RD,BANCROFT DR,20,W,N,A,-,N,NA,NA,NA,NA,NA,NA,NA,NA,NA,Y,3,0,2,2,A,-,08,22107,NA,N,A,C,A,A,H,-,A,A,0,NA,NA,NA,NA,Y,NA,A,01,0,1,1,0,0,0,0,0,0,-,-,32.751468658447266,-117.00163269042967,SAN DIEGO,UNINCORPORATED,-117.0015106201172,32.75140380859375
91944706,2022,2022-12-16,9680,2022-12-06,0840,019870,NA,2,1,9,3700,0,3,5,NA,2,002,S. BARCELONA ST,BUENA VISTA DR,100,N,N,A,-,N,NA,NA,NA,NA,NA,NA,NA,NA,NA,N,3,0,1,2,A,-,11,21954,A,N,G,B,D,A,H,-,A,D,0,Y,NA,NA,NA,Y,NA,N,60,0,1,0,0,1,0,0,0,0,-,-,32.74523162841797,-116.98184204101563,SAN DIEGO,UNINCORPORATED,-116.98188018798828,32.74514389038086
91946895,2022,2022-12-20,9680,2022-12-09,0450,020401,NA,5,3,9,3700,0,3,5,NA,2,003,OLDE HWY 80,SPRING VIEW CT,5,W,N,A,-,N,NA,NA,NA,NA,NA,NA,NA,NA,NA,Y,4,0,1,2,A,-,09,21801,A,N,D,C,A,A,H,-,C,D,0,NA,NA,NA,NA,Y,NA,A,07,0,0,1,0,0,0,0,0,0,-,-,32.84769058227539,-116.86900329589844,SAN DIEGO,UNINCORPORATED,-116.86886596679688,32.847679138183594
91947360,2022,2022-12-20,9650,2022-12-09,1435,021338,NA,5,2,5,3712,0,1,3,NA,2,019,SR-78 E/B,NORDAHL ROAD,1018,W,N,A,-,Y,SD,NA,78,NA,NA,15.28,H,NA,R,Y,4,0,2,3,A,-,08,22107,NA,F,B,C,A,A,H,-,A,D,0,NA,NA,NA,NA,Y,NA,A,08,0,0,2,0,0,0,0,0,0,-,-,33.13338088989258,-117.12461090087892,SAN DIEGO,SAN MARCOS,-117.12458801269533,33.133419036865234
9194904,2020,2021-01-14,3705,2020-11-19,1907,EC0361,NA,4,5,5,3705,0,0,0,NA,0,002,MAIN ST,2ND ST,263,W,N,A,-,N,NA,NA,NA,NA,NA,NA,NA,NA,NA,NA,3,0,1,2,A,-,11,21950,B,N,G,B,D,A,H,-,C,D,0,Y,NA,NA,NA,Y,NA,N,60,0,1,0,0,1,0,0,0,0,-,-,NA,NA,SAN DIEGO,EL CAJON,-116.93814849853516,32.7949333190918
9195441,2020,2021-02-03,3700,2020-11-21,1115,SH2126,NA,6,5,5,3713,0,0,0,NA,0,303,EAST VISTA WY,WARMLANDS AV,864,S,N,A,-,N,NA,NA,NA,NA,NA,NA,NA,NA,NA,Y,3,0,1,4,A,-,08,22107,NA,M,B,C,A,A,H,-,A,D,0,NA,NA,NA,NA,Y,NA,-,NA,0,1,0,0,0,0,0,0,0,-,-,NA,NA,SAN DIEGO,VISTA,-117.22617340087892,33.23085403442383
91954447,2022,2022-12-28,9645,2022-12-15,1730,019712,NA,4,2,7,3711,0,1,1,NA,2,019,I-15 N/B,BERNARDO CENTER RD.,468,S,N,B,-,Y,SD,NA,15,NA,M,22.655,H,NA,R,Y,4,0,1,3,A,-,03,22350,NA,N,C,C,A,A,H,-,D,D,0,NA,NA,NA,NA,Y,NA,A,08,0,0,1,0,0,0,0,0,0,-,-,33.00802993774414,-117.07994842529295,SAN DIEGO,SAN DIEGO,-117.08003997802734,33.00803756713867
91955689,2022,2023-07-24,9650,2022-11-03,2142,021500,NA,4,2,9,3700,0,3,5,NA,2,170,S. SANTA FE AVENUE,BUENA CREEK ROAD,195,E,N,A,-,N,NA,NA,NA,NA,NA,NA,NA,NA,NA,Y,1,1,0,1,A,-,01,23152,G,N,E,I,A,A,H,-,C,D,0,NA,NA,NA,NA,Y,Y,A,01,0,0,0,0,0,0,0,0,0,-,-,33.172969818115234,-117.20777130126952,SAN DIEGO,UNINCORPORATED,-117.20780181884766,33.172874450683594
91956700,2022,2022-12-30,9645,2022-12-20,1800,016137,NA,2,2,7,3711,0,1,1,NA,2,007,I-5 SOUTHBOUND,GILMAN DR U/C,750,N,N,A,-,N,NA,NA,NA,NA,NA,NA,NA,NA,NA,N,4,0,1,3,A,-,03,22350,NA,N,C,C,A,A,H,-,D,D,0,NA,NA,NA,NA,Y,NA,D,22,0,0,1,0,0,0,0,0,0,-,-,32.85118865966797,-117.23419189453124,SAN DIEGO,SAN DIEGO,-117.23423004150392,32.851219177246094
91958407,2022,2023-01-03,9645,2022-12-16,1820,022893,NA,5,2,7,3711,0,1,3,NA,2,002,SR-905 W/B,I-805,2112,E,N,A,-,Y,SD,NA,905,NA,NA,5.606,H,NA,L,Y,4,0,3,2,A,-,03,22350,NA,N,C,C,A,A,H,-,C,D,0,NA,NA,NA,NA,Y,NA,A,08,0,0,3,0,0,0,0,0,0,-,-,32.568450927734375,-117.03321075439452,SAN DIEGO,SAN DIEGO,-117.03321075439452,32.56827163696289
91958662,2022,2023-01-03,9650,2022-12-31,1520,021338,NA,6,2,9,3700,0,1,1,NA,2,021,I-15 N/B,OLD HIGHWAY 395,2534,N,N,B,-,Y,SD,NA,15,NA,R,43.744,H,NA,R,Y,3,0,1,2,A,-,08,22107,NA,N,D,C,A,A,H,-,A,D,0,NA,NA,NA,Y,Y,NA,A,01,0,1,0,0,0,0,0,0,0,-,-,33.29290008544922,-117.14935302734376,SAN DIEGO,UNINCORPORATED,-117.14934539794922,33.29290008544922
91959404,2022,2023-01-04,9650,2022-12-30,0443,020254,NA,5,3,9,3700,0,3,5,NA,2,070,EL CAMINO REAL,RANCHO REAL,217,S,N,B,-,N,NA,NA,NA,NA,NA,NA,NA,NA,NA,Y,2,0,1,2,A,-,01,23152,A,N,E,J,A,B,H,-,D,D,0,NA,NA,NA,NA,Y,Y,A,07,1,0,0,0,0,0,0,0,0,-,-,32.98672866821289,-117.22492218017578,SAN DIEGO,UNINCORPORATED,-117.22490692138672,32.98677062988281
9196021,2020,2021-02-06,3711,2020-11-20,1712,SD7508,NA,5,5,7,3711,0,0,0,NA,0,126,GENESEE AV,SCIENCE CENTER DR,0,NA,Y,A,-,NA,NA,NA,NA,NA,NA,NA,NA,NA,NA,N,3,0,1,1,B,-,22,NA,NA,N,H,A,A,A,H,-,C,A,0,NA,NA,Y,NA,Y,Y,C,02,0,1,0,0,0,0,0,0,1,-,-,NA,NA,SAN DIEGO,SAN DIEGO,-117.23354339599608,32.8892707824707
9196032,2020,2021-02-11,3711,2020-11-23,1359,SD7635,NA,1,5,7,3711,0,0,0,NA,0,623,FRIARS RD,RT 163,0,NA,Y,A,-,Y,SD,11,163,-,-,4.67,R,4,N,N,4,0,1,2,D,-,00,NA,NA,N,D,C,A,A,H,-,A,A,0,NA,NA,NA,NA,Y,NA,-,-,0,0,1,0,0,0,0,0,0,-,NO,NA,NA,SAN DIEGO,SAN DIEGO,-117.16169738769533,32.77589416503906
9196059,2020,2021-01-30,3711,2020-11-19,1300,SD1024,NA,4,5,7,3711,0,0,0,NA,0,115,NOBEL DR,JUDICIAL DR,0,NA,Y,A,-,N,NA,NA,NA,NA,NA,NA,NA,NA,NA,Y,3,0,3,2,A,-,22,23123,5,N,C,C,A,A,H,-,A,A,0,NA,NA,NA,NA,Y,NA,A,01,0,1,2,0,0,0,0,0,0,-,-,NA,NA,SAN DIEGO,SAN DIEGO,-117.19725799560548,32.867401123046875
9196063,2020,2021-01-27,3711,2020-11-24,1542,SD334,NA,2,5,7,3711,0,0,0,NA,0,436,CAHILL DR,GUTHRIE WY,50,E,N,A,-,N,NA,NA,NA,NA,NA,NA,NA,NA,NA,Y,4,0,1,2,A,-,08,22107,NA,N,A,E,A,A,H,-,A,D,0,NA,NA,NA,NA,Y,NA,A,01,0,0,1,0,0,0,0,0,0,-,-,NA,NA,SAN DIEGO,SAN DIEGO,-117.03840637207033,32.71000289916992
9196530,2020,2021-01-28,3711,2020-11-21,2125,SD1067,NA,6,5,7,3711,0,0,0,NA,0,114,CLAIREMONT MESA BL,DIANE AV,0,NA,Y,A,-,N,NA,NA,NA,NA,NA,NA,NA,NA,NA,N,4,0,1,1,A,-,08,22107,NA,N,E,J,A,A,H,-,C,D,0,NA,Y,NA,NA,Y,Y,L,04,0,0,1,0,0,0,1,0,0,-,-,NA,NA,SAN DIEGO,SAN DIEGO,-117.18704986572266,32.834529876708984
91966115,2022,2023-01-11,9680,2022-12-31,1420,021584,NA,6,2,9,3700,0,1,3,NA,1,051,STATE ROUTE 79,LOOKOUT ROAD,4224,S,N,A,-,Y,SD,NA,79,NA,NA,8.313,H,NA,R,Y,4,0,1,2,A,-,05,21460,A,N,A,C,A,A,H,-,A,D,0,NA,NA,NA,NA,Y,NA,A,01,0,0,1,0,0,0,0,0,0,-,-,32.94820022583008,-116.57836151123048,SAN DIEGO,UNINCORPORATED,-116.57830810546876,32.94820785522461
91967164,2023,2023-01-12,9645,2023-01-05,820,019054,NA,4,1,7,3711,0,1,1,NA,2,010,I-8 W/B TO I-5 S/B,I-5,140,W,N,B,C,Y,NA,NA,NA,NA,NA,NA,NA,NA,NA,N,3,0,1,1,A,-,03,22350,NA,N,E,I,A,B,H,-,A,D,0,NA,NA,NA,NA,Y,NA,D,22,0,1,0,0,0,0,0,0,0,-,-,32.7581901550293,-117.20427703857422,SAN DIEGO,SAN DIEGO,-117.20427703857422,32.7581901550293
91968075,2023,2023-01-13,9650,2023-01-07,455,021532,NA,6,3,9,3700,0,1,1,NA,2,003,SOUTHBOUND INTERSTATE 5,LAS PULGAS ROAD,9580,S,N,A,-,Y,SD,NA,5,NA,R,60.259,H,NA,R,Y,4,0,1,2,A,-,03,22350,NA,N,C,C,A,A,H,-,D,D,0,NA,NA,NA,NA,Y,NA,A,07,0,0,1,0,0,0,0,0,0,-,-,33.277320861816406,-117.44629669189452,SAN DIEGO,UNINCORPORATED,-117.44607543945313,33.27743911743164
91968182,2023,2023-01-13,9680,2023-01-01,1620,017401,NA,7,2,9,3700,0,1,3,NA,1,052,SR-78,WYNOLA RD,2640,E,N,B,D,Y,SD,NA,78,NA,NA,54.443,H,NA,R,N,4,0,1,1,A,-,03,22350,NA,N,E,I,A,C,H,-,D,D,0,NA,NA,NA,NA,Y,NA,A,07,0,0,1,0,0,0,0,0,0,-,-,33.091800689697266,-116.64608764648438,SAN DIEGO,UNINCORPORATED,-116.64605712890624,33.091800689697266
91972252,2022,2023-01-19,9645,2022-10-05,1915,019241,NA,3,2,6,3702,0,1,1,NA,2,009,I-805 SOUTHBOUND,PLAZA BLVD,27,S,N,A,-,Y,NA,NA,NA,NA,NA,NA,NA,NA,NA,N,3,0,2,3,A,-,17,21657,NA,M,D,G,A,A,A,-,C,A,0,NA,Y,NA,NA,Y,NA,L,04,0,1,1,0,0,0,1,0,0,-,-,32.67692184448242,-117.0852508544922,SAN DIEGO,CHULA VISTA,-117.08460235595705,32.6768798828125