CASE_ID,ACCIDENT_YEAR,PROC_DATE,JURIS,COLLISION_DATE,COLLISION_TIME,OFFICER_ID,REPORTING_DISTRICT,DAY_OF_WEEK,CHP_SHIFT,POPULATION,CNTY_CITY_LOC,SPECIAL_COND,BEAT_TYPE,CHP_BEAT_TYPE,CITY_DIVISION_LAPD,CHP_BEAT_CLASS,BEAT_NUMBER,PRIMARY_RD,SECONDARY_RD,DISTANCE,DIRECTION,INTERSECTION,WEATHER_1,WEATHER_2,STATE_HWY_IND,CALTRANS_COUNTY,CALTRANS_DISTRICT,STATE_ROUTE,ROUTE_SUFFIX,POSTMILE_PREFIX,POSTMILE,LOCATION_TYPE,RAMP_INTERSECTION,SIDE_OF_HWY,TOW_AWAY,COLLISION_SEVERITY,NUMBER_KILLED,NUMBER_INJURED,PARTY_COUNT,PRIMARY_COLL_FACTOR,PCF_CODE_OF_VIOL,PCF_VIOL_CATEGORY,PCF_VIOLATION,PCF_VIOL_SUBSECTION,HIT_AND_RUN,TYPE_OF_COLLISION,MVIW,PED_ACTION,ROAD_SURFACE,ROAD_COND_1,ROAD_COND_2,LIGHTING,CONTROL_DEVICE,CHP_ROAD_TYPE,PEDESTRIAN_ACCIDENT,BICYCLE_ACCIDENT,MOTORCYCLE_ACCIDENT,TRUCK_ACCIDENT,NOT_PRIVATE_PROPERTY,ALCOHOL_INVOLVED,STWD_VEHTYPE_AT_FAULT,CHP_VEHTYPE_AT_FAULT,COUNT_SEVERE_INJ,COUNT_VISIBLE_INJ,COUNT_COMPLAINT_PAIN,COUNT_PED_KILLED,COUNT_PED_INJURED,COUNT_BICYCLIST_KILLED,COUNT_BICYCLIST_INJURED,COUNT_MC_KILLED,COUNT_MC_INJURED,PRIMARY_RAMP,SECONDARY_RAMP,LATITUDE,LONGITUDE,COUNTY,CITY,POINT_X,POINT_Y
92302308,2024,2024-01-31,9645,2024-01-25,1725,022193,NA,4,2,7,3711,0,1,1,NA,2,011,I-805 S/B,SR-163,400,N,N,A,-,Y,SD,NA,805,NA,NA,20.692,H,NA,L,N,4,0,1,3,A,-,07,21658,A,N,B,C,A,A,H,-,B,D,0,NA,NA,Y,NA,Y,NA,A,01,0,0,1,0,0,0,0,0,1,-,-,32.809879302978516,-117.15383911132813,SAN DIEGO,SAN DIEGO,-117.15388488769533,32.80984878540039
92302700,2024,2024-02-01,9645,2024-01-26,1005,016766,NA,5,1,7,3711,0,1,1,NA,2,017,I-15 S/B,SR-56,200,S,N,A,-,Y,SD,NA,15,NA,M,19.433,H,NA,L,Y,4,0,1,2,A,-,07,21658,A,N,B,C,A,A,H,-,A,A,0,NA,NA,NA,Y,Y,NA,G,27,0,0,1,0,0,0,0,0,0,-,-,32.96424102783203,-117.09607696533205,SAN DIEGO,SAN DIEGO,-117.09603118896484,32.96421813964844
92303082,2024,2024-02-01,9645,2024-01-30,755,016156,NA,2,1,7,3711,0,1,1,NA,2,010,I-8 W/B,WARING ROAD,1320,W,N,A,-,Y,SD,NA,8,NA,NA,6.826,H,NA,L,Y,4,0,1,2,A,-,07,21658,A,N,C,C,A,A,H,-,A,D,0,NA,NA,Y,NA,Y,NA,A,08,0,0,1,0,0,0,0,0,1,-,-,32.7806510925293,-117.09204864501952,SAN DIEGO,SAN DIEGO,-117.09205627441406,32.780696868896484
92304997,2024,2024-02-05,9650,2024-01-26,255,020497,NA,5,3,9,3700,0,1,1,NA,2,001,I-5 S/B,LAS PULGAS RD,5389,N,N,A,-,Y,SD,NA,5,NA,R,63.11,H,NA,L,Y,3,0,1,3,A,-,03,22350,NA,N,C,C,F,A,H,-,D,D,0,Y,NA,NA,Y,Y,NA,G,27,0,1,0,0,1,0,0,0,0,-,-,33.309078216552734,-117.47737121582033,SAN DIEGO,UNINCORPORATED,-117.47733306884766,33.309112548828125
92306951,2024,2024-02-06,9645,2024-01-30,2213,018987,NA,2,3,7,3711,0,1,3,NA,2,020,SR-56 EASTBOUND,CARMEL VALLEY ROAD,3168,W,N,A,-,Y,SD,NA,56,NA,NA,2.524,H,NA,R,Y,2,0,1,1,A,-,08,22107,NA,N,E,I,A,A,H,-,D,D,0,NA,NA,NA,NA,Y,NA,A,01,1,0,0,0,0,0,0,0,0,-,-,32.94881820678711,-117.20352172851563,SAN DIEGO,SAN DIEGO,-117.20345306396484,32.9487190246582
92307244,2024,2024-02-06,9680,2024-01-26,1937,023234,NA,5,2,9,3700,0,2,4,NA,1,025,SWEETWATER RD,VALENCIA ST,487,S,N,A,-,N,NA,NA,NA,NA,NA,NA,NA,NA,NA,Y,4,0,1,2,A,-,08,22107,NA,N,D,C,A,A,H,-,C,D,0,NA,NA,NA,NA,Y,NA,A,01,0,0,1,0,0,0,0,0,0,-,-,32.73326110839844,-117.01457214355467,SAN DIEGO,UNINCORPORATED,-117.01448822021484,32.7332763671875
92308426,2023,2024-02-07,9680,2023-12-30,2155,023332,NA,6,2,4,3720,0,1,3,NA,2,028,SR-125 S/B,TROY ST,3168,N,N,A,-,Y,SD,NA,125,NA,NA,12.675,H,NA,L,Y,4,0,1,2,A,-,01,23152,A,M,C,2,A,A,H,-,C,D,0,NA,NA,NA,NA,Y,Y,D,22,0,0,1,0,0,0,0,0,0,-,-,32.74436950683594,-117.018310546875,SAN DIEGO,LEMON GROVE,-117.01836395263672,32.744346618652344
92308909,2024,2024-02-08,9680,2024-01-29,1815,020500,NA,1,2,9,3700,0,1,3,NA,1,090,SR-67 (MAIN ST),S. KALBAUGH ST,20,N,N,A,-,Y,SD,NA,67,NA,NA,22.789,H,NA,R,N,3,0,2,2,A,-,03,22350,NA,N,C,C,A,A,H,-,D,D,0,NA,NA,NA,NA,Y,NA,A,07,0,2,0,0,0,0,0,0,0,-,-,33.02751922607422,-116.890380859375,SAN DIEGO,UNINCORPORATED,-116.89031219482422,33.02745819091797
92308984,2024,2024-02-08,9680,2024-01-30,1745,016694,NA,2,2,9,3700,0,1,3,NA,2,016,SR-67,BRADLEY AVENUE,957,S,N,A,-,Y,SD,NA,67,NA,R,0.927,H,NA,R,Y,4,0,2,3,A,-,07,21658,A,N,C,C,A,A,H,-,C,D,0,NA,NA,NA,NA,Y,NA,A,01,0,0,2,0,0,0,0,0,0,-,-,32.816471099853516,-116.96115112304688,SAN DIEGO,UNINCORPORATED,-116.96084594726563,32.81640625
92309474,2024,2024-02-08,9680,2024-01-28,915,021441,NA,7,1,9,3700,0,1,3,NA,1,040,SR-94 (CAMPO ROAD),CAMPBELL RANCH ROAD,700,W,N,A,-,Y,SD,NA,94,NA,NA,28.495,H,NA,R,N,3,0,1,1,A,-,03,22350,NA,N,E,I,A,A,H,-,A,A,0,NA,NA,Y,NA,Y,NA,C,02,0,1,0,0,0,0,0,0,1,-,-,32.64228057861328,-116.7783432006836,SAN DIEGO,UNINCORPORATED,-116.77835083007813,32.6423225402832
92309546,2024,2024-02-08,9645,2024-02-03,1820,022765,NA,6,2,7,3711,0,1,3,NA,2,006,SR-94 E/B,32ND STREET U/C,873,E,N,B,-,Y,SD,NA,94,NA,NA,2.859,H,NA,R,Y,3,0,1,2,D,-,00,NA,NA,N,B,C,A,A,H,-,C,D,0,NA,NA,NA,NA,Y,NA,-,-,0,1,0,0,0,0,0,0,0,-,-,32.71546173095703,-117.1232681274414,SAN DIEGO,SAN DIEGO,-117.12327575683594,32.715476989746094
9231013,2021,2021-03-19,3705,2021-01-21,1435,EC0383,NA,4,5,5,3705,0,0,0,NA,0,003,NORTH 3RD ST,EAST MADISON AV,18,S,N,A,-,N,NA,NA,NA,NA,NA,NA,NA,NA,NA,NA,3,0,1,3,A,-,11,21954,A,N,G,B,D,A,H,-,A,D,0,Y,NA,NA,NA,Y,NA,N,60,0,1,0,0,1,0,0,0,0,-,-,NA,NA,SAN DIEGO,EL CAJON,-116.92692565917967,32.80012893676758
92313167,2024,2024-02-13,9680,2024-02-02,2120,023332,NA,5,2,9,3700,0,1,3,NA,1,024,SR-94 (CAMPO RD),PROCTOR VALLEY RD,370,E,N,A,-,Y,SD,NA,94,NA,NA,19.878,H,NA,R,N,4,0,1,3,A,-,01,23152,A,N,C,C,A,A,H,-,C,A,0,NA,NA,NA,NA,Y,Y,A,07,0,0,1,0,0,0,0,0,0,-,-,32.71669006347656,-116.87467193603516,SAN DIEGO,UNINCORPORATED,-116.87467193603516,32.71665573120117
92314229,2024,2024-02-14,9650,2024-02-03,313,022992,NA,6,3,9,3700,0,1,1,NA,2,021,I-15 SOUTHBOUND,SR-76,7445,S,N,A,-,Y,SD,NA,15,NA,R,45.069,H,NA,L,Y,4,0,1,1,A,-,01,23152,A,N,F,A,A,A,H,-,D,D,0,NA,NA,NA,NA,Y,Y,A,01,0,0,1,0,0,0,0,0,0,-,-,33.311981201171875,-117.15189361572266,SAN DIEGO,UNINCORPORATED,-117.1518783569336,33.31198501586914
92314812,2024,2024-02-15,9680,2024-02-03,2038,023240,NA,6,2,9,3700,0,3,5,NA,2,003,OLD HWY 80,PINE CREEK RD,528,E,N,A,-,N,NA,NA,NA,NA,NA,NA,NA,NA,NA,Y,4,0,1,1,A,-,08,22107,NA,N,F,A,A,A,A,-,D,D,0,NA,NA,NA,NA,Y,NA,D,22,0,0,1,0,0,0,0,0,0,-,-,32.83517074584961,-116.53498840332033,SAN DIEGO,UNINCORPORATED,NA,NA
92315041,2024,2024-02-15,9650,2024-02-06,1545,017328,NA,2,2,9,3700,0,1,1,NA,2,021,I-15 S/B,DULIN RD. U/C,475,S,N,B,-,Y,SD,NA,15,NA,R,45.85,H,NA,R,Y,4,0,1,1,A,-,08,22107,NA,N,E,8,A,A,H,-,A,D,0,NA,NA,NA,NA,Y,NA,D,22,0,0,1,0,0,0,0,0,0,-,-,33.32228088378906,-117.15741729736328,SAN DIEGO,UNINCORPORATED,-117.15744018554688,33.32227325439453
92318534,2024,2024-02-20,9645,2024-02-10,1345,022765,NA,6,1,7,3711,0,1,1,NA,2,009,I-805 S/B,MAIN STREET,75,S,N,A,-,Y,SD,NA,805,NA,NA,3.645,H,NA,L,Y,2,0,1,2,A,-,03,22350,NA,N,C,C,A,A,H,-,A,D,0,NA,NA,NA,NA,Y,NA,D,22,1,0,0,0,0,0,0,0,0,-,-,32.59450912475586,-117.03652954101563,SAN DIEGO,SAN DIEGO,-117.03646850585938,32.59450912475586
92318656,2024,2024-02-20,9680,2024-02-08,800,020682,NA,4,1,9,3700,0,1,1,NA,2,085,I-8 W/B,BUCKMAN SPRINGS ROAD,3696,W,N,B,-,Y,SD,NA,8,NA,R,48.159,H,NA,L,N,3,0,1,1,A,-,03,22350,NA,N,E,I,A,B,H,-,A,D,0,NA,NA,NA,NA,Y,NA,A,07,0,1,0,0,0,0,0,0,0,-,-,32.76972961425781,-116.48935699462892,SAN DIEGO,UNINCORPORATED,-116.48931121826172,32.769752502441406
92319172,2024,2024-02-21,9645,2024-02-11,1120,023628,NA,7,1,7,3711,0,1,1,NA,2,010,I-8 WB,COLLEGE AVE,1056,E,N,A,-,Y,SD,NA,8,NA,NA,8.582,H,NA,L,N,3,0,1,2,A,-,03,22350,NA,N,B,C,A,A,H,-,A,D,0,NA,NA,NA,NA,Y,NA,A,01,0,1,0,0,0,0,0,0,0,-,-,32.779109954833984,-117.06215667724608,SAN DIEGO,SAN DIEGO,-117.06215667724608,32.779109954833984
92319600,2024,2024-02-21,9680,2024-02-11,720,021441,NA,7,1,4,3720,0,1,3,NA,2,027,SR-94 E/B,COLLEGE AVE,1584,W,N,A,-,Y,SD,NA,94,NA,NA,7.432,H,NA,R,N,4,0,3,2,A,-,03,22350,NA,N,C,C,A,A,H,-,A,D,0,NA,NA,NA,NA,Y,NA,A,07,0,0,3,0,0,0,0,0,0,-,-,32.73830032348633,-117.0544204711914,SAN DIEGO,LEMON GROVE,-117.054443359375,32.73831558227539
92320249,2024,2024-02-22,9650,2024-02-13,1350,019426,NA,2,1,9,3700,0,3,5,NA,2,170,EAST VISTA WAY,OSBORNE ST,100,S,N,A,-,N,NA,NA,NA,NA,NA,NA,NA,NA,NA,N,4,0,3,2,A,-,03,22350,NA,N,C,C,A,A,H,-,A,D,0,NA,NA,NA,NA,Y,NA,A,07,0,0,3,0,0,0,0,0,0,-,-,33.237281799316406,-117.226318359375,SAN DIEGO,UNINCORPORATED,-117.22626495361328,33.23736572265625
92324106,2024,2024-02-27,9645,2024-02-15,808,018646,NA,4,1,6,3702,0,1,1,NA,2,009,I-805 S/B TO ORANGE AVENUE,E ORANGE AVENUE,1584,N,N,A,-,Y,SD,NA,805,NA,NA,4.549,H,NA,L,N,4,0,1,2,C,-,18,NA,NA,N,C,C,A,A,H,-,A,A,0,NA,NA,NA,NA,Y,NA,-,-,0,0,1,0,0,0,0,0,0,-,-,32.60770034790039,-117.03672790527344,SAN DIEGO,CHULA VISTA,-117.03648376464844,32.607704162597656
92324600,2024,2024-02-27,9680,2024-02-16,1620,022893,NA,5,2,9,3700,0,2,4,NA,2,072,MONTEZUMA VALLEY RD,PALM CANYON DR,22704,W,N,A,-,N,NA,NA,NA,NA,NA,NA,NA,NA,NA,Y,2,0,2,2,A,-,01,23152,A,N,B,C,A,A,H,-,A,A,0,NA,NA,NA,NA,Y,Y,D,22,1,0,1,0,0,0,0,0,0,-,-,33.221580505371094,-116.42037963867188,SAN DIEGO,UNINCORPORATED,-116.39940643310548,33.2564811706543
92325497,2024,2024-03-20,9650,2024-02-10,1420,022625,NA,6,2,9,3700,0,1,1,NA,2,021,I-15 N/B,SR-76,5280,S,N,A,-,Y,SD,NA,15,NA,R,45.599,H,NA,R,N,4,0,1,2,A,-,16,24002,A,N,H,A,A,A,H,-,A,D,0,NA,NA,Y,NA,Y,NA,A,01,0,0,1,0,0,0,0,0,1,-,-,33.319061279296875,-117.15537261962892,SAN DIEGO,UNINCORPORATED,-117.15557098388672,33.318973541259766
92325561,2024,2024-02-28,9650,2024-02-20,1100,019822,NA,2,1,6,3710,0,1,3,NA,2,015,SR-78 W/B,COLLEGE BLVD,1584,W,N,B,C,Y,SD,NA,78,NA,NA,3.116,H,NA,L,Y,3,0,1,1,A,-,03,22350,NA,N,E,I,A,B,H,-,A,D,0,NA,NA,NA,NA,Y,NA,A,01,0,1,0,0,0,0,0,0,0,-,-,33.182559967041016,-117.30001068115234,SAN DIEGO,OCEANSIDE,-117.30005645751952,33.18266677856445
92326629,2024,2024-02-29,9680,2024-02-20,1605,021441,NA,2,2,9,3700,0,1,3,NA,1,022,SR-54 (JAMACHA RD),SR-94 (CAMPO RD),225,E,N,B,C,Y,SD,NA,54,NA,T,11.054,H,NA,R,N,4,0,1,2,A,-,03,22350,NA,N,C,C,A,B,H,-,A,D,0,NA,NA,NA,NA,Y,NA,A,01,0,0,1,0,0,0,0,0,0,-,-,32.739498138427734,-116.94151306152344,SAN DIEGO,UNINCORPORATED,-116.94151306152344,32.739524841308594
92326893,2024,2024-02-29,9645,2024-02-03,1508,022845,NA,6,2,7,3711,0,1,1,NA,2,001,INTERSTATE 5 SB,H STREET,1353,S,N,A,-,Y,SD,NA,5,NA,NA,7.546,H,NA,L,Y,3,0,1,4,A,-,08,22107,NA,F,B,C,A,A,H,-,A,D,0,NA,NA,Y,NA,Y,NA,-,99,0,1,0,0,0,0,0,0,1,-,-,32.62548065185547,-117.09459686279295,SAN DIEGO,SAN DIEGO,-117.09453582763672,32.62549591064453
92330598,2023,2024-03-05,9680,2023-11-12,2010,021353,NA,7,2,5,3708,0,1,3,NA,2,028,SR-125 SB TO SPRING ST,SPRING ST,35,N,N,A,-,Y,NA,NA,NA,NA,NA,NA,NA,NA,NA,Y,4,0,2,2,A,-,01,23152,A,N,C,C,A,A,H,-,C,A,0,NA,NA,NA,NA,Y,Y,A,07,0,0,2,0,0,0,0,0,0,-,-,32.7542610168457,-117.01232147216795,SAN DIEGO,LA MESA,-117.01232147216795,32.7542610168457
92331341,2024,2024-03-06,9650,2024-02-26,1400,018496,NA,1,2,9,3700,0,3,5,NA,2,231,BEAR VALLEY PARKWAY,IDAHO AVE,0,NA,Y,B,C,N,NA,NA,NA,NA,NA,NA,NA,NA,NA,Y,4,0,4,2,A,-,03,22350,NA,N,C,C,A,B,H,-,A,A,0,NA,NA,NA,Y,Y,NA,F,27,0,0,4,0,0,0,0,0,0,-,-,33.115718841552734,-117.05016326904295,SAN DIEGO,UNINCORPORATED,-117.05033111572266,33.11595916748047
92333749,2024,2024-03-08,9645,2024-03-01,1350,023617,NA,5,1,7,3711,0,1,1,NA,2,010,I-8 W/B,COLLEGE AVENUE,3000,W,N,A,-,Y,SD,NA,8,NA,NA,7.764,H,NA,L,Y,2,0,1,2,A,-,01,23152,A,N,B,C,A,A,H,-,A,D,0,NA,NA,NA,NA,Y,Y,A,01,1,0,0,0,0,0,0,0,0,-,-,32.779571533203125,-117.07611083984376,SAN DIEGO,SAN DIEGO,-117.07610321044922,32.77960968017578
92335014,2024,2024-03-11,9645,2024-03-03,825,022243,NA,7,1,6,3702,0,1,1,NA,2,009,I -805 NB,BONITA ROAD,1500,N,N,C,-,Y,SD,NA,805,NA,NA,8.041,H,NA,R,Y,3,0,1,1,A,-,03,22350,NA,N,B,I,A,B,H,-,A,D,0,NA,NA,NA,NA,Y,NA,A,01,0,1,0,0,0,0,0,0,0,-,-,32.6497802734375,-117.06488800048828,SAN DIEGO,CHULA VISTA,-117.06480407714844,32.64992141723633
92335386,2024,2024-03-11,9645,2024-03-09,540,017723,NA,6,3,7,3711,0,1,1,NA,2,027,I-15 N/B TO TIERRASANTA BLVD,TIERRASANTA BLVD.,528,S,N,A,-,Y,NA,NA,NA,NA,NA,NA,NA,NA,NA,Y,4,0,1,1,A,-,08,22107,NA,N,E,I,A,A,H,-,A,D,0,NA,NA,NA,NA,Y,NA,A,01,0,0,1,0,0,0,0,0,0,-,-,32.8224983215332,-117.11389923095705,SAN DIEGO,SAN DIEGO,-117.11389923095705,32.8224983215332
92335440,2024,2024-03-12,9650,2024-02-29,1550,019979,NA,4,2,6,3710,0,1,1,NA,2,005,INTERSTATE 5 NORTHBOUND,OCEANSIDE BLVD,60,N,N,A,-,Y,SD,NA,5,NA,R,52.477,H,NA,R,Y,4,0,1,4,A,-,03,22350,NA,N,C,C,A,A,H,-,A,D,0,NA,NA,NA,NA,Y,NA,A,07,0,0,1,0,0,0,0,0,0,-,-,33.19232177734375,-117.3637237548828,SAN DIEGO,OCEANSIDE,-117.36378479003906,33.192283630371094
92337583,2024,2024-03-13,9645,2024-03-13,550,016156,NA,3,3,7,3711,0,1,3,NA,2,016,I-15 FROM SR-52 W/B,I-15 N/B,1742,E,N,B,-,Y,SD,NA,52,NA,NA,7.712,H,NA,L,Y,3,0,1,1,A,-,03,22350,NA,N,F,A,A,A,H,-,C,D,0,NA,NA,Y,NA,Y,NA,C,02,0,1,0,0,0,0,0,0,1,-,-,32.842159271240234,-117.1144790649414,SAN DIEGO,SAN DIEGO,-117.1144790649414,32.842018127441406
92337691,2024,2024-03-14,9650,2024-03-06,2145,020747,NA,3,2,5,3712,0,1,3,NA,2,019,SR-78 W/B,RANCHO SANTA FE RD,1000,W,N,C,-,Y,SD,NA,78,NA,NA,10.407,H,NA,L,Y,4,0,3,3,A,-,03,22350,NA,N,C,C,A,B,H,-,D,D,0,NA,NA,NA,NA,Y,NA,A,01,0,0,3,0,0,0,0,0,0,-,-,33.15230178833008,-117.20068359375,SAN DIEGO,SAN MARCOS,-117.20066833496094,33.15230941772461
92338099,2024,2024-03-14,9645,2024-02-02,1555,021231,NA,5,2,7,3711,0,1,3,NA,2,025,SR-163 N/B,CLAIREMONT MESA BLVD.,1000,N,N,B,-,Y,SD,NA,163,NA,NA,9.06,H,NA,R,Y,2,0,1,1,A,-,03,22350,NA,N,E,I,A,B,H,-,A,D,0,NA,NA,Y,NA,Y,NA,C,02,1,0,0,0,0,0,0,0,1,-,-,32.83531188964844,-117.13818359375,SAN DIEGO,SAN DIEGO,-117.1384048461914,32.83544921875
9233822,2021,2021-04-16,3711,2021-03-05,1110,SD1140,NA,5,5,7,3711,0,0,0,NA,0,124,PROSPECT ST,PROSPECT ST 811,26,N,N,A,-,N,NA,NA,NA,NA,NA,NA,NA,NA,NA,Y,4,0,1,3,A,-,17,22109,NA,N,C,C,A,A,H,-,A,D,0,NA,NA,NA,NA,Y,NA,A,01,0,0,1,0,0,0,0,0,0,-,-,NA,NA,SAN DIEGO,SAN DIEGO,-117.26976013183594,32.848270416259766
92341669,2024,2024-03-19,9645,2024-03-11,800,022243,NA,1,1,7,3711,0,1,1,NA,2,003,I-5 N/B TO SR-15 N/B,NATIONAL AVENUE,50,S,N,A,-,Y,SD,NA,15,NA,R,0.189,H,NA,R,Y,4,0,1,2,A,-,07,21658,A,N,C,C,A,A,H,-,A,D,0,NA,NA,Y,NA,Y,NA,A,07,0,0,1,0,0,0,0,0,1,-,-,32.69544982910156,-117.12071990966795,SAN DIEGO,SAN DIEGO,-117.12049865722656,32.69542694091797
9234194,2021,2021-03-29,3710,2021-02-09,0958,OC1501,NA,2,5,6,3710,0,0,0,NA,0,027,COLLEGE BL,AVENIDA DE LA PLATA,32,W,N,B,-,N,NA,NA,NA,NA,NA,NA,NA,NA,NA,N,4,0,1,1,A,-,08,22107,NA,N,E,I,A,A,H,-,A,D,0,NA,NA,NA,NA,Y,NA,A,01,0,0,1,0,0,0,0,0,0,-,-,NA,NA,SAN DIEGO,OCEANSIDE,-117.286865234375,33.21309280395508
92342106,2024,2024-03-19,9680,2024-03-07,1915,023102,NA,4,2,5,3705,0,1,1,NA,2,081,I-8 E/B,EL CAJON BLVD,1056,W,N,C,-,Y,SD,NA,8,NA,NA,13.425,H,NA,R,N,3,0,1,3,A,-,01,23152,A,N,C,C,A,B,H,-,E,D,0,NA,NA,NA,NA,Y,Y,A,01,0,1,0,0,0,0,0,0,0,-,-,32.77949905395508,-116.98387145996094,SAN DIEGO,EL CAJON,-116.98382568359376,32.77943420410156
92344827,2024,2024-03-22,9645,2024-03-21,754,019054,NA,4,1,7,3711,0,1,3,NA,2,012,SR-52 W/B,REGENTS ROAD,1000,W,N,A,-,Y,SD,NA,52,NA,NA,1.197,H,NA,L,Y,3,0,1,2,A,-,07,21658,A,N,B,C,A,A,H,-,A,D,0,NA,NA,Y,NA,Y,NA,A,01,0,1,0,0,0,0,0,0,1,-,-,32.8409309387207,-117.2202377319336,SAN DIEGO,SAN DIEGO,-117.2202377319336,32.84092712402344
9234707,2021,2021-04-12,3702,2021-02-17,1200,CV1363,NA,3,5,6,3702,0,0,0,NA,0,021,INDUSTRIAL AV,PALOMAR,0,NA,Y,A,-,N,NA,NA,NA,NA,NA,NA,NA,NA,NA,N,4,0,1,2,A,-,09,21453,B,N,D,G,A,A,H,-,A,A,0,NA,Y,NA,NA,Y,NA,A,01,0,0,1,0,0,0,1,0,0,-,-,NA,NA,SAN DIEGO,CHULA VISTA,-117.08563995361328,32.6039924621582
92348821,2024,2024-03-27,9650,2024-03-17,810,022851,NA,7,1,9,3700,0,1,3,NA,1,028,WOODS VALLEY RD,COOLWATER RANCH RD,643,E,N,A,-,N,NA,NA,NA,NA,NA,NA,NA,NA,NA,N,3,0,1,2,A,-,09,21801,A,N,A,G,A,A,H,-,A,D,0,NA,Y,NA,NA,Y,NA,A,01,0,1,0,0,0,0,1,0,0,-,-,33.205711364746094,-116.98265838623048,SAN DIEGO,UNINCORPORATED,-116.98927307128906,33.20386505126953
92349650,2024,2024-03-28,9645,2024-03-18,2125,023641,NA,1,2,7,3711,0,1,3,NA,2,006,SR-94 W/B,FEDERAL BLVD,2000,E,N,A,-,Y,SD,NA,94,NA,NA,6.398,H,NA,L,Y,3,0,2,2,A,-,03,22350,NA,N,C,2,A,A,H,-,D,D,0,NA,NA,NA,NA,Y,NA,A,01,0,1,1,0,0,0,0,0,0,-,-,32.72871017456055,-117.06773376464844,SAN DIEGO,SAN DIEGO,-117.06771087646484,32.728668212890625
9234970,2021,2021-03-30,3711,2021-02-24,2147,SD6445,NA,3,5,7,3711,0,0,0,NA,0,444,FEDERAL BL,FEDERAL BL  1100,0,NA,Y,A,-,N,NA,NA,NA,NA,NA,NA,NA,NA,NA,Y,3,0,5,5,A,-,03,22350,NA,N,H,I,F,A,H,-,C,A,0,Y,NA,NA,NA,Y,Y,A,01,0,5,0,0,4,0,0,0,0,-,-,NA,NA,SAN DIEGO,SAN DIEGO,NA,NA
9234995,2021,2021-03-30,3711,2021-02-23,1439,SD1251,NA,2,5,7,3711,0,0,0,NA,0,115,GOVERNOR DR,GULLSTRAND ST,39,W,N,A,-,N,NA,NA,NA,NA,NA,NA,NA,NA,NA,N,4,0,1,2,A,-,04,21703,NA,N,C,C,A,A,H,-,A,A,0,NA,NA,NA,NA,Y,NA,A,01,0,0,1,0,0,0,0,0,0,-,-,NA,NA,SAN DIEGO,SAN DIEGO,-117.19114685058594,32.85261154174805
9235054,2021,2021-03-26,3711,2021-02-26,1445,SD5342,NA,5,5,7,3711,0,0,0,NA,0,233,CARMEL MOUNTAIN RD,PASEO CARDIEL,0,NA,Y,A,-,N,NA,NA,NA,NA,NA,NA,NA,NA,NA,N,4,0,1,2,A,-,12,21453,A,M,B,C,A,A,H,-,A,A,0,NA,NA,NA,NA,Y,NA,-,99,0,0,1,0,0,0,0,0,0,-,-,NA,NA,SAN DIEGO,SAN DIEGO,-117.11357879638672,32.9608268737793
92350595,2024,2024-03-29,9650,2024-03-21,1555,017392,NA,4,2,5,3701,0,1,1,NA,2,005,I-5 N/B,CANNON RD,1056,S,N,A,-,Y,SD,NA,5,NA,R,47.74,H,NA,R,N,4,0,1,2,A,-,07,21658,A,N,B,C,A,A,H,-,A,A,0,NA,NA,NA,NA,Y,NA,A,01,0,0,1,0,0,0,0,0,0,-,-,33.131351470947266,-117.32752990722656,SAN DIEGO,CARLSBAD,-117.32745361328124,33.13138198852539
9235064,2021,2021-03-29,3711,2021-02-27,0858,SD1176,NA,6,5,7,3711,0,0,0,NA,0,233,AMARANTH ST,TEXANA ST,0,NA,Y,A,-,N,NA,NA,NA,NA,NA,NA,NA,NA,NA,Y,4,0,1,2,A,-,08,22107,NA,N,F,E,A,A,H,-,A,D,0,NA,NA,NA,NA,Y,NA,A,07,0,0,1,0,0,0,0,0,0,-,-,NA,NA,SAN DIEGO,SAN DIEGO,-117.13066864013672,32.94766616821289
92353122,2024,2024-04-02,9645,2024-03-21,1920,022507,NA,4,2,7,3711,0,1,1,NA,2,011,I-805 (NORTHBOUND),CAMINO DEL RIO S UNDERCROSSING,960,S,N,A,-,Y,SD,NA,805,NA,NA,17.369,H,NA,R,Y,4,0,1,1,A,-,03,22350,NA,N,F,0,A,A,H,-,B,D,0,NA,NA,NA,NA,Y,NA,A,01,0,0,1,0,0,0,0,0,0,-,-,32.76847839355469,-117.12924194335938,SAN DIEGO,SAN DIEGO,-117.12949371337892,32.76838302612305