CASE_ID,ACCIDENT_YEAR,PROC_DATE,JURIS,COLLISION_DATE,COLLISION_TIME,OFFICER_ID,REPORTING_DISTRICT,DAY_OF_WEEK,CHP_SHIFT,POPULATION,CNTY_CITY_LOC,SPECIAL_COND,BEAT_TYPE,CHP_BEAT_TYPE,CITY_DIVISION_LAPD,CHP_BEAT_CLASS,BEAT_NUMBER,PRIMARY_RD,SECONDARY_RD,DISTANCE,DIRECTION,INTERSECTION,WEATHER_1,WEATHER_2,STATE_HWY_IND,CALTRANS_COUNTY,CALTRANS_DISTRICT,STATE_ROUTE,ROUTE_SUFFIX,POSTMILE_PREFIX,POSTMILE,LOCATION_TYPE,RAMP_INTERSECTION,SIDE_OF_HWY,TOW_AWAY,COLLISION_SEVERITY,NUMBER_KILLED,NUMBER_INJURED,PARTY_COUNT,PRIMARY_COLL_FACTOR,PCF_CODE_OF_VIOL,PCF_VIOL_CATEGORY,PCF_VIOLATION,PCF_VIOL_SUBSECTION,HIT_AND_RUN,TYPE_OF_COLLISION,MVIW,PED_ACTION,ROAD_SURFACE,ROAD_COND_1,ROAD_COND_2,LIGHTING,CONTROL_DEVICE,CHP_ROAD_TYPE,PEDESTRIAN_ACCIDENT,BICYCLE_ACCIDENT,MOTORCYCLE_ACCIDENT,TRUCK_ACCIDENT,NOT_PRIVATE_PROPERTY,ALCOHOL_INVOLVED,STWD_VEHTYPE_AT_FAULT,CHP_VEHTYPE_AT_FAULT,COUNT_SEVERE_INJ,COUNT_VISIBLE_INJ,COUNT_COMPLAINT_PAIN,COUNT_PED_KILLED,COUNT_PED_INJURED,COUNT_BICYCLIST_KILLED,COUNT_BICYCLIST_INJURED,COUNT_MC_KILLED,COUNT_MC_INJURED,PRIMARY_RAMP,SECONDARY_RAMP,LATITUDE,LONGITUDE,COUNTY,CITY,POINT_X,POINT_Y
9239537,2021,2021-08-31,3710,2021-07-31,2310,OC1479,NA,6,5,6,3710,0,0,0,NA,0,014,RT 76,CANYON DR,200,W,N,A,-,Y,SD,11,76,-,R,1.12,H,-,E,Y,4,0,2,2,A,-,03,22350,NA,N,C,C,A,A,H,-,C,A,0,NA,NA,NA,NA,Y,NA,A,01,0,0,2,0,0,0,0,0,0,-,-,NA,NA,SAN DIEGO,OCEANSIDE,-117.36803436279295,33.212364196777344
9239585,2021,2021-05-20,3708,2021-03-04,1534,LM1259,NA,4,5,5,3708,0,0,0,NA,0,001,CINNABAR DR,MAPLE AV,32,W,N,A,-,N,NA,NA,NA,NA,NA,NA,NA,NA,NA,Y,3,0,2,2,A,-,01,23152,B,F,C,C,A,A,H,-,A,D,0,NA,NA,NA,NA,Y,Y,A,01,0,1,1,0,0,0,0,0,0,-,-,NA,NA,SAN DIEGO,LA MESA,-117.02664184570313,32.756629943847656
92396008,2024,2024-05-22,9645,2024-05-08,1700,022512,NA,3,2,7,3711,0,1,1,NA,2,021,STATE ROUTE 15 SOUTHBOUND,UNIVERSITY AVENUE,530,N,N,A,-,Y,SD,NA,15,NA,M,4.843,H,NA,L,Y,2,0,4,6,A,-,03,22350,NA,N,C,C,A,A,H,-,A,D,0,NA,NA,NA,Y,Y,NA,F,26,1,0,3,0,0,0,0,0,0,-,-,32.75136947631836,-117.10903930664063,SAN DIEGO,SAN DIEGO,-117.10899353027344,32.75136947631836
92396481,2024,2024-05-22,9645,2024-04-02,1530,019241,NA,2,2,7,3711,0,1,1,NA,2,001,I-5 SOUTHBOUND,CAMINO DE LA PLAZA,80,N,N,A,-,Y,SD,NA,5,NA,R,0.341,H,NA,L,N,4,0,1,2,A,-,03,22350,NA,N,C,C,A,A,H,-,A,D,0,NA,NA,NA,NA,Y,NA,A,07,0,0,1,0,0,0,0,0,0,-,-,32.544769287109375,-117.03302764892578,SAN DIEGO,SAN DIEGO,-117.03316497802734,32.54463195800781
9239712,2021,2021-03-24,3702,2021-02-23,1821,CV1263,NA,2,5,6,3702,0,0,0,NA,0,022,4TH AV,MOSS ST,0,NA,Y,A,-,N,NA,NA,NA,NA,NA,NA,NA,NA,NA,Y,4,0,2,2,A,-,09,21801,A,N,D,C,A,A,H,-,C,A,0,NA,NA,NA,NA,Y,NA,A,01,0,0,2,0,0,0,0,0,0,-,-,NA,NA,SAN DIEGO,CHULA VISTA,-117.07453918457033,32.61598205566406
92397498,2024,2024-05-23,9645,2024-05-22,1630,020180,NA,3,2,7,3711,0,1,3,NA,2,014,SR-52 W/B TO SR-163 S/B,SR-163 N/B,435,E,N,A,-,Y,NA,NA,NA,NA,NA,NA,NA,NA,NA,N,4,0,1,2,A,-,08,22107,NA,N,C,C,A,A,H,-,A,D,0,NA,NA,NA,NA,Y,NA,A,01,0,0,1,0,0,0,0,0,0,-,-,32.841949462890625,-117.13120269775392,SAN DIEGO,SAN DIEGO,-117.1318588256836,32.841434478759766
92398284,2024,2024-05-24,9645,2024-05-16,1905,017499,NA,4,2,7,3711,0,1,3,NA,2,006,SR-94 EASTBOUND,I-5 UC,150,E,N,A,-,Y,SD,NA,94,NA,NA,1.465,H,NA,R,N,4,0,1,2,A,-,11,21954,A,N,G,C,D,A,H,-,A,D,0,Y,NA,NA,NA,Y,NA,N,60,0,0,1,0,1,0,0,0,0,-,-,32.71297836303711,-117.14675903320313,SAN DIEGO,SAN DIEGO,-117.1467514038086,32.71294021606445
92398361,2024,2024-05-24,9645,2024-05-18,2346,022962,NA,6,3,7,3711,0,1,1,NA,2,009,INTERSTATE 805 NORTHBOUND,E. J. STREET,460,S,N,A,-,Y,SD,NA,805,NA,NA,6.416,H,NA,R,Y,4,0,1,2,A,-,03,22350,NA,F,C,C,A,A,H,-,D,D,0,NA,NA,NA,NA,Y,NA,-,99,0,0,1,0,0,0,0,0,0,-,-,32.63325881958008,-117.04591369628906,SAN DIEGO,SAN DIEGO,-117.04582977294922,32.63329315185547
92400229,2024,2024-05-28,9650,2024-05-14,617,017828,NA,2,1,9,3700,0,1,1,NA,2,001,I-5 N/B,LAS PULGAS RD,7392,S,N,B,-,Y,SD,NA,5,NA,R,60.637,H,NA,R,Y,4,0,1,1,A,-,08,22107,NA,N,F,A,A,A,H,-,A,D,0,NA,NA,Y,NA,Y,NA,C,02,0,0,1,0,0,0,0,0,1,-,-,33.28202819824219,-117.44965362548828,SAN DIEGO,UNINCORPORATED,-117.44959259033205,33.28206253051758
9240165,2021,2021-04-20,3705,2021-02-01,1807,EC0371,NA,1,5,5,3705,0,0,0,NA,0,004,E WASHINGTON AV,S MOLLISON AV,0,NA,Y,A,-,N,NA,NA,NA,NA,NA,NA,NA,NA,NA,NA,4,0,2,2,A,-,12,21453,A,N,D,C,A,-,H,-,C,A,0,NA,NA,NA,NA,Y,NA,A,01,0,0,2,0,0,0,0,0,0,-,-,NA,NA,SAN DIEGO,EL CAJON,-116.95095825195313,32.78763961791992
9240447,2021,2021-04-27,3710,2021-03-31,1720,OC1498,NA,3,5,6,3710,0,0,0,NA,0,022,RT 76,GUAJOME LAKE RD,36,E,N,A,-,Y,SD,11,76,-,R,7.19,H,-,W,N,4,0,2,2,A,-,03,22350,NA,N,C,C,A,A,H,-,A,A,0,NA,NA,NA,NA,Y,NA,D,22,0,0,2,0,0,0,0,0,0,-,-,NA,NA,SAN DIEGO,OCEANSIDE,-117.27413177490234,33.24855041503906
92405752,2024,2024-06-04,9650,2024-05-25,725,019979,NA,6,1,5,3701,0,1,1,NA,2,005,I-5 S/B,POINSETTIA AVE,900,S,N,A,-,Y,SD,NA,5,NA,R,44.726,H,NA,L,N,4,0,1,2,A,-,08,22107,NA,N,B,C,A,A,H,-,A,D,0,NA,NA,NA,NA,Y,NA,-,-,0,0,1,0,0,0,0,0,0,-,-,33.092491149902344,-117.30355834960938,SAN DIEGO,CARLSBAD,-117.30362701416016,33.09246063232422
92406516,2024,2024-06-05,9650,2024-05-28,1505,017328,NA,2,2,9,3700,0,2,4,NA,2,061,S. MISSION RD.,BEECH ST.,0,NA,Y,A,-,N,NA,NA,NA,NA,NA,NA,NA,NA,NA,Y,4,0,1,2,A,-,07,21658,A,N,B,C,A,A,H,-,A,D,0,NA,NA,NA,NA,Y,NA,A,01,0,0,1,0,0,0,0,0,0,-,-,33.378509521484375,-117.2536392211914,SAN DIEGO,UNINCORPORATED,-117.2536392211914,33.37846374511719
92406796,2024,2024-06-05,9645,2024-05-31,2227,022683,NA,5,3,7,3711,0,1,1,NA,2,009,I-805 S/B,SAN YSIDRO BOULEVARD,1554,N,N,A,-,Y,SD,NA,805,NA,NA,0.975,H,NA,L,N,3,0,1,1,A,-,03,22350,NA,N,E,I,A,A,H,-,C,D,0,NA,NA,Y,NA,Y,NA,C,02,0,1,0,0,0,0,0,0,1,-,-,32.55635070800781,-117.04247283935548,SAN DIEGO,SAN DIEGO,-117.04238128662108,32.556365966796875
92407105,2024,2024-06-05,9645,2024-06-02,1850,022729,NA,7,2,7,3711,0,3,5,NA,2,024,ALVA ROAD SB,MONTEREY RIDGE DRIVE,0,NA,Y,A,-,N,NA,NA,NA,NA,NA,NA,NA,NA,NA,Y,4,0,1,2,A,-,08,22107,NA,N,D,C,A,A,H,-,A,D,0,NA,NA,NA,NA,Y,NA,A,01,0,0,1,0,0,0,0,0,0,-,-,33.029048919677734,-117.10730743408205,SAN DIEGO,SAN DIEGO,-117.10729217529295,33.02907180786133
92408088,2024,2024-06-06,9645,2024-05-25,1610,023659,NA,6,2,7,3711,0,1,3,NA,2,008,SR-54 W/B,PLAZA BONITA CENTER WAY,792,W,N,B,-,Y,SD,NA,54,NA,NA,2.815,H,NA,L,Y,4,0,1,1,A,-,08,22107,NA,F,E,I,A,A,H,-,A,D,0,NA,NA,NA,NA,Y,NA,A,01,0,0,1,0,0,0,0,0,0,-,-,32.663978576660156,-117.0600814819336,SAN DIEGO,SAN DIEGO,-117.06007385253906,32.66395568847656
92410686,2024,2024-06-10,9645,2024-05-20,12,022845,NA,1,3,7,3711,0,1,1,NA,2,001,INTERSTATE-5 SOUTHBOUND,CAMINO DE LA PLAZA,216,S,N,A,-,Y,NA,NA,NA,NA,NA,NA,NA,NA,NA,Y,3,0,1,1,A,-,01,23152,A,N,E,I,A,A,H,-,C,D,0,NA,NA,NA,NA,Y,Y,A,01,0,1,0,0,0,0,0,0,0,-,-,32.54365921020508,-117.03221130371094,SAN DIEGO,SAN DIEGO,-117.03260040283205,32.543724060058594
9241095,2021,2021-03-27,3700,2021-02-10,1107,SH2558,NA,3,5,5,3712,0,0,0,NA,0,356,W MISSION BL,COMET CIRCLE,0,NA,Y,A,-,N,NA,NA,NA,NA,NA,NA,NA,NA,NA,Y,4,0,1,2,A,-,03,22350,NA,N,C,C,A,A,H,-,A,A,0,NA,NA,NA,NA,Y,NA,A,01,0,0,1,0,0,0,0,0,0,-,-,NA,NA,SAN DIEGO,SAN MARCOS,-117.1877212524414,33.148006439208984
92411811,2024,2024-06-11,9650,2024-06-01,1933,023467,NA,6,2,9,3700,0,1,3,NA,2,065,SR-76 E/B,OLD HIGHWAY 395,634,W,N,A,-,Y,SD,NA,76,NA,R,16.874,H,NA,R,N,3,0,1,2,A,-,03,22350,NA,N,C,C,A,A,H,-,B,A,0,NA,NA,NA,NA,Y,NA,A,01,0,1,0,0,0,0,0,0,0,-,-,33.32643127441406,-117.16413116455078,SAN DIEGO,UNINCORPORATED,-117.16413879394533,33.326438903808594
92413307,2024,2024-06-13,9680,2024-05-31,1910,023102,NA,5,2,9,3700,0,3,5,NA,2,002,TROY ST,CENTRAL AVE,0,NA,Y,A,-,N,NA,NA,NA,NA,NA,NA,NA,NA,NA,Y,4,0,2,2,A,-,09,21802,A,N,D,C,A,A,H,-,A,A,0,NA,NA,NA,NA,Y,NA,A,01,0,0,2,0,0,0,0,0,0,-,-,32.73664093017578,-117.01022338867188,SAN DIEGO,UNINCORPORATED,-117.01021575927734,32.7366828918457
92413749,2024,2024-06-13,9650,2024-06-08,2500,022403,NA,6,4,9,3700,0,3,5,NA,2,006,ROCK MOUNTAIN DR,GAVILAN MOUNTAIN DRD,1795,S,N,A,-,N,NA,NA,NA,NA,NA,NA,NA,NA,NA,Y,4,0,1,1,A,-,08,22107,NA,M,E,8,A,A,H,-,D,D,0,NA,NA,NA,NA,Y,NA,A,01,0,0,1,0,0,0,0,0,0,-,-,33.41373062133789,-117.23777770996094,SAN DIEGO,UNINCORPORATED,-117.23778533935548,33.41387939453125
92413858,2024,2024-06-13,9650,2024-06-09,1435,021992,NA,7,2,5,3701,0,1,1,NA,2,005,I-5 N/B,CARLSBAD VILLAGE DR,528,N,N,A,-,Y,SD,NA,5,NA,R,50.23,H,NA,R,N,4,0,1,2,A,-,07,21658,A,N,B,C,A,A,H,-,A,D,0,NA,NA,NA,NA,Y,NA,A,07,0,0,1,0,0,0,0,0,0,-,-,33.164859771728516,-117.34294128417967,SAN DIEGO,CARLSBAD,-117.34294128417967,33.164859771728516
92414223,2024,2024-06-13,9680,2024-06-01,1705,023298,NA,6,2,9,3700,0,2,4,NA,1,021,WILLOW GLEN DR,SR-54 (JAMACHA RD),395,E,N,A,-,N,NA,NA,NA,NA,NA,NA,NA,NA,NA,Y,4,0,1,2,A,-,09,21804,A,N,D,C,A,A,H,-,A,A,0,NA,NA,NA,NA,Y,NA,A,01,0,0,1,0,0,0,0,0,0,-,-,32.74399948120117,-116.92816925048828,SAN DIEGO,UNINCORPORATED,-116.92859649658205,32.74410629272461
9241610,2020,2021-04-14,3710,2020-02-24,1941,OC1351,NA,1,5,6,3710,0,0,0,NA,0,016,MISSION AV,EL CAMINO REAL,3,W,N,A,-,N,NA,NA,NA,NA,NA,NA,NA,NA,NA,N,2,0,1,2,A,-,10,21950,A,N,G,B,B,A,H,-,C,A,0,Y,NA,NA,NA,Y,Y,A,01,1,0,0,0,1,0,0,0,0,-,-,NA,NA,SAN DIEGO,OCEANSIDE,-117.33102416992188,33.225852966308594
92417307,2024,2024-06-18,9680,2024-06-06,500,014949,NA,4,3,9,3700,0,1,1,NA,2,086,I-8 W/B,CRESTWOOD ROAD,100,E,N,A,-,Y,SD,NA,8,NA,R,61.231,H,NA,L,Y,3,0,1,1,A,-,08,22107,NA,N,E,8,A,A,H,-,B,D,0,NA,NA,NA,NA,Y,NA,J,48,0,1,0,0,0,0,0,0,0,-,-,32.70555877685547,-116.3607177734375,SAN DIEGO,UNINCORPORATED,-116.36069488525392,32.70562744140625
92417521,2024,2024-06-18,9680,2024-06-06,1640,023846,NA,4,2,9,3700,0,3,5,NA,2,002,KENWOOD DR,BANCROFT DR,400,E,N,A,-,N,NA,NA,NA,NA,NA,NA,NA,NA,NA,N,4,0,1,2,A,-,08,22107,NA,N,D,C,A,A,H,-,A,D,0,NA,NA,NA,NA,Y,NA,A,01,0,0,1,0,0,0,0,0,0,-,-,32.74456024169922,-117.00216674804688,SAN DIEGO,UNINCORPORATED,-117.00221252441406,32.744529724121094
92421834,2024,2024-06-24,9680,2024-06-12,1640,019870,NA,3,2,9,3700,0,3,5,NA,2,002,HONEY SPRINGS ROAD,DEERHORN VALLEY ROAD,1056,S,N,A,-,N,NA,NA,NA,NA,NA,NA,NA,NA,NA,N,3,0,1,1,A,-,08,22107,NA,N,E,I,A,A,H,-,A,A,0,NA,NA,NA,NA,Y,NA,A,01,0,1,0,0,0,0,0,0,0,-,-,32.67626190185547,-116.7560577392578,SAN DIEGO,UNINCORPORATED,-116.7545166015625,32.676597595214844
92423383,2024,2024-06-25,9680,2024-06-13,1455,018801,NA,4,2,9,3700,0,1,3,NA,2,028,SR-125 S/B,MERRITT BOULEVARD OVERCROSSING,385,N,N,A,-,Y,SD,NA,125,NA,NA,14.195,H,NA,L,N,4,0,1,1,A,-,08,22107,NA,N,E,I,A,A,D,-,A,D,0,NA,NA,NA,NA,Y,NA,A,01,0,0,1,0,0,0,0,0,0,-,-,32.76055145263672,-117.00350189208984,SAN DIEGO,UNINCORPORATED,-117.0034408569336,32.7605094909668
92425347,2024,2024-06-27,9650,2024-06-19,945,019652,NA,3,1,5,3712,0,1,3,NA,2,019,SR-78 W/B,WOODLAND PKY,20,E,N,A,-,Y,SD,NA,78,NA,NA,14.261,H,NA,L,Y,3,0,1,1,A,-,08,22107,NA,N,F,A,A,A,H,-,A,D,0,NA,NA,NA,NA,Y,NA,-,-,0,1,0,0,0,0,0,0,0,-,-,33.13869857788086,-117.14092254638672,SAN DIEGO,SAN MARCOS,-117.14093780517578,33.138668060302734
92427285,2024,2024-07-01,9650,2024-06-22,700,022132,NA,6,1,9,3700,0,1,1,NA,2,021,I-15 N/B,EL NORTE PKY,105,N,N,A,-,Y,SD,NA,15,NA,R,33.557,H,NA,R,N,4,0,1,2,A,-,07,21658,A,N,C,C,A,A,H,-,B,D,0,NA,NA,NA,NA,Y,NA,A,07,0,0,1,0,0,0,0,0,0,-,-,33.15673065185547,-117.10399627685548,SAN DIEGO,UNINCORPORATED,-117.10398864746094,33.15673065185547
92427393,2024,2024-07-01,9645,2024-05-15,1640,021231,NA,3,2,7,3711,0,1,1,NA,2,027,I-15 S/B,BALBOA AVE.,500,S,N,B,-,Y,SD,NA,15,NA,R,9.7,H,NA,L,N,3,0,1,2,A,-,07,21658,A,M,B,C,A,A,H,-,A,D,0,NA,NA,NA,NA,Y,NA,A,01,0,1,0,0,0,0,0,0,0,-,-,32.829490661621094,-117.11820220947266,SAN DIEGO,SAN DIEGO,-117.11819458007813,32.829490661621094
92427521,2024,2024-07-01,9645,2024-06-18,1605,023088,NA,2,2,7,3711,0,1,1,NA,2,021,STATE ROUTE 15 N/B FROM MAIN STREET,INTERSTATE 5,193,W,N,A,-,Y,SD,NA,15,NA,NA,0.489,H,NA,R,N,4,0,1,2,A,-,03,22350,NA,N,C,C,A,A,H,-,D,D,0,NA,NA,NA,NA,Y,NA,D,22,0,0,1,0,0,0,0,0,0,-,-,32.69203186035156,-117.1220474243164,SAN DIEGO,SAN DIEGO,-117.12223815917967,32.692134857177734
92427900,2024,2024-07-02,9680,2024-06-19,1400,018697,NA,3,2,9,3700,0,1,1,NA,2,084,INTERSTATE 8 (E/B),EAST WILLOWS ROAD,3168,W,N,A,-,Y,SD,NA,8,NA,R,33.678,H,NA,R,Y,4,0,1,2,A,-,03,22350,NA,N,C,C,A,A,H,-,A,D,0,NA,NA,NA,NA,Y,NA,-,30,0,0,1,0,0,0,0,0,0,-,-,32.838558197021484,-116.69216918945313,SAN DIEGO,UNINCORPORATED,-116.69216918945313,32.83856964111328
92428262,2024,2024-07-02,9650,2024-06-24,1320,017952,NA,1,1,9,3700,0,1,1,NA,2,003,I-5 S/B,HARBOR DR,5808,N,N,A,-,Y,SD,NA,5,NA,R,55.492,H,NA,L,Y,3,0,3,4,A,-,03,22350,NA,N,C,C,A,A,H,-,A,D,0,NA,NA,NA,NA,Y,NA,A,01,0,3,0,0,0,0,0,0,0,-,-,33.22483825683594,-117.39488983154295,SAN DIEGO,UNINCORPORATED,-117.39492797851563,33.22480773925781
92428975,2024,2024-07-02,9645,2024-06-18,1410,017499,NA,2,2,5,3709,0,1,1,NA,2,009,I-805 NORTHBOUND,PLAZA BLVD,1056,N,N,A,-,Y,SD,NA,805,NA,NA,10.414,H,NA,R,Y,4,0,2,3,A,-,03,22350,NA,N,B,C,A,A,H,-,A,D,0,NA,NA,NA,NA,Y,NA,A,01,0,0,2,0,0,0,0,0,0,-,-,32.67884826660156,-117.0854034423828,SAN DIEGO,NATIONAL CITY,-117.08531951904295,32.67887878417969
92430204,2024,2024-07-03,9645,2024-07-01,1700,020180,NA,1,2,7,3711,0,1,3,NA,2,016,SR-52 E/B,MAST BLVD,4224,W,N,A,-,Y,SD,NA,52,NA,NA,12.417,H,NA,R,N,4,0,1,3,A,-,03,22350,NA,N,C,C,A,A,H,-,A,D,0,NA,NA,NA,NA,Y,NA,A,01,0,0,1,0,0,0,0,0,0,-,-,32.85129928588867,-117.03854370117188,SAN DIEGO,SAN DIEGO,-117.0385513305664,32.851253509521484
92430307,2024,2024-07-03,9680,2024-06-21,1220,018697,NA,5,1,9,3700,0,1,1,NA,2,081,INTERSTATE 8 (E/B) TO JOHNSON AVENUE,JOHNSON AVENUE,200,W,N,A,-,Y,SD,NA,8,NA,NA,15.252,H,NA,R,Y,4,0,1,2,A,-,03,22350,NA,N,C,C,A,A,H,-,A,A,0,NA,NA,NA,NA,Y,NA,A,01,0,0,1,0,0,0,0,0,0,-,-,32.802268981933594,-116.97181701660156,SAN DIEGO,UNINCORPORATED,-116.971923828125,32.802513122558594
92430933,2024,2024-07-04,9680,2024-06-22,1805,023086,NA,6,2,9,3700,0,3,5,NA,2,002,DALE AVENUE,KENWOOD DRIVE,86,E,N,A,-,N,NA,NA,NA,NA,NA,NA,NA,NA,NA,Y,4,0,1,2,A,-,08,22107,NA,N,B,C,A,A,H,-,A,D,0,NA,NA,NA,NA,Y,NA,A,01,0,0,1,0,0,0,0,0,0,-,-,32.74557113647461,-116.99051666259766,SAN DIEGO,UNINCORPORATED,-116.99061584472656,32.74559783935547
92431375,2024,2024-07-05,9650,2024-07-01,2053,021844,NA,1,2,9,3700,0,2,4,NA,2,061,SOUTH MISSION RD,AMMUNITION RD,0,NA,Y,A,-,N,NA,NA,NA,NA,NA,NA,NA,NA,NA,Y,3,0,4,2,A,-,01,23152,A,N,D,C,A,A,H,-,C,A,0,NA,NA,NA,NA,Y,Y,A,01,0,2,2,0,0,0,0,0,0,-,-,33.37118148803711,-117.25244140625,SAN DIEGO,UNINCORPORATED,-117.25230407714844,33.37112808227539
92431450,2024,2024-07-05,9645,2024-06-23,1005,022814,NA,7,1,9,3700,0,3,5,NA,2,018,CENTRAL AVENUE,BONITA ROAD,180,N,N,A,-,N,NA,NA,NA,NA,NA,NA,NA,NA,NA,N,4,0,1,1,D,-,00,NA,NA,N,F,I,A,A,H,-,A,D,0,NA,Y,NA,NA,Y,NA,-,-,0,0,1,0,0,0,1,0,0,-,-,32.66851043701172,-117.02365112304688,SAN DIEGO,UNINCORPORATED,-117.02238464355467,32.668880462646484
92431777,2024,2024-07-05,9680,2024-06-24,1755,022554,NA,1,2,9,3700,0,1,3,NA,1,090,MAIN STREET,15TH STREET,0,NA,Y,A,-,Y,SD,NA,67,NA,NA,23.836,H,NA,R,N,3,0,1,2,A,-,03,22350,NA,N,D,C,A,A,H,-,A,A,0,NA,NA,Y,NA,Y,NA,C,02,0,1,0,0,0,0,0,0,1,-,-,33.037559509277344,-116.87650299072266,SAN DIEGO,UNINCORPORATED,-116.87652587890624,33.03759002685547
9243204,2021,2021-05-04,3711,2021-04-03,2130,SD7829,NA,6,5,7,3711,0,0,0,NA,0,315,FRAZEE RD,RALPHA CENTER DRWY,0,NA,Y,A,-,N,NA,NA,NA,NA,NA,NA,NA,NA,NA,N,3,0,1,2,A,-,11,21954,A,N,G,B,D,A,H,-,C,A,0,Y,NA,NA,NA,Y,NA,N,60,0,1,0,0,1,0,0,0,0,-,-,NA,NA,SAN DIEGO,SAN DIEGO,NA,NA
92433100,2024,2024-07-08,9645,2024-05-06,305,023659,NA,1,3,7,3711,0,1,1,NA,2,030,I-15 NORTHBOUND,CARROL CANYON ROAD,2323,S,N,A,-,Y,SD,NA,15,NA,M,14.554,H,NA,R,N,2,0,1,2,A,-,03,22350,NA,F,G,B,E,A,H,-,C,D,0,Y,NA,NA,NA,Y,Y,-,99,1,0,0,0,1,0,0,0,0,-,-,32.89698028564453,-117.11618041992188,SAN DIEGO,SAN DIEGO,-117.11597442626952,32.89701843261719
92434376,2024,2024-07-09,9645,2024-06-28,1540,022193,NA,5,2,7,3711,0,1,1,NA,2,017,I-15 N/B FROM CARROLL CANYON ROAD,CARROLL CANYON ROAD,300,N,N,A,-,Y,SD,NA,15,NA,M,15.116,H,NA,R,Y,4,0,2,2,A,-,03,22350,NA,N,C,C,A,A,H,-,A,A,0,NA,NA,NA,NA,Y,NA,A,07,0,0,2,0,0,0,0,0,0,-,-,32.9051399230957,-117.11588287353516,SAN DIEGO,SAN DIEGO,-117.11615753173828,32.905147552490234
92434810,2024,2024-08-14,9650,2024-07-01,1650,018496,NA,1,2,9,3700,0,3,5,NA,2,230,BERNARDO AVENUE,GAMBLE LN,0,NA,Y,A,-,N,NA,NA,NA,NA,NA,NA,NA,NA,NA,Y,3,0,1,2,A,-,09,21803,A,N,D,C,A,A,H,-,A,A,0,NA,NA,NA,NA,Y,NA,A,01,0,1,0,0,0,0,0,0,0,-,-,33.093589782714844,-117.08853912353516,SAN DIEGO,UNINCORPORATED,-117.08853149414063,33.09356689453125
92436065,2024,2024-07-11,9645,2024-06-30,1050,022243,NA,7,1,7,3711,0,1,1,NA,2,005,I-5  S/B,SEA WORLD DR,1750,N,N,A,-,Y,SD,NA,5,NA,R,21.157,H,NA,L,Y,4,0,2,2,A,-,03,22350,NA,N,C,C,A,A,H,-,A,D,0,NA,NA,NA,NA,Y,NA,A,01,0,0,2,0,0,0,0,0,0,-,-,32.77473068237305,-117.2080078125,SAN DIEGO,SAN DIEGO,-117.2079849243164,32.77473449707031
92437656,2024,2024-07-12,9650,2024-07-05,1435,022625,NA,5,2,9,3700,0,1,3,NA,2,065,SR-76 E/B,GIRD RD,50,E,N,A,-,Y,SD,NA,76,NA,R,14.516,H,NA,R,N,4,0,2,1,A,-,08,22107,NA,N,E,I,A,A,H,-,A,A,0,NA,NA,NA,NA,Y,NA,A,01,0,0,2,0,0,0,0,0,0,-,-,33.31438064575195,-117.19467163085938,SAN DIEGO,UNINCORPORATED,-117.19464874267578,33.314292907714844
92437952,2024,2024-07-12,9650,2024-07-11,1630,021698,NA,4,2,9,3700,0,3,5,NA,2,070,EL MONTEVIDEO,VIA DE FORTUNA,1056,E,N,A,-,N,NA,NA,NA,NA,NA,NA,NA,NA,NA,Y,3,0,1,1,A,-,08,22107,NA,N,F,A,A,A,H,-,A,D,0,NA,NA,Y,NA,Y,NA,C,02,0,1,0,0,0,0,0,0,1,-,-,33.037681579589844,-117.2080535888672,SAN DIEGO,UNINCORPORATED,-117.20816802978516,33.03772735595703
92438156,2024,2024-07-12,9680,2024-06-29,2235,022161,NA,6,3,9,3700,0,3,5,NA,2,001,EL NOPAL,MOUNTAIN VIEW LANE,370,E,N,A,-,N,NA,NA,NA,NA,NA,NA,NA,NA,NA,Y,3,0,2,2,A,-,05,21460,NA,N,D,C,A,A,H,-,D,A,0,NA,NA,NA,NA,Y,NA,A,01,0,1,1,0,0,0,0,0,0,-,-,32.863250732421875,-116.95526885986328,SAN DIEGO,UNINCORPORATED,-116.95532989501952,32.863365173339844