CASE_ID,ACCIDENT_YEAR,PROC_DATE,JURIS,COLLISION_DATE,COLLISION_TIME,OFFICER_ID,REPORTING_DISTRICT,DAY_OF_WEEK,CHP_SHIFT,POPULATION,CNTY_CITY_LOC,SPECIAL_COND,BEAT_TYPE,CHP_BEAT_TYPE,CITY_DIVISION_LAPD,CHP_BEAT_CLASS,BEAT_NUMBER,PRIMARY_RD,SECONDARY_RD,DISTANCE,DIRECTION,INTERSECTION,WEATHER_1,WEATHER_2,STATE_HWY_IND,CALTRANS_COUNTY,CALTRANS_DISTRICT,STATE_ROUTE,ROUTE_SUFFIX,POSTMILE_PREFIX,POSTMILE,LOCATION_TYPE,RAMP_INTERSECTION,SIDE_OF_HWY,TOW_AWAY,COLLISION_SEVERITY,NUMBER_KILLED,NUMBER_INJURED,PARTY_COUNT,PRIMARY_COLL_FACTOR,PCF_CODE_OF_VIOL,PCF_VIOL_CATEGORY,PCF_VIOLATION,PCF_VIOL_SUBSECTION,HIT_AND_RUN,TYPE_OF_COLLISION,MVIW,PED_ACTION,ROAD_SURFACE,ROAD_COND_1,ROAD_COND_2,LIGHTING,CONTROL_DEVICE,CHP_ROAD_TYPE,PEDESTRIAN_ACCIDENT,BICYCLE_ACCIDENT,MOTORCYCLE_ACCIDENT,TRUCK_ACCIDENT,NOT_PRIVATE_PROPERTY,ALCOHOL_INVOLVED,STWD_VEHTYPE_AT_FAULT,CHP_VEHTYPE_AT_FAULT,COUNT_SEVERE_INJ,COUNT_VISIBLE_INJ,COUNT_COMPLAINT_PAIN,COUNT_PED_KILLED,COUNT_PED_INJURED,COUNT_BICYCLIST_KILLED,COUNT_BICYCLIST_INJURED,COUNT_MC_KILLED,COUNT_MC_INJURED,PRIMARY_RAMP,SECONDARY_RAMP,LATITUDE,LONGITUDE,COUNTY,CITY,POINT_X,POINT_Y
9470633,2023,2023-10-19,3711,2023-09-27,2345,SD7824,NA,3,5,7,3711,0,0,0,NA,0,122,LORIN ST,CASS ST,100,E,N,A,-,N,NA,NA,NA,NA,NA,NA,NA,NA,NA,N,4,0,1,2,A,-,04,21703,NA,N,C,C,A,A,H,-,D,D,0,NA,NA,NA,NA,Y,NA,A,01,0,0,1,0,0,0,0,0,0,-,-,NA,NA,SAN DIEGO,SAN DIEGO,-117.25408935546876,32.805870056152344
9470720,2023,2023-10-09,3705,2023-08-11,2133,EC0442,NA,5,5,5,3705,0,0,0,NA,0,004,E LEXINGTON AV,S MOLLISON AV,0,NA,Y,A,-,N,NA,NA,NA,NA,NA,NA,NA,NA,NA,N,4,0,1,2,A,-,09,21803,A,N,B,C,A,A,H,-,D,A,0,NA,NA,NA,NA,Y,NA,A,01,0,0,1,0,0,0,0,0,0,-,-,NA,NA,SAN DIEGO,EL CAJON,-116.95095825195313,32.792633056640625
9470995,2023,2023-10-23,3700,2023-09-15,1823,SH0712,NA,5,5,4,3720,0,0,0,NA,0,601,COLLEGE AV,FEDERAL BL,0,NA,Y,A,-,N,NA,NA,NA,NA,NA,NA,NA,NA,NA,N,4,0,1,2,A,-,04,21703,NA,N,C,C,A,A,H,-,A,A,0,NA,NA,NA,NA,Y,NA,A,07,0,0,1,0,0,0,0,0,0,-,-,NA,NA,SAN DIEGO,LEMON GROVE,-117.04972839355467,32.7409553527832
94711581,2025,2025-06-03,9650,2025-05-27,1555,020180,NA,2,2,9,3700,0,2,4,NA,2,061,OAK CLIFF DR,CHERRYPOINT CT,0,NA,Y,A,-,N,NA,NA,NA,NA,NA,NA,NA,NA,NA,N,4,0,1,1,A,-,08,22107,NA,N,E,8,A,A,H,-,A,D,0,NA,NA,NA,NA,Y,NA,A,01,0,0,1,0,0,0,0,0,0,-,-,33.335689544677734,-117.18704223632813,SAN DIEGO,UNINCORPORATED,-117.18714141845705,33.33574676513672
94711619,2025,2025-06-03,9680,2025-05-21,2035,017996,NA,3,2,9,3700,0,2,4,NA,1,021,WILLOW GLEN DRIVE,SR-54 (JAMACHA ROAD),445,E,N,A,-,N,NA,NA,NA,NA,NA,NA,NA,NA,NA,Y,4,0,1,2,A,-,09,21804,A,N,D,C,A,A,H,-,C,D,0,NA,NA,NA,NA,Y,NA,A,07,0,0,1,0,0,0,0,0,0,-,-,32.74388122558594,-116.92822265625,SAN DIEGO,UNINCORPORATED,-116.92845916748048,32.744041442871094
94714241,2025,2025-06-05,9650,2025-06-02,900,017392,NA,1,1,9,3700,0,3,5,NA,2,070,PASEO DEICIAS,LA FREMONTIA,0,NA,Y,A,-,N,NA,NA,NA,NA,NA,NA,NA,NA,NA,N,3,0,1,2,A,-,09,21802,A,N,A,G,A,A,H,-,A,A,0,NA,Y,NA,NA,Y,NA,A,07,0,1,0,0,0,0,1,0,0,-,-,33.02368927001953,-117.19860076904295,SAN DIEGO,UNINCORPORATED,-117.1989974975586,33.023284912109375
9471445,2023,2023-12-12,3711,2023-10-16,1950,SD1721,NA,1,5,7,3711,0,0,0,NA,0,813,32ND ST,LINCOLN AV,250,N,N,A,-,N,NA,NA,NA,NA,NA,NA,NA,NA,NA,N,4,0,1,2,A,-,10,21954,B,M,B,B,D,A,H,-,C,D,0,Y,NA,NA,NA,Y,NA,-,99,0,0,1,0,1,0,0,0,0,-,-,NA,NA,SAN DIEGO,SAN DIEGO,-117.1252212524414,32.751033782958984
94715165,2025,2025-06-05,9680,2025-05-24,1305,018672,NA,6,1,9,3700,0,1,3,NA,1,052,STATE ROUTE 78,WYNOLA ROAD,4752,E,N,A,-,Y,SD,NA,78,NA,NA,61.205,H,NA,R,Y,3,0,1,1,A,-,08,22107,NA,N,E,I,A,A,H,-,A,A,0,NA,NA,Y,NA,Y,NA,C,02,0,1,0,0,0,0,0,0,1,-,-,33.09204864501953,-116.58290100097656,SAN DIEGO,UNINCORPORATED,-116.58283996582033,33.09209060668945
94716166,2025,2025-06-06,9680,2025-05-27,655,020780,NA,2,1,5,3708,0,1,3,NA,2,028,SR-125 N/B,SPRING STREET,600,N,N,B,-,Y,SD,NA,125,NA,NA,13.616,H,NA,R,Y,3,0,1,2,A,-,07,21658,A,N,B,C,A,A,H,-,A,D,0,NA,NA,Y,NA,Y,NA,A,01,0,1,0,0,0,0,0,0,1,-,-,32.754581451416016,-117.01014709472656,SAN DIEGO,LA MESA,-117.01010131835938,32.754539489746094
94716649,2025,2025-06-06,9650,2025-06-02,2255,021263,NA,1,3,9,3700,0,3,5,NA,2,006,CLEMMENS LANE,OLD STAGE ROAD,0,NA,Y,A,-,N,NA,NA,NA,NA,NA,NA,NA,NA,NA,N,4,0,1,2,A,-,09,21801,A,N,D,C,A,A,H,-,D,D,0,NA,NA,NA,NA,Y,NA,A,01,0,0,1,0,0,0,0,0,0,-,-,33.36930847167969,-117.24933624267578,SAN DIEGO,UNINCORPORATED,-117.24929809570313,33.36928939819336
94717967,2025,2025-06-09,9645,2025-06-02,1720,022765,NA,1,2,7,3711,0,1,1,NA,2,009,I-805 S/B,GREENWOOD RAILROAD CROSSING O/C,31,N,N,B,-,Y,SD,NA,805,NA,NA,12.631,H,NA,L,Y,3,0,1,5,A,-,03,22350,NA,N,C,C,A,A,H,-,A,D,0,NA,NA,NA,NA,Y,NA,A,07,0,1,0,0,0,0,0,0,0,-,-,32.707801818847656,-117.09735870361328,SAN DIEGO,SAN DIEGO,-117.09738159179688,32.707786560058594
9471892,2023,2023-12-13,3711,2023-10-24,1100,SD7640,NA,2,5,7,3711,0,0,0,NA,0,625,JUAN ST,JUAN ST 2400,0,NA,Y,A,-,N,NA,NA,NA,NA,NA,NA,NA,NA,NA,N,4,0,1,2,A,-,08,22107,NA,N,C,E,A,A,H,-,A,D,0,NA,NA,NA,NA,Y,NA,A,01,0,0,1,0,0,0,0,0,0,-,-,NA,NA,SAN DIEGO,SAN DIEGO,NA,NA
94720026,2025,2025-06-10,9645,2025-06-06,1150,024170,NA,5,1,7,3711,0,1,1,NA,2,001,I-5 N/B,DIVISION STREET,1000,S,N,A,-,Y,SD,NA,5,NA,R,11.462,H,NA,R,Y,4,0,1,2,A,-,03,22350,NA,N,C,C,A,A,H,-,A,D,0,NA,NA,NA,NA,Y,NA,A,07,0,0,1,0,0,0,0,0,0,-,-,32.67947006225586,-117.10980987548828,SAN DIEGO,SAN DIEGO,-117.10985565185548,32.67945861816406
94721702,2025,2025-06-11,9650,2025-06-04,10,022403,NA,3,3,9,3700,0,1,3,NA,1,028,SR-76,GRASSY MEADOW RD,700,E,N,C,-,N,NA,NA,NA,NA,NA,NA,NA,NA,NA,Y,3,0,1,2,A,-,01,23152,A,N,B,C,A,B,H,-,D,D,0,NA,NA,NA,NA,Y,Y,A,01,0,1,0,0,0,0,0,0,0,-,-,33.32373809814453,-116.99642944335938,SAN DIEGO,UNINCORPORATED,-116.99399,33.320386
94723263,2025,2025-06-12,9650,2025-06-11,750,022493,NA,3,1,6,3706,0,1,1,NA,2,023,I-15 S/B,CITRACADO PKY,700,S,N,B,-,Y,SD,NA,15,NA,R,28.645,H,NA,L,N,3,0,1,2,A,-,03,22350,NA,N,C,C,A,A,H,-,A,D,0,NA,NA,NA,NA,Y,NA,A,08,0,1,0,0,0,0,0,0,0,-,-,33.090919494628906,-117.08133697509766,SAN DIEGO,ESCONDIDO,-117.08129119873048,33.0909538269043
94723339,2025,2025-06-12,9680,2025-06-02,1440,020780,NA,1,2,5,3705,0,1,3,NA,2,028,SR-125 N/B,CHATHAM STREET U/C,95,S,N,A,-,Y,SD,NA,125,NA,NA,19.378,H,NA,R,Y,3,0,1,1,A,-,08,22107,NA,N,E,I,A,A,H,-,A,D,0,NA,NA,NA,NA,Y,NA,A,01,0,1,0,0,0,0,0,0,0,-,-,32.79716873168945,-117.00523376464844,SAN DIEGO,EL CAJON,-117.00537109375,32.79717254638672
94724074,2025,2025-06-12,9680,2025-06-02,1650,020500,NA,1,2,9,3700,0,1,3,NA,1,090,SR-67,SHADY OAKS DR,100,S,N,A,-,Y,SD,NA,67,NA,NA,18.961,H,NA,R,N,4,0,1,2,A,-,03,22350,NA,N,C,C,A,A,H,-,A,D,0,NA,NA,NA,NA,Y,NA,A,07,0,0,1,0,0,0,0,0,0,-,-,33.011260986328125,-116.94609832763672,SAN DIEGO,UNINCORPORATED,-116.94609832763672,33.01127243041992
9472482,2022,2022-07-25,3711,2022-07-09,1822,SD7851,NA,6,5,7,3711,0,0,0,NA,0,934,DEL MAR HEIGHTS RD,OLD CARMEL VALLEY RD,0,NA,Y,A,-,N,NA,NA,NA,NA,NA,NA,NA,NA,NA,Y,4,0,2,2,A,-,12,21453,A,N,D,C,A,A,H,-,A,A,0,NA,NA,NA,NA,Y,NA,A,01,0,0,2,0,0,0,0,0,0,-,-,NA,NA,SAN DIEGO,SAN DIEGO,-117.19764709472656,32.96127700805664
94726719,2025,2025-06-16,9645,2025-05-24,1425,022552,NA,6,2,7,3711,0,1,1,NA,2,021,SR-15 S/B,SR-94,1375,N,N,A,-,Y,SD,NA,15,NA,NA,2.523,H,NA,L,Y,3,0,1,1,A,-,01,23152,A,N,E,I,A,A,H,-,A,D,0,NA,NA,NA,NA,Y,Y,A,07,0,1,0,0,0,0,0,0,0,-,-,32.720970153808594,-117.11705017089844,SAN DIEGO,SAN DIEGO,-117.11711120605467,32.72099304199219
94728660,2025,2025-06-17,9650,2025-06-16,757,021359,NA,1,1,5,3713,0,1,3,NA,2,017,SR-78 W/B,SYCAMORE AVE,377,W,N,A,-,Y,SD,NA,78,NA,NA,8.996,H,NA,L,Y,4,0,2,2,A,-,03,22350,NA,N,C,C,A,A,H,-,A,A,0,NA,NA,NA,NA,Y,NA,-,-,0,0,2,0,0,0,0,0,0,-,-,33.168209075927734,-117.21542358398438,SAN DIEGO,VISTA,-117.21561431884766,33.16802215576172
9473170,2022,2022-08-03,3700,2022-06-14,1045,SH0627,NA,2,5,4,3780,0,0,0,NA,0,415,POMERADO RD,POWAY RD,0,NA,Y,A,-,N,NA,NA,NA,NA,NA,NA,NA,NA,NA,N,3,0,1,2,A,-,10,21950,A,N,G,B,B,A,H,-,A,A,0,Y,NA,NA,NA,Y,NA,A,01,0,1,0,0,1,0,0,0,0,-,-,NA,NA,SAN DIEGO,POWAY,-117.06250762939452,32.95173645019531
94732347,2025,2025-06-19,9650,2025-06-16,1730,021992,NA,1,2,9,3700,0,1,3,NA,1,028,SR-76,BODIE BLVD.,1056,W,N,A,-,Y,SD,NA,76,NA,NA,26.925,H,NA,R,Y,4,0,1,1,A,-,08,22107,NA,N,E,I,A,A,H,-,A,D,0,NA,NA,NA,NA,Y,NA,A,07,0,0,1,0,0,0,0,0,0,-,-,33.34891891479492,-117.02552032470705,SAN DIEGO,UNINCORPORATED,-117.02555847167967,33.34892272949219
9473237,2022,2022-08-08,3711,2022-07-25,2300,SD1391,NA,1,5,7,3711,0,0,0,NA,0,931,MIRAMAR RD,NOBEL DR,0,NA,Y,A,-,N,NA,NA,NA,NA,NA,NA,NA,NA,NA,Y,3,0,1,2,A,-,01,23153,B,N,A,C,A,A,H,-,C,A,0,NA,NA,NA,NA,Y,Y,A,01,0,1,0,0,0,0,0,0,0,-,-,NA,NA,SAN DIEGO,SAN DIEGO,-117.19115447998048,32.87651443481445
9473247,2022,2022-11-04,3711,2022-07-27,1511,SD7101,NA,3,5,7,3711,0,0,0,NA,0,833,CHAMOUNE AV,WIGHTMAN ST,8,E,N,A,-,N,NA,NA,NA,NA,NA,NA,NA,NA,NA,N,3,0,1,2,A,-,09,21801,A,N,G,B,B,A,H,-,A,A,0,Y,NA,NA,NA,Y,NA,A,07,0,1,0,0,1,0,0,0,0,-,-,NA,NA,SAN DIEGO,SAN DIEGO,-117.09660339355467,32.747711181640625
94733212,2025,2025-06-20,9645,2025-06-12,1645,024355,NA,4,2,7,3711,0,1,1,NA,2,010,I-8 EASTBOUND,TEXAS STREET,1584,E,N,A,-,Y,SD,NA,8,NA,NA,4.022,H,NA,R,Y,4,0,1,2,A,-,07,21658,A,N,B,C,A,A,H,-,A,D,0,NA,NA,Y,NA,Y,NA,A,07,0,0,1,0,0,0,0,0,1,-,-,32.770408630371094,-117.1378173828125,SAN DIEGO,SAN DIEGO,-117.13780212402344,32.77035903930664
94733873,2025,2025-06-20,9645,2025-06-16,730,017678,NA,1,1,7,3711,0,3,5,NA,2,024,RANCHO BERNARDO ROAD E/B,DOVE CANYON ROAD,0,NA,Y,A,-,N,NA,NA,NA,NA,NA,NA,NA,NA,NA,N,4,0,1,2,A,-,10,21950,A,N,G,B,A,A,H,-,A,A,0,NA,NA,NA,NA,Y,NA,A,07,0,0,1,0,0,0,0,0,0,-,-,33.0199089050293,-117.10991668701172,SAN DIEGO,SAN DIEGO,-117.1100616455078,33.01997375488281
94736346,2025,2025-06-23,9645,2025-06-19,1850,023923,NA,4,2,2,3704,0,1,1,NA,2,007,I-5 N/B,DEL MAR HEIGHTS ROAD,2218,N,N,A,-,Y,SD,NA,5,NA,R,34.571,H,NA,R,N,4,0,1,2,A,-,03,22350,NA,N,C,C,A,A,H,-,A,D,0,NA,NA,NA,NA,Y,NA,A,07,0,0,1,0,0,0,0,0,0,-,-,32.95627975463867,-117.24474334716795,SAN DIEGO,DEL MAR,-117.24474334716795,32.95627975463867
94737261,2024,2025-06-24,9645,2024-06-28,1850,023659,NA,5,2,7,3711,0,1,1,NA,2,010,INTERSTATE 8 EASTBOUND,WARING ROAD,1140,E,N,A,-,Y,SD,NA,8,NA,NA,7.299,H,NA,R,Y,1,1,0,2,A,-,01,23152,NA,N,C,C,A,A,H,-,A,D,0,NA,NA,Y,NA,Y,Y,C,02,0,0,0,0,0,0,0,1,0,-,-,32.780399322509766,-117.08412170410156,SAN DIEGO,SAN DIEGO,-117.08411407470705,32.78044509887695
94738144,2025,2025-06-24,9680,2025-06-13,1720,023677,NA,5,2,5,3705,0,1,1,NA,2,082,I-8 E/B,2ND ST,200,E,N,A,-,Y,SD,NA,8,NA,NA,17.408,H,NA,R,Y,4,0,3,2,A,-,03,22350,NA,N,C,C,A,A,H,-,A,D,0,NA,NA,NA,NA,Y,NA,A,01,0,0,3,0,0,0,0,0,0,-,-,32.802978515625,-116.93495941162108,SAN DIEGO,EL CAJON,-116.93495941162108,32.80295181274414
9473995,2022,2022-08-25,3702,2022-06-07,1435,CV1218,NA,2,5,6,3702,0,0,0,NA,0,024,MAIN ST,MELROSE AV,375,E,N,A,-,N,NA,NA,NA,NA,NA,NA,NA,NA,NA,N,4,0,1,2,A,-,09,21801,A,N,D,C,A,A,H,-,A,D,0,NA,NA,NA,NA,Y,NA,A,01,0,0,1,0,0,0,0,0,0,-,-,NA,NA,SAN DIEGO,CHULA VISTA,-117.03890991210938,32.5948371887207
94741457,2025,2025-06-27,9680,2025-06-17,1540,021077,NA,2,2,9,3700,0,2,4,NA,1,012,LAKE JENNINGS PARK RD,JULIAN AVE,0,NA,Y,A,-,N,NA,NA,NA,NA,NA,NA,NA,NA,NA,Y,4,0,1,2,A,-,09,21800,A,N,D,C,A,A,H,-,A,A,0,NA,NA,NA,NA,Y,NA,D,22,0,0,1,0,0,0,0,0,0,-,-,32.85993957519531,-116.9006576538086,SAN DIEGO,UNINCORPORATED,-116.9005889892578,32.859901428222656
9474148,2022,2022-08-19,3702,2022-05-30,1850,CV1341,NA,1,5,6,3702,0,0,0,NA,0,042,OLYMPIC PKWY,LA MEDIA RD,165,W,N,A,-,N,NA,NA,NA,NA,NA,NA,NA,NA,NA,Y,3,0,1,2,A,-,21,22106,NA,M,C,C,A,A,H,-,A,D,0,NA,NA,NA,NA,Y,NA,-,NA,0,1,0,0,0,0,0,0,0,-,-,NA,NA,SAN DIEGO,CHULA VISTA,-116.98670196533205,32.62485122680664
94742602,2025,2025-06-27,9680,2025-06-17,1600,024159,NA,2,2,9,3700,0,1,3,NA,1,040,SR-94,EMERY RD,428,W,N,A,-,Y,SD,NA,94,NA,NA,39.373,H,NA,R,Y,3,0,2,1,A,-,08,22107,NA,N,F,A,A,A,A,B,A,A,0,NA,NA,NA,NA,Y,NA,A,01,0,1,1,0,0,0,0,0,0,-,-,32.60076904296875,-116.6397705078125,SAN DIEGO,UNINCORPORATED,-116.63979339599608,32.60078811645508
9474388,2022,2022-07-08,3711,2022-06-15,1445,SD7884,NA,3,5,7,3711,0,0,0,NA,0,937,CAMINO DEL SUR,SAN DIEGUITO RD,0,NA,Y,A,-,N,NA,NA,NA,NA,NA,NA,NA,NA,NA,Y,3,0,2,2,D,-,00,NA,NA,N,D,C,A,A,H,-,A,A,0,NA,NA,NA,NA,Y,NA,-,-,0,1,1,0,0,0,0,0,0,-,-,NA,NA,SAN DIEGO,SAN DIEGO,-117.15654754638672,32.99736785888672
9474826,2022,2022-08-10,3702,2022-04-26,1530,CV1174,NA,2,5,6,3702,0,0,0,NA,0,024,MAIN ST,7TH AV,113,E,N,A,-,N,NA,NA,NA,NA,NA,NA,NA,NA,NA,Y,4,0,2,3,A,-,03,22350,NA,N,C,C,A,A,H,-,A,A,0,NA,NA,NA,NA,Y,NA,D,22,0,0,2,0,0,0,0,0,0,-,-,NA,NA,SAN DIEGO,CHULA VISTA,-117.07071685791016,32.59477996826172
94749867,2025,2025-07-07,9680,2025-06-23,1252,024448,NA,1,1,5,3708,0,1,1,NA,2,081,I-8 W/B,GROSSMONT BLVD O/C,535,E,N,A,-,Y,SD,NA,8,NA,NA,13.153,H,NA,L,Y,4,0,1,4,A,-,03,22350,NA,N,C,C,A,A,H,-,A,D,0,NA,NA,NA,NA,Y,NA,A,07,0,0,1,0,0,0,0,0,0,-,-,32.779178619384766,-116.98860168457033,SAN DIEGO,LA MESA,-116.98860168457033,32.779151916503906
94751178,2025,2025-07-07,9650,2025-06-27,1055,022588,NA,5,1,9,3700,0,1,1,NA,2,003,I-5 NB,HARBOR DR,550,N,N,A,-,Y,SD,NA,5,NA,R,55.749,H,NA,R,Y,4,0,1,3,A,-,03,22350,NA,N,C,C,A,A,H,-,A,D,0,NA,NA,NA,NA,Y,NA,A,01,0,0,1,0,0,0,0,0,0,-,-,33.22787857055664,-117.39720153808594,SAN DIEGO,UNINCORPORATED,-117.39716339111328,33.227909088134766
94753425,2025,2025-07-08,9645,2025-06-25,650,024513,NA,3,1,7,3711,0,1,1,NA,2,009,I-805 S/B,EAST 16TH ST,495,N,N,A,-,Y,SD,NA,805,NA,NA,10.217,H,NA,L,Y,4,0,1,2,A,-,03,22350,NA,N,C,C,A,A,H,-,A,D,0,NA,NA,NA,NA,Y,NA,A,07,0,0,1,0,0,0,0,0,0,-,-,32.676090240478516,-117.08424377441406,SAN DIEGO,SAN DIEGO,-117.08424377441406,32.676090240478516
94755452,2025,2025-07-09,9680,2025-06-27,1110,016102,NA,5,1,9,3700,0,3,5,NA,2,006,BUCKMAN SPRINGS ROAD (S1),LAKE MORENA DRIVE,3696,S,N,A,-,N,NA,NA,NA,NA,NA,NA,NA,NA,NA,Y,4,0,1,2,A,-,03,22350,NA,N,C,C,A,A,H,-,A,D,0,NA,NA,NA,NA,Y,NA,A,07,0,0,1,0,0,0,0,0,0,-,-,32.63779830932617,-116.47937774658205,SAN DIEGO,UNINCORPORATED,-116.4794921875,32.638023376464844
94756670,2025,2025-07-10,9645,2025-06-28,2234,023617,NA,6,3,7,3711,0,1,1,NA,2,017,I-15 SOUTHBOUND,MIRAMAR WAY,930,N,N,A,-,Y,SD,NA,15,NA,M,13.518,H,NA,L,Y,3,0,1,3,A,-,03,22350,NA,N,C,C,A,A,H,-,C,D,0,NA,NA,NA,NA,Y,NA,A,01,0,1,0,0,0,0,0,0,0,-,-,32.88302993774414,-117.11029815673828,SAN DIEGO,SAN DIEGO,-117.110107421875,32.883094787597656
9475690,2022,2022-07-20,3711,2022-07-04,1220,SD6418,NA,1,5,7,3711,0,0,0,NA,0,115,CAMPUS POINT HILL,ROSELLE ST,1000,S,N,A,-,N,NA,NA,NA,NA,NA,NA,NA,NA,NA,N,3,0,1,1,C,-,18,NA,NA,N,H,A,A,A,G,-,A,D,0,NA,NA,NA,NA,Y,NA,-,-,0,1,0,0,0,0,0,0,0,-,-,NA,NA,SAN DIEGO,SAN DIEGO,NA,NA
94757361,2025,2025-07-10,9680,2025-06-28,1952,018672,NA,6,2,9,3700,0,1,3,NA,1,052,STATE ROUTE 78,CASNER ROAD,2640,E,N,A,-,Y,SD,NA,78,NA,NA,44.265,H,NA,R,Y,3,0,1,1,A,-,08,22107,NA,N,F,A,A,A,H,-,D,D,0,NA,NA,Y,NA,Y,NA,C,02,0,1,0,0,0,0,0,0,1,-,-,33.06718826293945,-116.7612075805664,SAN DIEGO,UNINCORPORATED,-116.76111602783205,33.06721878051758
9475983,2022,2022-08-30,3711,2022-07-02,1740,SD8661,NA,6,5,7,3711,0,0,0,NA,0,524,STATE ST,W B ST,30,S,N,A,-,N,NA,NA,NA,NA,NA,NA,NA,NA,NA,Y,4,0,1,2,A,-,12,22450,A,N,D,C,A,A,H,-,A,A,0,NA,NA,NA,NA,Y,NA,A,01,0,0,1,0,0,0,0,0,0,-,-,NA,NA,SAN DIEGO,SAN DIEGO,-117.16649627685548,32.71766662597656
9476293,2022,2022-07-13,3711,2022-06-23,1615,SD7882,NA,4,5,7,3711,0,0,0,NA,0,313,CONVOY ST,RAYTHEON RD,0,NA,Y,A,-,N,NA,NA,NA,NA,NA,NA,NA,NA,NA,N,4,0,1,2,A,-,08,22107,NA,N,D,C,A,A,H,-,A,D,0,NA,NA,NA,NA,Y,NA,A,01,0,0,1,0,0,0,0,0,0,-,-,NA,NA,SAN DIEGO,SAN DIEGO,-117.15325927734376,32.83085632324219
9476299,2022,2022-07-13,3711,2022-06-21,0945,SD5589,NA,2,5,7,3711,0,0,0,NA,0,524,7TH AV,C ST,0,NA,Y,A,-,N,NA,NA,NA,NA,NA,NA,NA,NA,NA,N,4,0,1,2,A,-,12,21453,A,N,F,F,A,A,-,-,A,A,0,NA,NA,NA,NA,Y,NA,A,01,0,0,1,0,0,0,0,0,0,-,-,NA,NA,SAN DIEGO,SAN DIEGO,-117.1583251953125,32.71676254272461
9476370,2022,2022-07-14,3711,2022-06-24,2332,SD1503,NA,5,5,7,3711,0,0,0,NA,0,524,G ST,8TH AV,0,NA,Y,A,-,N,NA,NA,NA,NA,NA,NA,NA,NA,NA,N,4,0,2,2,A,-,12,21453,A,N,F,C,A,A,H,-,C,A,0,NA,NA,NA,NA,Y,Y,A,01,0,0,2,0,0,0,0,0,0,-,-,NA,NA,SAN DIEGO,SAN DIEGO,-117.15740966796876,32.712589263916016
9476387,2022,2022-10-04,3711,2022-06-09,1715,SD1521,NA,4,5,7,3711,0,0,0,NA,0,124,LA JOLLA BL,BONAIR ST,0,NA,Y,B,-,N,NA,NA,NA,NA,NA,NA,NA,NA,NA,N,4,0,1,2,A,-,04,21703,NA,N,C,E,A,A,H,-,A,A,0,NA,NA,NA,NA,Y,NA,A,01,0,0,1,0,0,0,0,0,0,-,-,NA,NA,SAN DIEGO,SAN DIEGO,-117.27651214599608,32.830684661865234
9476528,2022,2022-07-15,3711,2022-06-27,1445,SD1728,NA,1,5,7,3711,0,0,0,NA,0,628,REYNARD WY,TORRANCE ST,0,NA,Y,A,-,N,NA,NA,NA,NA,NA,NA,NA,NA,NA,Y,4,0,2,2,A,-,03,22350,NA,N,D,C,A,A,H,-,A,D,0,NA,NA,NA,NA,Y,NA,A,01,0,0,2,0,0,0,0,0,0,-,-,NA,NA,SAN DIEGO,SAN DIEGO,-117.1715087890625,32.744232177734375
94768238,2025,2025-07-18,9680,2025-07-08,1735,023332,NA,2,2,5,3705,0,1,1,NA,2,082,I-8 W/B,2ND ST,1056,W,N,A,-,Y,SD,NA,8,NA,NA,17.112,H,NA,L,Y,4,0,1,2,A,-,03,22350,NA,N,C,C,A,A,H,-,A,D,0,NA,NA,NA,NA,Y,NA,A,01,0,0,1,0,0,0,0,0,0,-,-,32.80324172973633,-116.9400634765625,SAN DIEGO,EL CAJON,-116.94005584716795,32.80317687988281
94768604,2025,2025-07-18,9645,2025-07-08,745,022845,NA,2,1,7,3711,0,1,1,NA,2,010,I-8 WESTBOUND,I-15 OVERCROSSING,1572,W,N,A,-,Y,SD,NA,8,NA,NA,5.326,H,NA,L,Y,3,0,1,2,A,-,03,22350,NA,N,C,C,A,A,H,-,A,D,0,NA,NA,NA,NA,Y,NA,A,07,0,1,0,0,0,0,0,0,0,-,-,32.778419494628906,-117.11773681640624,SAN DIEGO,SAN DIEGO,-117.11775207519533,32.778480529785156
94777458,2025,2025-07-25,9680,2025-04-04,345,023984,NA,5,3,5,3705,0,1,1,NA,2,082,I-8 W/B,LOS COCHES RD,1584,W,N,A,-,Y,SD,NA,8,NA,R,19.747,H,NA,L,Y,4,0,2,1,A,-,01,23152,A,N,E,I,A,A,H,-,D,D,0,NA,NA,NA,NA,Y,Y,A,01,0,0,2,0,0,0,0,0,0,-,-,32.823848724365234,-116.90747833251952,SAN DIEGO,EL CAJON,-116.90735626220705,32.82373046875