CASE_ID,ACCIDENT_YEAR,PROC_DATE,JURIS,COLLISION_DATE,COLLISION_TIME,OFFICER_ID,REPORTING_DISTRICT,DAY_OF_WEEK,CHP_SHIFT,POPULATION,CNTY_CITY_LOC,SPECIAL_COND,BEAT_TYPE,CHP_BEAT_TYPE,CITY_DIVISION_LAPD,CHP_BEAT_CLASS,BEAT_NUMBER,PRIMARY_RD,SECONDARY_RD,DISTANCE,DIRECTION,INTERSECTION,WEATHER_1,WEATHER_2,STATE_HWY_IND,CALTRANS_COUNTY,CALTRANS_DISTRICT,STATE_ROUTE,ROUTE_SUFFIX,POSTMILE_PREFIX,POSTMILE,LOCATION_TYPE,RAMP_INTERSECTION,SIDE_OF_HWY,TOW_AWAY,COLLISION_SEVERITY,NUMBER_KILLED,NUMBER_INJURED,PARTY_COUNT,PRIMARY_COLL_FACTOR,PCF_CODE_OF_VIOL,PCF_VIOL_CATEGORY,PCF_VIOLATION,PCF_VIOL_SUBSECTION,HIT_AND_RUN,TYPE_OF_COLLISION,MVIW,PED_ACTION,ROAD_SURFACE,ROAD_COND_1,ROAD_COND_2,LIGHTING,CONTROL_DEVICE,CHP_ROAD_TYPE,PEDESTRIAN_ACCIDENT,BICYCLE_ACCIDENT,MOTORCYCLE_ACCIDENT,TRUCK_ACCIDENT,NOT_PRIVATE_PROPERTY,ALCOHOL_INVOLVED,STWD_VEHTYPE_AT_FAULT,CHP_VEHTYPE_AT_FAULT,COUNT_SEVERE_INJ,COUNT_VISIBLE_INJ,COUNT_COMPLAINT_PAIN,COUNT_PED_KILLED,COUNT_PED_INJURED,COUNT_BICYCLIST_KILLED,COUNT_BICYCLIST_INJURED,COUNT_MC_KILLED,COUNT_MC_INJURED,PRIMARY_RAMP,SECONDARY_RAMP,LATITUDE,LONGITUDE,COUNTY,CITY,POINT_X,POINT_Y
94855985,2025,2025-09-23,9650,2025-09-06,1325,020992,NA,6,1,9,3700,0,2,4,NA,2,061,SOUTH MISSION ROAD,GREEN CANYON ROAD,450,N,N,A,-,N,NA,NA,NA,NA,NA,NA,NA,NA,NA,N,4,0,2,2,A,-,09,21801,A,N,D,C,A,A,H,-,A,D,0,NA,NA,NA,NA,Y,NA,-,-,0,0,2,0,0,0,0,0,0,-,-,33.33652114868164,-117.23716735839844,SAN DIEGO,UNINCORPORATED,-117.23628997802734,33.33420181274414
94858423,2025,2025-09-24,9645,2025-09-04,1855,022765,NA,4,2,7,3711,0,1,1,NA,2,013,I-805 S/B,FRIARS ROAD U/C,1000,N,N,A,-,Y,SD,NA,805,NA,NA,18.342,H,NA,L,Y,3,0,1,2,A,-,03,22350,NA,N,C,C,A,A,H,-,A,D,0,NA,NA,Y,NA,Y,NA,C,02,0,1,0,0,0,0,0,0,1,-,-,32.78034973144531,-117.13848876953124,SAN DIEGO,SAN DIEGO,-117.13843536376952,32.78038024902344
94862122,2025,2025-09-26,9645,2025-09-17,1640,024493,NA,3,2,7,3711,0,1,3,NA,2,023,SR-163 S/B,HAZARD CENTER DR,340,N,N,B,-,Y,SD,NA,163,NA,NA,4.195,H,NA,L,N,4,0,1,2,A,-,07,21658,A,N,C,C,A,A,H,-,A,D,0,NA,NA,NA,NA,Y,NA,A,01,0,0,1,0,0,0,0,0,0,-,-,32.76905822753906,-117.162109375,SAN DIEGO,SAN DIEGO,-117.16209411621094,32.76905822753906
9486699,2022,2022-09-12,3705,2022-06-13,1345,EC0371,NA,1,5,5,3705,0,0,0,NA,0,001,FANITA DR,KILDARE DR,0,NA,Y,A,-,N,NA,NA,NA,NA,NA,NA,NA,NA,NA,Y,3,0,1,1,A,-,03,22350,NA,N,F,I,A,A,H,-,A,A,0,NA,NA,Y,NA,Y,NA,C,03,0,1,0,0,0,0,0,0,1,-,-,NA,NA,SAN DIEGO,EL CAJON,-117.00064849853516,32.81063461303711
9486700,2022,2022-10-17,3705,2022-06-22,2031,EC0397,NA,3,5,5,3705,0,0,0,NA,0,001,N JOHNSON,JOHNSON  367,0,NA,Y,A,-,N,NA,NA,NA,NA,NA,NA,NA,NA,NA,N,2,0,1,1,D,-,00,NA,NA,N,H,A,A,A,H,-,C,D,0,NA,NA,Y,NA,Y,NA,-,-,1,0,0,0,0,0,0,0,1,-,-,NA,NA,SAN DIEGO,EL CAJON,-116.97103881835938,32.79497528076172
9486711,2022,2022-09-13,3702,2022-06-15,0231,CV1382,NA,3,5,6,3702,0,0,0,NA,0,042,TOWN CENTER DR,RING RD,0,NA,Y,A,-,N,NA,NA,NA,NA,NA,NA,NA,NA,NA,Y,4,0,1,1,A,-,03,22350,NA,M,A,I,A,A,H,-,C,A,0,NA,NA,NA,NA,Y,NA,A,01,0,0,1,0,0,0,0,0,0,-,-,NA,NA,SAN DIEGO,CHULA VISTA,NA,NA
94871713,2025,2025-10-03,9680,2025-09-23,708,023077,NA,2,1,9,3700,0,2,4,NA,1,026,JAMACHA BLVD,GILLESPIE DR,81,W,N,A,-,N,NA,NA,NA,NA,NA,NA,NA,NA,NA,Y,3,0,1,2,A,-,03,22350,NA,N,C,C,A,A,H,-,A,A,0,NA,NA,NA,NA,Y,NA,A,07,0,1,0,0,0,0,0,0,0,-,-,32.70738983154297,-117.00771331787108,SAN DIEGO,UNINCORPORATED,-117.00765991210938,32.70746612548828
9487314,2022,2022-09-27,3700,2022-07-23,1454,SH7085,NA,6,5,5,3713,0,0,0,NA,0,302,EAST VISTA WY,ARCADIA AV,122,N,N,A,-,N,NA,NA,NA,NA,NA,NA,NA,NA,NA,Y,4,0,2,2,A,-,01,23152,A,N,B,C,A,A,H,-,A,A,0,NA,NA,NA,NA,Y,Y,D,22,0,0,2,0,0,0,0,0,0,-,-,NA,NA,SAN DIEGO,VISTA,-117.22614288330078,33.22523498535156
9487343,2022,2022-09-19,3702,2022-06-30,1805,CV1396,NA,4,5,6,3702,0,0,0,NA,0,032,DUNCAN RANCH RD,PROCTOR VALLEY RD,20,S,N,A,-,N,NA,NA,NA,NA,NA,NA,NA,NA,NA,N,3,0,1,2,A,-,10,21950,A,N,G,B,B,A,H,-,A,A,0,Y,NA,NA,NA,Y,NA,A,01,0,1,0,0,1,0,0,0,0,-,-,NA,NA,SAN DIEGO,CHULA VISTA,-116.95085144042967,32.661659240722656
94874035,2025,2025-11-13,9680,2025-09-25,915,022622,NA,4,1,9,3700,0,3,5,NA,2,002,ROGERS RD,N. ROGERS RD,100,E,N,A,-,N,NA,NA,NA,NA,NA,NA,NA,NA,NA,Y,4,0,1,2,A,-,08,22107,NA,N,E,8,A,A,H,-,A,D,0,NA,NA,NA,NA,Y,NA,A,01,0,0,1,0,0,0,0,0,0,-,-,32.75175094604492,-116.99109649658205,SAN DIEGO,UNINCORPORATED,-116.99109649658205,32.751686096191406
94874672,2025,2025-10-06,9650,2025-09-28,1258,020673,NA,7,1,5,3701,0,1,1,NA,2,005,I-5 N/B,CANNON RD.,2625,N,N,A,-,Y,SD,NA,5,NA,R,48.485,H,NA,R,N,3,0,2,2,A,-,07,21658,A,F,E,I,A,A,H,-,A,D,0,NA,NA,NA,NA,Y,NA,-,99,0,2,0,0,0,0,0,0,0,-,-,33.14128112792969,-117.33251953125,SAN DIEGO,CARLSBAD,-117.3326416015625,33.1412353515625
94874989,2025,2025-10-06,9680,2025-05-29,1552,020116,NA,4,2,9,3700,0,3,5,NA,2,001,ASHWOOD ST,MAPLEVIEW ST,595,N,N,A,-,N,NA,NA,NA,NA,NA,NA,NA,NA,NA,N,3,0,1,2,A,-,17,21228,A,N,A,C,A,A,H,-,A,D,0,NA,NA,NA,NA,Y,NA,M,96,0,1,0,0,0,0,0,0,0,-,-,32.86534881591797,-116.91761779785156,SAN DIEGO,UNINCORPORATED,-116.91764831542967,32.865169525146484
94876554,2025,2025-10-07,9680,2025-10-06,1555,016372,NA,1,2,9,3700,0,3,5,NA,2,001,LOS COCHES RD. EAST,AURORA DR.,221,S,N,A,-,N,NA,NA,NA,NA,NA,NA,NA,NA,NA,N,3,0,1,2,A,-,09,21804,A,N,D,C,A,A,H,-,A,D,0,NA,NA,NA,NA,Y,NA,A,07,0,1,0,0,0,0,0,0,0,-,-,32.83245849609375,-116.90392303466795,SAN DIEGO,UNINCORPORATED,-116.9045181274414,32.83152770996094
94876586,2025,2025-10-07,9680,2025-09-29,855,024564,NA,1,1,9,3700,0,3,5,NA,2,001,INDUSTRY RD,CHANNEL RD,660,W,N,A,-,N,NA,NA,NA,NA,NA,NA,NA,NA,NA,Y,3,0,3,2,A,-,08,22107,NA,N,D,C,A,A,H,-,A,D,0,NA,NA,NA,NA,Y,NA,A,01,0,3,0,0,0,0,0,0,0,-,-,32.8598518371582,-116.92822265625,SAN DIEGO,UNINCORPORATED,-116.92800903320313,32.85988998413086
94877851,2025,2025-10-08,9680,2025-10-02,656,023077,NA,4,1,9,3700,0,1,1,NA,2,082,INTERSTATE 8 WESTBOUND,LOS COCHES RD,1584,E,N,A,-,Y,SD,NA,8,NA,R,20.374,H,NA,L,N,3,0,2,2,A,-,03,22350,NA,N,C,C,A,A,H,-,A,D,0,NA,NA,NA,NA,Y,NA,A,07,0,2,0,0,0,0,0,0,0,-,-,32.829708099365234,-116.89939880371094,SAN DIEGO,UNINCORPORATED,-116.89942169189452,32.82973098754883
9487984,2022,2022-10-25,3700,2022-08-17,1120,SH0189,NA,3,5,4,3780,0,0,0,NA,0,416,POWAY RD,WESTMARK WY,0,NA,Y,A,-,N,NA,NA,NA,NA,NA,NA,NA,NA,NA,Y,4,0,1,2,A,-,09,21801,A,N,D,C,A,A,H,-,A,D,0,NA,NA,NA,NA,Y,NA,A,01,0,0,1,0,0,0,0,0,0,-,-,NA,NA,SAN DIEGO,POWAY,-117.03237152099608,32.95627212524414
94883963,2025,2025-10-13,9650,2025-10-11,1200,021876,NA,6,1,9,3700,0,3,5,NA,2,231,NORTH LAKE WOHLFORD RD,NYEMII PASS RD,45,S,N,A,-,N,NA,NA,NA,NA,NA,NA,NA,NA,NA,N,4,0,1,2,D,-,00,NA,NA,N,C,C,A,A,H,-,A,A,0,NA,NA,NA,NA,Y,NA,-,-,0,0,1,0,0,0,0,0,0,-,-,33.21778869628906,-116.9713897705078,SAN DIEGO,UNINCORPORATED,-116.97132110595705,33.21788787841797
94885289,2025,2025-10-14,9645,2025-10-02,1230,024546,NA,4,1,7,3711,0,1,1,NA,2,010,I-8 EASTBOUND,I-805,2207,W,N,A,-,Y,SD,NA,8,NA,NA,3.94,H,NA,R,N,3,0,1,1,A,-,03,22350,NA,N,F,I,A,A,H,-,A,D,0,NA,NA,Y,NA,Y,NA,C,02,0,1,0,0,0,0,0,0,1,-,-,32.77003860473633,-117.13915252685548,SAN DIEGO,SAN DIEGO,-117.13914489746094,32.770023345947266
94889074,2025,2025-10-16,9645,2025-10-06,900,024513,NA,1,1,7,3711,0,1,3,NA,2,006,SR-94 W/B FROM FEDERAL BLVD.,FEDERAL BOULEVARD,49.21,E,N,A,-,Y,SD,NA,94,NA,NA,6.193,H,NA,R,Y,3,0,1,2,A,-,03,22350,NA,N,C,C,A,A,H,-,A,A,0,NA,NA,NA,NA,Y,NA,A,07,0,1,0,0,0,0,0,0,0,-,-,32.727210998535156,-117.07070159912108,SAN DIEGO,SAN DIEGO,-117.07078552246094,32.72738265991211
94891190,2025,2025-10-17,9680,2025-09-27,1417,023088,NA,6,2,9,3700,0,2,4,NA,1,031,SUNRISE HIGHWAY (S1),KITCHEN CREEK ROAD,14256,S,N,B,C,N,NA,NA,NA,NA,NA,NA,NA,NA,NA,Y,2,0,1,2,A,-,03,22350,NA,N,A,E,A,B,H,-,A,A,0,NA,NA,NA,NA,Y,NA,A,07,1,0,0,0,0,0,0,0,0,-,-,32.85245132446289,-116.47872161865234,SAN DIEGO,UNINCORPORATED,-116.4201202392578,32.86577224731445
94894928,2025,2025-10-21,9680,2025-10-11,1845,022893,NA,6,2,9,3700,0,3,5,NA,2,005,MAIN ST,C ST,15,W,N,A,-,Y,SD,NA,78,NA,NA,58.012,H,NA,R,N,4,0,1,1,A,-,03,22350,NA,N,E,I,A,A,H,-,B,D,0,NA,NA,NA,NA,Y,NA,D,22,0,0,1,0,0,0,0,0,0,-,-,33.077239990234375,-116.60077667236328,SAN DIEGO,UNINCORPORATED,-116.60069274902344,33.077327728271484
94895612,2025,2025-10-21,9645,2025-10-09,1030,017678,NA,4,1,7,3711,0,1,1,NA,2,017,I-15 N/B TO AERO DRIVE,AERO DRIVE,15,S,N,A,-,Y,NA,NA,NA,NA,NA,NA,NA,NA,NA,N,4,0,1,2,A,-,21,22106,NA,N,C,C,A,A,H,-,A,A,0,NA,NA,NA,NA,Y,NA,A,01,0,0,1,0,0,0,0,0,0,-,-,32.810569763183594,-117.11239624023438,SAN DIEGO,SAN DIEGO,-117.11385345458984,32.81040954589844
94897248,2025,2025-10-22,9650,2025-10-16,1537,017328,NA,4,2,9,3700,0,1,1,NA,2,001,I-5 N/B,BASILONE RD.,5808,S,N,A,-,Y,SD,NA,5,NA,R,70.053,H,NA,R,Y,4,0,1,2,A,-,08,22107,NA,N,E,I,A,A,H,-,A,D,0,NA,NA,NA,NA,Y,NA,D,22,0,0,1,0,0,0,0,0,0,-,-,33.37662887573242,-117.5630111694336,SAN DIEGO,UNINCORPORATED,-117.5629425048828,33.37668228149414
94897459,2025,2025-10-22,9645,2025-08-14,630,024543,NA,4,1,7,3711,0,1,1,NA,2,027,SR-15 N/B,ADAMS AVENUE,500,N,N,A,-,Y,SD,NA,15,NA,M,5.703,H,NA,R,Y,2,0,1,3,A,-,01,23152,F,N,C,C,A,A,H,-,A,D,0,NA,NA,Y,NA,Y,NA,A,01,1,0,0,0,0,0,0,0,1,-,-,32.7647590637207,-117.10944366455078,SAN DIEGO,SAN DIEGO,-117.10938262939452,32.764774322509766
9490043,2022,2022-09-08,3705,2022-07-15,1944,EC0432,NA,5,5,5,3705,0,0,0,NA,0,004,S MOLLISON AV,GRAY DR,215,S,N,A,-,N,NA,NA,NA,NA,NA,NA,NA,NA,NA,Y,4,0,1,3,A,-,21,22106,NA,N,D,C,A,A,H,-,B,D,0,NA,NA,NA,NA,Y,NA,A,01,0,0,1,0,0,0,0,0,0,-,-,NA,NA,SAN DIEGO,EL CAJON,-116.95096588134766,32.783321380615234
94903776,2025,2025-10-27,9650,2025-10-17,830,021876,NA,5,1,6,3706,0,1,1,NA,2,023,I-15 N/B TO SR-78 W/B,NORDAHL RD,3696,E,N,A,-,Y,SD,NA,78,NA,R,16.175,H,NA,L,Y,4,0,2,3,A,-,03,22350,NA,N,C,C,A,A,H,-,A,D,0,NA,NA,NA,NA,Y,NA,A,01,0,0,2,0,0,0,0,0,0,-,-,33.127769470214844,-117.11077880859376,SAN DIEGO,ESCONDIDO,-117.11090087890624,33.12761306762695
9490523,2022,2022-08-29,3711,2022-08-09,2037,SD1516,NA,2,5,7,3711,0,0,0,NA,0,614,SUNSET CLIFFS BL,CORONADO AV,0,NA,Y,A,-,N,NA,NA,NA,NA,NA,NA,NA,NA,NA,Y,4,0,2,2,A,-,12,22450,A,M,D,C,A,A,H,-,C,A,0,NA,NA,NA,NA,Y,NA,-,NA,0,0,2,0,0,0,0,0,0,-,-,NA,NA,SAN DIEGO,SAN DIEGO,-117.25125122070313,32.74052429199219
9490685,2022,2022-09-06,3711,2022-08-20,1920,SD1617,NA,6,5,7,3711,0,0,0,NA,0,124,VIA MALLORCA,VIA ALICANTE,0,NA,Y,A,-,N,NA,NA,NA,NA,NA,NA,NA,NA,NA,Y,4,0,1,2,-,-,-,NA,A,N,A,C,A,A,H,-,A,D,0,NA,NA,NA,NA,Y,NA,A,01,0,0,1,0,0,0,0,0,0,-,-,NA,NA,SAN DIEGO,SAN DIEGO,-117.23355102539063,32.8609619140625
94907427,2025,2025-10-29,9645,2025-10-14,1550,017133,NA,2,2,7,3711,0,1,1,NA,2,019,I-15 SOUTHBOUND,GEORGE COOKE EXPRESS DRIVE,200,N,N,B,-,Y,SD,NA,15,NA,M,23.289,H,NA,R,Y,4,0,1,1,A,-,03,22350,NA,N,F,A,A,B,H,-,A,D,0,NA,NA,Y,NA,Y,NA,C,02,0,0,1,0,0,0,0,0,1,-,-,33.017189025878906,-117.07900238037108,SAN DIEGO,SAN DIEGO,-117.07898712158205,33.017189025878906
9490778,2022,2022-09-06,3711,2022-07-29,1730,SD1567,NA,5,5,7,3711,0,0,0,NA,0,712,BAYER BL,SMYTHE CROSSING,0,NA,Y,A,-,N,NA,NA,NA,NA,NA,NA,NA,NA,NA,N,3,0,2,3,A,-,21,22106,NA,N,D,C,A,A,H,-,A,D,0,NA,NA,NA,NA,Y,NA,A,01,0,1,1,0,0,0,0,0,0,-,-,NA,NA,SAN DIEGO,SAN DIEGO,-117.05025482177734,32.55959701538086
9490912,2022,2022-09-22,3711,2022-08-04,1705,SD1586,NA,4,5,7,3711,0,0,0,NA,0,234,RANCHO BERNARDO RD,RT 15,0,NA,Y,A,-,Y,SD,11,15,-,-,23.043,R,4,N,Y,4,0,1,2,D,-,00,NA,NA,N,D,C,A,A,H,-,A,A,0,NA,NA,NA,NA,Y,NA,-,-,0,0,1,0,0,0,0,0,0,-,NF,NA,NA,SAN DIEGO,SAN DIEGO,NA,NA
9490948,2022,2022-09-01,3710,2022-08-11,1141,OC1506,NA,4,5,6,3710,0,0,0,NA,0,011,OCEANSIDE BL,INDUSTRY ST,160,W,N,A,-,N,NA,NA,NA,NA,NA,NA,NA,NA,NA,Y,4,0,1,2,A,-,07,21658,A,N,C,C,A,A,H,-,A,D,0,NA,NA,NA,NA,Y,NA,A,01,0,0,1,0,0,0,0,0,0,-,-,NA,NA,SAN DIEGO,OCEANSIDE,-117.35002136230467,33.19804382324219
94910542,2025,2025-10-31,9650,2025-10-29,1735,024814,NA,3,2,6,3710,0,1,3,NA,2,015,SR-78 W/B,EL CAMINO REAL,2334,E,N,A,-,Y,SD,NA,78,NA,NA,1.964,H,NA,L,Y,3,0,2,4,A,-,03,22350,NA,N,C,C,A,A,H,-,A,D,0,NA,NA,NA,NA,Y,NA,A,01,0,2,0,0,0,0,0,0,0,-,-,33.18149185180664,-117.31912994384766,SAN DIEGO,OCEANSIDE,-117.31915283203124,33.18143081665039
94911047,2025,2025-11-13,9645,2025-10-24,1615,024488,NA,5,2,7,3711,0,1,3,NA,2,006,SR-94 WESTBOUND TO BROADWAY,BROADWAY,20,E,N,A,-,Y,NA,NA,NA,NA,NA,NA,NA,NA,NA,N,3,0,1,2,A,-,03,22350,NA,N,C,C,A,A,H,-,A,D,0,NA,NA,NA,NA,Y,NA,A,01,0,1,0,0,0,0,0,0,0,-,-,32.71540069580078,-117.12699127197266,SAN DIEGO,SAN DIEGO,-117.12615203857422,32.7147216796875
9491129,2022,2022-08-29,3700,2022-04-19,1328,SH1147,NA,2,5,5,3782,0,0,0,NA,0,206,LEUCADIA BL,QUAIL GARDENS,0,NA,Y,A,-,N,NA,NA,NA,NA,NA,NA,NA,NA,NA,N,3,0,2,2,A,-,03,22350,NA,N,C,C,A,A,H,-,A,A,0,NA,NA,NA,NA,Y,NA,A,01,0,1,1,0,0,0,0,0,0,-,-,NA,NA,SAN DIEGO,ENCINITAS,-117.2784423828125,33.0652961730957
9491132,2022,2022-08-30,3700,2022-04-11,2159,SH1147,NA,1,5,5,3782,0,0,0,NA,0,224,CERRO ST,CHARRO ST,0,NA,Y,A,-,N,NA,NA,NA,NA,NA,NA,NA,NA,NA,Y,3,0,1,4,A,-,01,23152,G,N,E,E,A,A,H,-,C,D,0,NA,NA,NA,NA,Y,Y,D,22,0,1,0,0,0,0,0,0,0,-,-,NA,NA,SAN DIEGO,ENCINITAS,-117.25267028808594,33.041358947753906
9491524,2022,2022-09-13,3711,2022-08-19,1330,SD1576,NA,5,5,7,3711,0,0,0,NA,0,511,LOGAN AV,LOGAN AV 2100,0,NA,-,A,-,N,NA,NA,NA,NA,NA,NA,NA,NA,NA,N,4,0,2,1,A,-,08,22107,NA,N,H,J,A,A,H,-,A,D,0,NA,NA,NA,NA,Y,NA,A,01,0,0,2,0,0,0,0,0,0,-,-,NA,NA,SAN DIEGO,SAN DIEGO,NA,NA
94919258,2025,2025-11-11,9680,2025-10-26,540,024564,NA,7,3,4,3720,0,1,3,NA,2,028,SR-125 N/B,BROADWAY,1134,S,N,A,-,Y,SD,NA,125,NA,NA,12.612,H,NA,R,Y,3,0,2,2,A,-,03,22350,NA,N,C,C,A,A,H,-,C,D,0,NA,NA,NA,NA,Y,Y,A,07,0,2,0,0,0,0,0,0,0,-,-,32.74312973022461,-117.01702117919922,SAN DIEGO,LEMON GROVE,-117.0170440673828,32.74311828613281
94924691,2025,2025-11-12,9680,2025-02-14,1250,023088,NA,5,1,9,3700,0,3,5,NA,2,001,NORTH MAGNOLIA AVE,WEST BRADLEY AVENUE,25,N,N,B,-,N,NA,NA,NA,NA,NA,NA,NA,NA,NA,N,4,0,2,2,A,-,08,22107,NA,F,B,C,A,A,H,-,A,A,0,NA,NA,NA,NA,Y,NA,-,99,0,0,2,0,0,0,0,0,0,-,-,32.81932067871094,-116.96244049072266,SAN DIEGO,UNINCORPORATED,-116.96231079101563,32.81917953491211
94924838,2025,2025-11-12,9645,2025-10-12,2245,023866,NA,7,3,7,3711,0,1,3,NA,2,023,STATE ROUTE 163 NORTHBOUND,ROBINSON AVENUE,1510,S,N,A,-,Y,SD,NA,163,NA,NA,2.331,H,NA,R,Y,3,0,1,1,A,-,01,23152,A,N,E,8,A,A,H,-,D,D,0,NA,NA,NA,NA,Y,Y,A,01,0,1,0,0,0,0,0,0,0,-,-,32.74443817138672,-117.15617370605467,SAN DIEGO,SAN DIEGO,-117.15624237060548,32.74443435668945
94924944,2025,2025-11-12,9645,2025-10-30,1335,024776,NA,4,1,7,3711,0,1,1,NA,2,010,STATE ROUTE 163 TO INTERSTATE 8 EASTBOUND,MISSION CENTER ROAD,1000,W,N,A,-,Y,SD,NA,8,NA,NA,2.818,H,NA,R,N,4,0,1,2,A,-,07,21658,A,N,B,C,A,A,H,-,A,D,0,NA,NA,NA,NA,Y,NA,A,01,0,0,1,0,0,0,0,0,0,-,-,32.764251708984375,-117.15728759765624,SAN DIEGO,SAN DIEGO,-117.15735626220705,32.76444625854492
94925540,2025,2025-11-12,9650,2025-11-05,1315,024880,NA,3,1,9,3700,0,1,1,NA,2,022,I15 NB SO RAINBOW,RAINBOW VALLEY,5280,S,N,A,-,Y,RIV,NA,15,NA,R,0.667,H,NA,R,N,3,0,2,3,A,-,08,22107,NA,N,C,C,A,A,H,-,A,D,0,NA,NA,NA,NA,Y,NA,A,01,0,2,0,0,0,0,0,0,0,-,-,33.441139221191406,-117.13784790039063,SAN DIEGO,UNINCORPORATED,-117.13787078857422,33.44114303588867
94925896,2025,2025-11-12,9650,2025-10-25,140,024797,NA,6,3,5,3712,0,1,3,NA,2,019,SR-78 EB,WOODLAND PKY,92.01,W,N,A,-,Y,SD,NA,78,NA,NA,14.247,H,NA,R,Y,3,0,1,1,A,-,03,22350,NA,N,E,I,A,A,H,-,D,D,0,NA,NA,Y,NA,Y,NA,C,02,0,1,0,0,0,0,0,0,1,-,-,33.13867950439453,-117.14118194580078,SAN DIEGO,SAN MARCOS,-117.14121246337892,33.13862228393555
94926762,2025,2025-11-12,9680,2025-11-03,2005,017996,NA,1,2,5,3705,0,1,1,NA,2,082,I-8 W/B FROM 2ND STREET,2ND STREET,375,W,N,A,-,Y,SD,NA,8,NA,NA,17.284,H,NA,L,N,4,0,1,2,A,-,08,22107,NA,N,B,C,A,A,H,-,C,D,0,NA,NA,NA,NA,Y,NA,A,01,0,0,1,0,0,0,0,0,0,-,-,32.803409576416016,-116.93711090087892,SAN DIEGO,EL CAJON,-116.93711090087892,32.80319595336914
94927485,2025,2025-11-13,9650,2025-11-10,745,024880,NA,1,1,6,3706,0,1,1,NA,2,023,I15 NB,RT 78,3168,S,N,A,-,Y,SD,NA,15,NA,R,30.92,H,NA,R,Y,3,0,1,3,A,-,03,22350,NA,N,C,C,A,A,H,-,A,D,0,NA,NA,NA,NA,Y,NA,A,01,0,1,0,0,0,0,0,0,0,-,-,33.1192512512207,-117.10079956054688,SAN DIEGO,ESCONDIDO,-117.10095977783205,33.11918640136719
94927524,2025,2025-11-13,9650,2025-11-11,2330,021263,NA,2,3,6,3706,0,1,1,NA,2,023,INTERSTATE 15 SOUTHBOUND,DEL LAGO BOULEVARD,50,S,N,B,-,Y,SD,NA,15,NA,M,27.248,H,NA,L,Y,3,0,2,2,A,-,03,22350,NA,N,C,C,A,A,H,-,D,D,0,NA,NA,NA,NA,Y,NA,-,-,0,1,1,0,0,0,0,0,0,-,-,33.07318878173828,-117.07018280029295,SAN DIEGO,ESCONDIDO,-117.07015228271484,33.07319259643555
9492849,2022,2022-09-15,3705,2022-08-08,1520,EC0383,NA,1,5,5,3705,0,0,0,NA,0,002,E MADISON AV,N 1ST ST,370,E,N,A,-,N,NA,NA,NA,NA,NA,NA,NA,NA,NA,N,4,0,1,2,A,-,09,21802,B,M,D,C,A,A,H,-,A,D,0,NA,NA,NA,NA,Y,Y,A,01,0,0,1,0,0,0,0,0,0,-,-,NA,NA,SAN DIEGO,EL CAJON,-116.94341278076172,32.800140380859375
9493144,2022,2022-10-06,3700,2022-02-08,2324,SH1911,NA,2,5,5,3712,0,0,0,NA,0,351,WEST MISSION RD,NORTH LAS POSAS RD,864,W,N,A,-,N,NA,NA,NA,NA,NA,NA,NA,NA,NA,Y,1,1,0,2,A,-,11,21954,A,N,G,B,E,A,H,-,D,D,0,Y,NA,NA,NA,Y,NA,N,60,0,0,0,1,0,0,0,0,0,-,-,NA,NA,SAN DIEGO,SAN MARCOS,-117.19115447998048,33.149925231933594
94933841,2025,2025-11-17,9680,2025-11-05,1545,017460,NA,3,2,9,3700,0,3,5,NA,2,006,BUCKMAN SPRINGS RD,OLD BUCKMAN SPRINGS RD,0,NA,Y,A,-,N,NA,NA,NA,NA,NA,NA,NA,NA,NA,Y,3,0,2,2,A,-,08,22107,NA,N,D,C,A,A,H,-,A,D,0,NA,NA,NA,NA,Y,NA,A,01,0,2,0,0,0,0,0,0,0,-,-,32.7571907043457,-116.49276733398438,SAN DIEGO,UNINCORPORATED,-116.49272918701172,32.75724411010742
9493510,2022,2022-09-16,3711,2022-08-31,1040,SD1196,NA,3,5,7,3711,0,0,0,NA,0,521,J ST,16TH ST,0,NA,Y,A,-,N,NA,NA,NA,NA,NA,NA,NA,NA,NA,N,3,0,1,2,A,-,09,21802,A,N,D,C,A,A,H,-,A,A,0,NA,NA,NA,NA,Y,NA,A,01,0,1,0,0,0,0,0,0,0,-,-,NA,NA,SAN DIEGO,SAN DIEGO,-117.1494369506836,32.70941162109375