CASE_ID,ACCIDENT_YEAR,PROC_DATE,JURIS,COLLISION_DATE,COLLISION_TIME,OFFICER_ID,REPORTING_DISTRICT,DAY_OF_WEEK,CHP_SHIFT,POPULATION,CNTY_CITY_LOC,SPECIAL_COND,BEAT_TYPE,CHP_BEAT_TYPE,CITY_DIVISION_LAPD,CHP_BEAT_CLASS,BEAT_NUMBER,PRIMARY_RD,SECONDARY_RD,DISTANCE,DIRECTION,INTERSECTION,WEATHER_1,WEATHER_2,STATE_HWY_IND,CALTRANS_COUNTY,CALTRANS_DISTRICT,STATE_ROUTE,ROUTE_SUFFIX,POSTMILE_PREFIX,POSTMILE,LOCATION_TYPE,RAMP_INTERSECTION,SIDE_OF_HWY,TOW_AWAY,COLLISION_SEVERITY,NUMBER_KILLED,NUMBER_INJURED,PARTY_COUNT,PRIMARY_COLL_FACTOR,PCF_CODE_OF_VIOL,PCF_VIOL_CATEGORY,PCF_VIOLATION,PCF_VIOL_SUBSECTION,HIT_AND_RUN,TYPE_OF_COLLISION,MVIW,PED_ACTION,ROAD_SURFACE,ROAD_COND_1,ROAD_COND_2,LIGHTING,CONTROL_DEVICE,CHP_ROAD_TYPE,PEDESTRIAN_ACCIDENT,BICYCLE_ACCIDENT,MOTORCYCLE_ACCIDENT,TRUCK_ACCIDENT,NOT_PRIVATE_PROPERTY,ALCOHOL_INVOLVED,STWD_VEHTYPE_AT_FAULT,CHP_VEHTYPE_AT_FAULT,COUNT_SEVERE_INJ,COUNT_VISIBLE_INJ,COUNT_COMPLAINT_PAIN,COUNT_PED_KILLED,COUNT_PED_INJURED,COUNT_BICYCLIST_KILLED,COUNT_BICYCLIST_INJURED,COUNT_MC_KILLED,COUNT_MC_INJURED,PRIMARY_RAMP,SECONDARY_RAMP,LATITUDE,LONGITUDE,COUNTY,CITY,POINT_X,POINT_Y
9642276,2023,2023-12-13,3700,2023-10-16,821,SH0551,NA,1,5,4,3720,0,0,0,NA,0,602,BUENA VISTA AV,BROADWAY,136,S,N,A,-,N,NA,NA,NA,NA,NA,NA,NA,NA,NA,Y,4,0,1,2,A,-,05,21650,NA,N,D,C,A,A,H,-,A,A,0,NA,NA,NA,NA,Y,NA,A,01,0,0,1,0,0,0,0,0,0,-,-,NA,NA,SAN DIEGO,LEMON GROVE,-117.03424835205078,32.74223709106445
9642622,2023,2024-02-29,3711,2023-12-13,2141,SD1704,NA,3,5,7,3711,0,0,0,NA,0,327,ALVARADO RD,STERLING VERDE DR,0,NA,Y,A,-,N,NA,NA,NA,NA,NA,NA,NA,NA,NA,Y,3,0,1,2,A,-,01,23152,A,N,C,E,A,A,H,-,C,A,0,NA,NA,NA,NA,Y,Y,A,01,0,1,0,0,0,0,0,0,0,-,-,NA,NA,SAN DIEGO,SAN DIEGO,NA,NA
9642667,2023,2023-11-17,3702,2023-10-06,247,CV0818,NA,5,5,6,3702,0,0,0,NA,0,032,EAST H ST,BARON PL,10,E,N,A,-,N,NA,NA,NA,NA,NA,NA,NA,NA,NA,Y,3,0,1,1,A,-,01,23152,A,N,E,I,A,A,H,-,C,A,0,NA,NA,NA,NA,Y,Y,A,01,0,1,0,0,0,0,0,0,0,-,-,NA,NA,SAN DIEGO,CHULA VISTA,-116.99620056152344,32.64542770385742
9642673,2023,2023-11-16,3702,2023-10-01,658,CV1278,NA,7,5,6,3702,0,0,0,NA,0,041,EAST PALOMAR ST,SANTA RITA E,30,W,N,A,-,N,NA,NA,NA,NA,NA,NA,NA,NA,NA,Y,4,0,1,3,A,-,03,22350,NA,F,B,C,A,A,H,-,A,D,0,NA,NA,NA,NA,Y,Y,A,01,0,0,1,0,0,0,0,0,0,-,-,NA,NA,SAN DIEGO,CHULA VISTA,-116.99891662597656,32.62322235107422
9642702,2023,2024-01-31,3711,2023-11-01,857,SD1797,NA,3,5,7,3711,0,0,0,NA,0,614,EBERS ST,VOLTAIRE ST,0,NA,Y,A,-,N,NA,NA,NA,NA,NA,NA,NA,NA,NA,N,4,0,1,2,A,-,00,21456,3,N,D,G,A,A,H,-,A,A,0,NA,Y,NA,NA,Y,NA,L,04,0,0,1,0,0,0,1,0,0,-,-,NA,NA,SAN DIEGO,SAN DIEGO,-117.24138641357422,32.74883270263672
9642703,2023,2024-01-31,3711,2023-11-01,821,SD7654,NA,3,5,7,3711,0,0,0,NA,0,712,AIRWAY RD,OTAY MESA RD,0,NA,N,A,-,N,NA,NA,NA,NA,NA,NA,NA,NA,NA,N,4,0,1,2,A,-,09,21804,A,N,B,C,A,B,H,-,B,D,0,NA,NA,NA,NA,Y,Y,A,07,0,0,1,0,0,0,0,0,0,-,-,NA,NA,SAN DIEGO,SAN DIEGO,-117.0197296142578,32.566932678222656
9642932,2023,2023-12-18,3709,2023-10-21,1520,NC0531,NA,6,5,5,3709,0,0,0,NA,0,020,BAY MARINA DR,RT 5,0,NA,Y,A,-,Y,SD,11,5,-,R,9.96,R,4,S,Y,3,0,3,1,A,-,01,23152,G,N,E,I,A,A,H,-,A,A,0,NA,NA,NA,NA,Y,Y,A,01,0,1,2,0,0,0,0,0,0,-,SF,NA,NA,SAN DIEGO,NATIONAL CITY,-117.10765838623048,32.658714294433594
9643014,2023,2023-12-07,3700,2023-10-25,1550,SH0113,NA,3,5,5,3713,0,0,0,NA,0,315,SOUTH MELROSE DR,CANON RD,864,S,N,A,-,N,NA,NA,NA,NA,NA,NA,NA,NA,NA,N,3,0,3,3,A,-,03,22350,NA,N,C,C,A,A,H,-,A,D,0,NA,NA,NA,NA,Y,NA,D,22,0,1,2,0,0,0,0,0,0,-,-,NA,NA,SAN DIEGO,VISTA,-117.25092315673828,33.169620513916016
9644440,2023,2023-12-18,3711,2023-11-28,825,SD5498,NA,2,5,7,3711,0,0,0,NA,0,311,MISSION VILLAGE DR,RONDA AV,309,N,N,A,-,N,NA,NA,NA,NA,NA,NA,NA,NA,NA,Y,4,0,2,3,A,-,03,22350,NA,N,C,C,A,A,H,-,A,D,0,NA,NA,NA,NA,Y,NA,A,01,0,0,2,0,0,0,0,0,0,-,-,NA,NA,SAN DIEGO,SAN DIEGO,-117.12325286865234,32.793331146240234
9644579,2023,2024-01-22,3711,2023-11-27,725,SD7042,NA,1,5,7,3711,0,0,0,NA,0,627,WASHINGTON ST,8TH AV,14,E,N,A,-,N,NA,NA,NA,NA,NA,NA,NA,NA,NA,Y,4,0,1,2,A,-,12,21453,A,N,B,C,A,A,H,-,A,A,0,NA,NA,NA,NA,Y,NA,D,22,0,0,1,0,0,0,0,0,0,-,-,NA,NA,SAN DIEGO,SAN DIEGO,-117.15738677978516,32.750144958496094
9646645,2023,2024-03-12,3708,2023-12-13,1206,LM1206,NA,3,5,5,3708,0,0,0,NA,0,003,JACKSON DR,PARKWAY DR,0,NA,Y,A,-,N,NA,NA,NA,NA,NA,NA,NA,NA,NA,N,4,0,2,2,A,-,09,21802,A,N,D,C,A,A,H,-,A,A,0,NA,NA,NA,NA,Y,NA,A,01,0,0,2,0,0,0,0,0,0,-,-,NA,NA,SAN DIEGO,LA MESA,-117.01841735839844,32.77839660644531
9646835,2023,2024-01-29,3700,2023-11-09,1329,SH2659,NA,4,5,5,3712,0,0,0,NA,0,352,EAST MISSION RD,RICHLAND RD,670,W,N,A,-,N,NA,NA,NA,NA,NA,NA,NA,NA,NA,Y,3,0,1,2,A,-,12,21453,A,N,D,C,A,A,H,-,A,A,0,NA,NA,NA,NA,Y,NA,-,-,0,1,0,0,0,0,0,0,0,-,-,NA,NA,SAN DIEGO,SAN MARCOS,-117.14209747314452,33.14299774169922
9646844,2023,2024-01-16,3705,2023-10-09,1702,EC0371,NA,1,5,5,3705,0,0,0,NA,0,001,NAVAJO RD,MEDFORD ST,35,E,N,A,-,N,NA,NA,NA,NA,NA,NA,NA,NA,NA,Y,2,0,2,2,C,-,18,NA,NA,N,A,C,A,A,H,-,A,A,0,NA,NA,NA,NA,Y,NA,-,-,1,1,0,0,0,0,0,0,0,-,-,NA,NA,SAN DIEGO,EL CAJON,-117.00274658203124,32.80202865600586
9648370,2023,2024-02-28,3709,2023-12-03,313,NC0474,NA,7,5,5,3709,0,0,0,NA,0,021,EAST 8TH ST,E 8TH ST 1800 BLK,0,NA,N,A,-,N,NA,NA,NA,NA,NA,NA,NA,NA,NA,N,4,0,1,4,A,-,08,22107,NA,N,B,E,A,A,H,-,C,D,0,NA,NA,NA,NA,Y,Y,A,01,0,0,1,0,0,0,0,0,0,-,-,NA,NA,SAN DIEGO,NATIONAL CITY,-117.10692596435548,32.67584228515625
9649022,2023,2024-03-01,3710,2023-12-18,1633,OC1533,NA,1,5,6,3710,0,0,0,NA,0,024,RT 76,DOUGLAS DR,555,E,N,B,-,Y,SD,11,76,-,R,3.85,H,-,E,Y,2,0,1,2,A,-,03,22350,NA,N,C,C,A,A,H,-,A,A,0,NA,NA,Y,NA,Y,NA,C,02,1,0,0,0,0,0,0,0,1,-,-,NA,NA,SAN DIEGO,OCEANSIDE,-117.32415771484376,33.22608947753906
9649259,2023,2024-02-21,3711,2023-12-23,1740,SD8404,NA,6,5,7,3711,0,0,0,NA,0,627,WASHINGTON ST,WASHINGTON ST 600,15,S,N,B,-,N,NA,NA,NA,NA,NA,NA,NA,NA,NA,N,4,0,2,2,A,-,03,22350,NA,N,C,C,A,A,H,-,C,D,0,NA,NA,NA,NA,Y,NA,A,01,0,0,2,0,0,0,0,0,0,-,-,NA,NA,SAN DIEGO,SAN DIEGO,-117.16393280029295,32.749969482421875
9649528,2023,2024-03-13,3711,2023-12-12,1423,SD7907,NA,2,5,7,3711,0,0,0,NA,0,321,RIVERDALE ST,RAINIER AV,0,NA,Y,A,-,N,NA,NA,NA,NA,NA,NA,NA,NA,NA,N,3,0,2,2,A,-,08,22107,NA,N,B,E,A,A,H,-,A,D,0,NA,NA,Y,NA,Y,NA,C,03,0,1,1,0,0,0,0,0,2,-,-,NA,NA,SAN DIEGO,SAN DIEGO,-117.099609375,32.7898063659668
9649746,2023,2024-02-28,3711,2023-12-13,1105,SD1772,NA,3,5,7,3711,0,0,0,NA,0,528,CEDAR ST,KETTNER BL,0,NA,Y,A,-,N,NA,NA,NA,NA,NA,NA,NA,NA,NA,N,4,0,1,2,A,-,10,21950,A,N,G,B,B,A,H,-,A,A,0,Y,NA,NA,NA,Y,NA,-,NA,0,0,1,0,1,0,0,0,0,-,-,NA,NA,SAN DIEGO,SAN DIEGO,-117.169189453125,32.72193908691406
9649966,2023,2024-01-05,3711,2023-12-21,1733,SD7723,NA,4,5,7,3711,0,0,0,NA,0,521,BROADWAY AV,13TH ST,0,NA,Y,A,-,N,NA,NA,NA,NA,NA,NA,NA,NA,NA,N,2,0,1,2,C,-,18,NA,NA,N,G,B,B,A,H,-,C,A,0,Y,NA,NA,NA,Y,NA,-,-,1,0,0,0,1,0,0,0,0,-,-,NA,NA,SAN DIEGO,SAN DIEGO,-117.15287017822266,32.71574783325195
9650048,2023,2023-12-30,3700,2023-09-03,2029,SH3606,NA,7,5,5,3712,0,0,0,NA,0,357,MISSION RD,MULBERRY DR,0,NA,Y,A,-,N,NA,NA,NA,NA,NA,NA,NA,NA,NA,Y,4,0,1,3,A,-,09,21453,C,N,D,C,A,A,H,-,C,A,0,NA,NA,NA,NA,Y,NA,A,01,0,0,1,0,0,0,0,0,0,-,-,NA,NA,SAN DIEGO,SAN MARCOS,-117.1493911743164,33.14507293701172
9650059,2023,2024-03-06,3700,2023-12-15,1909,SH3703,NA,5,5,5,3712,0,0,0,NA,0,359,WEST SAN MARCOS BL,KNIGHTS REALM,0,NA,Y,A,-,N,NA,NA,NA,NA,NA,NA,NA,NA,NA,Y,4,0,2,2,A,-,12,21453,A,N,D,C,A,A,H,-,C,A,0,NA,NA,NA,NA,Y,NA,-,-,0,0,2,0,0,0,0,0,0,-,-,NA,NA,SAN DIEGO,SAN MARCOS,-117.2048568725586,33.13142013549805
9650077,2023,2024-03-06,3700,2023-12-07,1109,SH3910,NA,4,5,5,3712,0,0,0,NA,0,355,SOUTH RANCHO SANTA FE RD,DESCANSO AV,0,NA,Y,A,-,N,NA,NA,NA,NA,NA,NA,NA,NA,NA,Y,4,0,2,2,A,-,12,21453,A,N,D,C,A,A,H,-,A,A,0,NA,NA,NA,NA,Y,NA,-,-,0,0,2,0,0,0,0,0,0,-,-,NA,NA,SAN DIEGO,SAN MARCOS,-117.19879150390624,33.14897155761719
9650492,2024,2024-08-23,3710,2024-01-04,1728,OC1533,NA,4,5,6,3710,0,0,0,NA,0,018,NORTH RIVER RD,FESTIVAL DR,0,NA,Y,A,-,N,NA,NA,NA,NA,NA,NA,NA,NA,NA,Y,1,1,0,2,A,-,09,21801,A,N,D,C,A,A,H,-,C,D,0,NA,NA,Y,NA,Y,NA,D,22,0,0,0,0,0,0,0,1,0,-,-,NA,NA,SAN DIEGO,OCEANSIDE,-117.31708526611328,33.24525451660156
9651094,2023,2024-02-21,3710,2023-12-04,1400,OC1472,NA,1,5,6,3710,0,0,0,NA,0,024,EL CAMINO REAL,OCEANSIDE BL,150,N,N,A,-,N,NA,NA,NA,NA,NA,NA,NA,NA,NA,N,3,0,1,2,A,-,03,22350,NA,N,C,C,A,A,D,-,A,A,0,NA,NA,NA,NA,Y,NA,I,11,0,1,0,0,0,0,0,0,0,-,-,NA,NA,SAN DIEGO,OCEANSIDE,-117.33245849609376,33.20218276977539
9651338,2023,2024-03-01,3711,2023-12-12,1550,SD1817,NA,2,5,7,3711,0,0,0,NA,0,823,UNIVERSITY AV,UNIVERSITY SQUARE DWY,0,NA,Y,A,-,N,NA,NA,NA,NA,NA,NA,NA,NA,NA,Y,4,0,2,2,A,-,12,21453,A,N,D,C,A,A,H,-,A,A,0,NA,NA,NA,NA,Y,NA,A,01,0,0,2,0,0,0,0,0,0,-,-,NA,NA,SAN DIEGO,SAN DIEGO,-117.16390228271484,32.74827194213867
9652379,2024,2024-03-26,3708,2024-01-18,1932,IM1283,NA,4,5,5,3708,0,0,0,NA,0,004,JACKSON DR,PARKWAY DR,0,NA,Y,A,-,N,NA,NA,NA,NA,NA,NA,NA,NA,NA,Y,4,0,1,2,A,-,12,21453,A,N,D,C,A,A,H,-,C,A,0,NA,NA,NA,NA,Y,NA,A,01,0,0,1,0,0,0,0,0,0,-,-,NA,NA,SAN DIEGO,LA MESA,-117.01841735839844,32.77839660644531
9653476,2023,2024-04-04,3711,2023-12-16,902,SD1877,NA,6,5,7,3711,0,0,0,NA,0,712,SAN YSIDRO BL,BORDER VILLAGE,263,S,N,A,-,N,NA,NA,NA,NA,NA,NA,NA,NA,NA,Y,4,0,2,3,A,-,07,21658,A,N,B,C,A,A,H,-,A,A,0,NA,NA,NA,NA,Y,NA,A,01,0,0,2,0,0,0,0,0,0,-,-,NA,NA,SAN DIEGO,SAN DIEGO,-117.03819274902344,32.55086135864258
9654217,2024,2024-01-31,3711,2024-01-05,1837,SD1524,NA,5,5,7,3711,0,0,0,NA,0,613,VOLTAIRE ST,VOLTAIRE ST 4335,0,NA,N,A,-,N,NA,NA,NA,NA,NA,NA,NA,NA,NA,Y,4,0,1,3,A,-,01,23152,B,N,C,C,A,A,H,-,C,A,0,NA,NA,NA,NA,Y,Y,A,01,0,0,1,0,0,0,0,0,0,-,-,NA,NA,SAN DIEGO,SAN DIEGO,NA,NA
9654221,2024,2024-01-31,3711,2024-01-09,2013,SD1150,NA,2,5,7,3711,0,0,0,NA,0,115,TOSCANA DR,TOSCANA DR 7400,0,NA,N,A,-,N,NA,NA,NA,NA,NA,NA,NA,NA,NA,N,3,0,1,2,A,-,-,NA,NA,N,C,E,A,A,H,-,C,D,0,NA,NA,NA,NA,Y,NA,A,01,0,1,0,0,0,0,0,0,0,-,-,NA,NA,SAN DIEGO,SAN DIEGO,-117.20101928710938,32.86941146850586
9654613,2024,2024-04-03,3700,2024-01-04,2048,SH0817,NA,4,5,5,3712,0,0,0,NA,0,359,WEST SAN MARCOS BL,S LAS POSAS RD,0,NA,Y,A,-,N,NA,NA,NA,NA,NA,NA,NA,NA,NA,Y,4,0,1,2,-,-,-,NA,A,N,D,C,A,A,H,-,C,A,0,NA,NA,NA,NA,Y,Y,D,22,0,0,1,0,0,0,0,0,0,-,-,NA,NA,SAN DIEGO,SAN MARCOS,-117.19393920898438,33.13326644897461
9654935,2023,2024-02-15,3711,2023-12-28,1741,SD7820,NA,4,5,7,3711,0,0,0,NA,0,437,ALTA VIEW,BRIARWOOD RD,0,NA,Y,A,-,N,NA,NA,NA,NA,NA,NA,NA,NA,NA,N,3,0,1,2,A,-,12,21453,A,N,D,C,A,A,H,-,C,A,0,NA,NA,NA,NA,Y,NA,A,01,0,1,0,0,0,0,0,0,0,-,-,NA,NA,SAN DIEGO,SAN DIEGO,-117.03182983398438,32.68283462524414
9655173,2023,2024-01-11,3709,2023-11-22,1945,NC0506,NA,3,5,5,3709,0,0,0,NA,0,021,HIGHLAND AV,EAST 16TH ST,0,NA,-,A,-,N,NA,NA,NA,NA,NA,NA,NA,NA,NA,N,4,0,2,2,A,-,08,22101,D,N,D,C,A,A,H,-,C,A,0,NA,NA,NA,NA,Y,NA,-,NA,0,0,2,0,0,0,0,0,0,-,-,NA,NA,SAN DIEGO,NATIONAL CITY,-117.09602355957033,32.671207427978516
9655306,2024,2024-04-02,3708,2024-01-17,805,LM1225,NA,3,5,5,3708,0,0,0,NA,0,001,7TH ST,COLONY RD,152,S,N,A,-,N,NA,NA,NA,NA,NA,NA,NA,NA,NA,Y,4,0,1,3,A,-,09,21804,A,N,D,C,A,A,H,-,A,D,0,NA,NA,NA,NA,Y,NA,A,01,0,0,1,0,0,0,0,0,0,-,-,NA,NA,SAN DIEGO,LA MESA,NA,NA
9655569,2023,2024-01-29,3700,2023-12-28,1712,SH0320,NA,4,5,5,3713,0,0,0,NA,0,305,TOWNSITE DR,N SANTA FE  AV,0,NA,Y,A,-,N,NA,NA,NA,NA,NA,NA,NA,NA,NA,N,4,0,1,2,A,-,09,21453,C,N,G,B,B,A,H,-,C,A,0,Y,NA,NA,NA,Y,NA,D,22,0,0,1,0,1,0,0,0,0,-,-,NA,NA,SAN DIEGO,VISTA,-117.24485778808594,33.211387634277344
9656032,2023,2024-01-10,3711,2023-12-06,850,SD8447,NA,3,5,7,3711,0,0,0,NA,0,725,CALIENTE AV,RT 905,5,W,N,A,-,Y,SD,11,905,-,R,6.53,R,3,W,N,4,0,1,2,A,-,08,22107,NA,N,D,C,A,A,H,-,A,A,0,NA,NA,NA,NA,Y,NA,A,01,0,0,1,0,0,0,0,0,0,-,WF,NA,NA,SAN DIEGO,SAN DIEGO,-117.01750183105467,32.56742477416992
9656138,2023,2024-01-31,3710,2023-12-07,1840,OC1548,NA,4,5,6,3710,0,0,0,NA,0,006,COAST HWY,RT 76,100,N,N,A,-,N,NA,NA,NA,NA,NA,NA,NA,NA,NA,N,4,0,1,2,A,-,04,21703,NA,N,C,C,A,A,H,-,C,A,0,NA,NA,NA,NA,Y,NA,A,01,0,0,1,0,0,0,0,0,0,-,WF,NA,NA,SAN DIEGO,OCEANSIDE,-117.3842544555664,33.20191192626953
9658139,2024,2024-03-05,3709,2024-01-09,1953,NC0543,NA,2,5,5,3709,0,0,0,NA,0,020,WEST 8TH ST,W 8TH ST 500,0,NA,N,A,-,N,NA,NA,NA,NA,NA,NA,NA,NA,NA,N,4,0,1,2,A,-,10,21950,A,N,G,B,C,A,H,-,C,D,0,Y,NA,NA,NA,Y,NA,-,NA,0,0,1,0,1,0,0,0,0,-,-,NA,NA,SAN DIEGO,NATIONAL CITY,-117.10692596435548,32.67584228515625
9658265,2024,2024-03-29,3710,2024-01-12,1721,OC1541,NA,5,5,6,3710,0,0,0,NA,0,033,RT 76,TOWN CENTER DR,158,E,N,A,-,Y,SD,11,76,-,R,5.96,H,-,E,Y,4,0,2,2,A,-,00,23123,A,N,C,C,A,A,H,-,C,D,0,NA,NA,NA,NA,Y,NA,A,07,0,0,2,0,0,0,0,0,0,-,-,NA,NA,SAN DIEGO,OCEANSIDE,-117.2937469482422,33.242469787597656
9658613,2024,2024-03-20,3711,2024-01-31,2030,SD1539,NA,3,5,7,3711,0,0,0,NA,0,832,UNIVERSITY AV,VAN DYKE AV,0,NA,N,A,-,N,NA,NA,NA,NA,NA,NA,NA,NA,NA,N,4,0,1,2,A,-,07,21658,A,N,B,C,A,A,H,-,C,A,0,NA,NA,NA,NA,Y,NA,A,01,0,0,1,0,0,0,0,0,0,-,-,NA,NA,SAN DIEGO,SAN DIEGO,-117.10319519042967,32.74966049194336
9658681,2024,2024-05-17,3711,2024-02-02,1220,SD7144,NA,5,5,7,3711,0,0,0,NA,0,445,EUCLID AV,GROVELAND DR,100,N,N,B,-,N,NA,NA,NA,NA,NA,NA,NA,NA,NA,Y,3,0,1,1,C,-,18,NA,NA,N,H,I,A,B,A,-,A,D,0,NA,NA,NA,NA,Y,NA,-,-,0,1,0,0,0,0,0,0,0,-,-,NA,NA,SAN DIEGO,SAN DIEGO,-117.08505249023438,32.70797348022461
9660318,2023,2024-02-23,3700,2023-12-21,114,SH3183,NA,4,5,5,3713,0,0,0,NA,0,309,VISTA VILLAGE DR,WAVE DR,190,W,N,B,-,N,NA,NA,NA,NA,NA,NA,NA,NA,NA,Y,3,0,2,2,A,-,01,23152,A,N,A,C,A,B,H,-,C,D,0,NA,NA,NA,NA,Y,Y,A,07,0,1,1,0,0,0,0,0,0,-,-,NA,NA,SAN DIEGO,VISTA,-117.24703979492188,33.200164794921875
9660471,2024,2024-03-05,3700,2024-01-23,2227,SH0634,NA,2,5,5,3782,0,0,0,NA,0,211,LA COSTA AV,SHERIDAN RD,0,NA,Y,A,-,N,NA,NA,NA,NA,NA,NA,NA,NA,NA,Y,4,0,1,2,A,-,01,23153,A,N,A,C,A,A,H,-,C,D,0,NA,NA,NA,NA,Y,Y,A,01,0,0,1,0,0,0,0,0,0,-,-,NA,NA,SAN DIEGO,ENCINITAS,-117.30307006835938,33.08403778076172
9660600,2024,2024-05-21,3705,2024-02-06,1645,EC0407,NA,2,5,5,3705,0,0,0,NA,0,001,VALLEY LAKE RD,VALLEY MILL RD,29,E,N,B,-,N,NA,NA,NA,NA,NA,NA,NA,NA,NA,Y,2,0,1,1,A,-,01,23152,A,N,E,I,A,B,H,-,A,D,0,NA,NA,NA,NA,Y,Y,A,01,1,0,0,0,0,0,0,0,0,-,-,NA,NA,SAN DIEGO,EL CAJON,-116.99717712402344,32.819435119628906
9660805,2023,2024-01-29,3700,2023-12-02,1318,SH7085,NA,6,5,5,3713,0,0,0,NA,0,306,NORTH SANTA FE AV,W ORANGE ST,0,NA,Y,A,-,N,NA,NA,NA,NA,NA,NA,NA,NA,NA,N,4,0,1,2,A,-,12,21453,A,N,D,G,A,A,H,-,A,A,0,NA,Y,NA,NA,Y,NA,A,01,0,0,1,0,0,0,1,0,0,-,-,NA,NA,SAN DIEGO,VISTA,-117.24504852294922,33.20494079589844
9661071,2024,2024-01-30,3711,2024-01-16,955,SD7194,NA,2,5,7,3711,0,0,0,NA,0,521,16TH ST,IMPERIAL AV,3,N,N,A,-,N,NA,NA,NA,NA,NA,NA,NA,NA,NA,N,3,0,1,2,A,-,11,21950,B,N,G,B,B,A,H,-,A,A,0,Y,NA,NA,NA,Y,NA,N,60,0,1,0,0,1,0,0,0,0,-,-,NA,NA,SAN DIEGO,SAN DIEGO,-117.14945220947266,32.7062873840332
9661736,2024,2024-04-26,3710,2024-03-22,1316,OC1547,NA,5,5,6,3710,0,0,0,NA,0,NA,RT 76,MELROSE DR,500,E,N,A,-,Y,SD,11,76,-,R,7.85,H,-,W,N,4,0,2,3,A,-,04,21703,NA,N,C,C,A,A,H,-,A,A,0,NA,NA,NA,NA,Y,NA,A,01,0,0,2,0,0,0,0,0,0,-,-,NA,NA,SAN DIEGO,OCEANSIDE,-117.26365661621094,33.25238037109375
9661762,2024,2024-03-07,3710,2024-02-12,1752,OC1468,NA,1,5,6,3710,0,0,0,NA,0,010,RT 76,CANYON DR,1220,W,N,A,-,N,NA,NA,NA,NA,NA,NA,NA,NA,NA,N,4,0,2,2,A,-,03,22350,NA,N,C,C,A,A,H,-,D,D,0,NA,NA,NA,NA,Y,NA,A,01,0,0,2,0,0,0,0,0,0,-,-,NA,NA,SAN DIEGO,OCEANSIDE,-117.37139892578124,33.21244812011719
9662035,2024,2024-03-28,3710,2024-01-21,1326,OC1536,NA,7,5,6,3710,0,0,0,NA,0,021,DOUGLAS DR,SAN LUIS REY AVE,0,NA,Y,B,-,N,NA,NA,NA,NA,NA,NA,NA,NA,NA,N,3,0,2,1,D,-,00,NA,NA,N,H,A,A,B,A,-,A,A,0,NA,Y,NA,NA,Y,NA,-,-,0,2,0,0,0,0,2,0,0,-,-,NA,NA,SAN DIEGO,OCEANSIDE,-117.32259368896484,33.23991775512695
9662166,2023,2024-02-05,3711,2023-12-19,1705,SD7723,NA,2,5,7,3711,0,0,0,NA,0,529,BRANT ST,HAWTHORN ST,0,NA,N,A,-,N,NA,NA,NA,NA,NA,NA,NA,NA,NA,Y,4,0,1,2,A,-,12,22450,A,M,B,C,A,A,H,-,C,D,0,NA,NA,NA,NA,Y,NA,A,01,0,0,1,0,0,0,0,0,0,-,-,NA,NA,SAN DIEGO,SAN DIEGO,-117.16666412353516,32.727203369140625
9662600,2024,2024-03-01,3710,2024-01-12,1810,OC1557,NA,5,5,6,3710,0,0,0,NA,0,014,RT 76,AIRPORT RD,195,E,N,A,-,Y,SD,11,76,-,R,2.18,H,-,W,Y,4,0,1,2,A,-,03,22350,NA,N,C,C,A,A,H,-,C,A,0,NA,NA,NA,NA,Y,NA,A,01,0,0,1,0,0,0,0,0,0,-,-,NA,NA,SAN DIEGO,OCEANSIDE,-117.35054779052734,33.21670913696289
9662884,2023,2024-02-14,3705,2023-12-19,1011,EC0371,NA,2,5,5,3705,0,0,0,NA,0,001,WELD BL,GILLESPIE WY,41,W,N,A,-,N,NA,NA,NA,NA,NA,NA,NA,NA,NA,Y,4,0,1,2,A,-,08,22100,A,N,B,C,A,A,D,-,A,B,0,NA,NA,NA,Y,Y,NA,F,25,0,0,1,0,0,0,0,0,0,-,-,NA,NA,SAN DIEGO,EL CAJON,-116.98593902587892,32.826820373535156
9664532,2024,2024-03-23,3705,2024-01-28,45,EC0441,NA,7,5,5,3705,0,0,0,NA,0,004,MOLLISON AV,GRAY DR,95,N,N,A,-,N,NA,NA,NA,NA,NA,NA,NA,NA,NA,N,3,0,1,2,-,-,-,NA,A,N,G,B,E,A,H,-,C,A,0,Y,NA,NA,NA,Y,NA,N,60,0,1,0,0,1,0,0,0,0,-,-,NA,NA,SAN DIEGO,EL CAJON,-116.95095825195313,32.78417205810547
9664569,2024,2024-04-18,3705,2024-02-05,2236,EC0369,NA,1,5,5,3705,0,0,0,NA,0,003,N 2ND ST,GREENFIELD DRIVE,0,NA,Y,C,-,N,NA,NA,NA,NA,NA,NA,NA,NA,NA,Y,4,0,2,2,A,-,12,21453,A,N,D,C,A,B,H,-,C,A,0,NA,NA,NA,NA,Y,NA,A,07,0,0,2,0,0,0,0,0,0,-,-,NA,NA,SAN DIEGO,EL CAJON,-116.9358139038086,32.8133430480957
9665712,2024,2024-05-21,3711,2024-03-02,2025,SD1232,NA,6,5,7,3711,0,0,0,NA,0,122,OCEAN BL,HORNBLEND,30,N,N,B,-,N,NA,NA,NA,NA,NA,NA,NA,NA,NA,N,3,0,1,1,A,-,08,22107,NA,N,E,J,A,B,H,-,C,D,0,NA,NA,Y,NA,Y,NA,C,03,0,1,0,0,0,0,0,0,1,-,-,NA,NA,SAN DIEGO,SAN DIEGO,-117.25635528564452,32.79549026489258
9667026,2024,2024-03-12,3702,2024-01-22,1916,CV1504,NA,1,5,6,3702,0,0,0,NA,0,014,FIRST AV,E ST,171,S,N,C,-,N,NA,NA,NA,NA,NA,NA,NA,NA,NA,Y,4,0,1,2,A,-,08,22107,NA,N,C,E,A,B,H,-,D,D,0,NA,NA,NA,NA,Y,NA,A,07,0,0,1,0,0,0,0,0,0,-,-,NA,NA,SAN DIEGO,CHULA VISTA,-117.07293701171876,32.646583557128906