CASE_ID,ACCIDENT_YEAR,PROC_DATE,JURIS,COLLISION_DATE,COLLISION_TIME,OFFICER_ID,REPORTING_DISTRICT,DAY_OF_WEEK,CHP_SHIFT,POPULATION,CNTY_CITY_LOC,SPECIAL_COND,BEAT_TYPE,CHP_BEAT_TYPE,CITY_DIVISION_LAPD,CHP_BEAT_CLASS,BEAT_NUMBER,PRIMARY_RD,SECONDARY_RD,DISTANCE,DIRECTION,INTERSECTION,WEATHER_1,WEATHER_2,STATE_HWY_IND,CALTRANS_COUNTY,CALTRANS_DISTRICT,STATE_ROUTE,ROUTE_SUFFIX,POSTMILE_PREFIX,POSTMILE,LOCATION_TYPE,RAMP_INTERSECTION,SIDE_OF_HWY,TOW_AWAY,COLLISION_SEVERITY,NUMBER_KILLED,NUMBER_INJURED,PARTY_COUNT,PRIMARY_COLL_FACTOR,PCF_CODE_OF_VIOL,PCF_VIOL_CATEGORY,PCF_VIOLATION,PCF_VIOL_SUBSECTION,HIT_AND_RUN,TYPE_OF_COLLISION,MVIW,PED_ACTION,ROAD_SURFACE,ROAD_COND_1,ROAD_COND_2,LIGHTING,CONTROL_DEVICE,CHP_ROAD_TYPE,PEDESTRIAN_ACCIDENT,BICYCLE_ACCIDENT,MOTORCYCLE_ACCIDENT,TRUCK_ACCIDENT,NOT_PRIVATE_PROPERTY,ALCOHOL_INVOLVED,STWD_VEHTYPE_AT_FAULT,CHP_VEHTYPE_AT_FAULT,COUNT_SEVERE_INJ,COUNT_VISIBLE_INJ,COUNT_COMPLAINT_PAIN,COUNT_PED_KILLED,COUNT_PED_INJURED,COUNT_BICYCLIST_KILLED,COUNT_BICYCLIST_INJURED,COUNT_MC_KILLED,COUNT_MC_INJURED,PRIMARY_RAMP,SECONDARY_RAMP,LATITUDE,LONGITUDE,COUNTY,CITY,POINT_X,POINT_Y
6450904,2014,2014-07-07,3711,2014-03-22,0003,5393,NA,6,5,7,3711,0,0,0,NA,0,524,5TH AV,A ST,0,NA,Y,B,-,N,NA,NA,NA,NA,NA,NA,NA,NA,NA,Y,4,0,4,2,D,-,00,NA,NA,N,D,C,A,A,H,-,C,A,0,NA,NA,NA,NA,Y,NA,-,-,0,0,4,0,0,0,0,0,0,-,-,NA,NA,SAN DIEGO,SAN DIEGO,-117.16019007,32.71885009
6451935,2014,2014-07-08,3701,2014-03-09,2012,5363,9,7,5,5,3701,0,0,0,NA,0,003,MONROE ST,HOSP WY,2,S,N,A,-,N,NA,NA,NA,NA,NA,NA,NA,NA,NA,Y,2,0,3,2,A,-,09,21802,A,N,D,C,A,A,H,-,C,A,0,NA,NA,Y,NA,Y,Y,D,22,2,1,0,0,0,0,0,0,2,-,-,NA,NA,SAN DIEGO,CARLSBAD,-117.33453808,33.17087476
6458567,2014,2014-07-11,9650,2014-04-24,1554,015654,NA,4,2,9,3700,0,2,4,NA,1,027,VALLEY CENTER RD,COLE GRADE RD,256,E,N,A,-,N,NA,NA,NA,NA,NA,NA,NA,NA,NA,Y,4,0,1,2,A,-,09,21801,A,N,D,C,A,A,H,-,A,D,0,NA,NA,NA,NA,Y,NA,D,22,0,0,1,0,0,0,0,0,0,-,-,33.23116,-117.02338,SAN DIEGO,UNINCORPORATED,-117.02341709,33.23126009
6461861,2014,2015-09-24,3706,2014-04-05,0952,1603,ESPD,6,5,6,3706,0,0,0,NA,0,052,CENTRE CITY PKWY,GRAND AV,0,NA,Y,A,-,N,NA,NA,NA,NA,NA,NA,NA,NA,NA,Y,4,0,1,3,A,-,12,21453,A,N,D,C,A,A,H,-,A,A,0,NA,NA,NA,NA,Y,NA,A,01,0,0,1,0,0,0,0,0,0,-,-,NA,NA,SAN DIEGO,ESCONDIDO,-117.08675012,33.11899008
6463928,2014,2014-07-10,3701,2014-04-02,0802,5347,03,3,5,5,3701,0,0,0,NA,0,002,CHESTNUT AV,HARDING,6,E,N,A,-,N,NA,NA,NA,NA,NA,NA,NA,NA,NA,N,4,0,2,3,A,-,10,21950,A,M,G,B,B,B,H,-,A,D,0,Y,NA,NA,NA,Y,NA,A,08,0,0,2,0,2,0,0,0,0,-,-,NA,NA,SAN DIEGO,CARLSBAD,-117.34100372,33.1575991
6464094,2014,2014-07-11,3705,2014-03-08,1258,EC0278,NA,6,5,5,3705,0,0,0,NA,0,009,JAMACHA,LEXINGTON,52,N,N,A,-,N,NA,NA,NA,NA,NA,NA,NA,NA,NA,Y,4,0,1,2,A,-,08,22107,NA,N,C,C,A,A,H,-,A,A,0,NA,NA,Y,NA,Y,NA,C,02,0,0,1,0,0,0,0,0,1,-,-,NA,NA,SAN DIEGO,EL CAJON,-116.93374036,32.79260973
6465425,2014,2016-06-30,9645,2014-04-02,0925,12733,9645,3,1,7,3711,0,1,1,NA,2,005,RT 5,RT 8,600,S,N,A,-,Y,SD,11,5,-,R,19.95,H,-,N,Y,4,0,1,2,A,-,08,22107,NA,N,C,C,A,A,H,-,A,D,1,NA,NA,NA,NA,Y,NA,A,01,0,0,1,0,0,0,0,0,0,-,-,32.75869,-117.20356,SAN DIEGO,SAN DIEGO,-117.20335295,32.75762787
6495471,2014,2014-07-29,3711,2014-05-28,1500,7000,NA,3,5,7,3711,0,0,0,NA,0,723,CORONADO AV,OUTER RD,0,NA,Y,A,-,N,NA,NA,NA,NA,NA,NA,NA,NA,NA,N,4,0,1,2,-,-,-,NA,NA,M,B,C,A,A,H,-,A,A,0,NA,NA,NA,NA,Y,NA,-,-,0,0,1,0,0,0,0,0,0,-,-,NA,NA,SAN DIEGO,SAN DIEGO,-117.08050006,32.57647012
6495721,2014,2014-08-08,9650,2014-06-02,1620,17905,NA,1,2,9,3700,0,3,5,NA,2,170,EAST VISTA WY,MASON RD,300,S,N,A,-,N,NA,NA,NA,NA,NA,NA,NA,NA,NA,N,4,0,1,2,A,-,03,22350,NA,N,C,C,A,A,H,-,A,D,0,NA,NA,NA,NA,Y,NA,D,22,0,0,1,0,0,0,0,0,0,-,-,NA,NA,SAN DIEGO,UNINCORPORATED,-117.22622315,33.24048822
6497762,2014,2014-07-16,3701,2014-04-19,0135,5420,1,6,5,5,3701,0,0,0,NA,0,001,STATE ST,CARLSBAD BL,14,E,N,A,-,N,NA,NA,NA,NA,NA,NA,NA,NA,NA,Y,3,0,1,1,A,-,01,23152,A,N,F,-,A,A,D,-,C,A,0,NA,NA,Y,NA,Y,Y,C,02,0,1,0,0,0,0,0,0,1,-,-,33.16581,-117.3543,SAN DIEGO,CARLSBAD,-117.3542574,33.1658145
6497786,2014,2014-07-16,3701,2014-04-15,1346,5291,89,2,5,5,3701,0,0,0,NA,0,007,POINSETTIA LN,EL FUERTE ST,45,E,N,A,-,N,NA,NA,NA,NA,NA,NA,NA,NA,NA,Y,4,0,1,1,A,-,08,22107,NA,N,E,I,A,A,H,-,A,D,0,NA,NA,NA,NA,Y,NA,A,01,0,0,1,0,0,0,0,0,0,-,-,NA,NA,SAN DIEGO,CARLSBAD,-117.24923891,33.1183132
6497814,2014,2015-09-24,3701,2014-04-21,1625,5283,89,1,5,5,3701,0,0,0,NA,0,007,EL FUERTE ST,RANCHO PANCHO,0,NA,Y,A,-,N,NA,NA,NA,NA,NA,NA,NA,NA,NA,Y,4,0,2,2,A,-,09,21801,A,N,A,C,A,A,H,-,A,A,0,NA,NA,NA,NA,Y,NA,A,01,0,0,2,0,0,0,0,0,0,-,-,NA,NA,SAN DIEGO,CARLSBAD,-117.24803012,33.11520006
6498546,2014,2016-03-26,9645,2014-04-23,1253,14909,NA,3,1,7,3711,0,1,1,NA,2,010,RT 8,WARING RD,2640,E,N,A,-,Y,SD,11,8,-,-,7.58,H,-,W,Y,4,0,1,2,A,-,03,22350,NA,N,C,C,A,A,H,-,A,D,1,NA,NA,NA,NA,Y,NA,A,01,0,0,1,0,0,0,0,0,0,-,-,32.78061,-117.08109,SAN DIEGO,SAN DIEGO,-117.0792545,32.7801544
6500416,2014,2014-07-30,9680,2014-05-18,1115,015972,NA,7,1,9,3700,0,3,5,NA,2,003,HARBISON CANYON RD,NOAKES ST,1000,S,N,B,-,N,NA,NA,NA,NA,NA,NA,NA,NA,NA,Y,3,0,1,1,A,-,03,22350,NA,N,F,A,A,A,H,-,A,D,0,NA,NA,Y,NA,Y,NA,C,02,0,1,0,0,0,0,0,0,1,-,-,32.82217,-116.82787,SAN DIEGO,UNINCORPORATED,-116.82898283,32.82101821
6500440,2014,2014-07-30,9680,2014-05-06,0821,15402,NA,2,1,9,3700,0,3,5,NA,2,002,CENTRAL AV,TROY ST,0,NA,Y,A,-,N,NA,NA,NA,NA,NA,NA,NA,NA,NA,Y,4,0,4,3,A,-,09,21802,A,N,D,C,A,A,H,-,A,A,0,NA,NA,NA,NA,Y,NA,A,07,0,0,4,0,0,0,0,0,0,-,-,32.73666,-117.01015,SAN DIEGO,UNINCORPORATED,-117.01022006,32.73668009
6500956,2014,2014-07-26,3706,2014-05-02,1443,ES0223,NA,5,5,6,3706,0,0,0,NA,0,051,CRANSTON DR,CITRACADO PKWY,108,S,N,A,-,N,NA,NA,NA,NA,NA,NA,NA,NA,NA,Y,4,0,1,1,A,-,03,22350,NA,N,E,I,A,A,H,-,A,D,0,NA,NA,NA,NA,Y,NA,A,01,0,0,1,0,0,0,0,0,0,-,-,NA,NA,SAN DIEGO,ESCONDIDO,-117.07034317,33.08994759
6501161,2014,2014-07-29,3711,2014-05-20,1615,5985,NA,2,5,7,3711,0,0,0,NA,0,524,B ST,8TH AV,0,NA,Y,A,-,N,NA,NA,NA,NA,NA,NA,NA,NA,NA,N,4,0,1,2,A,-,10,21950,A,N,G,B,B,A,H,-,A,A,0,Y,NA,NA,NA,Y,NA,A,01,0,0,1,0,1,0,0,0,0,-,-,NA,NA,SAN DIEGO,SAN DIEGO,-117.15744,32.71780009
6503422,2014,2014-07-29,3706,2014-05-29,0753,ES0354,3706,4,5,6,3706,0,0,0,NA,0,054,OAK HILL DR,HIGHLAND PL,56,E,N,A,-,N,NA,NA,NA,NA,NA,NA,NA,NA,NA,Y,4,0,3,2,A,-,03,22350,NA,N,C,C,A,A,H,-,A,D,0,NA,NA,NA,NA,Y,NA,A,01,0,0,3,0,0,0,0,0,0,-,-,NA,NA,SAN DIEGO,ESCONDIDO,-117.05175936,33.12922251
6505323,2014,2014-07-31,3710,2014-05-25,1822,OC0828,NA,7,5,6,3710,0,0,0,NA,0,009,S COAST,VISTA,162,S,N,A,-,N,NA,NA,NA,NA,NA,NA,NA,NA,NA,N,3,0,1,2,A,-,11,21954,A,N,G,B,D,A,H,-,A,A,0,Y,NA,Y,NA,Y,NA,N,60,0,1,0,0,0,0,0,0,1,-,-,NA,NA,SAN DIEGO,OCEANSIDE,-117.35925436,33.17171812
6505533,2014,2014-08-04,3711,2014-05-31,1552,6294,NA,6,5,7,3711,0,0,0,NA,0,528,WEST HAWTHORN ST,COLUMBIA ST,0,NA,Y,A,-,N,NA,NA,NA,NA,NA,NA,NA,NA,NA,Y,4,0,1,2,A,-,12,21453,A,N,D,C,A,A,H,-,A,A,0,NA,NA,NA,NA,Y,NA,-,NA,0,0,1,0,0,0,0,0,0,-,-,NA,NA,SAN DIEGO,SAN DIEGO,-117.16864006,32.7266701
6505537,2014,2014-07-28,3711,2014-05-29,1853,6842,NA,4,5,7,3711,0,0,0,NA,0,712,BIBLER DR,CAMINO DE LA PLAZA,0,NA,Y,A,-,N,NA,NA,NA,NA,NA,NA,NA,NA,NA,N,3,0,1,2,A,-,12,21453,A,N,H,G,A,A,H,-,A,A,0,NA,Y,NA,NA,Y,NA,L,04,0,1,0,0,0,0,1,0,0,-,-,NA,NA,SAN DIEGO,SAN DIEGO,-117.05492,32.54904008
6505847,2014,2014-07-25,3711,2014-05-25,0007,6708,NA,7,5,7,3711,0,0,0,NA,0,242,NEW SALEM ST,CAMINO RUIZ,28,W,N,A,-,N,NA,NA,NA,NA,NA,NA,NA,NA,NA,N,3,0,1,2,A,-,08,22107,NA,M,D,G,A,A,H,-,C,A,0,NA,Y,NA,NA,Y,NA,-,NA,0,1,0,0,0,0,1,0,0,-,-,NA,NA,SAN DIEGO,SAN DIEGO,-117.14408089,32.91568752
6505855,2014,2014-07-25,3711,2014-05-22,2042,7117,NA,4,5,7,3711,0,0,0,NA,0,112,BOYD AV,GENESEE AV,0,NA,Y,A,-,N,NA,NA,NA,NA,NA,NA,NA,NA,NA,Y,4,0,2,2,A,-,12,21453,A,N,D,C,A,A,H,-,C,A,0,NA,NA,NA,NA,Y,Y,A,01,0,0,2,0,0,0,0,0,0,-,-,NA,NA,SAN DIEGO,SAN DIEGO,-117.17775,32.81075011
6506580,2014,2016-02-17,9645,2014-04-30,2015,17401,NA,3,2,7,3711,0,1,1,NA,2,019,RT 15,CARMEL MOUNTAIN RD,5280,S,N,A,-,Y,SD,11,15,-,M,19.57,H,-,N,Y,4,0,1,2,A,-,17,22109,NA,N,C,C,A,A,H,-,C,D,1,NA,NA,NA,NA,Y,NA,A,07,0,0,1,0,0,0,0,0,0,-,-,32.9725,-117.0892,SAN DIEGO,SAN DIEGO,-117.09433881,32.96599106
6508573,2014,2014-07-31,3711,2014-05-01,1823,7099,NA,4,5,7,3711,0,0,0,NA,0,834,LANDIS ST,41ST ST,160,W,N,A,-,N,NA,NA,NA,NA,NA,NA,NA,NA,NA,N,4,0,1,2,A,-,09,21804,A,N,D,G,A,A,H,-,A,D,0,NA,Y,NA,NA,Y,NA,L,04,0,0,1,0,0,0,1,0,0,-,-,NA,NA,SAN DIEGO,SAN DIEGO,-117.10749852,32.74591836
6508577,2014,2014-07-31,3711,2014-05-03,1230,5676,SANDI,6,5,7,3711,0,0,0,NA,0,327,ALVARADO RD,70TH ST,1056,W,N,A,-,N,NA,NA,NA,NA,NA,NA,NA,NA,NA,N,4,0,1,2,A,-,03,22350,NA,N,C,C,A,A,H,-,A,D,0,NA,NA,NA,NA,Y,NA,-,NA,0,0,1,0,0,0,0,0,0,-,-,NA,NA,SAN DIEGO,SAN DIEGO,-117.0494047,32.77479046
6508594,2014,2014-07-31,3711,2014-05-05,1000,5213,NA,1,5,7,3711,0,0,0,NA,0,323,ADOBE FALLS RD,BRISA WY,528,E,N,B,-,N,NA,NA,NA,NA,NA,NA,NA,NA,NA,Y,4,0,1,2,A,-,08,22107,NA,N,B,E,A,A,H,-,A,D,0,NA,NA,NA,NA,Y,NA,-,NA,0,0,1,0,0,0,0,0,0,-,-,NA,NA,SAN DIEGO,SAN DIEGO,-117.08369282,32.78181191
6508931,2014,2016-03-26,9645,2014-05-22,0740,019033,NA,4,1,5,3709,0,1,1,NA,2,009,RT 805,8TH ST,150,S,N,A,-,Y,SD,11,805,-,-,10.58,H,-,N,Y,4,0,2,3,A,-,03,22350,NA,N,C,C,A,A,H,-,A,D,1,NA,NA,NA,NA,Y,NA,A,01,0,0,2,0,0,0,0,0,0,-,-,NA,NA,SAN DIEGO,NATIONAL CITY,-117.08646617,32.68112095
6509473,2014,2014-08-11,3711,2014-05-02,1710,3432,NA,5,5,7,3711,0,0,0,NA,0,124,LA JOLLA VILLAGE DR,VILLA LA JOLLA DR,391,E,N,A,-,N,NA,NA,NA,NA,NA,NA,NA,NA,NA,N,4,0,1,2,A,-,03,22350,NA,N,C,C,A,A,H,-,A,D,0,NA,NA,NA,NA,Y,NA,-,NA,0,0,1,0,0,0,0,0,0,-,-,NA,NA,SAN DIEGO,SAN DIEGO,-117.23263107,32.87176561
6509677,2014,2016-02-17,9650,2014-05-13,1603,016026,NA,2,2,6,3706,0,1,1,NA,2,023,RT 15,9TH AV,300,S,N,A,-,Y,SD,11,15,S,-,30.04,H,-,S,Y,3,0,1,2,A,-,08,22107,NA,N,D,C,A,A,H,-,A,D,1,NA,NA,Y,NA,Y,NA,A,01,0,1,0,0,0,0,0,0,1,-,-,33.10727,-117.09445,SAN DIEGO,ESCONDIDO,-117.09447986,33.10743426
6510693,2014,2014-08-23,3711,2014-06-04,0910,4684,NA,3,5,7,3711,0,0,0,NA,0,313,CLAIREMONT MESA BL,KEARNEY MESA RD,145,E,N,A,-,N,NA,NA,NA,NA,NA,NA,NA,NA,NA,N,3,0,1,2,A,-,09,21802,A,N,D,C,A,A,H,-,A,D,0,NA,NA,NA,NA,Y,NA,-,NA,0,1,0,0,0,0,0,0,0,-,-,NA,NA,SAN DIEGO,SAN DIEGO,-117.14305968,32.83290997
6512361,2014,2015-04-16,9645,2014-06-02,0507,019496,NA,1,3,7,3711,0,1,1,NA,2,019,RT 15,CARMEL MOUNTAIN RD,1935,S,N,A,-,Y,SD,11,15,-,M,20.2,H,-,S,Y,3,0,1,1,A,-,08,22107,NA,N,E,I,A,A,H,-,D,D,1,NA,NA,NA,Y,Y,Y,G,25,0,1,0,0,0,0,0,0,0,-,-,32.97425,-117.08975,SAN DIEGO,SAN DIEGO,-117.08972957,32.974012
6513044,2014,2014-08-12,3706,2014-06-05,1335,0383,ESPD,4,5,6,3706,0,0,0,NA,0,041,E LINCOLN AV,N FIG ST,131,W,N,A,-,N,NA,NA,NA,NA,NA,NA,NA,NA,NA,N,4,0,2,3,A,-,03,22350,NA,N,C,C,A,-,H,-,A,A,0,NA,NA,NA,NA,Y,NA,D,22,0,0,2,0,0,0,0,0,0,-,-,NA,NA,SAN DIEGO,ESCONDIDO,-117.0791442,33.13614554
6513362,2014,2014-08-08,9680,2014-06-09,1350,019613,NA,1,1,9,3700,0,2,4,NA,1,026,JAMACHA BL,WHITESTONE RD,0,NA,Y,A,-,N,NA,NA,NA,NA,NA,NA,NA,NA,NA,Y,4,0,2,2,A,-,12,21453,A,N,D,C,A,A,H,-,A,A,0,NA,NA,NA,NA,Y,NA,A,01,0,0,2,0,0,0,0,0,0,-,-,32.71607,-116.97681,SAN DIEGO,UNINCORPORATED,-116.97667012,32.71591011
6514049,2014,2014-08-11,3711,2014-06-15,1959,7125,NA,7,5,7,3711,0,0,0,NA,0,822,CHOLLAS PKWY,54TH ST,0,NA,Y,A,-,N,NA,NA,NA,NA,NA,NA,NA,NA,NA,Y,4,0,4,2,A,-,09,21802,A,N,D,C,A,A,H,-,B,A,0,NA,NA,NA,NA,Y,NA,-,NA,0,0,4,0,0,0,0,0,0,-,-,NA,NA,SAN DIEGO,SAN DIEGO,-117.07975001,32.74375002
6514682,2014,2016-03-28,9650,2014-06-13,1210,015080,NA,5,1,6,3710,0,1,3,NA,2,015,RT 78,COLLEGE BL,4224,W,N,A,-,Y,SD,11,78,-,-,2.52,H,-,E,Y,3,0,1,2,A,-,03,22350,NA,N,C,C,A,A,H,-,A,D,1,NA,NA,Y,NA,Y,NA,C,02,0,1,0,0,0,0,0,0,1,-,-,33.17973,-117.31022,SAN DIEGO,OCEANSIDE,-117.30973218,33.17972931
6516090,2014,2014-08-11,3711,2014-06-14,1525,4386,NA,6,5,7,3711,0,0,0,NA,0,615,CHATSWORTH BL,MILAN ST,0,NA,Y,A,-,N,NA,NA,NA,NA,NA,NA,NA,NA,NA,N,3,0,1,1,A,-,03,22350,NA,N,H,J,A,A,-,-,A,D,0,NA,Y,NA,NA,Y,NA,L,04,0,1,0,0,0,0,1,0,0,-,-,NA,NA,SAN DIEGO,SAN DIEGO,-117.23421005,32.73317002
6516112,2014,2016-03-26,9645,2014-06-11,0820,14909,NA,3,1,7,3711,0,1,1,NA,2,010,RT 8,MORENA BL,1056,E,N,A,-,Y,SD,11,8,-,R,0.59,H,-,W,Y,4,0,3,3,A,-,03,22350,NA,N,C,C,A,A,H,-,A,D,1,NA,NA,NA,NA,Y,NA,A,01,0,0,3,0,0,0,0,0,0,-,-,32.76052,-117.19174,SAN DIEGO,SAN DIEGO,-117.19432952,32.760751
6516187,2014,2014-08-08,3700,2014-06-14,1540,SH2439,NA,6,5,5,3713,0,0,0,NA,0,302,E VISTA WAY,WARMLANDS AV,590,S,N,A,-,N,NA,NA,NA,NA,NA,NA,NA,NA,NA,Y,4,0,1,2,A,-,03,22350,NA,N,C,C,A,A,H,-,A,A,0,NA,NA,NA,NA,Y,NA,A,01,0,0,1,0,0,0,0,0,0,-,-,NA,NA,SAN DIEGO,VISTA,-117.22617577,33.23160382
6518013,2014,2016-03-24,9645,2014-06-04,1415,20066,NA,3,2,7,3711,0,1,1,NA,2,003,RT 5,BALBOA AV,700,N,N,A,-,Y,SD,11,5,-,R,23.64,H,-,S,Y,3,0,1,2,A,-,03,22350,NA,N,C,C,A,A,H,-,A,D,1,NA,NA,NA,NA,Y,NA,A,01,0,1,0,0,0,0,0,0,0,-,-,32.7016,-117.14354,SAN DIEGO,SAN DIEGO,-117.21739203,32.80842314
6518017,2014,2016-03-26,9645,2014-06-04,1430,17297,NA,3,2,5,3709,0,1,3,NA,2,008,RT 54,HIGHLAND AV,384,E,N,A,-,Y,SD,11,54,-,-,1.115,R,1,W,Y,4,0,2,3,A,-,03,22350,NA,N,C,C,A,A,H,-,A,A,1,NA,NA,NA,NA,Y,NA,A,01,0,0,2,0,0,0,0,0,0,TO,-,32.65731,-117.08932,SAN DIEGO,NATIONAL CITY,-117.08703904,32.65779365
6518485,2014,2014-08-07,3700,2014-05-27,0740,SH2497,NA,2,5,5,3712,0,0,0,NA,0,352,EAST MISSION RD,MISSION HILLS CT,0,NA,Y,A,-,N,NA,NA,NA,NA,NA,NA,NA,NA,NA,N,4,0,1,2,A,-,05,21650,1,N,D,G,A,A,H,-,A,A,0,NA,Y,NA,NA,Y,NA,L,04,0,0,1,0,0,0,1,0,0,-,-,NA,NA,SAN DIEGO,SAN MARCOS,-117.14600004,33.14465011
6518667,2014,2014-07-30,9650,2014-05-21,1805,15503,NA,3,2,9,3700,0,3,5,NA,2,210,OLIVE ST,SYCAMORE DR,1576,E,N,A,-,N,NA,NA,NA,NA,NA,NA,NA,NA,NA,N,2,0,1,1,C,-,18,NA,NA,N,H,A,A,A,H,-,A,D,0,NA,Y,NA,NA,Y,NA,-,-,1,0,0,0,0,0,1,0,0,-,-,33.17815,-117.1475,SAN DIEGO,UNINCORPORATED,-117.14760217,33.17809583
6518764,2014,2016-02-17,9650,2014-05-24,0705,017263,NA,6,1,9,3700,0,1,1,NA,2,022,RT 15,GOPHER CANYON RD,2112,N,N,B,-,Y,SD,11,15,-,R,41.24,H,-,N,Y,2,0,5,1,A,-,01,23152,A,N,E,I,A,B,H,-,A,D,1,NA,NA,NA,NA,Y,Y,A,01,1,3,1,0,0,0,0,0,0,-,-,33.25882,-117.15777,SAN DIEGO,UNINCORPORATED,-117.15777334,33.25824076
6519218,2014,2014-08-08,3711,2014-06-05,0017,7009,NA,4,5,7,3711,0,0,0,NA,0,618,SUNSET CLIFFS BL,GUIZOT ST,301,N,N,A,-,N,NA,NA,NA,NA,NA,NA,NA,NA,NA,N,4,0,1,2,A,-,08,22107,NA,M,G,B,E,A,H,-,C,D,0,Y,NA,NA,NA,Y,NA,-,NA,0,0,1,0,1,0,0,0,0,-,-,NA,NA,SAN DIEGO,SAN DIEGO,-117.25564552,32.72842232
6519286,2014,2014-07-31,3701,2014-05-14,1655,5420,37,3,5,5,3701,0,0,0,NA,0,002,CARLSBAD BL,MAPLE AV,6,N,N,A,-,NA,NA,NA,NA,NA,NA,NA,NA,NA,NA,N,4,0,1,2,A,-,10,21950,A,N,D,G,A,A,H,-,A,D,0,NA,Y,NA,NA,Y,NA,A,01,0,0,1,0,0,0,1,0,0,-,-,33.15196,-117.34873,SAN DIEGO,CARLSBAD,-117.34872992,33.15188417
6519337,2014,2014-07-31,3701,2014-05-28,1125,5379,102,3,5,5,3701,0,0,0,NA,0,007,EL CAMINIO REAL,LA COSTA AV,480,N,N,A,-,N,NA,NA,NA,NA,NA,NA,NA,NA,NA,Y,3,0,1,3,A,-,03,22350,NA,N,C,C,A,A,H,-,A,D,0,NA,NA,NA,NA,Y,NA,A,01,0,1,0,0,0,0,0,0,0,-,-,33.08186,-117.26653,SAN DIEGO,CARLSBAD,-117.26897084,33.0867242
6523747,2014,2014-08-08,3701,2014-06-07,1141,5379,97,6,5,5,3701,0,0,0,NA,0,007,AVIARA PKWY,POINSETTIA LN,0,NA,Y,A,-,N,NA,NA,NA,NA,NA,NA,NA,NA,NA,Y,4,0,2,2,A,-,12,21453,A,N,A,C,A,A,H,-,A,A,0,NA,NA,NA,NA,Y,NA,A,01,0,0,2,0,0,0,0,0,0,-,-,NA,NA,SAN DIEGO,CARLSBAD,-117.29563003,33.10996006
6524134,2014,2014-07-17,3711,2014-04-20,1219,6332,NA,7,5,7,3711,0,0,0,NA,0,823,STREAMVIEW DR,GAYLE ST,12,S,N,A,-,N,NA,NA,NA,NA,NA,NA,NA,NA,NA,Y,3,0,1,2,A,-,21,22106,NA,N,D,C,A,A,H,-,A,D,0,NA,NA,NA,NA,Y,NA,-,NA,0,1,0,0,0,0,0,0,0,-,-,NA,NA,SAN DIEGO,SAN DIEGO,-117.06586,32.74439
6524463,2014,2014-08-29,3711,2014-05-27,0038,6532,NA,2,5,7,3711,0,0,0,NA,0,613,SPORTS ARENA BL,SPORTS ARENA BL 4000,0,NA,N,B,-,N,NA,NA,NA,NA,NA,NA,NA,NA,NA,Y,4,0,1,2,A,-,03,22350,NA,M,C,C,A,A,H,-,C,A,0,NA,NA,NA,NA,Y,NA,-,99,0,0,1,0,0,0,0,0,0,-,-,NA,NA,SAN DIEGO,SAN DIEGO,-117.220231,32.75533869
6524465,2014,2014-08-04,3711,2014-05-09,2040,6717,NA,5,5,7,3711,0,0,0,NA,0,441,OCEAN VIEW BL,36TH ST,500,S,N,A,-,N,NA,NA,NA,NA,NA,NA,NA,NA,NA,N,3,0,1,2,A,-,08,22107,NA,M,G,B,B,A,H,-,E,A,0,Y,NA,NA,NA,Y,NA,-,NA,0,1,0,0,1,0,0,0,0,-,-,NA,NA,SAN DIEGO,SAN DIEGO,-117.11679,32.70125
6524547,2014,2016-03-26,9645,2014-05-07,0947,15698,NA,3,1,7,3711,0,1,1,NA,2,017,RT 15,RT 163,530,N,N,B,-,Y,SD,11,15,-,M,12.1,H,-,S,Y,2,0,1,1,A,-,08,22107,NA,N,E,I,A,A,H,-,A,D,1,NA,NA,NA,NA,Y,NA,A,07,1,0,0,0,0,0,0,0,0,-,TO,32.85636,-117.11534,SAN DIEGO,SAN DIEGO,-117.11111459,32.8632534
6524714,2014,2016-03-26,9645,2014-04-20,2010,16173,NA,7,2,7,3711,0,1,1,NA,2,011,RT 805,RT 94,200,N,N,A,-,Y,SD,11,805,-,-,14.011,R,2,S,Y,4,0,3,2,A,-,08,22107,NA,N,E,I,A,A,H,-,C,D,1,NA,NA,NA,NA,Y,NA,A,01,0,0,3,0,0,0,0,0,0,TO,-,32.72,-117.101,SAN DIEGO,SAN DIEGO,-117.10389689,32.72642177
6524718,2014,2016-02-06,9645,2014-04-14,1439,17025,NA,1,2,7,3711,0,1,1,NA,2,005,RT 5,CLAIREMONT DR,400,N,N,A,-,Y,SD,11,5,-,R,22.43,H,-,N,Y,3,0,1,3,A,-,07,21658,A,F,B,C,A,A,H,-,A,D,1,NA,NA,NA,NA,Y,NA,-,99,0,1,0,0,0,0,0,0,0,-,-,32.79248,-117.20734,SAN DIEGO,SAN DIEGO,-117.2075363,32.79305398
6524773,2014,2014-08-06,3702,2014-05-12,1327,CV0673,NA,1,5,6,3702,0,0,0,NA,0,023,MAX AV,ORANGE AV,0,NA,Y,A,-,N,NA,NA,NA,NA,NA,NA,NA,NA,NA,N,4,0,1,2,A,-,10,21950,A,N,G,B,B,A,H,-,A,A,0,Y,NA,NA,NA,Y,NA,A,08,0,0,1,0,1,0,0,0,0,-,-,NA,NA,SAN DIEGO,CHULA VISTA,-117.0444601,32.60188005
6524928,2014,2016-03-26,9680,2014-05-12,1737,015766,NA,1,2,9,3700,0,1,1,NA,2,085,RT 8,RT 79,59,E,N,A,-,Y,SD,11,8,-,R,37.87,H,-,W,Y,4,0,1,1,A,-,08,22107,NA,N,E,I,A,A,H,-,A,D,1,NA,NA,NA,NA,Y,NA,A,01,0,0,1,0,0,0,0,0,0,-,-,32.82709,-116.62501,SAN DIEGO,UNINCORPORATED,-116.62500546,32.82703385
6524965,2014,2014-08-08,3711,2014-06-10,1630,6653,NA,2,5,7,3711,0,0,0,NA,0,833,UNIVERSITY AV,47TH ST,0,NA,Y,A,-,N,NA,NA,NA,NA,NA,NA,NA,NA,NA,N,4,0,1,2,A,-,09,21802,A,M,D,G,A,A,H,-,A,A,0,NA,Y,NA,NA,Y,NA,-,NA,0,0,1,0,0,0,1,0,0,-,-,NA,NA,SAN DIEGO,SAN DIEGO,-117.09333006,32.74957008