CASE_ID,ACCIDENT_YEAR,PROC_DATE,JURIS,COLLISION_DATE,COLLISION_TIME,OFFICER_ID,REPORTING_DISTRICT,DAY_OF_WEEK,CHP_SHIFT,POPULATION,CNTY_CITY_LOC,SPECIAL_COND,BEAT_TYPE,CHP_BEAT_TYPE,CITY_DIVISION_LAPD,CHP_BEAT_CLASS,BEAT_NUMBER,PRIMARY_RD,SECONDARY_RD,DISTANCE,DIRECTION,INTERSECTION,WEATHER_1,WEATHER_2,STATE_HWY_IND,CALTRANS_COUNTY,CALTRANS_DISTRICT,STATE_ROUTE,ROUTE_SUFFIX,POSTMILE_PREFIX,POSTMILE,LOCATION_TYPE,RAMP_INTERSECTION,SIDE_OF_HWY,TOW_AWAY,COLLISION_SEVERITY,NUMBER_KILLED,NUMBER_INJURED,PARTY_COUNT,PRIMARY_COLL_FACTOR,PCF_CODE_OF_VIOL,PCF_VIOL_CATEGORY,PCF_VIOLATION,PCF_VIOL_SUBSECTION,HIT_AND_RUN,TYPE_OF_COLLISION,MVIW,PED_ACTION,ROAD_SURFACE,ROAD_COND_1,ROAD_COND_2,LIGHTING,CONTROL_DEVICE,CHP_ROAD_TYPE,PEDESTRIAN_ACCIDENT,BICYCLE_ACCIDENT,MOTORCYCLE_ACCIDENT,TRUCK_ACCIDENT,NOT_PRIVATE_PROPERTY,ALCOHOL_INVOLVED,STWD_VEHTYPE_AT_FAULT,CHP_VEHTYPE_AT_FAULT,COUNT_SEVERE_INJ,COUNT_VISIBLE_INJ,COUNT_COMPLAINT_PAIN,COUNT_PED_KILLED,COUNT_PED_INJURED,COUNT_BICYCLIST_KILLED,COUNT_BICYCLIST_INJURED,COUNT_MC_KILLED,COUNT_MC_INJURED,PRIMARY_RAMP,SECONDARY_RAMP,LATITUDE,LONGITUDE,COUNTY,CITY,POINT_X,POINT_Y
6526996,2014,2015-11-09,3700,2014-03-26,0958,SH3121,NA,3,5,4,3707,0,0,0,NA,0,702,9TH ST,RT 75,5,N,N,A,-,Y,SD,11,75,-,-,10.57,I,6,N,N,4,0,1,2,A,-,05,21651,A,N,B,G,A,A,H,-,A,A,0,NA,Y,NA,NA,Y,NA,L,04,0,0,1,0,0,0,1,0,0,-,-,NA,NA,SAN DIEGO,IMPERIAL BEACH,-117.11432304,32.58400227
6528204,2014,2014-08-08,9650,2014-06-19,1220,15446,NA,4,1,9,3700,0,3,5,NA,2,070,PASEO DELICIAS,EL MONTEVIDEO,500,E,N,A,-,N,NA,NA,NA,NA,NA,NA,NA,NA,NA,N,4,0,1,2,A,-,03,22350,NA,N,C,C,A,A,H,-,A,D,0,NA,NA,NA,NA,Y,NA,D,22,0,0,1,0,0,0,0,0,0,-,-,33.03128,-117.19026,SAN DIEGO,UNINCORPORATED,-117.19016434,33.03134615
6528483,2014,2016-03-26,9645,2014-06-16,1025,13111,NA,1,1,7,3711,0,1,3,NA,2,016,RT 52,SANTO RD,1430,W,N,A,-,Y,SD,11,52,-,-,8.45,H,-,W,Y,4,0,1,1,A,-,08,22107,NA,N,F,A,A,A,H,-,A,D,1,NA,NA,NA,NA,Y,NA,A,01,0,0,1,0,0,0,0,0,0,-,-,32.84149,-117.1025,SAN DIEGO,SAN DIEGO,-117.10184109,32.84158342
6528487,2014,2016-02-06,9645,2014-06-13,0410,017133,NA,5,3,7,3711,0,1,1,NA,2,003,RT 5,PALM AV,100,S,N,A,-,Y,SD,11,5,-,R,17.48,H,-,S,Y,3,0,1,1,A,-,01,23152,A,N,E,I,A,A,H,-,C,D,1,NA,NA,NA,NA,Y,Y,A,01,0,1,0,0,0,0,0,0,0,-,-,32.73356,-117.17352,SAN DIEGO,SAN DIEGO,-117.17336416,32.73350493
6528642,2014,2015-04-06,9650,2014-06-16,0405,19126,NA,1,3,9,3700,0,1,1,NA,2,021,RT 15,GOPHER CANYON RD,3168,S,N,A,-,Y,SD,11,15,-,R,41.49,H,-,S,Y,3,0,1,2,A,-,01,23152,A,F,C,C,A,A,H,-,D,D,1,NA,NA,NA,NA,Y,Y,A,01,0,1,0,0,0,0,0,0,0,-,-,33.24191,-117.15151,SAN DIEGO,UNINCORPORATED,-117.15886011,33.26202518
6528669,2014,2015-03-05,9650,2014-06-15,1450,15503,NA,7,2,9,3700,0,1,1,NA,2,003,RT 5,HARBOR DR,13200,N,N,A,-,Y,SD,11,5,-,R,56.91,H,-,N,Y,2,0,1,2,A,-,07,21658,A,F,C,C,A,A,H,-,A,D,1,NA,NA,Y,NA,Y,NA,A,07,1,0,0,0,0,0,0,0,1,-,-,33.2405,-117.41313,SAN DIEGO,UNINCORPORATED,-117.41113431,33.23965336
6529017,2014,2014-09-04,3711,2014-06-23,0855,5775,NA,1,5,7,3711,0,0,0,NA,0,511,NATIONAL AV,26TH ST,900,S,N,A,-,N,NA,NA,NA,NA,NA,NA,NA,NA,NA,N,4,0,1,3,-,-,-,NA,NA,N,B,C,A,A,H,-,A,D,0,NA,NA,NA,NA,Y,NA,-,-,0,0,1,0,0,0,0,0,0,-,-,NA,NA,SAN DIEGO,SAN DIEGO,-117.1381,32.69592
6529127,2014,2016-02-17,9645,2014-06-24,0209,13784,NA,2,3,7,3711,0,1,1,NA,2,019,RT 15,BERNARDO CENTER DR,528,S,N,A,-,Y,SD,11,15,-,M,22.84,H,-,N,Y,3,0,1,1,A,-,01,23152,A,N,E,I,A,A,H,-,D,D,1,NA,NA,NA,NA,Y,Y,A,01,0,1,0,0,0,0,0,0,0,-,-,33.01592,-117.07916,SAN DIEGO,SAN DIEGO,-117.07991421,33.01065569
6530831,2014,2015-09-24,3711,2014-06-19,1744,6775,NA,4,5,7,3711,0,0,0,NA,0,621,LINDA VISTA RD,KORINK AV,15,S,N,A,-,N,NA,NA,NA,NA,NA,NA,NA,NA,NA,N,4,0,1,2,A,-,17,21209,A,N,D,C,A,A,H,-,A,D,0,NA,NA,NA,NA,Y,NA,-,NA,0,0,1,0,0,0,0,0,0,-,-,NA,NA,SAN DIEGO,SAN DIEGO,-117.16486084,32.79287822
6531520,2014,2014-08-08,3711,2014-06-21,1550,7056,NA,6,5,7,3711,0,0,0,NA,0,451,COLLEGE AV,MERIDIAN AV,15,N,N,A,-,N,NA,NA,NA,NA,NA,NA,NA,NA,NA,Y,4,0,1,2,A,-,04,21703,NA,N,C,C,A,A,H,-,A,D,0,NA,NA,NA,NA,Y,NA,-,-,0,0,1,0,0,0,0,0,0,-,-,NA,NA,SAN DIEGO,SAN DIEGO,-117.05754,32.74556
6533087,2014,2014-08-11,3700,2014-04-05,1329,SH1908,NA,6,5,5,3781,0,0,0,NA,0,514,MISSION GORGE RD,RIVERVIEW PKWY,346,W,N,A,-,N,NA,NA,NA,NA,NA,NA,NA,NA,NA,N,4,0,2,2,A,-,03,22350,NA,N,C,C,A,A,H,-,A,D,0,NA,NA,NA,NA,Y,NA,A,01,0,0,2,0,0,0,0,0,0,-,-,NA,NA,SAN DIEGO,SANTEE,-116.98047872,32.83856
6533115,2014,2014-07-24,3700,2014-04-05,2032,SH1798,NA,6,5,5,3781,0,0,0,NA,0,516,MISSION GORGE RD,BIG ROCK RD,0,NA,Y,A,-,N,NA,NA,NA,NA,NA,NA,NA,NA,NA,Y,3,0,1,2,D,-,00,NA,NA,F,B,C,A,A,H,-,C,D,0,NA,NA,NA,NA,Y,NA,-,-,0,1,0,0,0,0,0,0,0,-,-,NA,NA,SAN DIEGO,SANTEE,-117.02051001,32.83650009
6534858,2014,2015-11-19,3711,2014-05-31,1000,3815,NA,6,5,7,3711,0,0,0,NA,0,115,GENESEE AV,RT 52,300,N,N,A,-,N,NA,NA,NA,NA,NA,NA,NA,NA,NA,Y,3,0,1,1,A,-,03,22350,NA,N,F,I,A,A,H,-,A,D,0,NA,NA,NA,NA,Y,NA,A,01,0,1,0,0,0,0,0,0,0,-,WF,NA,NA,SAN DIEGO,SAN DIEGO,-117.20279,32.84717
6536972,2014,2014-09-23,3706,2014-06-08,1344,0475,ESPD,7,5,6,3706,0,0,0,NA,0,052,CENTRE CITY PKWY,2ND AV,0,NA,Y,A,-,N,NA,NA,NA,NA,NA,NA,NA,NA,NA,Y,3,0,2,2,A,-,12,21453,A,N,D,C,A,A,H,-,A,A,0,NA,NA,NA,NA,Y,NA,-,-,0,1,1,0,0,0,0,0,0,-,-,NA,NA,SAN DIEGO,ESCONDIDO,-117.08613007,33.11811007
6537922,2014,2016-03-26,9650,2014-06-29,0935,015758,NA,7,1,9,3700,0,1,1,NA,2,001,RT 5,CRISTIANITOS RD,708,S,N,A,-,Y,SD,11,5,-,R,72.15,H,-,N,Y,4,0,3,4,A,-,03,22350,NA,N,C,C,A,A,H,-,A,D,1,NA,NA,NA,NA,Y,NA,A,07,0,0,3,0,0,0,0,0,0,-,-,33.39373,-117.59152,SAN DIEGO,UNINCORPORATED,-117.59179133,33.39378776
6538922,2014,2014-08-05,3700,2014-06-09,1450,SH7302,NA,1,5,5,3713,0,0,0,NA,0,308,WEST VISTA WY,NETTLETON RD,0,NA,Y,A,-,N,NA,NA,NA,NA,NA,NA,NA,NA,NA,N,3,0,1,2,A,-,09,21801,A,N,H,A,A,A,H,-,A,D,0,NA,NA,Y,NA,Y,NA,-,NA,0,1,0,0,0,0,0,0,1,-,-,NA,NA,SAN DIEGO,VISTA,-117.28212012,33.18700008
6538927,2014,2014-08-05,3700,2014-06-03,0236,SH0817,NA,2,5,5,3713,0,0,0,NA,0,306,APOLLO DR,INDIAN ROCK RD,492,E,N,A,-,N,NA,NA,NA,NA,NA,NA,NA,NA,NA,Y,3,0,1,2,A,-,01,23152,A,N,E,I,A,A,H,-,C,D,0,NA,NA,NA,NA,Y,Y,A,01,0,1,0,0,0,0,0,0,0,-,-,NA,NA,SAN DIEGO,VISTA,-117.23924459,33.21627962
6539471,2014,2014-08-16,3711,2014-06-09,1521,6294,NA,1,5,7,3711,0,0,0,NA,0,524,WEST BROADWAY,STATE ST,96,E,N,B,-,N,NA,NA,NA,NA,NA,NA,NA,NA,NA,N,3,0,1,2,A,-,17,22517,NA,N,H,G,A,A,H,-,A,D,0,NA,Y,NA,NA,Y,NA,-,NA,0,1,0,0,0,0,1,0,0,-,-,NA,NA,SAN DIEGO,SAN DIEGO,-117.16618892,32.71576
6539570,2014,2014-09-23,3711,2014-06-19,1617,5046,NA,4,5,7,3711,0,0,0,NA,0,521,A ST,11TH AV,0,NA,Y,A,-,N,NA,NA,NA,NA,NA,NA,NA,NA,NA,N,3,0,1,2,A,-,12,21453,A,N,D,G,A,A,H,-,A,A,0,NA,Y,NA,NA,Y,NA,L,04,0,1,0,0,0,0,1,0,0,-,-,NA,NA,SAN DIEGO,SAN DIEGO,-117.15473005,32.71886004
6540204,2014,2014-08-09,3706,2014-06-06,1750,0443,ESPD,5,5,6,3706,0,0,0,NA,0,044,MILLS ST,E WASHINGTON AV,12,N,N,A,-,N,NA,NA,NA,NA,NA,NA,NA,NA,NA,N,2,0,1,2,A,-,05,21650,1,F,A,G,A,A,H,-,A,D,0,NA,Y,NA,NA,Y,NA,L,04,1,0,0,0,0,0,1,0,0,-,-,NA,NA,SAN DIEGO,ESCONDIDO,-117.06267168,33.13628734
6543175,2014,2014-08-01,3700,2014-05-28,1029,SH7709,NA,3,5,4,3780,0,0,0,NA,0,410,TWIN PEAKS RD,TWIN CIRCLE WY,379,E,N,A,-,N,NA,NA,NA,NA,NA,NA,NA,NA,NA,Y,3,0,1,1,A,-,05,21651,A,N,E,I,A,A,H,-,A,A,0,NA,NA,NA,NA,Y,NA,A,01,0,1,0,0,0,0,0,0,0,-,-,NA,NA,SAN DIEGO,POWAY,-117.04342455,32.9747348
6543592,2014,2014-08-12,3711,2014-06-27,1728,4823,SAN D,5,5,7,3711,0,0,0,NA,0,529,4TH AV,UPAS ST,20,S,N,A,-,N,NA,NA,NA,NA,NA,NA,NA,NA,NA,N,2,0,1,2,A,-,11,21954,A,N,G,B,D,A,H,-,A,D,0,Y,NA,NA,NA,Y,NA,N,60,1,0,0,0,1,0,0,0,0,-,-,NA,NA,SAN DIEGO,SAN DIEGO,-117.16127,32.74074521
6544569,2014,2016-03-26,3703,2014-06-20,1040,1137,NA,5,5,3,3703,0,0,0,NA,0,001,A AV,4TH ST,0,NA,Y,A,-,Y,SD,11,75,-,R,19.922,I,5,N,Y,4,0,1,2,A,-,08,22107,NA,N,B,C,A,A,H,-,A,D,0,NA,NA,NA,NA,Y,NA,A,07,0,0,1,0,0,0,0,0,0,-,-,NA,NA,SAN DIEGO,CORONADO,-117.17145003,32.69305039
6544621,2014,2014-08-13,3710,2014-06-25,1200,OC0658,NA,3,5,6,3710,0,0,0,NA,0,007,MISSION AV,PIRATES COVE WY,0,NA,Y,A,-,N,NA,NA,NA,NA,NA,NA,NA,NA,NA,N,3,0,1,2,A,-,09,21453,B,F,D,G,A,A,H,-,A,A,0,NA,Y,NA,NA,Y,NA,-,NA,0,1,0,0,0,0,1,0,0,-,-,NA,NA,SAN DIEGO,OCEANSIDE,-117.37363003,33.19935001
6544783,2014,2014-08-12,3706,2014-06-20,1540,ES0380,ESCON,5,5,6,3706,0,0,0,NA,0,042,WASHINGTON AV,ASH ST,6,N,N,A,-,N,NA,NA,NA,NA,NA,NA,NA,NA,NA,N,3,0,1,2,A,-,05,21650,1,N,D,G,A,A,H,-,A,A,0,NA,Y,NA,NA,Y,NA,L,04,0,1,0,0,0,0,1,0,0,-,-,NA,NA,SAN DIEGO,ESCONDIDO,-117.06798384,33.13311923
6545064,2014,2014-08-20,3711,2014-06-27,1845,6403,SANDI,5,5,7,3711,0,0,0,NA,0,243,MIRAMAR RD,MIRAMAR RD 7850,0,NA,Y,A,-,N,NA,NA,NA,NA,NA,NA,NA,NA,NA,Y,4,0,2,3,A,-,09,21801,A,N,B,C,A,A,H,-,A,D,0,NA,NA,NA,NA,Y,NA,-,-,0,0,2,0,0,0,0,0,0,-,-,NA,NA,SAN DIEGO,SAN DIEGO,-117.14912474,32.88609982
6545108,2014,2014-08-19,3711,2014-06-30,1500,6998,NA,1,5,7,3711,0,0,0,NA,0,313,CONVOY ST,CONVOY ST 4647,0,E,N,A,-,N,NA,NA,NA,NA,NA,NA,NA,NA,NA,N,3,0,1,2,A,-,05,21650,1,N,D,G,A,A,H,-,A,D,0,NA,Y,NA,NA,Y,NA,L,04,0,1,0,0,0,0,1,0,0,-,-,NA,NA,SAN DIEGO,SAN DIEGO,-117.15502381,32.82540251
6546914,2014,2014-08-18,3711,2014-07-02,1456,4051,NA,3,5,7,3711,0,0,0,NA,0,813,ADAMS AV,UTAH ST,24,W,N,A,-,N,NA,NA,NA,NA,NA,NA,NA,NA,NA,Y,4,0,2,2,A,-,09,21802,A,N,D,C,A,A,H,-,A,A,0,NA,NA,NA,NA,Y,NA,-,NA,0,0,2,0,0,0,0,0,0,-,-,NA,NA,SAN DIEGO,SAN DIEGO,-117.13274781,32.76286937
6547674,2014,2014-08-12,3705,2014-06-14,1141,EC0160,NA,6,5,5,3705,0,0,0,NA,0,007,SECOND ST,OAKDALE,38,N,N,A,-,N,NA,NA,NA,NA,NA,NA,NA,NA,NA,N,3,0,3,3,A,-,03,22350,NA,N,C,C,A,A,H,-,A,A,0,NA,NA,NA,NA,Y,NA,A,01,0,1,2,0,0,0,0,0,0,-,-,NA,NA,SAN DIEGO,EL CAJON,-116.93576,32.80216407
6550054,2014,2016-03-26,9645,2014-06-23,1820,019054,NA,1,2,7,3711,0,1,1,NA,2,021,RT 5,RT 15,100,S,N,A,-,Y,SD,11,805,-,-,14.773,R,1,S,Y,3,0,2,1,A,-,08,22107,NA,N,F,-,A,A,H,-,A,A,1,NA,NA,NA,NA,Y,NA,A,01,0,1,1,0,0,0,0,0,0,TO,FR,32.73935,-117.11381,SAN DIEGO,SAN DIEGO,-117.1129748,32.73339994
6550833,2014,2014-08-21,9645,2014-07-08,2035,015580,NA,2,2,7,3711,0,3,5,NA,2,024,RANCHO BERNARDO RD,DOVE CANYON RD,25,W,N,A,-,N,NA,NA,NA,NA,NA,NA,NA,NA,NA,N,4,0,3,2,A,-,21,22106,NA,N,C,C,A,A,H,-,C,A,0,NA,NA,NA,NA,Y,NA,A,01,0,0,3,0,0,0,0,0,0,-,-,NA,NA,SAN DIEGO,SAN DIEGO,-117.11013264,33.02000073
6557240,2014,2016-03-26,9645,2014-06-27,1840,020479,NA,5,2,7,3711,0,1,1,NA,2,010,RT 8,MORENA BL,300,E,N,A,-,Y,SD,11,8,-,R,0.46,H,-,W,Y,3,0,1,2,A,-,03,22350,NA,N,G,C,A,A,H,-,A,D,1,NA,NA,Y,NA,Y,NA,C,02,0,1,0,0,0,0,0,0,1,-,-,34.76087,-117.19582,SAN DIEGO,SAN DIEGO,-117.19654852,32.7605144
6557247,2014,2016-03-26,9645,2014-06-23,1705,018950,NA,1,2,7,3711,0,1,1,NA,2,010,RT 8,RT 163,670,W,N,A,-,Y,SD,11,8,-,-,2.26,H,-,W,Y,3,0,1,2,A,-,08,22107,NA,N,D,C,A,A,H,-,A,D,1,NA,NA,Y,NA,Y,NA,A,01,0,1,0,0,0,0,0,0,1,TO,-,32.76139,-117.16719,SAN DIEGO,SAN DIEGO,-117.16610992,32.76148461
6558775,2014,2016-05-16,9650,2014-07-09,1645,016155,NA,3,2,9,3700,0,1,1,NA,2,022,RT 15,RAINBOW GLEN,1584,S,N,A,-,Y,SD,11,15,-,R,51.81,H,-,N,Y,4,0,1,2,A,-,04,21703,NA,N,C,C,A,A,H,-,A,D,1,NA,NA,NA,NA,Y,NA,A,01,0,0,1,0,0,0,0,0,0,-,-,33.40418,-117.16656,SAN DIEGO,UNINCORPORATED,-117.1672088,33.40363496
6558839,2014,2016-01-05,3702,2014-07-05,0507,CV1090,NA,6,5,6,3702,0,0,0,NA,0,014,EAST H ST,RT 805,210,W,N,A,-,N,NA,NA,NA,NA,NA,NA,NA,NA,NA,Y,4,0,1,1,A,-,03,22350,NA,N,E,I,A,A,H,-,B,D,0,NA,NA,NA,NA,Y,NA,A,01,0,0,1,0,0,0,0,0,0,-,SF,NA,NA,SAN DIEGO,CHULA VISTA,-117.05633558,32.64035675
6560082,2014,2014-08-21,3711,2014-07-08,1424,6775,NA,2,5,7,3711,0,0,0,NA,0,621,LINDA VISTA RD,TAIT ST,60,N,N,A,-,N,NA,NA,NA,NA,NA,NA,NA,NA,NA,NA,4,0,2,2,A,-,21,22106,NA,N,C,C,A,A,H,-,A,A,0,NA,NA,NA,NA,Y,NA,-,NA,0,0,2,0,0,0,0,0,0,-,-,NA,NA,SAN DIEGO,SAN DIEGO,-117.1727511,32.78091254
6560138,2014,2014-08-26,3711,2014-07-03,0530,7027,NA,4,5,7,3711,0,0,0,NA,0,NA,FROST ST,CHILDREN'S WY,0,NA,Y,B,-,N,NA,NA,NA,NA,NA,NA,NA,NA,NA,N,4,0,1,2,A,-,10,21950,A,N,G,B,B,A,H,-,B,D,0,Y,NA,NA,NA,Y,NA,-,NA,0,0,1,0,1,0,0,0,0,-,-,NA,NA,SAN DIEGO,SAN DIEGO,-117.15106993,32.80024003
6560147,2014,2014-08-25,3711,2014-07-02,1145,6706,MIDCI,3,5,7,3711,0,0,0,NA,0,824,COLLWOOD BL,COLLWOOD WY,237,N,N,A,-,N,NA,NA,NA,NA,NA,NA,NA,NA,NA,Y,4,0,1,2,A,-,08,22107,NA,N,B,C,A,A,H,-,A,A,0,NA,NA,NA,NA,Y,NA,-,NA,0,0,1,0,0,0,0,0,0,-,-,NA,NA,SAN DIEGO,SAN DIEGO,-117.08523274,32.76858943
6560189,2014,2014-08-21,3711,2014-07-05,0015,4821,NA,6,5,7,3711,0,0,0,NA,0,123,MISSION BAY DR,RT 8,1584,N,N,A,-,N,NA,NA,NA,NA,NA,NA,NA,NA,NA,Y,4,0,3,2,A,-,03,22350,NA,N,C,C,A,A,H,-,C,D,0,NA,NA,NA,NA,Y,Y,A,01,0,0,3,0,0,0,0,0,0,-,-,NA,NA,SAN DIEGO,SAN DIEGO,-117.22756031,32.75974019
6560225,2014,2016-05-24,3709,2014-07-07,0836,380,SANDI,1,5,5,3709,0,0,0,NA,0,024,HIGHLAND AV,RT 54,0,NA,Y,A,-,Y,SD,11,54,-,-,6.759,R,4,E,Y,4,0,1,2,A,-,03,22350,NA,N,C,C,A,A,H,-,A,A,0,NA,NA,NA,NA,Y,NA,A,01,0,0,1,0,0,0,0,0,0,-,EF,NA,NA,SAN DIEGO,NATIONAL CITY,-117.09017009,32.65617006
6560576,2014,2014-08-13,3708,2014-06-20,2300,1245,200,5,5,5,3708,0,0,0,NA,0,002,UNIVERSITY AV,SPRING ST,0,NA,Y,A,-,N,NA,NA,NA,NA,NA,NA,NA,NA,NA,N,4,0,1,2,D,-,00,NA,NA,N,G,B,B,A,H,-,C,A,0,Y,NA,NA,NA,Y,NA,-,-,0,0,1,0,1,0,0,0,0,-,-,NA,NA,SAN DIEGO,LA MESA,-117.02173012,32.76741012
6561469,2014,2014-09-10,3708,2014-07-02,0855,8233,400,3,5,5,3708,0,0,0,NA,0,003,EL CAJON BL,JESSIE AV,305,E,N,A,-,N,NA,NA,NA,NA,NA,NA,NA,NA,NA,Y,4,0,2,4,A,-,08,22107,NA,N,C,C,A,A,H,-,A,D,0,NA,NA,NA,NA,Y,NA,A,01,0,0,2,0,0,0,0,0,0,-,-,NA,NA,SAN DIEGO,LA MESA,-117.0367143,32.76827488
6563715,2014,2014-08-22,3706,2014-07-04,1347,ES0374,ESPD,5,5,6,3706,0,0,0,NA,0,052,DATE ST,GRAND AV,30,S,N,A,-,N,NA,NA,NA,NA,NA,NA,NA,NA,NA,N,4,0,1,2,A,-,12,21453,A,N,E,A,A,A,H,-,A,A,0,NA,NA,NA,NA,Y,NA,A,01,0,0,1,0,0,0,0,0,0,-,-,NA,NA,SAN DIEGO,ESCONDIDO,-117.06994,33.12585
6564433,2014,2014-08-22,3711,2014-07-06,1440,4491,NA,7,5,7,3711,0,0,0,NA,0,122,INGRAHAM,REED,746,S,N,A,-,N,NA,NA,NA,NA,NA,NA,NA,NA,NA,Y,4,0,1,3,A,-,03,22350,NA,N,C,C,A,A,H,-,A,D,0,NA,NA,NA,NA,Y,NA,-,NA,0,0,1,0,0,0,0,0,0,-,-,NA,NA,SAN DIEGO,SAN DIEGO,-117.23910108,32.79394414
6564434,2014,2014-08-22,3711,2014-07-06,0005,5393,NA,7,5,7,3711,0,0,0,NA,0,813,30TH ST,DWIGHT ST,0,NA,Y,A,-,N,NA,NA,NA,NA,NA,NA,NA,NA,NA,Y,3,0,2,3,A,-,08,22107,NA,N,B,E,A,A,H,-,C,D,0,NA,NA,NA,NA,Y,Y,A,01,0,1,1,0,0,0,0,0,0,-,-,NA,NA,SAN DIEGO,SAN DIEGO,-117.1300801,32.74423006
6565139,2014,2016-03-26,9645,2014-06-28,1240,019033,NA,6,1,7,3711,0,1,1,NA,2,010,RT 8,PRESIDIO PARK,895,E,N,A,-,Y,SD,11,8,-,-,1.2,H,-,W,Y,3,0,2,3,A,-,03,22350,NA,N,C,C,A,A,H,-,A,D,1,NA,NA,NA,NA,Y,NA,A,01,0,1,1,0,0,0,0,0,0,-,-,NA,NA,SAN DIEGO,SAN DIEGO,-117.18495525,32.75963231
6565191,2014,2014-08-21,3711,2014-06-30,1242,5699,NA,1,5,7,3711,0,0,0,NA,0,242,MIRA MESA BL,SCHILLING  AV,561,W,N,A,-,N,NA,NA,NA,NA,NA,NA,NA,NA,NA,Y,4,0,1,5,A,-,03,22350,NA,N,C,C,A,A,H,-,A,D,0,NA,NA,NA,NA,Y,NA,-,NA,0,0,1,0,0,0,0,0,0,-,-,NA,NA,SAN DIEGO,SAN DIEGO,-117.16840603,32.90812672
6566758,2014,2014-08-26,3701,2014-07-10,1417,5449,3701,4,5,5,3701,0,0,0,NA,0,006,PASEO DEL NORTE,PALOMAR AIRPORT RD,206,S,N,A,-,N,NA,NA,NA,NA,NA,NA,NA,NA,NA,Y,4,0,1,2,A,-,09,21804,A,N,D,C,A,A,H,-,A,D,0,NA,NA,Y,NA,Y,NA,A,01,0,0,1,0,0,0,0,0,1,-,-,NA,NA,SAN DIEGO,CARLSBAD,-117.31917315,33.1213956
6566829,2014,2016-05-24,3710,2014-07-02,1050,OC1344,NA,3,5,6,3710,0,0,0,NA,0,010,RT 76,CANYON DR,65,E,N,A,-,Y,SD,11,76,-,R,1.17,H,-,W,Y,4,0,1,3,A,-,03,22350,NA,N,C,C,A,A,H,-,A,A,0,NA,NA,NA,NA,Y,NA,D,22,0,0,1,0,0,0,0,0,0,-,-,NA,NA,SAN DIEGO,OCEANSIDE,-117.36723773,33.21254673
6567932,2014,2014-08-25,3711,2014-07-12,1045,5226,NA,6,5,7,3711,0,0,0,NA,0,515,IMPERIAL AV,27TH ST,18,E,N,A,-,N,NA,NA,NA,NA,NA,NA,NA,NA,NA,N,3,0,1,2,A,-,10,21950,A,N,-,B,D,A,H,-,A,A,0,Y,NA,NA,NA,Y,NA,-,NA,0,1,0,0,1,0,0,0,0,-,-,NA,NA,SAN DIEGO,SAN DIEGO,-117.13593168,32.70637
6567968,2014,2014-08-25,3711,2014-07-06,1900,5958,NA,7,5,7,3711,0,0,0,NA,0,121,BAYSIDE WALK,ISLAND CT,0,NA,Y,A,-,N,NA,NA,NA,NA,NA,NA,NA,NA,NA,N,3,0,1,2,A,-,17,21200,A,N,H,-,E,A,H,-,A,D,0,Y,Y,NA,NA,Y,NA,L,04,0,1,0,0,1,0,0,0,0,-,-,NA,NA,SAN DIEGO,SAN DIEGO,-117.24969005,32.77264009
6567972,2014,2014-08-25,3711,2014-07-12,0017,6157,NA,6,5,7,3711,0,0,0,NA,0,933,CARMEL VALLEY RD,CAMINO DEL BARCO,129,N,N,A,-,N,NA,NA,NA,NA,NA,NA,NA,NA,NA,Y,3,0,2,2,A,-,05,21460,A,N,A,C,A,A,H,-,C,D,0,NA,NA,NA,NA,Y,NA,-,NA,0,2,0,0,0,0,0,0,0,-,-,NA,NA,SAN DIEGO,SAN DIEGO,NA,NA
6567992,2014,2014-08-25,3711,2014-07-07,1449,6994,NA,1,5,7,3711,0,0,0,NA,0,442,40TH ST,NEWTON,42,N,N,A,-,N,NA,NA,NA,NA,NA,NA,NA,NA,NA,Y,3,0,1,2,A,-,08,22107,NA,N,C,E,A,A,H,-,A,D,0,NA,NA,NA,NA,Y,NA,-,NA,0,1,0,0,0,0,0,0,0,-,-,NA,NA,SAN DIEGO,SAN DIEGO,-117.10814215,32.69511503
6569303,2014,2016-05-25,9645,2014-07-05,1300,018446,NA,6,1,7,3711,0,1,1,NA,2,010,RT 8,PACIFIC HWY,500,E,N,A,-,Y,SD,11,8,-,R,0.305,H,-,W,Y,4,0,1,3,A,-,03,22350,NA,N,C,C,A,A,H,-,A,D,0,NA,NA,NA,NA,Y,NA,A,07,0,0,1,0,0,0,0,0,0,-,-,32.75978,-117.20073,SAN DIEGO,SAN DIEGO,-117.19917362,32.76005866
6569307,2014,2016-06-06,9645,2014-07-04,1005,17270,NA,5,1,7,3711,0,1,1,NA,2,007,RT 5,VIA DE LA VALLE,1776,S,N,A,-,Y,SD,11,5,-,R,35.93,H,-,N,Y,4,0,4,3,A,-,03,22350,NA,N,C,C,A,A,H,-,A,D,1,NA,NA,NA,NA,Y,NA,A,08,0,0,4,0,0,0,0,0,0,-,-,32.97582,-117.25126,SAN DIEGO,SAN DIEGO,-117.25117487,32.97519957
6570814,2014,2014-08-28,3711,2014-07-19,1340,5775,NA,6,5,7,3711,0,0,0,NA,0,512,NATIONAL AV,S 33RD ST,3,W,N,A,-,N,NA,NA,NA,NA,NA,NA,NA,NA,NA,Y,3,0,1,2,A,-,08,22107,NA,N,D,C,A,A,H,-,A,D,0,NA,NA,NA,NA,Y,NA,-,NA,0,1,0,0,0,0,0,0,0,-,-,NA,NA,SAN DIEGO,SAN DIEGO,-117.12320972,32.69598995
6570855,2014,2014-09-03,3711,2014-07-20,1114,5585,NA,7,5,7,3711,0,0,0,NA,0,614,SUNSET CLIFFS BL,WEST POINT LOMA BL,108,E,N,A,-,N,NA,NA,NA,NA,NA,NA,NA,NA,NA,N,3,0,1,2,A,-,08,22107,NA,N,D,G,A,A,H,-,A,D,0,NA,Y,NA,NA,Y,NA,-,NA,0,1,0,0,0,0,1,0,0,-,-,NA,NA,SAN DIEGO,SAN DIEGO,-117.24205971,32.75117658
6571256,2014,2016-05-25,9650,2014-07-12,1640,015803,NA,6,2,5,3782,0,1,1,NA,2,007,RT 5,ENCINITAS BL,900,S,N,A,-,Y,SD,11,5,-,R,41.3,H,-,S,Y,3,0,1,2,A,-,07,21658,A,F,C,C,A,A,H,-,A,D,1,NA,NA,Y,NA,Y,NA,A,01,0,1,0,0,0,0,0,0,1,-,-,33.04491,-117.28628,SAN DIEGO,ENCINITAS,-117.28644476,33.04528365