CASE_ID,ACCIDENT_YEAR,PROC_DATE,JURIS,COLLISION_DATE,COLLISION_TIME,OFFICER_ID,REPORTING_DISTRICT,DAY_OF_WEEK,CHP_SHIFT,POPULATION,CNTY_CITY_LOC,SPECIAL_COND,BEAT_TYPE,CHP_BEAT_TYPE,CITY_DIVISION_LAPD,CHP_BEAT_CLASS,BEAT_NUMBER,PRIMARY_RD,SECONDARY_RD,DISTANCE,DIRECTION,INTERSECTION,WEATHER_1,WEATHER_2,STATE_HWY_IND,CALTRANS_COUNTY,CALTRANS_DISTRICT,STATE_ROUTE,ROUTE_SUFFIX,POSTMILE_PREFIX,POSTMILE,LOCATION_TYPE,RAMP_INTERSECTION,SIDE_OF_HWY,TOW_AWAY,COLLISION_SEVERITY,NUMBER_KILLED,NUMBER_INJURED,PARTY_COUNT,PRIMARY_COLL_FACTOR,PCF_CODE_OF_VIOL,PCF_VIOL_CATEGORY,PCF_VIOLATION,PCF_VIOL_SUBSECTION,HIT_AND_RUN,TYPE_OF_COLLISION,MVIW,PED_ACTION,ROAD_SURFACE,ROAD_COND_1,ROAD_COND_2,LIGHTING,CONTROL_DEVICE,CHP_ROAD_TYPE,PEDESTRIAN_ACCIDENT,BICYCLE_ACCIDENT,MOTORCYCLE_ACCIDENT,TRUCK_ACCIDENT,NOT_PRIVATE_PROPERTY,ALCOHOL_INVOLVED,STWD_VEHTYPE_AT_FAULT,CHP_VEHTYPE_AT_FAULT,COUNT_SEVERE_INJ,COUNT_VISIBLE_INJ,COUNT_COMPLAINT_PAIN,COUNT_PED_KILLED,COUNT_PED_INJURED,COUNT_BICYCLIST_KILLED,COUNT_BICYCLIST_INJURED,COUNT_MC_KILLED,COUNT_MC_INJURED,PRIMARY_RAMP,SECONDARY_RAMP,LATITUDE,LONGITUDE,COUNTY,CITY,POINT_X,POINT_Y
6571652,2014,2016-05-25,9650,2014-07-25,1705,015654,NA,5,2,9,3700,0,1,1,NA,2,005,RT 5,BROOKS ST,117,N,N,B,-,Y,SD,11,5,-,R,52.85,H,-,S,Y,4,0,1,3,A,-,03,22350,NA,N,C,C,A,A,H,-,A,D,1,NA,NA,NA,NA,Y,NA,I,11,0,0,1,0,0,0,0,0,0,-,-,33.19676,-117.36796,SAN DIEGO,UNINCORPORATED,-117.36768924,33.19658949
6573208,2014,2014-08-26,3706,2014-07-02,1307,ES0223,NA,3,5,6,3706,0,0,0,NA,0,042,MISSION AV,BROADWAY,149,E,N,A,-,N,NA,NA,NA,NA,NA,NA,NA,NA,NA,N,4,0,1,2,A,-,09,21804,A,M,D,C,A,A,H,-,A,D,0,NA,NA,NA,NA,Y,NA,-,NA,0,0,1,0,0,0,0,0,0,-,-,NA,NA,SAN DIEGO,ESCONDIDO,-117.08534,33.13036
6575056,2014,2016-05-24,9645,2014-07-27,0945,016439,NA,7,1,7,3711,0,1,1,NA,2,027,RT 5,RT 8,1056,N,N,C,-,Y,SD,11,15,-,R,6.27,H,-,S,N,4,0,1,1,A,-,03,22350,NA,N,E,I,A,B,H,-,A,D,1,NA,NA,NA,NA,Y,NA,A,01,0,0,1,0,0,0,0,0,0,-,-,32.78478,-117.11435,SAN DIEGO,SAN DIEGO,-117.11326303,32.78102057
6576011,2014,2014-08-14,3706,2014-07-29,1758,ES0322,NA,2,5,6,3706,0,0,0,NA,0,045,AUTO PARK WY,MISSION AV,59,N,N,A,-,N,NA,NA,NA,NA,NA,NA,NA,NA,NA,N,4,0,1,2,D,-,00,NA,NA,N,D,C,A,A,H,-,A,D,0,NA,NA,NA,NA,Y,NA,-,-,0,0,1,0,0,0,0,0,0,-,-,NA,NA,SAN DIEGO,ESCONDIDO,-117.12252774,33.13054852
6576168,2014,2016-05-28,9680,2014-07-20,1045,16139,NA,7,1,5,3705,0,1,1,NA,2,082,RT 8,RT 67,528,E,N,B,-,Y,SD,11,8,-,-,16.093,R,2,W,Y,4,0,1,2,A,-,04,21703,NA,N,C,C,A,A,H,-,A,D,1,NA,NA,NA,NA,Y,NA,A,01,0,0,1,0,0,0,0,0,0,TO,-,32.80329,-116.95906,SAN DIEGO,EL CAJON,-116.95746014,32.80312529
6576585,2014,2014-08-18,9680,2014-07-23,1820,016981,NA,3,2,9,3700,0,3,5,NA,2,001,ROYAL RD,MELROSE LN,375,W,N,A,-,N,NA,NA,NA,NA,NA,NA,NA,NA,NA,N,2,0,1,2,A,-,09,21801,A,N,A,C,A,A,H,-,A,D,0,NA,NA,Y,NA,Y,NA,A,01,1,0,0,0,0,0,0,0,1,-,-,32.82424,-116.92926,SAN DIEGO,UNINCORPORATED,-116.92900607,32.82408854
6576834,2014,2014-08-14,3710,2014-07-16,1854,OC1406,NA,3,5,6,3710,0,0,0,NA,0,008,MINNESOTA,GARFIELD,0,NA,Y,A,-,N,NA,NA,NA,NA,NA,NA,NA,NA,NA,N,3,0,1,2,A,-,11,21954,A,N,G,B,D,A,H,-,A,D,0,Y,NA,NA,NA,Y,Y,N,60,0,1,0,0,1,0,0,0,0,-,-,NA,NA,SAN DIEGO,OCEANSIDE,-117.36897005,33.19252002
6577793,2014,2014-08-28,9650,2014-07-20,1500,019227,NA,7,2,9,3700,0,3,5,NA,2,211,OLD CASTLE RD,LILAC RD,3168,W,N,A,-,N,NA,NA,NA,NA,NA,NA,NA,NA,NA,Y,3,0,1,1,A,-,01,23152,A,N,F,A,A,A,H,-,A,D,0,NA,NA,Y,NA,Y,Y,C,02,0,1,0,0,0,0,0,0,1,-,-,33.25624,-117.07822,SAN DIEGO,UNINCORPORATED,-117.07746445,33.25648398
6577797,2014,2016-05-21,9650,2014-07-18,2115,018296,NA,5,2,5,3713,0,1,3,NA,2,017,RT 78,MAR VISTA DR,1320,W,N,B,-,Y,SD,11,78,-,-,7.46,H,-,W,Y,4,0,2,2,A,-,01,23152,A,F,B,C,A,A,H,-,C,D,1,NA,NA,NA,NA,Y,Y,A,01,0,0,2,0,0,0,0,0,0,-,-,33.18222,-117.23086,SAN DIEGO,VISTA,-117.23252318,33.18452677
6578355,2014,2014-08-19,3711,2014-07-29,1720,5698,NA,2,5,7,3711,0,0,0,NA,0,526,4TH AV,DATE ST,16,S,N,A,-,N,NA,NA,NA,NA,NA,NA,NA,NA,NA,Y,3,0,2,2,A,-,09,21802,A,N,D,C,A,A,H,-,A,A,0,NA,NA,NA,NA,Y,NA,A,01,0,1,1,0,0,0,0,0,0,-,-,NA,NA,SAN DIEGO,SAN DIEGO,-117.16113718,32.72298623
6578651,2014,2014-08-15,3709,2014-07-15,1315,0482,NA,2,5,5,3709,0,0,0,NA,0,023,30TH ST,J AV,188,W,N,B,-,N,NA,NA,NA,NA,NA,NA,NA,NA,NA,N,3,0,1,2,A,-,09,21804,A,N,D,C,A,A,H,-,A,D,0,NA,NA,Y,NA,Y,NA,D,22,0,1,0,0,0,0,0,0,1,-,-,NA,NA,SAN DIEGO,NATIONAL CITY,-117.0898616,32.65955789
6582371,2014,2014-08-18,3711,2014-07-30,0923,6394,NA,3,5,7,3711,0,0,0,NA,0,315,CAMINO DEL RIO N,THEATER DRIVEWAY,197,E,N,A,-,N,NA,NA,NA,NA,NA,NA,NA,NA,NA,Y,4,0,1,2,A,-,09,21801,A,M,G,C,A,A,H,-,A,D,0,NA,NA,NA,NA,Y,NA,-,NA,0,0,1,0,0,0,0,0,0,-,-,NA,NA,SAN DIEGO,SAN DIEGO,-117.14663504,32.76762498
6582994,2014,2016-05-24,9680,2014-08-02,2050,020249,NA,6,2,9,3700,0,1,3,NA,1,052,RT 78,PAYSON DR,330,E,N,B,-,Y,SD,11,78,-,-,57.39,H,-,W,Y,4,0,1,2,A,-,05,21650,NA,N,B,C,A,B,H,-,D,D,0,NA,NA,NA,NA,Y,NA,A,01,0,0,1,0,0,0,0,0,0,-,-,33.077,-116.61,SAN DIEGO,UNINCORPORATED,-116.60985383,33.07727083
6583077,2014,2015-01-08,3709,2014-07-31,0759,0450,3709,4,5,5,3709,0,0,0,NA,0,021,DELTA ST,HIGHLAND AV,83,E,N,A,-,N,NA,NA,NA,NA,NA,NA,NA,NA,NA,N,4,0,1,2,A,-,09,21801,A,N,D,C,A,A,H,-,A,D,0,NA,NA,NA,NA,Y,NA,I,11,0,0,1,0,0,0,0,0,0,-,-,NA,NA,SAN DIEGO,NATIONAL CITY,-117.10219413,32.68895483
6583509,2014,2014-08-27,9680,2014-07-21,2257,019384,NA,1,3,9,3700,0,3,5,NA,2,002,APPLE ST,SAN MIGUEL  AV,63,W,N,A,-,N,NA,NA,NA,NA,NA,NA,NA,NA,NA,Y,4,0,2,3,A,-,01,23152,A,N,C,E,A,A,H,-,C,D,0,NA,NA,NA,NA,Y,Y,A,07,0,0,2,0,0,0,0,0,0,-,-,32.71478,-116.99207,SAN DIEGO,UNINCORPORATED,-116.99154397,32.71483624
6584557,2014,2014-09-09,3700,2014-06-08,1538,SH2784,NA,7,5,5,3782,0,0,0,NA,0,240,SOUTH COAST HWY,CHESTERFIELD DR,420,S,N,A,-,N,NA,NA,NA,NA,NA,NA,NA,NA,NA,Y,4,0,2,2,A,-,03,22350,NA,N,C,C,A,A,H,-,A,D,0,NA,NA,NA,NA,Y,NA,A,08,0,0,2,0,0,0,0,0,0,-,-,NA,NA,SAN DIEGO,ENCINITAS,-117.281819,33.017951
6584724,2014,2014-08-26,3700,2014-06-22,1613,SH1706,NA,7,5,3,3783,0,0,0,NA,0,274,LOMAS SANTA FE DR,SANTA HELENA,0,NA,Y,A,-,N,NA,NA,NA,NA,NA,NA,NA,NA,NA,Y,4,0,1,2,A,-,12,21453,A,N,D,C,A,A,H,-,A,A,0,NA,NA,NA,NA,Y,NA,A,01,0,0,1,0,0,0,0,0,0,-,-,NA,NA,SAN DIEGO,SOLANA BEACH,-117.25501007,32.99575011
6585447,2014,2016-05-21,9645,2014-07-30,1705,17473,NA,3,2,7,3711,0,1,3,NA,2,006,RT 94,RT 15,400,W,N,A,-,Y,SD,11,94,-,-,3.12,H,-,E,Y,4,0,1,2,A,-,07,21658,A,N,B,C,A,A,H,-,A,D,1,NA,NA,NA,NA,Y,NA,D,22,0,0,1,0,0,0,0,0,0,-,-,32.71627,-117.11914,SAN DIEGO,SAN DIEGO,-117.11879594,32.71622708
6585527,2014,2016-05-25,9645,2014-08-03,1600,18428,NA,7,2,7,3711,0,1,1,NA,2,017,RT 15,RT 52,2500,N,N,A,-,Y,SD,11,15,-,R,11.05,H,-,N,Y,4,0,1,3,A,-,07,21658,A,F,D,C,A,A,H,-,A,D,1,NA,NA,NA,NA,Y,NA,A,07,0,0,1,0,0,0,0,0,0,-,-,32.51084,-117.06557,SAN DIEGO,SAN DIEGO,-117.11682543,32.84803274
6585543,2014,2016-05-28,9645,2014-08-01,1210,15676,NA,5,1,7,3711,0,1,1,NA,2,010,RT 8,MISSION CENTER RD,400,W,N,A,-,Y,SD,11,8,-,-,2.527,R,2,E,Y,4,0,1,1,A,-,03,22350,NA,N,E,I,A,A,H,-,A,D,1,NA,NA,NA,NA,Y,NA,A,01,0,0,1,0,0,0,0,0,0,TO,-,32.76321,-117.18154,SAN DIEGO,SAN DIEGO,-117.16206188,32.76313764
6585568,2014,2014-09-05,3711,2014-08-02,0400,6200,NA,6,5,7,3711,0,0,0,NA,0,321,AMBROSIA DR,SANTO RD,10,W,N,A,-,N,NA,NA,NA,NA,NA,NA,NA,NA,NA,N,3,0,1,2,A,-,08,22107,NA,N,B,J,A,A,H,-,C,D,0,NA,NA,NA,NA,Y,NA,-,NA,0,1,0,0,0,0,0,0,0,-,-,NA,NA,SAN DIEGO,SAN DIEGO,-117.10625829,32.7946534
6585804,2014,2016-05-21,9645,2014-07-29,1105,15698,NA,2,1,7,3711,0,1,1,NA,2,021,RT 15,MARKET ST,800,S,N,A,-,Y,SD,11,805,-,-,1.7,H,-,S,Y,2,0,1,2,A,-,08,22107,NA,N,B,C,A,A,C,-,A,D,1,NA,NA,NA,NA,Y,NA,A,07,1,0,0,0,0,0,0,0,0,-,-,32.7047,-117.12072,SAN DIEGO,SAN DIEGO,-117.04105723,32.56689589
6585887,2014,2014-09-24,9650,2014-07-30,1055,015027,NA,3,1,9,3700,0,3,5,NA,2,213,PALA TEMECULA RD,PALA MISSION RD,22176,N,N,A,-,N,NA,NA,NA,NA,NA,NA,NA,NA,NA,Y,3,0,1,2,A,-,03,22350,NA,F,A,C,A,B,H,-,A,D,0,NA,NA,NA,NA,Y,NA,A,01,0,1,0,0,0,0,0,0,0,-,-,33.41173,-117.08375,SAN DIEGO,UNINCORPORATED,-117.10519728,33.3920981
6585934,2014,2014-08-18,3702,2014-07-01,1037,CV0827,NA,2,5,6,3702,0,0,0,NA,0,024,OLYMPIC PKWY,HERITAGE RD,0,NA,Y,A,-,N,NA,NA,NA,NA,NA,NA,NA,NA,NA,N,4,0,2,3,A,-,04,21703,NA,N,C,C,A,A,H,-,A,A,0,NA,NA,NA,NA,Y,NA,A,01,0,0,2,0,0,0,0,0,0,-,-,NA,NA,SAN DIEGO,CHULA VISTA,-117.0021301,32.61701001
6586057,2014,2014-08-18,3702,2014-07-08,1255,CV0673,NA,2,5,6,3702,0,0,0,NA,0,021,PALOMAR ST,ORANGE AV,0,NA,Y,A,-,N,NA,NA,NA,NA,NA,NA,NA,NA,NA,N,4,0,1,2,D,-,00,NA,NA,N,D,G,A,A,H,-,A,A,0,NA,Y,NA,NA,Y,NA,-,-,0,0,1,0,0,0,1,0,0,-,-,NA,NA,SAN DIEGO,CHULA VISTA,-117.07767006,32.60364011
6586061,2014,2014-08-18,3702,2014-07-24,1751,CV0923,NA,4,5,6,3702,0,0,0,NA,0,032,OLYMPIC PKWY,TOWN CENTER DR,180,E,N,A,-,N,NA,NA,NA,NA,NA,NA,NA,NA,NA,Y,4,0,1,2,A,-,03,22350,NA,N,C,C,A,A,H,-,A,A,0,NA,NA,Y,NA,Y,NA,-,NA,0,0,1,0,0,0,0,0,1,-,-,NA,NA,SAN DIEGO,CHULA VISTA,-116.96697492,32.62830824
6588140,2014,2014-09-04,3701,2014-08-10,2108,5191,8,7,5,5,3701,0,0,0,NA,0,004,MARRON RD,EL CAMINIO REAL,0,NA,Y,B,-,N,NA,NA,NA,NA,NA,NA,NA,NA,NA,N,2,0,1,2,A,-,11,21954,A,N,G,B,D,A,H,-,C,A,0,Y,NA,NA,NA,Y,NA,N,60,1,0,0,0,1,0,0,0,0,-,-,NA,NA,SAN DIEGO,CARLSBAD,-117.32666009,33.17763007
6589571,2014,2014-09-05,3711,2014-08-04,2052,4495,NA,1,5,7,3711,0,0,0,NA,0,521,11TH AV,A ST,0,NA,Y,A,-,N,NA,NA,NA,NA,NA,NA,NA,NA,NA,Y,4,0,2,2,A,-,12,21453,A,N,D,C,A,A,H,-,C,A,0,NA,NA,NA,NA,Y,NA,A,07,0,0,2,0,0,0,0,0,0,-,-,NA,NA,SAN DIEGO,SAN DIEGO,-117.15473005,32.71886004
6589752,2014,2016-01-05,3711,2014-08-08,1223,6583,SANDI,5,5,7,3711,0,0,0,NA,0,511,MAIN ST,SOUTH 28TH ST,270,E,N,A,-,N,NA,NA,NA,NA,NA,NA,NA,NA,NA,N,4,0,1,3,A,-,09,21804,A,N,B,B,-,A,H,-,A,D,0,Y,NA,NA,NA,Y,NA,-,NA,0,0,1,0,1,0,0,0,0,-,-,NA,NA,SAN DIEGO,SAN DIEGO,-117.13285535,32.69280185
6589781,2014,2014-09-15,3711,2014-08-11,0230,4806,NA,1,5,7,3711,0,0,0,NA,0,122,CASS ST,GRAND AV,105,N,N,A,-,N,NA,NA,NA,NA,NA,NA,NA,NA,NA,N,4,0,1,2,A,-,08,22107,NA,N,D,C,A,A,H,-,C,D,0,NA,NA,NA,NA,Y,Y,-,NA,0,0,1,0,0,0,0,0,0,-,-,NA,NA,SAN DIEGO,SAN DIEGO,-117.2513523,32.7958069
6591419,2014,2016-05-24,9680,2014-07-29,1313,015081,NA,2,1,9,3700,0,1,3,NA,1,052,RT 78,OLD JULIAN HWY,4752,E,N,A,-,Y,SD,11,78,-,-,49.96,H,-,E,Y,3,0,1,2,A,-,06,21755,NA,N,B,C,A,A,H,-,A,D,0,NA,NA,NA,Y,Y,NA,A,01,0,1,0,0,0,0,0,0,0,-,-,33.06732,-116.73183,SAN DIEGO,UNINCORPORATED,-116.69231266,33.10413362
6591675,2014,2014-08-27,3705,2014-07-22,1502,EC0160,NA,2,5,5,3705,0,0,0,NA,0,008,CAMDEN,TAFT,75,E,N,A,-,N,NA,NA,NA,NA,NA,NA,NA,NA,NA,N,4,0,1,2,A,-,08,22107,NA,M,D,C,A,A,H,-,A,D,0,NA,NA,NA,NA,Y,NA,A,01,0,0,1,0,0,0,0,0,0,-,-,NA,NA,SAN DIEGO,EL CAJON,-116.95614684,32.79019182
6592571,2014,2016-05-21,3711,2014-08-01,1230,4565,NA,5,5,7,3711,0,0,0,NA,0,935,VIA DE LA VALLE,RT 5,0,NA,Y,A,-,Y,SD,11,5,-,R,36.043,R,4,N,Y,3,0,1,1,D,-,00,NA,NA,N,H,A,A,A,H,-,A,A,0,NA,NA,NA,NA,Y,NA,-,-,0,1,0,0,0,0,0,0,0,-,SF,NA,NA,SAN DIEGO,SAN DIEGO,-117.2517615,32.97676245
6592591,2014,2014-09-04,3711,2014-08-06,1440,4386,NA,3,5,7,3711,0,0,0,NA,0,624,EL CAJON BL,TEXAS ST,0,NA,Y,A,-,N,NA,NA,NA,NA,NA,NA,NA,NA,NA,N,4,0,1,2,A,-,11,21950,B,N,D,B,D,A,D,-,A,A,0,Y,NA,NA,NA,Y,NA,N,60,0,0,1,0,1,0,0,0,0,-,-,NA,NA,SAN DIEGO,SAN DIEGO,-117.13885012,32.75538001
6592599,2014,2014-09-04,3711,2014-08-04,0940,5585,NA,1,5,7,3711,0,0,0,NA,0,721,SATURN BL,695 SATURN BL,10,W,N,A,-,N,NA,NA,NA,NA,NA,NA,NA,NA,NA,N,4,0,1,2,A,-,08,22107,NA,N,G,B,F,A,H,-,A,D,0,Y,NA,NA,NA,Y,NA,-,NA,0,0,1,0,1,0,0,0,0,-,-,NA,NA,SAN DIEGO,SAN DIEGO,NA,NA
6592671,2014,2016-05-20,9645,2014-08-05,0650,15698,NA,2,1,9,3700,0,3,5,NA,2,018,BONITA RD,RT 805,65,E,N,A,-,Y,SD,11,805,-,-,6.96,R,4,N,Y,4,0,2,2,A,-,12,21453,A,N,D,C,A,A,H,-,A,A,1,NA,NA,NA,NA,Y,NA,A,01,0,0,2,0,0,0,0,0,0,-,-,32.64822,-117.06044,SAN DIEGO,UNINCORPORATED,-117.05254933,32.63874564
6593035,2014,2016-05-21,9645,2014-08-07,1645,19410,NA,4,2,7,3711,0,1,1,NA,2,021,RT 15,OCEANVIEW BL,536,S,N,B,-,Y,SD,11,15,-,R,0.49,H,-,S,Y,4,0,1,1,A,-,08,22107,NA,N,E,I,A,A,H,-,A,D,1,NA,NA,NA,NA,Y,NA,A,01,0,0,1,0,0,0,0,0,0,-,-,32.69979,-117.12106,SAN DIEGO,SAN DIEGO,-117.12089289,32.69970076
6594601,2014,2016-01-05,3706,2014-07-27,1340,ES0424,NA,7,5,6,3706,0,0,0,NA,0,055,CENTRE CITY PKWY,CITRACADO PKWY,0,NA,Y,A,-,N,NA,NA,NA,NA,NA,NA,NA,NA,NA,Y,4,0,1,2,A,-,09,21453,C,N,D,C,A,A,H,-,A,A,0,NA,NA,Y,NA,Y,NA,A,01,0,0,1,0,0,0,0,0,1,-,-,NA,NA,SAN DIEGO,ESCONDIDO,-117.07309011,33.09077006
6597349,2014,2014-09-05,3705,2014-08-09,0149,EC0324,NA,6,5,5,3705,0,0,0,NA,0,006,COOGAN,PIONEER,425,E,N,A,-,N,NA,NA,NA,NA,NA,NA,NA,NA,NA,Y,3,0,1,2,A,-,01,23152,A,N,E,E,A,A,H,-,C,D,0,NA,NA,NA,NA,Y,NA,A,01,0,1,0,0,0,0,0,0,0,-,-,NA,NA,SAN DIEGO,EL CAJON,-116.96633185,32.80994
6597708,2014,2014-09-08,9680,2014-08-12,0800,17996,NA,2,1,9,3700,0,3,5,NA,2,002,GILLESPIE DR,FREDERICK ST,0,NA,Y,B,-,N,NA,NA,NA,NA,NA,NA,NA,NA,NA,Y,3,0,1,2,A,-,08,22107,NA,N,C,E,A,A,H,-,A,D,0,NA,NA,NA,NA,Y,NA,A,01,0,1,0,0,0,0,0,0,0,-,-,32.70871,-117.00748,SAN DIEGO,UNINCORPORATED,-117.0074,32.70849002
6599705,2014,2016-01-05,3711,2014-07-26,1340,5340,NA,6,5,7,3711,0,0,0,NA,0,115,MIRAMAR RD,NOBEL DR,1690,W,N,A,-,N,NA,NA,NA,NA,NA,NA,NA,NA,NA,Y,4,0,1,2,A,-,03,22350,NA,N,C,C,A,A,H,-,A,A,0,NA,NA,NA,NA,Y,NA,A,01,0,0,1,0,0,0,0,0,0,-,-,NA,NA,SAN DIEGO,SAN DIEGO,-117.19654694,32.87568136
6600732,2014,2014-09-03,3711,2014-08-09,0835,4885,NA,6,5,7,3711,0,0,0,NA,0,233,RANCHO PENASQUITOS BL,PASEO MONTRIL,0,NA,Y,A,-,N,NA,NA,NA,NA,NA,NA,NA,NA,NA,Y,3,0,1,2,A,-,12,21453,A,N,A,C,A,A,H,-,A,A,0,NA,NA,NA,NA,Y,NA,-,NA,0,1,0,0,0,0,0,0,0,-,-,NA,NA,SAN DIEGO,SAN DIEGO,-117.10784003,32.95168009
6600795,2014,2014-09-03,3711,2014-08-14,0838,6799,NA,4,5,7,3711,0,0,0,NA,0,111,KESLING ST,LIMERICK AV,200,E,N,A,-,N,NA,NA,NA,NA,NA,NA,NA,NA,NA,N,4,0,3,2,A,-,09,21801,A,N,A,C,A,A,H,-,A,D,0,NA,NA,NA,NA,Y,NA,-,NA,0,0,3,0,0,0,0,0,0,-,-,NA,NA,SAN DIEGO,SAN DIEGO,-117.1780913,32.83354426
6601173,2014,2014-09-04,3711,2014-08-13,1017,6318,NA,3,5,7,3711,0,0,0,NA,0,444,FRANCIS ST,TOMPKINS ST,144,N,N,A,-,N,NA,NA,NA,NA,NA,NA,NA,NA,NA,N,4,0,1,3,A,-,21,22106,NA,N,-,E,-,A,H,-,A,D,0,Y,NA,NA,NA,Y,NA,-,NA,0,0,1,0,1,0,0,0,0,-,-,NA,NA,SAN DIEGO,SAN DIEGO,-117.11971028,32.70728362
6601457,2014,2014-09-26,3701,2014-08-24,1158,5301,64,7,5,5,3701,0,0,0,NA,0,005,THE CROSSINGS DR,PALOMAR AIRPORT RD,300,N,N,A,-,N,NA,NA,NA,NA,NA,NA,NA,NA,NA,Y,4,0,2,2,A,-,03,22350,NA,N,C,C,A,A,H,-,A,D,0,NA,NA,NA,NA,Y,NA,A,01,0,0,2,0,0,0,0,0,0,-,-,NA,NA,SAN DIEGO,CARLSBAD,-117.30636414,33.12436891
6601647,2014,2014-09-09,3701,2014-08-24,1133,5351,115,7,5,5,3701,0,0,0,NA,0,008,LEVANTE ST,MADRILENA WY,122,W,N,A,-,N,NA,NA,NA,NA,NA,NA,NA,NA,NA,N,4,0,1,2,B,-,22,NA,NA,N,D,E,A,A,H,-,A,D,0,NA,Y,NA,NA,Y,NA,L,04,0,0,1,0,0,0,1,0,0,-,-,NA,NA,SAN DIEGO,CARLSBAD,-117.25222582,33.08383315
6601695,2014,2014-09-10,3711,2014-08-25,0930,6060,NA,1,5,7,3711,0,0,0,NA,0,524,7TH AV,BROADWAY,39,S,N,A,-,N,NA,NA,NA,NA,NA,NA,NA,NA,NA,Y,3,0,2,3,A,-,03,22350,NA,N,C,D,A,A,H,-,A,A,0,NA,NA,NA,NA,Y,NA,-,NA,0,1,1,0,0,0,0,0,0,-,-,NA,NA,SAN DIEGO,SAN DIEGO,-117.15834,32.71561316
6601727,2014,2014-09-10,3711,2014-08-24,2050,6633,NA,7,5,7,3711,0,0,0,NA,0,451,BAYVIEW HTS DR,BAYVIEW HTS PL,360,W,N,A,-,N,NA,NA,NA,NA,NA,NA,NA,NA,NA,N,4,0,3,3,A,-,08,22107,NA,M,B,C,A,A,H,-,C,D,0,NA,NA,NA,NA,Y,Y,A,01,0,0,3,0,0,0,0,0,0,-,-,NA,NA,SAN DIEGO,SAN DIEGO,-117.07865565,32.72328788
6601735,2014,2014-09-10,3711,2014-08-25,1131,6852,NA,1,5,7,3711,0,0,0,NA,0,313,CLAIREMONT MESA BL,MERCURY ST,400,E,N,A,-,N,NA,NA,NA,NA,NA,NA,NA,NA,NA,N,3,0,1,2,A,-,05,21650,1,N,D,G,A,A,H,-,A,-,0,NA,Y,NA,NA,Y,NA,L,04,0,1,0,0,0,0,1,0,0,-,-,NA,NA,SAN DIEGO,SAN DIEGO,-117.14760232,32.83287
6603807,2014,2016-05-24,9645,2014-08-14,1547,19410,NA,4,2,7,3711,0,1,1,NA,2,003,RT 5,OLD TOWN AV,360,S,N,A,-,Y,SD,11,5,-,R,18.937,R,1,S,Y,4,0,1,2,A,-,03,22350,NA,N,C,C,A,A,H,-,A,D,1,NA,NA,NA,NA,Y,NA,A,01,0,0,1,0,0,0,0,0,0,FR,-,32.74696,-117.19272,SAN DIEGO,SAN DIEGO,-117.19203138,32.7468431
6605348,2014,2016-05-25,9645,2014-08-21,0730,17270,NA,4,1,7,3711,0,1,1,NA,2,010,RT 8,PRESIDIO PK,1000,W,N,A,-,Y,SD,11,8,-,R,0.76,H,-,W,Y,4,0,1,2,A,-,03,22350,NA,N,C,C,A,A,H,-,A,D,1,NA,NA,NA,NA,Y,NA,J,48,0,0,1,0,0,0,0,0,0,-,-,32.7597,-117.1883,SAN DIEGO,SAN DIEGO,-117.19144455,32.76034764
6605499,2014,2014-09-11,9650,2014-08-16,0555,12168,NA,6,3,9,3700,0,3,5,NA,2,210,MESA ROCK RD,DEER SPRINGS RD,1056,S,N,A,-,N,NA,NA,NA,NA,NA,NA,NA,NA,NA,N,4,0,1,2,A,-,08,22107,NA,N,D,C,A,A,H,-,A,D,0,NA,NA,NA,NA,Y,NA,A,01,0,0,1,0,0,0,0,0,0,-,-,33.19222,-117.12358,SAN DIEGO,UNINCORPORATED,-117.12502241,33.19441467
6606276,2014,2014-10-14,9645,2014-06-19,0008,17499,NA,4,3,7,3711,0,1,1,NA,2,003,RT 5,6TH AV,352,S,N,A,-,Y,SD,11,5,-,R,16.24,H,-,S,N,1,1,0,2,A,-,11,21954,A,F,G,B,D,A,H,-,C,D,1,Y,NA,NA,NA,Y,NA,N,60,0,0,0,1,0,0,0,0,0,-,-,32.72278,-117.15946,SAN DIEGO,SAN DIEGO,-117.15826151,32.72340446
6606306,2014,2014-10-13,3700,2014-07-20,1829,SH2784,NA,7,5,2,3704,0,0,0,NA,0,291,VIA DE LA VALLE,VALLEY AV,304,W,N,A,-,N,NA,NA,NA,NA,NA,NA,NA,NA,NA,Y,1,1,0,4,A,-,03,22350,NA,N,E,C,A,A,G,-,A,A,0,NA,NA,Y,NA,Y,Y,C,02,0,0,0,0,0,0,0,1,0,-,-,NA,NA,SAN DIEGO,DEL MAR,-117.2578804,32.97954211
6606405,2014,2016-05-21,9650,2014-07-30,0815,16275,NA,3,1,9,3700,0,1,1,NA,2,001,RT 5,BASILONE RD,300,S,N,A,-,Y,SD,11,5,-,R,71.32,H,-,N,Y,4,0,1,2,A,-,07,21658,A,M,E,I,A,A,H,-,A,D,1,NA,NA,NA,NA,Y,NA,A,01,0,0,1,0,0,0,0,0,0,-,-,33.38531,-117.58237,SAN DIEGO,UNINCORPORATED,-117.58218285,33.38526764
6608064,2014,2014-09-09,3711,2014-08-15,0749,3815,NA,5,5,7,3711,0,0,0,NA,0,314,HEALTH CENTER DR,FROST ST,0,NA,Y,A,-,N,NA,NA,NA,NA,NA,NA,NA,NA,NA,Y,4,0,1,2,A,-,09,21801,A,N,D,C,A,A,H,-,A,A,0,NA,NA,NA,NA,Y,NA,A,01,0,0,1,0,0,0,0,0,0,-,-,NA,NA,SAN DIEGO,SAN DIEGO,-117.15532007,32.80029002
6609399,2014,2016-05-20,9645,2014-08-28,0824,018697,NA,4,1,7,3711,0,1,1,NA,2,009,RT 805,ORANGE AV,1150,N,N,A,-,Y,SD,11,805,-,-,4.64,H,-,N,Y,4,0,1,1,A,-,08,22107,NA,N,E,I,A,A,H,-,A,D,1,NA,NA,NA,NA,Y,NA,A,07,0,0,1,0,0,0,0,0,0,-,-,32.61192,-117.03691,SAN DIEGO,SAN DIEGO,-117.03624257,32.60907087