CASE_ID,ACCIDENT_YEAR,PROC_DATE,JURIS,COLLISION_DATE,COLLISION_TIME,OFFICER_ID,REPORTING_DISTRICT,DAY_OF_WEEK,CHP_SHIFT,POPULATION,CNTY_CITY_LOC,SPECIAL_COND,BEAT_TYPE,CHP_BEAT_TYPE,CITY_DIVISION_LAPD,CHP_BEAT_CLASS,BEAT_NUMBER,PRIMARY_RD,SECONDARY_RD,DISTANCE,DIRECTION,INTERSECTION,WEATHER_1,WEATHER_2,STATE_HWY_IND,CALTRANS_COUNTY,CALTRANS_DISTRICT,STATE_ROUTE,ROUTE_SUFFIX,POSTMILE_PREFIX,POSTMILE,LOCATION_TYPE,RAMP_INTERSECTION,SIDE_OF_HWY,TOW_AWAY,COLLISION_SEVERITY,NUMBER_KILLED,NUMBER_INJURED,PARTY_COUNT,PRIMARY_COLL_FACTOR,PCF_CODE_OF_VIOL,PCF_VIOL_CATEGORY,PCF_VIOLATION,PCF_VIOL_SUBSECTION,HIT_AND_RUN,TYPE_OF_COLLISION,MVIW,PED_ACTION,ROAD_SURFACE,ROAD_COND_1,ROAD_COND_2,LIGHTING,CONTROL_DEVICE,CHP_ROAD_TYPE,PEDESTRIAN_ACCIDENT,BICYCLE_ACCIDENT,MOTORCYCLE_ACCIDENT,TRUCK_ACCIDENT,NOT_PRIVATE_PROPERTY,ALCOHOL_INVOLVED,STWD_VEHTYPE_AT_FAULT,CHP_VEHTYPE_AT_FAULT,COUNT_SEVERE_INJ,COUNT_VISIBLE_INJ,COUNT_COMPLAINT_PAIN,COUNT_PED_KILLED,COUNT_PED_INJURED,COUNT_BICYCLIST_KILLED,COUNT_BICYCLIST_INJURED,COUNT_MC_KILLED,COUNT_MC_INJURED,PRIMARY_RAMP,SECONDARY_RAMP,LATITUDE,LONGITUDE,COUNTY,CITY,POINT_X,POINT_Y
6610078,2014,2014-09-16,3711,2014-08-04,1437,HB5550,NA,1,5,7,3711,0,0,0,NA,0,503,NORTH HARBOR DR,HARBOR ISLAND DR,0,NA,Y,A,-,N,NA,NA,NA,NA,NA,NA,NA,NA,NA,Y,4,0,1,2,A,-,12,21453,A,N,D,C,A,A,H,-,A,A,0,NA,NA,NA,NA,Y,NA,A,01,0,0,1,0,0,0,0,0,0,-,-,NA,NA,SAN DIEGO,SAN DIEGO,-117.1951901,32.72929004
6611068,2014,2014-09-22,3702,2014-08-01,1037,CV0974,NA,5,5,6,3702,0,0,0,NA,0,022,ANITA ST,FRESNO AV,21,W,N,B,-,N,NA,NA,NA,NA,NA,NA,NA,NA,NA,Y,3,0,1,2,A,-,08,22107,NA,N,C,E,A,A,H,-,A,D,0,NA,NA,NA,Y,Y,NA,A,07,0,1,0,0,0,0,0,0,0,-,-,NA,NA,SAN DIEGO,CHULA VISTA,-117.06675795,32.59846
6611619,2014,2014-09-19,3711,2014-08-12,1430,6576,MIDCI,2,5,7,3711,0,0,0,NA,0,813,EL CAJON BL,KANSAS ST,150,E,N,A,-,N,NA,NA,NA,NA,NA,NA,NA,NA,NA,N,3,0,1,2,A,-,03,22350,NA,N,C,G,A,A,A,-,A,A,0,NA,Y,NA,NA,Y,NA,L,04,0,1,0,0,0,0,1,0,0,-,-,NA,NA,SAN DIEGO,SAN DIEGO,-117.13093373,32.7554
6611770,2014,2016-01-05,3702,2014-08-08,1400,CV0928,NA,5,5,6,3702,0,0,0,NA,0,021,INDUSTRIAL BL,L ST,200,S,N,A,-,N,NA,NA,NA,NA,NA,NA,NA,NA,NA,Y,4,0,2,2,A,-,09,21801,A,N,D,C,A,A,H,-,A,D,0,NA,NA,NA,NA,Y,NA,A,01,0,0,2,0,0,0,0,0,0,-,-,NA,NA,SAN DIEGO,CHULA VISTA,-117.0899456,32.61494746
6611799,2014,2016-05-20,9650,2014-08-24,1910,018321,NA,7,2,5,3701,0,1,1,NA,2,005,RT 5,PALOMAR AIRPORT RD,929,N,N,A,-,Y,SD,11,5,-,R,47.12,H,-,N,N,4,0,1,2,A,-,03,22350,NA,N,C,C,A,A,H,-,B,D,1,NA,NA,NA,NA,Y,NA,A,01,0,0,1,0,0,0,0,0,0,-,-,33.12409,-117.32283,SAN DIEGO,CARLSBAD,-117.32265002,33.12334149
6611839,2014,2016-05-21,9650,2014-08-18,0735,016103,NA,1,1,6,3706,0,1,3,NA,2,019,RT 78,METCALF ST,18,W,N,A,-,Y,SD,11,78,-,R,16.66,H,-,W,Y,2,0,2,2,A,-,03,22350,NA,N,C,C,A,A,H,-,A,D,1,NA,NA,Y,NA,Y,NA,C,02,1,0,1,0,0,0,0,0,1,-,-,33.12755,-117.10324,SAN DIEGO,ESCONDIDO,-117.1028721,33.12775384
6612090,2014,2015-04-23,3702,2014-06-14,1610,CV0986,NA,6,5,6,3702,0,0,0,NA,0,014,EAST J ST,CARLA AV,207,W,N,A,-,N,NA,NA,NA,NA,NA,NA,NA,NA,NA,Y,2,0,1,1,C,-,18,NA,NA,N,E,I,A,A,H,-,A,A,0,NA,NA,NA,NA,Y,NA,-,-,1,0,0,0,0,0,0,0,0,-,-,NA,NA,SAN DIEGO,CHULA VISTA,-117.06197623,32.63095213
6613395,2014,2014-10-02,3711,2014-09-01,2322,4576,NA,1,5,7,3711,0,0,0,NA,0,827,UNIVERSITY AV,SHILOH RD,181,W,N,B,-,N,NA,NA,NA,NA,NA,NA,NA,NA,NA,Y,3,0,2,3,A,-,08,22107,NA,N,E,E,F,A,H,-,C,D,0,Y,NA,NA,NA,Y,Y,A,01,0,1,1,0,1,0,0,0,0,-,-,NA,NA,SAN DIEGO,SAN DIEGO,-117.08211665,32.74908485
6614686,2014,2014-09-15,3700,2014-07-31,0915,SH0059,NA,4,5,5,3713,0,0,0,NA,0,303,FOOTHILL DR,OAK DR,522,W,N,A,-,N,NA,NA,NA,NA,NA,NA,NA,NA,NA,Y,2,0,3,2,A,-,01,23152,A,N,A,A,A,A,H,-,A,D,0,NA,NA,NA,NA,Y,NA,A,01,1,0,2,0,0,0,0,0,0,-,-,NA,NA,SAN DIEGO,VISTA,-117.22322447,33.21698843
6614740,2014,2014-09-26,3705,2014-07-28,1746,EC5420,NA,1,5,5,3705,0,0,0,NA,0,010,MOLLISON,MADISON,117,S,N,A,-,N,NA,NA,NA,NA,NA,NA,NA,NA,NA,Y,4,0,1,2,A,-,08,22107,NA,N,B,C,A,A,H,-,A,A,0,NA,NA,NA,NA,Y,NA,A,07,0,0,1,0,0,0,0,0,0,-,-,NA,NA,SAN DIEGO,EL CAJON,-116.95097164,32.79982958
6614777,2014,2016-05-24,9650,2014-08-22,1803,016516,NA,5,2,9,3700,0,1,3,NA,1,028,RT 76,RICE CANYON RD,1000,W,N,A,-,Y,SD,11,76,-,-,19.2,H,-,W,Y,4,0,1,2,A,-,05,21460,A,N,B,C,A,A,H,-,A,D,0,NA,NA,Y,NA,Y,NA,C,02,0,0,1,0,0,0,0,0,1,-,-,33.33901,-117.13426,SAN DIEGO,UNINCORPORATED,-117.1335086,33.34003483
6614824,2014,2014-09-15,3700,2014-08-13,0915,SH2439,NA,3,5,5,3713,0,0,0,NA,0,314,PHILLIPS ST,VALLEY VIEW PL,325,S,N,B,-,N,NA,NA,NA,NA,NA,NA,NA,NA,NA,Y,4,0,1,1,A,-,03,22350,NA,N,E,I,A,A,H,-,A,D,0,NA,NA,NA,NA,Y,NA,A,01,0,0,1,0,0,0,0,0,0,-,-,NA,NA,SAN DIEGO,VISTA,-117.23396145,33.18792986
6614833,2014,2016-05-20,9645,2014-08-23,1945,17678,NA,6,2,6,3702,0,1,1,NA,2,009,RT 805,TELEGRAPH CANYON RD,1000,S,N,A,-,Y,SD,11,805,-,-,5.87,H,-,S,Y,3,0,1,1,A,-,01,23152,A,N,E,I,A,A,D,-,C,D,1,NA,NA,NA,NA,Y,Y,A,01,0,1,0,0,0,0,0,0,0,-,-,32.62219,-117.04085,SAN DIEGO,CHULA VISTA,-117.04261238,32.62606133
6616283,2014,2014-09-19,3710,2014-08-15,2308,OC1400,NA,5,5,6,3710,0,0,0,NA,0,008,S COAST,LEONARD,0,NA,Y,A,-,N,NA,NA,NA,NA,NA,NA,NA,NA,NA,Y,4,0,2,2,A,-,03,22350,NA,N,C,C,A,A,H,-,C,A,0,NA,NA,NA,NA,Y,NA,A,01,0,0,2,0,0,0,0,0,0,-,-,NA,NA,SAN DIEGO,OCEANSIDE,-117.37255008,33.18752011
6616311,2014,2016-05-24,3710,2014-08-17,1232,OC1311,NA,7,5,6,3710,0,0,0,NA,0,033,TOWN CENTER,RT 76,0,NA,Y,A,-,Y,SD,11,76,-,R,5.935,I,6,E,N,4,0,1,2,A,-,03,22350,NA,N,C,C,A,A,H,-,A,A,0,NA,NA,NA,NA,Y,NA,A,01,0,0,1,0,0,0,0,0,0,-,-,NA,NA,SAN DIEGO,OCEANSIDE,-117.29397977000001,33.24230607
6616407,2014,2014-10-03,3701,2014-09-04,1850,5453,110,4,5,5,3701,0,0,0,NA,0,008,RANCHO SANTA FE,PASEO LUPINO,24,E,N,A,-,N,NA,NA,NA,NA,NA,NA,NA,NA,NA,N,3,0,1,3,A,-,03,22350,NA,N,C,C,A,A,H,-,A,-,0,NA,NA,NA,NA,Y,NA,A,01,0,1,0,0,0,0,0,0,0,-,-,33.084,-117.23153,SAN DIEGO,CARLSBAD,-117.231443,33.083941
6617402,2014,2016-05-21,9680,2014-08-23,2055,019490,NA,6,2,9,3700,0,1,3,NA,1,024,RT 94,JEFFERSON RD,74,W,N,A,-,Y,SD,11,94,-,-,19.77,H,-,W,N,2,0,1,2,A,-,11,21955,NA,N,G,B,D,A,H,-,C,D,0,Y,NA,NA,NA,Y,Y,N,60,1,0,0,0,1,0,0,0,0,-,-,32.71712,-116.87659,SAN DIEGO,UNINCORPORATED,-116.87672247,32.71713942
6619629,2014,2014-10-27,3711,2014-09-03,1200,5496,NA,3,5,7,3711,0,0,0,NA,0,111,GENESEE AV,MARLESTA DR,1056,S,N,A,-,N,NA,NA,NA,NA,NA,NA,NA,NA,NA,Y,3,0,3,2,A,-,08,22100,B,N,D,C,A,A,H,-,A,D,0,NA,NA,NA,NA,Y,NA,-,-,0,1,2,0,0,0,0,0,0,-,-,NA,NA,SAN DIEGO,SAN DIEGO,-117.1739363,32.8022889
6624209,2014,2014-09-30,9680,2014-09-08,1935,019822,NA,1,2,9,3700,0,3,5,NA,2,002,TROY ST,BANCROFT DR,528,W,N,A,-,N,NA,NA,NA,NA,NA,NA,NA,NA,NA,Y,2,0,1,2,A,-,11,21954,A,N,G,B,D,A,H,-,D,D,0,Y,NA,NA,NA,Y,NA,N,60,1,0,0,0,1,0,0,0,0,-,-,32.73667,-117.00818,SAN DIEGO,UNINCORPORATED,-117.00825808,32.73667419
6625505,2014,2014-10-09,3711,2014-09-05,0742,6469,NA,5,5,7,3711,0,0,0,NA,0,431,EUCLID AV,LISE AV,39,N,N,A,-,N,NA,NA,NA,NA,NA,NA,NA,NA,NA,Y,3,0,5,3,A,-,08,22107,NA,N,A,C,A,A,H,-,A,-,0,NA,NA,NA,NA,Y,NA,-,NA,0,2,3,0,0,0,0,0,0,-,-,NA,NA,SAN DIEGO,SAN DIEGO,-117.0850374,32.7138768
6625513,2014,2014-10-14,3711,2014-09-07,2142,7145,NA,7,5,7,3711,0,0,0,NA,0,517,BROADWAY,21ST ST,5,W,N,B,-,N,NA,NA,NA,NA,NA,NA,NA,NA,NA,N,4,0,1,2,A,-,05,21202,A,N,H,-,D,A,H,-,C,D,0,Y,Y,NA,NA,Y,NA,-,-,0,0,1,0,1,0,0,0,0,-,-,NA,NA,SAN DIEGO,SAN DIEGO,-117.1449462,32.71577983
6625835,2014,2014-09-29,3706,2014-08-22,0953,ES0374,NA,5,5,6,3706,0,0,0,NA,0,052,9TH AV,ESCONDIDO BL,0,NA,Y,A,-,N,NA,NA,NA,NA,NA,NA,NA,NA,NA,Y,3,0,2,2,A,-,09,21801,A,N,D,C,A,A,H,-,A,A,0,NA,NA,NA,NA,Y,NA,A,01,0,1,1,0,0,0,0,0,0,-,-,NA,NA,SAN DIEGO,ESCONDIDO,-117.07910012,33.11311001
6625844,2014,2014-10-16,3706,2014-08-19,1720,ES0378,NA,2,5,6,3706,0,0,0,NA,0,056,CITRUS AV,EAST VALLEY PKWY,0,NA,Y,A,-,N,NA,NA,NA,NA,NA,NA,NA,NA,NA,N,3,0,2,2,A,-,08,22107,NA,N,D,C,A,A,H,-,A,D,0,NA,NA,NA,NA,Y,NA,A,08,0,1,1,0,0,0,0,0,0,-,-,NA,NA,SAN DIEGO,ESCONDIDO,-117.04425007,33.14100005
6627097,2014,2016-05-21,9680,2014-08-17,1254,016139,NA,7,1,9,3700,0,1,3,NA,1,017,RT 67,WILLOW RD,652,N,N,A,-,Y,SD,11,67,-,-,6.79,H,-,S,N,4,0,1,3,A,-,03,22350,NA,N,C,C,A,A,H,-,A,A,0,NA,NA,NA,NA,Y,NA,A,07,0,0,1,0,0,0,0,0,0,-,-,32.87401,-116.92444,SAN DIEGO,UNINCORPORATED,-116.92470365,32.8752005
6629396,2014,2016-05-21,9645,2014-09-12,1840,017524,NA,5,2,7,3711,0,1,1,NA,2,015,RT 805,LA JOLLA VILLAGE DR,200,S,N,A,-,Y,SD,11,805,-,-,25.9,H,-,S,N,4,0,1,2,A,-,03,22350,NA,N,C,C,A,A,H,-,A,D,1,NA,NA,NA,NA,Y,NA,A,01,0,0,1,0,0,0,0,0,0,-,-,32.87042,-117.1959,SAN DIEGO,SAN DIEGO,-117.19921928,32.8747164
6629749,2014,2014-09-29,3711,2014-09-04,1723,7147,NA,4,5,7,3711,0,0,0,NA,0,622,LINDA VISTA RD,NAPA ST,180,W,N,A,-,N,NA,NA,NA,NA,NA,NA,NA,NA,NA,N,3,0,1,2,A,-,11,21954,A,N,G,B,D,A,H,-,A,D,0,Y,NA,NA,NA,Y,NA,N,60,0,1,0,0,1,0,0,0,0,-,-,NA,NA,SAN DIEGO,SAN DIEGO,-117.19737105,32.76493951
6629899,2014,2014-09-30,3711,2014-09-12,1220,7013,SAN D,5,5,7,3711,0,0,0,NA,0,839,UNIVERSITY AV,38TH ST,150,W,N,A,-,N,NA,NA,NA,NA,NA,NA,NA,NA,NA,Y,4,0,1,2,A,-,09,21801,A,F,D,C,A,A,H,-,A,D,0,NA,NA,NA,NA,Y,NA,-,NA,0,0,1,0,0,0,0,0,0,-,-,NA,NA,SAN DIEGO,SAN DIEGO,-117.11237613,32.7497081
6629912,2014,2016-05-24,3711,2014-09-12,0900,4824,NA,5,5,7,3711,0,0,0,NA,0,234,CAMINO DEL NORTE,RT 15,54,E,N,A,-,Y,SD,11,15,-,M,22.125,R,4,S,Y,4,0,1,2,A,-,03,22350,NA,N,C,C,A,A,H,-,A,D,0,NA,NA,NA,NA,Y,NA,-,NA,0,0,1,0,0,0,0,0,0,-,SF,NA,NA,SAN DIEGO,SAN DIEGO,-117.08248677,33.0007495
6630797,2014,2014-10-02,3700,2014-08-29,2252,SH5865,NA,5,5,5,3712,0,0,0,NA,0,357,WEST SAN MARCOS BL,RANCHEROS DR,37,N,N,A,-,N,NA,NA,NA,NA,NA,NA,NA,NA,NA,N,3,0,2,2,A,-,09,21453,C,N,D,C,A,A,H,-,C,A,0,NA,NA,NA,NA,Y,NA,A,01,0,1,1,0,0,0,0,0,0,-,-,NA,NA,SAN DIEGO,SAN MARCOS,-117.16174685,33.14103481
6630963,2014,2014-11-07,9680,2014-09-10,2113,018356,NA,3,2,9,3700,0,3,5,NA,2,002,FURY LN,VIA ESCUDA,0,NA,Y,A,-,N,NA,NA,NA,NA,NA,NA,NA,NA,NA,Y,4,0,1,2,A,-,03,22350,NA,N,D,C,A,A,H,-,C,D,0,NA,NA,Y,NA,Y,NA,C,02,0,0,1,0,0,0,0,0,1,-,-,32.75129,-116.9499,SAN DIEGO,UNINCORPORATED,-116.9498901,32.75130007
6631110,2014,2014-10-02,3700,2014-08-23,0847,SH4791,NA,6,5,5,3782,0,0,0,NA,0,251,EL CAMINIO DEL NORTE,VAL SERENO DR,0,NA,Y,A,-,N,NA,NA,NA,NA,NA,NA,NA,NA,NA,N,3,0,1,2,A,-,09,21801,A,N,A,G,A,A,H,-,A,D,0,NA,Y,NA,NA,Y,NA,A,01,0,1,0,0,0,0,1,0,0,-,-,NA,NA,SAN DIEGO,ENCINITAS,-117.22366011,33.04761003
6631124,2014,2016-05-21,9645,2014-08-31,0027,020265,NA,7,3,6,3702,0,1,1,NA,2,009,RT 805,RT 54,200,S,N,A,-,Y,SD,11,805,-,-,8.79,H,-,S,Y,3,0,1,2,A,-,07,21658,A,N,B,C,A,A,H,-,C,D,1,NA,NA,Y,NA,Y,NA,C,02,0,1,0,0,0,0,0,0,1,-,-,32.655030000000004,-117.07174,SAN DIEGO,CHULA VISTA,-117.07404834,32.65755806
6631156,2014,2014-10-02,3710,2014-08-15,1035,OC1344,NA,5,5,6,3710,0,0,0,NA,0,031,EMERALD,JADE,75,S,N,A,-,N,NA,NA,NA,NA,NA,NA,NA,NA,NA,Y,2,0,2,2,A,-,05,21650,NA,N,A,C,A,A,H,-,A,D,0,NA,NA,NA,NA,Y,NA,A,01,2,0,0,0,0,0,0,0,0,-,-,NA,NA,SAN DIEGO,OCEANSIDE,-117.27356459,33.18045457
6631721,2014,2016-05-24,9650,2014-09-14,1220,015906,NA,7,1,9,3700,0,1,3,NA,1,028,RT 76,PALA MISSION RD,4224,W,N,A,-,Y,SD,11,76,-,-,22.17,H,-,W,Y,3,0,3,2,A,-,05,21460,A,N,A,C,A,A,H,-,A,D,0,NA,NA,NA,NA,Y,NA,A,07,0,1,2,0,0,0,0,0,0,-,-,33.36423,-117.09921,SAN DIEGO,UNINCORPORATED,-117.0993054,33.36428988
6631757,2014,2016-05-17,9650,2014-09-10,0800,13696,NA,3,1,5,3782,0,1,1,NA,2,007,RT 5,MANCHESTER AV,2112,N,N,A,-,Y,SD,11,5,-,R,38.89,H,-,S,Y,4,0,1,2,A,-,03,22350,NA,N,C,C,A,A,H,-,A,D,1,NA,NA,Y,NA,Y,NA,C,02,0,0,1,0,0,0,0,0,1,-,-,33.90086,-117.16176,SAN DIEGO,ENCINITAS,-117.26879534,33.01383818
6632109,2014,2016-01-05,3700,2014-07-06,1156,SH1912,NA,7,5,5,3782,0,0,0,NA,0,221,RT 101,ENTRANCE TO SWAMIS,625,S,N,A,-,N,NA,NA,NA,NA,NA,NA,NA,NA,NA,Y,2,0,1,2,A,-,09,21804,A,N,D,C,A,A,H,-,A,D,0,NA,NA,Y,NA,Y,NA,A,01,1,0,0,0,0,0,0,0,1,-,-,NA,NA,SAN DIEGO,ENCINITAS,NA,NA
6632253,2014,2016-05-20,9650,2014-09-01,1500,017328,NA,1,2,5,3701,0,1,1,NA,2,005,RT 5,POINSETTIA LN,2640,S,N,A,-,Y,SD,11,5,-,R,45.02,H,-,N,Y,4,0,1,4,A,-,03,22350,NA,N,C,C,A,A,H,-,A,A,1,NA,NA,NA,NA,Y,NA,A,01,0,0,1,0,0,0,0,0,0,-,-,33.0942,-117.30448,SAN DIEGO,CARLSBAD,-117.30584663,33.09640972
6632261,2014,2014-10-03,9650,2014-09-08,0050,019191,NA,1,3,9,3700,0,3,5,NA,2,006,OLD HWY 395,STEWART CANYON RD,4752,S,N,A,-,N,NA,NA,NA,NA,NA,NA,NA,NA,NA,Y,3,0,1,1,A,-,08,22107,NA,N,F,A,A,A,H,-,D,D,0,NA,NA,NA,NA,Y,NA,A,07,0,1,0,0,0,0,0,0,0,-,-,33.35209,-117.15971,SAN DIEGO,UNINCORPORATED,-117.15967373,33.3522948
6632562,2014,2014-09-26,3700,2014-07-28,0842,SH1654,NA,1,5,5,3782,0,0,0,NA,0,214,LEUCADIA BL,ORPHEUS AV,6,E,N,A,-,N,NA,NA,NA,NA,NA,NA,NA,NA,NA,N,3,0,1,2,A,-,10,21950,A,N,G,B,B,A,H,-,A,A,0,Y,NA,NA,NA,Y,NA,A,01,0,1,0,0,1,0,0,0,0,-,-,NA,NA,SAN DIEGO,ENCINITAS,-117.29368049,33.06510943
6632840,2014,2016-05-28,9680,2014-09-07,1625,017621,NA,7,2,9,3700,0,1,1,NA,2,082,RT 8,LOS COCHES RD,2640,E,N,A,-,Y,SD,11,8,-,R,22.02,H,-,W,Y,3,0,1,1,A,-,03,22350,NA,N,F,A,A,A,H,-,A,D,1,NA,NA,Y,NA,Y,NA,C,02,0,1,0,0,0,0,0,0,1,-,-,32.83653,-116.8918,SAN DIEGO,UNINCORPORATED,-116.87858639,32.84541516
6633759,2014,2014-10-13,3700,2014-09-10,1619,SH2560,NA,3,5,5,3713,0,0,0,NA,0,305,NORTH MELROSE DR,SPIRES ST,12,N,N,A,-,N,NA,NA,NA,NA,NA,NA,NA,NA,NA,N,3,0,1,2,A,-,05,21650,1,N,H,G,A,A,H,-,A,A,0,NA,Y,NA,NA,Y,NA,L,04,0,1,0,0,0,0,1,0,0,-,-,NA,NA,SAN DIEGO,VISTA,-117.25515776,33.20887222
6636985,2014,2014-10-06,3710,2014-08-31,1428,OC1403,NA,7,5,6,3710,0,0,0,NA,0,009,SOUTH PACIFIC ST,S PACIFIC ST 1639,0,NA,N,A,-,N,NA,NA,NA,NA,NA,NA,NA,NA,NA,N,4,0,1,2,A,-,17,22517,NA,N,B,G,A,A,H,-,A,D,0,NA,Y,NA,NA,Y,NA,A,01,0,0,1,0,0,0,1,0,0,-,-,NA,NA,SAN DIEGO,OCEANSIDE,-117.3669523,33.17505846
6637419,2014,2014-10-15,3706,2014-09-19,1816,ES0393,NA,5,5,6,3706,0,0,0,NA,0,042,MISSION AV,BROADWAY,130,E,N,A,-,N,NA,NA,NA,NA,NA,NA,NA,NA,NA,N,4,0,2,2,A,-,09,21804,A,N,D,C,A,A,H,-,A,A,0,NA,NA,NA,NA,Y,NA,D,22,0,0,2,0,0,0,0,0,0,-,-,NA,NA,SAN DIEGO,ESCONDIDO,-117.08534,33.13036
6638241,2014,2014-10-17,3711,2014-09-19,1636,5958,NA,5,5,7,3711,0,0,0,NA,0,243,KEARNY VILLA RD,CANDIDA ST,0,NA,Y,A,-,N,NA,NA,NA,NA,NA,NA,NA,NA,NA,Y,3,0,2,2,A,-,09,21802,A,N,D,C,A,A,H,-,A,D,0,NA,NA,NA,NA,Y,NA,-,-,0,1,1,0,0,0,0,0,0,-,-,NA,NA,SAN DIEGO,SAN DIEGO,-117.12126004,32.89723001
6638308,2014,2014-10-08,3711,2014-09-21,0915,6445,NA,7,5,7,3711,0,0,0,NA,0,451,54TH ST,WESTOVER PL,0,NA,Y,A,-,N,NA,NA,NA,NA,NA,NA,NA,NA,NA,N,4,0,1,2,A,-,04,21703,NA,N,C,C,A,A,H,-,A,A,0,NA,NA,NA,NA,Y,NA,-,NA,0,0,1,0,0,0,0,0,0,-,-,NA,NA,SAN DIEGO,SAN DIEGO,-117.08401013,32.72483007
6638313,2014,2014-10-08,3711,2014-09-18,1640,5335,NA,4,5,7,3711,0,0,0,NA,0,246,SCRIPPS POWAY PKWY,POMERADO RD,0,NA,Y,A,-,N,NA,NA,NA,NA,NA,NA,NA,NA,NA,N,4,0,1,2,A,-,03,22350,NA,N,C,C,A,A,H,-,A,A,0,NA,NA,NA,NA,Y,NA,-,NA,0,0,1,0,0,0,0,0,0,-,-,NA,NA,SAN DIEGO,SAN DIEGO,-117.06036013,32.93519007
6640664,2014,2014-10-08,3700,2014-08-07,1446,SH2526,NA,4,5,4,3780,0,0,0,NA,0,410,COMMUNITY RD,TWIN PEAKS RD,451,S,N,A,-,N,NA,NA,NA,NA,NA,NA,NA,NA,NA,N,4,0,1,2,A,-,03,22350,NA,N,C,C,A,A,H,-,A,D,0,NA,NA,NA,NA,Y,NA,A,01,0,0,1,0,0,0,0,0,0,-,-,NA,NA,SAN DIEGO,POWAY,-117.04058,32.97358031
6641658,2014,2016-01-05,3705,2014-07-09,1743,EC0301,NA,3,5,5,3705,0,0,0,NA,0,010,BROADWAY,GRAVES,57,W,N,A,-,N,NA,NA,NA,NA,NA,NA,NA,NA,NA,N,3,0,1,2,A,-,11,21950,B,N,G,B,E,A,H,-,A,A,0,Y,NA,NA,NA,Y,NA,N,60,0,1,0,0,1,0,0,0,0,-,-,NA,NA,SAN DIEGO,EL CAJON,-116.96057484,32.80778141
6643961,2014,2016-06-11,9650,2014-11-26,1455,012835,NA,3,2,9,3700,0,1,1,NA,2,003,RT 5,HARBOR DR,3467,N,N,A,-,Y,SD,11,5,-,R,55.07,H,-,S,Y,4,0,1,3,A,-,07,21658,A,N,F,A,A,A,H,-,A,D,1,NA,NA,Y,NA,Y,NA,D,22,0,0,1,0,0,0,0,0,1,-,-,33.2276,-117.39752,SAN DIEGO,UNINCORPORATED,-117.39146315,33.21957586
6644840,2014,2014-10-10,3711,2014-09-19,0743,6414,NA,5,5,7,3711,0,0,0,NA,0,811,WILSON AV,ADAMS AV,70,S,N,B,-,N,NA,NA,NA,NA,NA,NA,NA,NA,NA,N,2,0,1,1,A,-,21,22106,NA,N,H,J,A,A,H,-,A,A,0,NA,NA,NA,NA,Y,NA,-,NA,1,0,0,0,0,0,0,0,0,-,-,NA,NA,SAN DIEGO,SAN DIEGO,-117.11622305,32.76310857
6645595,2014,2016-05-16,9680,2014-09-18,0745,015877,NA,4,1,5,3705,0,1,3,NA,2,028,RT 125,NAVAJO RD,100,S,N,A,-,Y,SD,11,125,-,-,19.72,H,-,N,Y,4,0,1,4,A,-,03,22350,NA,N,C,C,A,A,H,-,A,D,1,NA,NA,NA,NA,Y,NA,A,01,0,0,1,0,0,0,0,0,0,-,-,32.80206,-117.00524,SAN DIEGO,EL CAJON,-117.00536028,32.80217512
6645927,2014,2014-10-08,3711,2014-09-19,1820,6611,NA,5,5,7,3711,0,0,0,NA,0,313,BALBOA AV,MERCURY ST,200,W,N,A,-,N,NA,NA,NA,NA,NA,NA,NA,NA,NA,Y,4,0,2,4,A,-,04,21703,NA,N,C,C,A,A,H,-,A,A,0,NA,NA,NA,NA,Y,NA,-,NA,0,0,2,0,0,0,0,0,0,-,-,NA,NA,SAN DIEGO,SAN DIEGO,-117.14956873,32.82181
6646186,2014,2016-05-21,9645,2014-09-17,1755,17529,NA,3,2,7,3711,0,1,3,NA,2,006,RT 94,RT 15,1500,E,N,A,-,Y,SD,11,94,-,-,3.32,H,-,W,N,4,0,1,2,A,-,07,21658,A,N,B,C,A,A,H,-,A,D,1,NA,NA,NA,NA,Y,NA,A,01,0,0,1,0,0,0,0,0,0,-,-,32.71748,-117.11542,SAN DIEGO,SAN DIEGO,-117.11569179,32.71748712
6646808,2014,2014-10-17,3711,2014-09-29,1930,6329,SANDI,1,5,7,3711,0,0,0,NA,0,834,THOM AV,38TH ST,8,W,N,B,-,N,NA,NA,NA,NA,NA,NA,NA,NA,NA,N,3,0,1,2,A,-,08,22107,NA,N,-,G,A,A,H,-,B,D,0,NA,Y,NA,NA,Y,NA,-,NA,0,1,0,0,0,0,1,0,0,-,-,NA,NA,SAN DIEGO,SAN DIEGO,-117.1119759,32.74032113
6648939,2014,2016-05-24,9645,2014-09-20,0635,019497,NA,6,1,7,3711,0,1,1,NA,2,019,RT 15,DUENDA RD,50,N,N,A,-,Y,SD,11,15,-,M,24.4,H,-,S,Y,4,0,1,2,A,-,08,22107,NA,N,C,C,A,A,H,-,B,D,1,NA,NA,NA,Y,Y,NA,A,07,0,0,1,0,0,0,0,0,0,-,-,33.03322,-117.07803,SAN DIEGO,SAN DIEGO,-117.07809436,33.03322699
6648954,2014,2014-10-16,9680,2014-09-23,1615,017928,NA,2,2,9,3700,0,3,5,NA,2,009,SAN VICENTE RD,VISTA VICENTE DR,0,NA,Y,A,-,N,NA,NA,NA,NA,NA,NA,NA,NA,NA,Y,4,0,1,2,A,-,09,21802,A,N,D,C,A,A,H,-,A,A,0,NA,NA,NA,NA,Y,NA,A,08,0,0,1,0,0,0,0,0,0,-,-,33.00558,-116.81924,SAN DIEGO,UNINCORPORATED,-116.81922006,33.00565001