CASE_ID,ACCIDENT_YEAR,PROC_DATE,JURIS,COLLISION_DATE,COLLISION_TIME,OFFICER_ID,REPORTING_DISTRICT,DAY_OF_WEEK,CHP_SHIFT,POPULATION,CNTY_CITY_LOC,SPECIAL_COND,BEAT_TYPE,CHP_BEAT_TYPE,CITY_DIVISION_LAPD,CHP_BEAT_CLASS,BEAT_NUMBER,PRIMARY_RD,SECONDARY_RD,DISTANCE,DIRECTION,INTERSECTION,WEATHER_1,WEATHER_2,STATE_HWY_IND,CALTRANS_COUNTY,CALTRANS_DISTRICT,STATE_ROUTE,ROUTE_SUFFIX,POSTMILE_PREFIX,POSTMILE,LOCATION_TYPE,RAMP_INTERSECTION,SIDE_OF_HWY,TOW_AWAY,COLLISION_SEVERITY,NUMBER_KILLED,NUMBER_INJURED,PARTY_COUNT,PRIMARY_COLL_FACTOR,PCF_CODE_OF_VIOL,PCF_VIOL_CATEGORY,PCF_VIOLATION,PCF_VIOL_SUBSECTION,HIT_AND_RUN,TYPE_OF_COLLISION,MVIW,PED_ACTION,ROAD_SURFACE,ROAD_COND_1,ROAD_COND_2,LIGHTING,CONTROL_DEVICE,CHP_ROAD_TYPE,PEDESTRIAN_ACCIDENT,BICYCLE_ACCIDENT,MOTORCYCLE_ACCIDENT,TRUCK_ACCIDENT,NOT_PRIVATE_PROPERTY,ALCOHOL_INVOLVED,STWD_VEHTYPE_AT_FAULT,CHP_VEHTYPE_AT_FAULT,COUNT_SEVERE_INJ,COUNT_VISIBLE_INJ,COUNT_COMPLAINT_PAIN,COUNT_PED_KILLED,COUNT_PED_INJURED,COUNT_BICYCLIST_KILLED,COUNT_BICYCLIST_INJURED,COUNT_MC_KILLED,COUNT_MC_INJURED,PRIMARY_RAMP,SECONDARY_RAMP,LATITUDE,LONGITUDE,COUNTY,CITY,POINT_X,POINT_Y
6767091,2014,2015-02-05,3711,2014-12-23,1805,6671,NA,2,5,7,3711,0,0,0,NA,0,124,JENNER ST,COAST BL S,18,E,N,A,-,N,NA,NA,NA,NA,NA,NA,NA,NA,NA,N,4,0,2,3,A,-,10,21950,A,N,G,B,B,A,H,-,D,D,0,Y,NA,NA,NA,Y,Y,-,NA,0,0,2,0,2,0,0,0,0,-,-,NA,NA,SAN DIEGO,SAN DIEGO,-117.27645745,32.84723844
6767111,2014,2015-02-05,3711,2014-12-27,2027,7031,SD,6,5,7,3711,0,0,0,NA,0,124,TORREY PINES RD,TORREY PINES LN,0,NA,Y,A,-,N,NA,NA,NA,NA,NA,NA,NA,NA,NA,Y,4,0,2,3,A,-,03,22350,NA,N,C,C,A,A,H,-,C,A,0,NA,NA,NA,NA,Y,NA,A,07,0,0,2,0,0,0,0,0,0,-,-,NA,NA,SAN DIEGO,SAN DIEGO,-117.25426011,32.85044009
6767290,2014,2015-02-03,9680,2014-12-18,1757,016519,NA,4,2,9,3700,0,1,3,NA,2,016,RT 67,WILLOW RD,1056,N,N,B,-,Y,NA,NA,67,NA,NA,NA,NA,NA,NA,Y,2,0,1,2,A,-,06,21755,NA,N,D,C,A,A,H,-,D,D,0,NA,NA,Y,NA,Y,NA,C,02,1,0,0,0,0,0,0,0,1,-,-,32.87604,-116.92502,SAN DIEGO,UNINCORPORATED,-116.92491062,32.87606614
6767384,2014,2015-02-05,3706,2014-12-04,1518,ES0328,NA,4,5,6,3706,0,0,0,NA,0,051,FELICITA AV,ESCONDIDO BL,410,W,N,A,-,N,NA,NA,NA,NA,NA,NA,NA,NA,NA,N,3,0,1,2,A,-,08,22107,NA,N,D,C,A,A,H,-,A,D,0,NA,NA,NA,NA,Y,NA,A,08,0,1,0,0,0,0,0,0,0,-,-,NA,NA,SAN DIEGO,ESCONDIDO,-117.07424223,33.10408582
6767639,2014,2015-02-05,3711,2014-12-05,0030,7063,NA,5,5,7,3711,0,0,0,NA,0,312,LA CUENTA DR,CLAIREMONT MESA BL,0,NA,Y,A,-,N,NA,NA,NA,NA,NA,NA,NA,NA,NA,Y,3,0,1,1,A,-,-,NA,NA,N,E,I,A,A,H,-,C,A,0,NA,NA,NA,NA,Y,Y,-,NA,0,1,0,0,0,0,0,0,0,-,-,NA,NA,SAN DIEGO,SAN DIEGO,-117.09585007,32.82704001
6770023,2014,2015-02-05,9645,2014-12-31,1358,017499,NA,3,1,7,3711,0,1,1,NA,2,001,RT 5,PALM AV,1200,N,N,A,-,Y,NA,NA,5,NA,NA,NA,NA,NA,NA,N,4,0,1,2,A,-,03,22350,NA,N,C,C,A,A,-,-,C,D,0,NA,NA,NA,NA,Y,NA,A,01,0,0,1,0,0,0,0,0,0,TO,-,32.58658,-117.08803,SAN DIEGO,SAN DIEGO,-117.08771424,32.58660009
6771001,2014,2015-02-10,9645,2014-12-04,0357,016409,NA,4,3,7,3711,0,1,1,NA,2,027,RT 15,FRIARS RD,528,S,N,C,-,Y,NA,NA,15,NA,NA,NA,NA,NA,NA,Y,4,0,1,1,A,-,03,22350,NA,N,E,I,A,B,G,-,C,D,0,NA,NA,NA,NA,Y,NA,A,07,0,0,1,0,0,0,0,0,0,-,-,32.7874,-117.11434,SAN DIEGO,SAN DIEGO,-117.1144596,32.78743105
6774207,2015,2016-10-11,9650,2015-02-08,0102,18875,NA,7,3,9,3700,0,1,1,NA,2,022,RT 15,RAINBOW VALLEY BL,980,N,N,A,-,Y,SD,11,15,-,R,54.25,R,2,N,Y,4,0,1,2,A,-,03,22350,NA,N,D,C,A,A,H,-,D,A,1,NA,NA,NA,NA,Y,NA,A,01,0,0,1,0,0,0,0,0,0,-,-,33.43235,-117.14298,SAN DIEGO,UNINCORPORATED,-117.14328621,33.43244509
6774507,2015,2015-02-27,3711,2015-01-05,1626,7031,SD,1,5,7,3711,0,0,0,NA,0,122,GARNET AV,EVERTS ST,0,NA,Y,A,-,N,NA,NA,NA,NA,NA,NA,NA,NA,NA,N,4,0,1,2,A,-,09,21801,A,N,D,G,A,A,H,-,A,A,0,NA,Y,NA,NA,Y,NA,-,-,0,0,1,0,0,0,1,0,0,-,-,NA,NA,SAN DIEGO,SAN DIEGO,-117.24817011,32.7981401
6777117,2014,2015-01-27,3706,2014-11-17,0756,ES0342,NA,1,5,6,3706,0,0,0,NA,0,051,S JUNIPER ST,1810 JUNIPER ST,56,S,N,A,-,N,NA,NA,NA,NA,NA,NA,NA,NA,NA,Y,3,0,3,4,A,-,10,21950,A,N,G,B,C,A,H,-,A,D,0,Y,NA,NA,NA,Y,NA,A,01,0,1,2,0,3,0,0,0,0,-,-,NA,NA,SAN DIEGO,ESCONDIDO,NA,NA
6777450,2015,2016-11-04,3710,2015-01-10,0845,OC1157,NA,6,5,6,3710,0,0,0,NA,0,033,NORTH SANTA FE AV,RT 76,105,S,N,C,-,Y,SD,11,76,-,R,6.721,I,5,E,N,4,0,1,2,A,-,04,21703,NA,N,C,C,A,B,H,-,A,A,0,NA,NA,NA,NA,Y,NA,A,01,0,0,1,0,0,0,0,0,0,-,-,NA,NA,SAN DIEGO,OCEANSIDE,-117.28152196,33.24592682
6778950,2014,2015-02-12,3702,2014-12-11,1959,CV1112,NA,4,5,6,3702,0,0,0,NA,0,011,E ST,BROADWAY,138,W,N,A,-,N,NA,NA,NA,NA,NA,NA,NA,NA,NA,Y,4,0,2,2,A,-,09,21804,A,N,D,C,A,A,H,-,C,D,0,NA,NA,NA,NA,Y,NA,A,01,0,0,2,0,0,0,0,0,0,-,-,NA,NA,SAN DIEGO,CHULA VISTA,-117.09393454,32.64120225
6780777,2014,2016-05-17,9650,2014-09-28,0250,18931,NA,7,3,5,3782,0,1,1,NA,2,007,RT 5,ENCINITAS BL,1924,N,N,B,-,Y,SD,11,5,-,R,41.9,H,-,N,Y,2,0,1,2,A,-,03,22350,NA,N,D,C,A,A,H,-,D,D,1,NA,NA,NA,NA,Y,NA,A,01,1,0,0,0,0,0,0,0,0,-,-,33.05263,-117.28836,SAN DIEGO,ENCINITAS,-117.2886836,33.05370639
6780986,2014,2016-06-11,9650,2014-12-25,2120,17028,NA,4,2,5,3782,0,1,1,NA,2,007,RT 5,ENCINITAS BL,2640,N,N,A,-,Y,SD,11,5,-,R,42.04,H,-,S,Y,3,0,1,1,A,-,01,23152,A,N,F,A,A,A,H,-,D,D,1,NA,NA,Y,NA,Y,Y,C,02,0,1,0,0,0,0,0,0,1,-,-,33.05423,-117.28964,SAN DIEGO,ENCINITAS,-117.28956905,33.05568166
6781724,2015,2015-02-23,3711,2015-01-17,0230,6070,NA,6,5,7,3711,0,0,0,NA,0,122,OLIVER AV,FANUEL ST,189,W,N,A,-,N,NA,NA,NA,NA,NA,NA,NA,NA,NA,Y,4,0,2,3,A,-,08,22107,NA,N,A,E,A,A,H,-,C,D,0,NA,NA,NA,NA,Y,Y,-,NA,0,0,2,0,0,0,0,0,0,-,-,NA,NA,SAN DIEGO,SAN DIEGO,-117.24546938,32.79367752
6782480,2015,2015-02-23,3706,2015-01-02,1025,ES0322,NA,5,5,6,3706,0,0,0,NA,0,056,CANYON CREST DR,EMERALD OAKS GLEN,36,N,N,A,-,N,NA,NA,NA,NA,NA,NA,NA,NA,NA,Y,3,0,1,1,A,-,01,23152,A,N,E,I,A,A,H,-,C,D,0,NA,NA,NA,NA,Y,Y,D,22,0,1,0,0,0,0,0,0,0,-,-,NA,NA,SAN DIEGO,ESCONDIDO,-117.02800934,33.12647243
6783844,2016,2016-07-14,3700,2016-06-15,1450,SH3226,NA,3,5,5,3713,0,0,0,NA,0,303,FOOTHILL DR,EAST VISTA WAY,150,E,N,A,-,N,NA,NA,NA,NA,NA,NA,NA,NA,NA,Y,4,0,2,2,A,-,09,21802,A,N,D,C,A,A,H,-,A,A,0,NA,NA,NA,NA,Y,NA,A,01,0,0,2,0,0,0,0,0,0,-,-,NA,NA,SAN DIEGO,VISTA,-117.22574246,33.21727047
6785484,2015,2015-02-20,3709,2015-01-04,1140,478,NA,7,5,5,3709,0,0,0,NA,0,021,EAST PLAZA BL,GROVE ST,339,W,N,A,-,N,NA,NA,NA,NA,NA,NA,NA,NA,NA,Y,4,0,1,2,A,-,12,21453,A,N,A,C,A,A,H,-,A,A,0,NA,NA,NA,NA,Y,NA,A,01,0,0,1,0,0,0,0,0,0,-,-,NA,NA,SAN DIEGO,NATIONAL CITY,-117.08402479,32.67750938
6786075,2014,2015-02-18,3711,2014-12-30,0815,6930,NA,2,5,7,3711,0,0,0,NA,0,NA,PACIFIC HWY,WEST BROADWAY,280,N,N,A,-,N,NA,NA,NA,NA,NA,NA,NA,NA,NA,N,3,0,1,2,A,-,08,22107,NA,N,H,G,A,A,H,-,A,D,0,NA,Y,NA,NA,Y,NA,-,-,0,1,0,0,0,0,1,0,0,-,-,NA,NA,SAN DIEGO,SAN DIEGO,-117.17105,32.71655672
6788345,2014,2015-03-27,3702,2014-12-07,0016,CV1065,NA,7,5,6,3702,0,0,0,NA,0,014,BONITA RD,RT 805,0,NA,Y,A,-,Y,NA,NA,NA,NA,NA,NA,NA,NA,NA,Y,4,0,2,2,A,-,12,21453,A,N,D,C,A,A,H,-,C,A,0,NA,NA,NA,NA,Y,Y,A,01,0,0,2,0,0,0,0,0,0,-,-,NA,NA,SAN DIEGO,CHULA VISTA,-117.06162001,32.64813008
6788349,2014,2015-02-09,3702,2014-12-16,2100,CV0787,NA,2,5,6,3702,0,0,0,NA,0,042,EAST PALOMAR ST,LA MEDIA,27,E,N,C,-,N,NA,NA,NA,NA,NA,NA,NA,NA,NA,Y,4,0,1,1,A,-,03,22350,NA,N,A,I,A,B,H,-,C,A,0,NA,NA,NA,NA,Y,NA,A,01,0,0,1,0,0,0,0,0,0,-,-,NA,NA,SAN DIEGO,CHULA VISTA,-116.98812445,32.6322549
6788352,2014,2015-02-09,3702,2014-12-09,1555,CV1010,NA,2,5,6,3702,0,0,0,NA,0,024,TREMONT ST,DEL MONTE AV,270,N,N,A,-,N,NA,NA,NA,NA,NA,NA,NA,NA,NA,N,4,0,1,3,A,-,06,21750,NA,N,B,C,A,A,H,-,A,D,0,NA,NA,Y,NA,Y,NA,C,02,0,0,1,0,0,0,0,0,1,-,-,NA,NA,SAN DIEGO,CHULA VISTA,-117.06238,32.59787
6789080,2015,2015-02-27,3709,2015-01-21,1100,485,SOUTH,3,5,5,3709,0,0,0,NA,0,023,NATIONAL CITY BL,22ND ST,0,NA,Y,A,-,N,NA,NA,NA,NA,NA,NA,NA,NA,NA,Y,4,0,1,2,A,-,04,21703,NA,N,C,C,A,A,H,-,A,D,0,NA,NA,NA,NA,Y,NA,A,01,0,0,1,0,0,0,0,0,0,-,-,NA,NA,SAN DIEGO,NATIONAL CITY,-117.10222004,32.66373004
6790229,2015,2015-02-24,3711,2015-01-13,2115,4523,NA,2,5,7,3711,0,0,0,NA,0,113,MORENA BL,JUTLAND DR,1056,S,N,A,-,N,NA,NA,NA,NA,NA,NA,NA,NA,NA,N,3,0,1,1,A,-,03,22350,NA,N,F,J,A,A,H,-,C,D,0,NA,NA,NA,NA,Y,NA,-,NA,0,1,0,0,0,0,0,0,0,-,-,NA,NA,SAN DIEGO,SAN DIEGO,-117.22626618,32.82164471
6790238,2015,2015-02-24,3711,2015-01-09,1929,7201,SANDI,5,5,7,3711,0,0,0,NA,0,614,VOLTAIRE ST,SUNSET CLIFFS BL,0,NA,Y,A,-,N,NA,NA,NA,NA,NA,NA,NA,NA,NA,N,4,0,1,2,A,-,09,21801,A,N,-,C,A,A,H,-,C,A,0,NA,NA,NA,NA,Y,Y,A,07,0,0,1,0,0,0,0,0,0,-,-,NA,NA,SAN DIEGO,SAN DIEGO,-117.24315011,32.74991005
6790471,2014,2015-02-11,9645,2014-12-31,1905,15580,NA,3,2,7,3711,0,1,1,NA,2,015,RT 805,RT 52,500,N,N,A,-,Y,NA,NA,805,NA,NA,NA,NA,NA,NA,Y,4,0,2,2,A,-,03,22350,NA,N,C,C,A,A,H,-,A,D,0,NA,NA,NA,NA,Y,NA,A,01,0,0,2,0,0,0,0,0,0,-,-,32.84849,-117.17841,SAN DIEGO,SAN DIEGO,-117.17847633,32.84844786
6791335,2015,2016-09-06,9645,2015-01-06,0625,14692,NA,2,1,5,3709,0,1,1,NA,2,001,RT 5,PLAZA BL,675,S,N,A,-,Y,SD,11,5,-,R,10.86,H,-,N,Y,4,0,2,2,A,-,03,22350,NA,N,C,C,A,A,H,-,A,D,1,NA,NA,NA,NA,Y,NA,A,01,0,0,2,0,0,0,0,0,0,-,-,32.66629,-117.11041,SAN DIEGO,NATIONAL CITY,-117.11114265,32.67108733
6792517,2015,2015-02-19,3711,2015-01-18,1123,6532,NA,7,5,7,3711,0,0,0,NA,0,611,PACIFIC HWY,PACIFIC HWY 3500,0,NA,Y,A,-,N,NA,NA,NA,NA,NA,NA,NA,NA,NA,Y,4,0,1,2,A,-,08,22107,NA,N,-,E,A,A,H,-,A,D,0,NA,NA,NA,NA,Y,NA,-,NA,0,0,1,0,0,0,0,0,0,-,-,NA,NA,SAN DIEGO,SAN DIEGO,-117.18110561,32.73864264
6792666,2015,2015-02-24,3711,2015-01-18,1848,3815,NA,7,5,7,3711,0,0,0,NA,0,614,SUNSET CLIFFS BL,LONG BRANCH AV,105,N,N,A,-,N,NA,NA,NA,NA,NA,NA,NA,NA,NA,Y,4,0,1,3,A,-,03,22350,NA,N,C,C,A,A,H,-,C,D,0,NA,NA,Y,NA,Y,Y,A,01,0,0,1,0,0,0,0,0,1,-,-,NA,NA,SAN DIEGO,SAN DIEGO,-117.24402303,32.74890839
6792671,2015,2015-02-24,3711,2015-01-17,1325,6492,NA,6,5,7,3711,0,0,0,NA,0,621,LINDA VISTA RD,ULRIC ST,269,S,N,A,-,N,NA,NA,NA,NA,NA,NA,NA,NA,NA,N,4,0,1,2,A,-,09,21801,A,N,-,C,A,A,H,-,A,D,0,NA,NA,NA,NA,Y,NA,-,NA,0,0,1,0,0,0,0,0,0,-,-,NA,NA,SAN DIEGO,SAN DIEGO,-117.17060664,32.78581339
6793552,2015,2015-02-23,3711,2015-01-22,1108,5561,NA,4,5,7,3711,0,0,0,NA,0,327,COLLEGE AV,LINDO PASEO,150,S,N,A,-,N,NA,NA,NA,NA,NA,NA,NA,NA,NA,Y,4,0,1,2,A,-,03,22350,NA,N,B,C,A,A,-,-,A,D,0,NA,NA,Y,NA,Y,NA,C,02,0,0,1,0,0,0,0,0,1,-,-,NA,NA,SAN DIEGO,SAN DIEGO,-117.06992046,32.77122002
6795095,2015,2015-02-24,3701,2015-01-03,1731,5294,103,6,5,5,3701,0,0,0,NA,0,007,COLUMBINE DR,MALLOW CT,78,S,N,A,-,N,NA,NA,NA,NA,NA,NA,NA,NA,NA,Y,2,0,1,2,A,-,03,22350,NA,N,C,E,A,A,H,-,B,D,0,NA,NA,Y,NA,Y,NA,C,02,1,0,0,0,0,0,0,0,1,-,-,NA,NA,SAN DIEGO,CARLSBAD,-117.26952266,33.09813524
6795106,2014,2015-02-17,3701,2014-12-28,1300,5210,2,7,5,5,3701,0,0,0,NA,0,001,CARLSBAD VILLAGE DR,HARDING ST,318,E,N,A,-,N,NA,NA,NA,NA,NA,NA,NA,NA,NA,N,4,0,1,2,A,-,09,21801,A,N,D,C,A,A,H,-,A,D,0,NA,NA,NA,NA,Y,NA,A,01,0,0,1,0,0,0,0,0,0,-,-,33.16234,-117.34343,SAN DIEGO,CARLSBAD,-117.34380779,33.16247294
6795304,2014,2015-02-13,3708,2014-12-28,0945,LM1248,NA,7,5,5,3708,0,0,0,NA,0,004,FLETCHER PKWY,GROSSMONT CENTER DR,0,NA,Y,A,-,NA,NA,NA,NA,NA,NA,NA,NA,NA,NA,N,4,0,1,2,A,-,-,NA,NA,N,D,C,A,A,H,-,A,A,0,NA,NA,NA,NA,Y,NA,A,01,0,0,1,0,0,0,0,0,0,-,-,NA,NA,SAN DIEGO,LA MESA,-117.01208001,32.78231001
6795360,2014,2015-02-13,3708,2014-12-08,1734,LM1214,NA,1,5,5,3708,0,0,0,NA,0,001,MASSACHUSETTS AV,PEARSON,0,NA,Y,A,-,N,NA,NA,NA,NA,NA,NA,NA,NA,NA,N,2,0,1,2,A,-,06,21755,NA,N,D,C,A,A,H,-,C,D,0,NA,NA,Y,NA,Y,NA,C,02,1,0,0,0,0,0,0,0,1,-,-,NA,NA,SAN DIEGO,LA MESA,-117.04278,32.74847004
6795824,2015,2015-02-23,3711,2015-01-23,0819,7024,NA,5,5,7,3711,0,0,0,NA,0,315,CAMINO DE LA REINA,CENTER RD,200,W,N,A,-,N,NA,NA,NA,NA,NA,NA,NA,NA,NA,Y,4,0,2,2,A,-,12,21453,A,N,A,C,A,A,H,-,A,A,0,NA,NA,NA,NA,Y,NA,A,07,0,0,2,0,0,0,0,0,0,-,-,NA,NA,SAN DIEGO,SAN DIEGO,-117.15447754,32.76805095
6797615,2015,2016-10-12,9645,2015-01-15,0830,14804,NA,4,1,7,3711,0,1,1,NA,2,010,RT 8,PRESIDIO PARK,1056,E,N,A,-,Y,SD,11,8,-,-,1.25,H,-,W,N,4,0,2,2,A,-,03,22350,NA,N,C,C,A,A,H,-,A,D,1,NA,NA,NA,NA,Y,NA,A,01,0,0,2,0,0,0,0,0,0,-,-,32.7602,-117.20002,SAN DIEGO,SAN DIEGO,-117.18405496,32.75958836
6798575,2014,2015-02-02,3705,2014-11-20,1045,EC0113,NA,4,5,5,3705,0,0,0,NA,0,008,CHASE,AVOCADO,0,NA,Y,A,-,N,NA,NA,NA,NA,NA,NA,NA,NA,NA,Y,4,0,1,2,A,-,12,21453,A,N,D,D,A,A,H,-,A,A,0,NA,NA,NA,NA,Y,NA,A,01,0,0,1,0,0,0,0,0,0,-,-,NA,NA,SAN DIEGO,EL CAJON,-116.95782001,32.78039007
6799167,2015,2015-02-25,9650,2015-01-17,1629,016516,NA,6,2,9,3700,0,3,5,NA,1,160,WRIGHTWOOD RD,WEST LILAC RD,2112,S,N,A,-,N,NA,NA,NA,NA,NA,NA,NA,NA,NA,N,3,0,1,1,A,-,08,22107,NA,N,E,I,A,A,H,-,B,D,0,NA,NA,Y,NA,Y,NA,C,02,0,1,0,0,0,0,0,0,1,-,-,33.2897,-117.19312,SAN DIEGO,UNINCORPORATED,-117.1948142,33.28885355
6800584,2015,2016-10-12,9680,2015-01-31,1205,18152,NA,6,1,9,3700,0,1,1,NA,2,082,RT 8,LOS COCHES RD,200,E,N,B,-,Y,SD,11,8,-,R,20.11,H,-,E,Y,4,0,1,1,A,-,17,21711,NA,N,H,A,A,A,H,-,A,D,1,NA,NA,NA,NA,Y,NA,E,22,0,0,1,0,0,0,0,0,0,-,-,32.82683,-116.90269,SAN DIEGO,UNINCORPORATED,-116.90253312,32.82706457
6800990,2015,2015-02-27,9650,2015-01-23,1607,017743,NA,5,2,9,3700,0,3,5,NA,2,006,W ALVARADO ST,SOUTH MISSION RD,0,NA,Y,A,-,N,NA,NA,NA,NA,NA,NA,NA,NA,NA,N,2,0,1,2,A,-,10,21950,A,N,G,B,B,A,H,-,A,A,0,Y,NA,NA,NA,Y,NA,D,22,1,0,0,0,1,0,0,0,0,-,-,33.30192,-117.25364,SAN DIEGO,UNINCORPORATED,-117.2535601,33.38207007
6801882,2015,2015-03-04,9680,2015-01-30,2100,019255,NA,5,2,9,3700,0,3,5,NA,2,001,DUNBAR LN,DUNBAR PL,793,N,N,B,C,N,NA,NA,NA,NA,NA,NA,NA,NA,NA,Y,3,0,1,1,A,-,08,22107,NA,N,E,I,A,B,H,-,C,D,0,NA,NA,NA,NA,Y,NA,D,22,0,1,0,0,0,0,0,0,0,-,-,NA,NA,SAN DIEGO,UNINCORPORATED,-116.82311859000001,32.860554809999996
6805803,2015,2016-10-19,9645,2015-01-11,1550,20541,NA,7,2,7,3711,0,1,1,NA,2,027,RT 15,FRIARS RD,528,N,N,C,-,Y,SD,11,15,-,R,7.12,H,-,N,Y,3,0,1,1,A,-,03,22350,NA,N,E,I,A,B,H,-,A,D,1,NA,NA,NA,NA,Y,NA,D,22,0,1,0,0,0,0,0,0,0,-,-,32.79272,-117.11222,SAN DIEGO,SAN DIEGO,-117.11223658,32.79257113
6805827,2015,2016-09-09,9680,2015-01-26,1830,019490,NA,1,2,9,3700,0,1,3,NA,1,022,RT 54,HILTON HEAD RD,25,S,N,A,-,Y,SD,11,54,-,T,11.99,H,-,E,N,4,0,1,2,D,-,00,NA,NA,N,B,C,A,A,H,-,C,D,0,NA,NA,NA,NA,Y,NA,-,-,0,0,1,0,0,0,0,0,0,-,-,32.74609,-116.9275,SAN DIEGO,UNINCORPORATED,-116.9276963,32.74605443
6806124,2015,2016-09-06,9645,2015-01-17,1025,17270,NA,6,1,7,3711,0,1,1,NA,2,015,RT 805,BALBOA AV,50,S,N,A,-,Y,SD,11,805,-,-,21.73,R,2,N,Y,3,0,1,3,A,-,08,22107,NA,N,E,I,A,A,H,-,A,D,1,NA,NA,NA,NA,Y,NA,A,01,0,1,0,0,0,0,0,0,0,-,-,32.8213,-117.162,SAN DIEGO,SAN DIEGO,-117.16289898,32.82269653
6806131,2015,2016-09-23,9645,2015-01-22,0720,14461,NA,4,1,7,3711,0,1,1,NA,2,007,RT 5,VIA DE LA VALLE,1056,S,N,A,-,Y,SD,11,5,-,R,36.07,H,-,N,Y,4,0,1,4,A,-,03,22350,NA,N,C,C,A,A,H,-,A,D,1,NA,NA,NA,NA,Y,NA,A,01,0,0,1,0,0,0,0,0,0,-,-,32.97484,-117.25094,SAN DIEGO,SAN DIEGO,-117.25189975,32.97713655
6806447,2015,2016-09-23,9645,2015-02-02,0825,016156,NA,1,1,7,3711,0,1,1,NA,2,010,RT 8,PRESIDIO PARK,100,W,N,A,-,Y,SD,11,8,-,R,0.92,H,-,W,Y,4,0,1,2,A,-,03,22350,NA,N,C,C,A,A,H,-,A,D,1,NA,NA,NA,NA,Y,NA,A,01,0,0,1,0,0,0,0,0,0,-,-,32.75984,-117.18825,SAN DIEGO,SAN DIEGO,-117.18873146,32.7599238
6806804,2015,2016-11-04,9650,2015-01-26,2215,018496,NA,1,3,9,3700,0,1,3,NA,1,028,RT 76,COLE GRADE RD,0,NA,Y,B,-,Y,SD,11,76,-,-,29.866,I,5,E,Y,4,0,2,2,A,-,09,21802,A,N,D,C,A,A,H,-,C,A,0,NA,NA,NA,NA,Y,NA,A,01,0,0,2,0,0,0,0,0,0,-,-,33.31887,-116.99289,SAN DIEGO,UNINCORPORATED,-116.99291082,33.31891991
6806829,2015,2016-11-03,9645,2015-01-23,2339,019496,NA,5,3,7,3711,0,1,1,NA,2,010,RT 8,RT 5,500,E,N,A,-,Y,SD,11,8,-,R,0.29,H,-,W,Y,4,0,1,2,A,-,03,22350,NA,N,B,C,A,A,C,-,D,D,0,NA,NA,NA,NA,Y,NA,A,01,0,0,1,0,0,0,0,0,0,-,-,32.7602,-117.19874,SAN DIEGO,SAN DIEGO,-117.19942794,32.76001598
6806834,2015,2016-10-26,9645,2015-01-20,0620,14692,NA,2,1,7,3711,0,1,3,NA,2,006,RT 94,HOWE AV,35,E,N,A,-,Y,SD,11,94,-,-,3.64,H,-,W,Y,4,0,1,1,A,-,08,22107,NA,N,E,I,A,A,H,-,B,D,1,NA,NA,Y,NA,Y,NA,C,02,0,0,1,0,0,0,0,0,1,-,-,32.71826,-117.11048,SAN DIEGO,SAN DIEGO,-117.11032202,32.71825693
6806847,2015,2015-03-03,9650,2015-01-25,1707,015531,NA,7,2,9,3700,0,3,5,NA,2,070,VIA DE LA VALLE,EL CAMINIO REAL,1584,E,N,A,-,N,NA,NA,NA,NA,NA,NA,NA,NA,NA,Y,2,0,1,1,A,-,08,22107,NA,N,E,I,A,A,H,-,A,D,0,NA,NA,NA,NA,Y,NA,A,07,1,0,0,0,0,0,0,0,0,-,-,32.98402,-117.21991,SAN DIEGO,UNINCORPORATED,-117.22539198,32.9833785
6806879,2015,2016-10-18,9650,2015-01-29,0930,013636,NA,4,1,5,3782,0,1,1,NA,2,007,RT 5,MANCHESTER AV,300,N,N,B,-,Y,SD,11,5,-,R,38.62,H,-,S,Y,4,0,3,4,A,-,03,22350,NA,N,C,C,A,A,H,-,A,D,1,NA,NA,NA,NA,Y,NA,A,07,0,0,3,0,0,0,0,0,0,-,-,NA,NA,SAN DIEGO,ENCINITAS,-117.26566152,33.01110264
6810566,2015,2015-03-02,3711,2015-01-30,1515,6000,NA,5,5,7,3711,0,0,0,NA,0,434,MEADOWBROOK DR,GLOAMING AV,98,NA,N,B,-,N,NA,NA,NA,NA,NA,NA,NA,NA,NA,N,2,0,2,3,A,-,03,22350,NA,N,G,B,F,A,H,-,A,D,0,Y,NA,NA,NA,Y,NA,A,07,1,1,0,0,2,0,0,0,0,-,-,NA,NA,SAN DIEGO,SAN DIEGO,-117.03591007,32.70906006
6810617,2015,2015-03-02,3711,2015-01-31,1550,5315,NA,6,5,7,3711,0,0,0,NA,0,122,INGRAHAM ST,LA PLAYA AV,10,S,N,A,-,N,NA,NA,NA,NA,NA,NA,NA,NA,NA,N,3,0,1,2,A,-,09,21801,A,N,D,G,A,A,H,-,A,A,0,NA,Y,NA,NA,Y,NA,-,NA,0,1,0,0,0,0,1,0,0,-,-,NA,NA,SAN DIEGO,SAN DIEGO,-117.23747191,32.78871347
6810968,2014,2015-02-13,3705,2014-12-13,1922,EC0279,NA,6,5,5,3705,0,0,0,NA,0,010,MAIN,SULZFELD WY,12,E,N,B,-,N,NA,NA,NA,NA,NA,NA,NA,NA,NA,N,4,0,1,2,A,-,09,21801,A,N,D,G,A,A,H,-,C,A,0,NA,Y,NA,NA,Y,NA,A,01,0,0,1,0,0,0,1,0,0,-,-,NA,NA,SAN DIEGO,EL CAJON,-116.96010947,32.79495212
6811184,2015,2016-04-07,3711,2015-02-01,2015,7152,SAN D,7,5,7,3711,0,0,0,NA,0,437,ALTA VIEW,ALTA VIEW 3000,30,S,N,A,-,N,NA,NA,NA,NA,NA,NA,NA,NA,NA,Y,4,0,3,2,A,-,09,21804,NA,N,D,C,A,A,H,-,C,D,0,NA,NA,NA,NA,Y,NA,-,NA,0,0,3,0,0,0,0,0,0,-,-,NA,NA,SAN DIEGO,SAN DIEGO,NA,NA