CASE_ID,ACCIDENT_YEAR,PROC_DATE,JURIS,COLLISION_DATE,COLLISION_TIME,OFFICER_ID,REPORTING_DISTRICT,DAY_OF_WEEK,CHP_SHIFT,POPULATION,CNTY_CITY_LOC,SPECIAL_COND,BEAT_TYPE,CHP_BEAT_TYPE,CITY_DIVISION_LAPD,CHP_BEAT_CLASS,BEAT_NUMBER,PRIMARY_RD,SECONDARY_RD,DISTANCE,DIRECTION,INTERSECTION,WEATHER_1,WEATHER_2,STATE_HWY_IND,CALTRANS_COUNTY,CALTRANS_DISTRICT,STATE_ROUTE,ROUTE_SUFFIX,POSTMILE_PREFIX,POSTMILE,LOCATION_TYPE,RAMP_INTERSECTION,SIDE_OF_HWY,TOW_AWAY,COLLISION_SEVERITY,NUMBER_KILLED,NUMBER_INJURED,PARTY_COUNT,PRIMARY_COLL_FACTOR,PCF_CODE_OF_VIOL,PCF_VIOL_CATEGORY,PCF_VIOLATION,PCF_VIOL_SUBSECTION,HIT_AND_RUN,TYPE_OF_COLLISION,MVIW,PED_ACTION,ROAD_SURFACE,ROAD_COND_1,ROAD_COND_2,LIGHTING,CONTROL_DEVICE,CHP_ROAD_TYPE,PEDESTRIAN_ACCIDENT,BICYCLE_ACCIDENT,MOTORCYCLE_ACCIDENT,TRUCK_ACCIDENT,NOT_PRIVATE_PROPERTY,ALCOHOL_INVOLVED,STWD_VEHTYPE_AT_FAULT,CHP_VEHTYPE_AT_FAULT,COUNT_SEVERE_INJ,COUNT_VISIBLE_INJ,COUNT_COMPLAINT_PAIN,COUNT_PED_KILLED,COUNT_PED_INJURED,COUNT_BICYCLIST_KILLED,COUNT_BICYCLIST_INJURED,COUNT_MC_KILLED,COUNT_MC_INJURED,PRIMARY_RAMP,SECONDARY_RAMP,LATITUDE,LONGITUDE,COUNTY,CITY,POINT_X,POINT_Y
6811895,2015,2016-10-04,9645,2015-01-14,0946,17270,NA,3,1,7,3711,0,1,3,NA,2,006,RT 805,FEDERAL BL,20,S,N,A,-,Y,SD,11,805,-,-,13.914,R,2,N,Y,2,0,1,1,A,-,08,22107,NA,N,E,I,A,-,H,-,A,D,1,NA,NA,Y,NA,Y,NA,C,02,1,0,0,0,0,0,0,0,1,FR,-,32.7221,-117.102,SAN DIEGO,SAN DIEGO,-117.10306922,32.72523522
6812025,2015,2016-09-06,9645,2015-01-24,1705,20066,NA,6,2,7,3711,0,1,1,NA,2,015,RT 805,RT 52,37,S,N,A,-,Y,SD,11,52,-,-,3.93,R,2,E,Y,3,0,1,1,A,-,01,23152,A,N,E,I,A,A,H,-,B,D,1,NA,NA,NA,NA,Y,Y,A,01,0,1,0,0,0,0,0,0,0,TO,-,32.84781,-117.17979,SAN DIEGO,SAN DIEGO,-117.17545503,32.84709301
6812228,2015,2015-02-17,3711,2015-01-24,1205,6774,SANDI,6,5,7,3711,0,0,0,NA,0,323,DEL CERRO BL,COLLEGE AV,0,NA,Y,A,-,N,NA,NA,NA,NA,NA,NA,NA,NA,NA,Y,2,0,4,4,A,-,09,21453,C,F,D,C,F,A,H,-,A,A,0,Y,NA,NA,NA,Y,Y,A,01,1,1,2,0,2,0,0,0,0,-,-,NA,NA,SAN DIEGO,SAN DIEGO,-117.06206008,32.78337002
6815833,2015,2016-10-07,9645,2015-02-06,0650,14922,NA,5,1,5,3709,0,1,1,NA,2,001,RT 5,8TH ST,200,S,N,A,-,Y,SD,11,5,-,R,11.09,H,-,N,N,4,0,1,2,A,-,03,22350,NA,N,C,C,A,A,H,-,A,D,1,NA,NA,NA,NA,Y,NA,A,01,0,0,1,0,0,0,0,0,0,-,-,32.67476,-117.10954,SAN DIEGO,NATIONAL CITY,-117.10985489,32.67431768
6817091,2015,2015-03-03,3710,2015-01-28,0200,OC1363,NA,3,5,6,3710,0,0,0,NA,0,015,TONAPAH,ELY,0,NA,Y,A,-,N,NA,NA,NA,NA,NA,NA,NA,NA,NA,N,2,0,1,2,A,-,17,21712,B,N,G,B,E,A,H,-,C,D,0,Y,NA,NA,NA,Y,NA,N,60,1,0,0,0,1,0,0,0,0,-,-,NA,NA,SAN DIEGO,OCEANSIDE,-117.33720009,33.21376003
6817785,2015,2015-03-09,3706,2015-02-01,1237,ES0471,NA,7,5,6,3706,0,0,0,NA,0,041,EL NORTE PKWY,ESCONDIDO BL,0,NA,Y,A,-,N,NA,NA,NA,NA,NA,NA,NA,NA,NA,Y,3,0,1,2,A,-,09,21804,A,N,D,C,A,A,H,-,A,D,0,NA,NA,Y,NA,Y,NA,A,01,0,1,0,0,0,0,0,0,1,-,-,NA,NA,SAN DIEGO,ESCONDIDO,-117.09239002,33.13934006
6817809,2015,2015-03-09,3706,2015-02-06,1918,ES0474,NA,5,5,6,3706,0,0,0,NA,0,045,WASHINGTON AV,QUINCE ST,0,NA,Y,A,-,N,NA,NA,NA,NA,NA,NA,NA,NA,NA,N,3,0,1,2,A,-,10,21950,A,N,G,B,B,A,H,-,C,A,0,Y,NA,NA,NA,Y,NA,A,01,0,1,0,0,1,0,0,0,0,-,-,NA,NA,SAN DIEGO,ESCONDIDO,-117.09196004,33.12444006
6818282,2015,2016-09-27,9680,2015-02-03,0730,014631,NA,2,1,9,3700,0,1,3,NA,2,028,RT 125,ELKELTON BL,210,N,N,A,-,Y,SD,11,125,-,-,9.75,H,-,N,Y,4,0,3,3,A,-,03,22350,NA,N,C,C,A,A,H,-,A,A,1,NA,NA,NA,NA,Y,NA,A,01,0,0,3,0,0,0,0,0,0,-,-,32.70179,-117.01078,SAN DIEGO,UNINCORPORATED,-117.01081213,32.70225629
6818310,2015,2015-03-06,9650,2015-02-05,0608,017012,NA,4,1,9,3700,0,2,4,NA,2,061,EAST MISSION RD,ORANGE AV,108,W,N,A,-,N,NA,NA,NA,NA,NA,NA,NA,NA,NA,Y,4,0,2,3,A,-,03,22350,NA,N,C,C,A,A,H,-,C,D,0,NA,NA,NA,NA,Y,NA,A,01,0,0,2,0,0,0,0,0,0,-,-,33.38464,-117.24964,SAN DIEGO,UNINCORPORATED,-117.24950266,33.38460324
6818565,2015,2016-10-04,3711,2015-02-06,1950,6686,NA,5,5,7,3711,0,0,0,NA,0,811,EL CAJON BL,RT 805,0,NA,Y,A,-,Y,SD,11,805,-,-,16.549,R,4,N,N,3,0,1,2,A,-,12,21453,A,N,D,C,A,A,H,-,C,A,0,NA,NA,NA,NA,Y,NA,-,NA,0,1,0,0,0,0,0,0,0,-,TO,NA,NA,SAN DIEGO,SAN DIEGO,-117.12531209,32.75697477
6819101,2015,2016-10-12,9645,2015-02-03,0855,14692,NA,2,1,7,3711,0,1,1,NA,2,010,RT 8,RT 15,91,E,N,A,-,Y,SD,11,8,-,-,5.607,R,2,E,Y,3,0,3,3,A,-,03,22350,NA,N,C,C,A,A,H,-,A,D,1,NA,NA,NA,NA,Y,NA,A,07,0,1,2,0,0,0,0,0,0,TO,-,32.78831,-117.11134,SAN DIEGO,SAN DIEGO,-117.11270932,32.77850257
6820581,2015,2015-03-10,3711,2015-02-06,1618,5133,NA,5,5,7,3711,0,0,0,NA,0,446,IMPERIAL AV,50TH ST,182,E,N,A,-,N,NA,NA,NA,NA,NA,NA,NA,NA,NA,Y,3,0,2,2,A,-,09,21804,A,N,B,C,A,A,-,-,A,D,0,NA,NA,NA,NA,Y,NA,-,NA,0,1,1,0,0,0,0,0,0,-,-,NA,NA,SAN DIEGO,SAN DIEGO,-117.08617469000001,32.70413418
6821282,2015,2015-03-06,3711,2015-01-31,1214,6485,NA,6,5,7,3711,0,0,0,NA,0,828,EUCLID AV,LANDIS ST,21,S,N,A,-,N,NA,NA,NA,NA,NA,NA,NA,NA,NA,N,4,0,2,2,A,-,04,21703,NA,N,C,C,A,A,H,-,A,D,0,NA,NA,NA,NA,Y,Y,-,NA,0,0,2,0,0,0,0,0,0,-,-,NA,NA,SAN DIEGO,SAN DIEGO,-117.09234,32.74580248
6822057,2015,2016-09-08,9645,2015-01-22,1455,18146,NA,4,2,7,3711,0,1,3,NA,2,014,RT 52,CONVOY ST,2640,W,N,A,-,Y,SD,11,52,-,-,5,H,-,E,Y,3,0,2,2,A,-,01,23152,A,N,C,C,A,A,H,-,A,D,1,NA,NA,NA,NA,Y,Y,A,01,0,1,1,0,0,0,0,0,0,-,-,32.83851,-117.16037,SAN DIEGO,SAN DIEGO,-117.16020527,32.83852119
6822304,2014,2015-02-25,3705,2014-12-03,1716,EC0301,NA,3,5,5,3705,0,0,0,NA,0,010,SANDALWOOD,APPLEWOOD,0,NA,Y,C,-,N,NA,NA,NA,NA,NA,NA,NA,NA,NA,N,3,0,1,2,A,-,09,21804,A,N,D,G,A,B,H,-,C,D,0,NA,Y,NA,NA,Y,NA,L,04,0,1,0,0,0,0,1,0,0,-,-,NA,NA,SAN DIEGO,EL CAJON,-116.95312014,32.80390002
6823534,2015,2015-03-10,3702,2015-02-06,0835,CV1098,NA,5,5,6,3702,0,0,0,NA,0,013,H ST,GARRETT AV,0,NA,Y,A,-,N,NA,NA,NA,NA,NA,NA,NA,NA,NA,N,4,0,1,2,A,-,08,22107,NA,N,B,C,A,A,H,-,A,D,0,NA,NA,NA,NA,Y,NA,A,01,0,0,1,0,0,0,0,0,0,-,-,NA,NA,SAN DIEGO,CHULA VISTA,-117.07923012,32.63384011
6823987,2015,2015-03-04,3700,2015-01-05,1312,SH0146,NA,1,5,5,3713,0,0,0,NA,0,303,EAST VISTA WY,MEADOW LAKE DR,38,N,N,A,-,N,NA,NA,NA,NA,NA,NA,NA,NA,NA,Y,4,0,1,2,A,-,08,22100,A,N,D,C,A,A,H,-,A,D,0,NA,NA,Y,NA,Y,NA,D,22,0,0,1,0,0,0,0,0,1,-,-,NA,NA,SAN DIEGO,VISTA,-117.22926587,33.21217339
6824161,2015,2016-10-12,9680,2015-02-10,1305,016622,NA,2,1,9,3700,0,1,1,NA,2,084,RT 8,W VICTORIA DR,515,E,N,A,-,Y,SD,11,8,-,R,29.29,H,-,W,Y,4,0,2,1,A,-,08,22107,NA,N,E,I,A,A,H,-,A,D,1,NA,NA,NA,NA,Y,NA,A,07,0,0,2,0,0,0,0,0,0,-,-,32.8392,-116.76617,SAN DIEGO,UNINCORPORATED,-116.7656164,32.83902975
6824608,2015,2015-03-10,3711,2015-02-11,1835,4505,NA,3,5,7,3711,0,0,0,NA,0,931,SCRANTON RD,MOREHOUSE DR,5,N,N,A,-,N,NA,NA,NA,NA,NA,NA,NA,NA,NA,N,3,0,1,2,A,-,10,21950,A,N,B,B,B,A,H,-,C,A,0,Y,NA,NA,NA,Y,NA,A,01,0,1,0,0,1,0,0,0,0,-,-,NA,NA,SAN DIEGO,SAN DIEGO,-117.20164,32.8936037
6824612,2015,2015-03-10,3711,2015-02-09,0925,6304,NA,1,5,7,3711,0,0,0,NA,0,112,BALBOA AV,CLAIRMONT DR,3200,E,N,A,-,N,NA,NA,NA,NA,NA,NA,NA,NA,NA,Y,3,0,1,1,A,-,08,22107,NA,N,H,A,A,A,H,-,A,D,0,NA,NA,NA,NA,Y,NA,-,NA,0,1,0,0,0,0,0,0,0,-,-,NA,NA,SAN DIEGO,SAN DIEGO,-117.19230996,32.81570502
6828930,2015,2016-10-04,9645,2015-02-10,1840,017499,NA,2,2,7,3711,0,1,1,NA,2,009,RT 805,CAMINO DE LA PLAZA,600,N,N,A,-,Y,SD,11,805,-,-,0.16,H,-,S,Y,4,0,2,2,A,-,07,21658,A,N,D,C,A,A,H,-,C,D,0,NA,NA,NA,NA,Y,NA,D,22,0,0,2,0,0,0,0,0,0,-,-,32.54608,-117.03578,SAN DIEGO,SAN DIEGO,-117.03580939,32.54612804
6829283,2015,2016-10-11,9650,2015-03-17,0740,15727,NA,2,1,6,3706,0,1,1,NA,2,021,RT 15,EL NORTE PKWY,108,N,N,A,-,Y,SD,11,15,-,R,32.91,H,-,S,Y,4,0,1,2,A,-,03,22350,NA,N,C,C,A,A,H,-,A,D,1,NA,NA,NA,Y,Y,NA,A,01,0,0,1,0,0,0,0,0,0,-,-,NA,NA,SAN DIEGO,ESCONDIDO,-117.10459397,33.14748832
6829996,2015,2015-05-19,3708,2015-03-26,1203,LM1225,NA,4,5,5,3708,0,0,0,NA,0,001,UNIVERSITY AV,ALLISON AV,0,NA,Y,A,-,N,NA,NA,NA,NA,NA,NA,NA,NA,NA,N,2,0,1,2,A,-,09,21453,B,N,H,G,A,A,H,-,A,A,0,NA,Y,NA,NA,Y,NA,-,NA,1,0,0,0,0,0,1,0,0,-,-,NA,NA,SAN DIEGO,LA MESA,-117.02483,32.76626003
6830719,2015,2016-10-07,9645,2015-01-27,0220,018804,NA,2,3,7,3711,0,1,1,NA,2,003,RT 5,PARK BL,145,S,N,A,-,Y,SD,11,5,-,R,15.79,H,-,N,Y,2,0,4,3,A,-,01,23152,A,N,A,C,A,A,H,-,C,D,1,NA,NA,NA,NA,Y,Y,A,07,2,2,0,0,0,0,0,0,0,-,-,32.72381,-117.15053,SAN DIEGO,SAN DIEGO,-117.1507336,32.72392223
6833623,2015,2015-03-13,3711,2015-02-20,0812,HB4132,NA,5,5,7,3711,0,0,0,NA,0,503,NORTH HARBOR DR,LEE CT,26,E,N,A,-,N,NA,NA,NA,NA,NA,NA,NA,NA,NA,Y,4,0,1,2,A,-,07,21658,A,N,C,C,A,-,H,-,A,A,0,NA,NA,NA,NA,Y,NA,A,01,0,0,1,0,0,0,0,0,0,-,-,NA,NA,SAN DIEGO,SAN DIEGO,-117.21155621,32.72884762
6833683,2015,2015-03-13,3711,2015-02-18,1539,6830,NA,3,5,7,3711,0,0,0,NA,0,115,LA JOLLA VILLAGE DR,LA JOLLA VILLAGE DR 4500,75,S,N,A,-,N,NA,NA,NA,NA,NA,NA,NA,NA,NA,N,4,0,1,2,A,-,03,22350,NA,M,C,C,A,A,H,-,A,A,0,NA,NA,NA,NA,Y,NA,-,99,0,0,1,0,0,0,0,0,0,-,-,NA,NA,SAN DIEGO,SAN DIEGO,NA,NA
6833701,2015,2015-03-13,3711,2015-02-18,1519,6855,NA,3,5,7,3711,0,0,0,NA,0,615,NIMITZ BL,LOWELL ST,0,NA,Y,A,-,N,NA,NA,NA,NA,NA,NA,NA,NA,NA,Y,3,0,1,3,A,-,12,21453,A,N,D,C,A,A,H,-,A,A,0,NA,NA,NA,NA,Y,NA,A,01,0,1,0,0,0,0,0,0,0,-,-,NA,NA,SAN DIEGO,SAN DIEGO,-117.22776003,32.72979011
6834644,2015,2016-11-04,9645,2015-01-26,1600,16816,NA,1,2,7,3711,0,1,1,NA,2,010,RT 8,SPORTS ARENA BL,150,E,N,A,-,Y,SD,11,8,-,L,1.462,R,2,E,N,4,0,1,2,A,-,07,21658,A,F,B,C,A,B,H,-,A,D,1,NA,NA,NA,NA,Y,NA,A,01,0,0,1,0,0,0,0,0,0,FR,-,32.75545,-117.22033,SAN DIEGO,SAN DIEGO,-117.21942901,32.75717298
6834882,2015,2015-03-19,3711,2015-02-20,1851,6176,NA,5,5,7,3711,0,0,0,NA,0,434,SKYLINE  DR,GREENLAWN DR,0,NA,Y,A,-,N,NA,NA,NA,NA,NA,NA,NA,NA,NA,N,3,0,1,2,A,-,11,21954,A,N,G,B,D,A,H,-,C,A,0,Y,NA,NA,NA,Y,NA,N,60,0,1,0,0,1,0,0,0,0,-,-,NA,NA,SAN DIEGO,SAN DIEGO,-117.02915009,32.70405006
6834885,2015,2015-03-19,3711,2015-02-19,1015,5842,NA,4,5,7,3711,0,0,0,NA,0,931,CAMINO SANTA FE,CARROLL CANYON RD,0,NA,Y,B,-,N,NA,NA,NA,NA,NA,NA,NA,NA,NA,Y,4,0,2,2,A,-,03,22350,NA,N,C,C,A,A,H,-,A,A,0,NA,NA,NA,NA,Y,NA,-,NA,0,0,2,0,0,0,0,0,0,-,-,NA,NA,SAN DIEGO,SAN DIEGO,-117.16810009,32.89155006
6836005,2015,2015-03-12,9650,2015-02-09,1145,015758,NA,1,1,9,3700,0,3,5,NA,2,006,MARINA AV,AMMUNITION RD,300,N,N,A,-,N,NA,NA,NA,NA,NA,NA,NA,NA,NA,Y,4,0,1,2,A,-,09,21801,A,N,D,C,A,A,H,-,A,D,0,NA,NA,Y,NA,Y,NA,A,08,0,0,1,0,0,0,0,0,1,-,-,33.37198,-117.25129,SAN DIEGO,UNINCORPORATED,-117.251372,33.371971
6836016,2015,2016-11-04,9650,2015-02-14,0345,019308,NA,6,3,9,3700,0,1,3,NA,2,065,RT 76,RT 15,0,NA,Y,A,-,Y,SD,11,76,-,R,17.42,I,5,W,Y,4,0,2,2,A,-,17,21461,A,N,D,C,A,A,H,-,C,D,0,NA,NA,NA,NA,Y,NA,A,01,0,0,2,0,0,0,0,0,0,-,FR,33.33246,-117.15796,SAN DIEGO,UNINCORPORATED,-117.15793496,33.33245564
6836020,2015,2016-10-19,9650,2015-02-20,1450,014615,NA,5,2,5,3701,0,1,1,NA,2,005,RT 5,TAMARACK AV,500,S,N,A,-,Y,SD,11,5,-,R,49.06,H,-,S,Y,4,0,2,6,A,-,03,22350,NA,N,C,C,A,A,H,-,A,D,1,NA,NA,NA,NA,Y,NA,A,01,0,0,2,0,0,0,0,0,0,-,-,NA,NA,SAN DIEGO,CARLSBAD,-117.33492541,33.14926586
6837838,2015,2015-03-17,3710,2015-02-24,1717,OC1304,NA,2,5,6,3710,0,0,0,NA,0,009,COLLEGE BL,OCEANSIDE BL,625,N,N,A,-,N,NA,NA,NA,NA,NA,NA,NA,NA,NA,N,2,0,1,2,A,-,21,22106,NA,N,D,B,E,A,H,-,A,D,0,Y,NA,NA,NA,Y,NA,A,07,1,0,0,0,1,0,0,0,0,-,-,NA,NA,SAN DIEGO,OCEANSIDE,-117.28504,33.20901206
6838905,2015,2015-03-17,9680,2015-02-28,2216,019867,NA,6,3,9,3700,0,2,4,NA,1,013,WILDCAT CANYON RD,WILLOW RD,1056,N,N,B,C,N,NA,NA,NA,NA,NA,NA,NA,NA,NA,Y,4,0,1,1,A,-,03,22350,NA,N,E,I,A,B,H,-,C,D,0,NA,NA,NA,NA,Y,NA,D,22,0,0,1,0,0,0,0,0,0,-,-,32.87757,-116.90809,SAN DIEGO,UNINCORPORATED,-116.90823191,32.87733948
6841667,2015,2016-09-13,9650,2015-03-02,0417,018875,NA,1,3,5,3712,0,1,3,NA,2,019,RT 78,WOODLAND PKWY,425,E,N,B,C,Y,SD,11,78,-,-,14.34,H,-,W,Y,3,0,1,2,A,-,03,22350,NA,N,D,C,A,B,H,-,D,D,1,NA,NA,NA,NA,Y,NA,A,07,0,1,0,0,0,0,0,0,0,-,-,33.13819,-117.13989,SAN DIEGO,SAN MARCOS,-117.13966534,33.13813908
6842919,2015,2016-09-09,9680,2015-02-23,0635,018152,NA,1,1,9,3700,0,1,3,NA,2,016,WINTER GARDENS BL,WOODSIDE AV,227,N,N,B,-,Y,SD,11,67,-,R,4.705,R,4,N,Y,4,0,1,1,A,-,08,22107,NA,N,E,I,A,B,H,-,A,A,1,NA,NA,NA,NA,Y,NA,A,01,0,0,1,0,0,0,0,0,0,-,-,32.85677,-116.93139,SAN DIEGO,UNINCORPORATED,-116.93388024,32.85747523
6843725,2015,2015-03-18,3711,2015-02-26,1055,5589,3711,4,5,7,3711,0,0,0,NA,0,631,LINDA VISTA RD,LINDA VISTA,17,W,N,A,-,N,NA,NA,NA,NA,NA,NA,NA,NA,NA,N,4,0,1,2,D,-,00,NA,NA,N,D,C,A,A,H,-,A,A,0,NA,NA,NA,NA,Y,NA,-,-,0,0,1,0,0,0,0,0,0,-,-,NA,NA,SAN DIEGO,SAN DIEGO,-117.19784,32.76449
6845497,2015,2015-03-23,3710,2015-03-01,1645,OC0828,NA,7,5,6,3710,0,0,0,NA,0,010,SANTA BARBARA,BUENA,0,NA,Y,B,-,N,NA,NA,NA,NA,NA,NA,NA,NA,NA,Y,3,0,2,2,A,-,09,21800,A,N,D,C,A,A,H,-,-,A,0,NA,NA,NA,NA,Y,NA,A,01,0,1,1,0,0,0,0,0,0,-,-,NA,NA,SAN DIEGO,OCEANSIDE,-117.37151009,33.20184004
6845542,2015,2015-03-26,3710,2015-02-25,0110,OC1352,NA,3,5,6,3710,0,0,0,NA,0,012,EL CAMINO REAL,OCEANSIDE DR,14,S,N,A,-,N,NA,NA,NA,NA,NA,NA,NA,NA,NA,Y,4,0,1,1,A,-,01,23152,A,N,E,I,A,A,H,-,C,A,0,NA,NA,NA,NA,Y,Y,D,22,0,0,1,0,0,0,0,0,0,-,-,NA,NA,SAN DIEGO,OCEANSIDE,-117.33239632,33.20178721
6847233,2015,2015-03-27,3710,2015-03-04,1217,OC1279,NA,3,5,6,3710,0,0,0,NA,0,016,MISSION,FIRESIDE,0,NA,Y,A,-,N,NA,NA,NA,NA,NA,NA,NA,NA,NA,Y,4,0,2,2,A,-,09,21453,C,N,A,C,A,A,H,-,A,A,0,NA,NA,NA,NA,Y,NA,A,01,0,0,2,0,0,0,0,0,0,-,-,NA,NA,SAN DIEGO,OCEANSIDE,-117.33547013,33.22240002
6847589,2015,2015-03-23,3710,2015-03-03,0950,OC658,NA,2,5,6,3710,0,0,0,NA,0,027,BARNARD DR,MEADOW LN,21,E,N,A,-,N,NA,NA,NA,NA,NA,NA,NA,NA,NA,Y,4,0,1,3,A,-,04,21703,NA,N,C,C,A,A,H,-,A,A,0,NA,NA,NA,NA,Y,NA,A,01,0,0,1,0,0,0,0,0,0,-,-,NA,NA,SAN DIEGO,OCEANSIDE,-117.29717,33.18661072
6848388,2015,2015-03-25,3711,2015-03-07,0823,6774,NA,6,5,7,3711,0,0,0,NA,0,311,MISSION CENTER RD,FRIARS RD,99,S,N,A,-,N,NA,NA,NA,NA,NA,NA,NA,NA,NA,Y,4,0,2,2,A,-,12,21453,A,N,D,C,A,A,H,-,A,A,0,NA,NA,NA,NA,Y,NA,D,22,0,0,2,0,0,0,0,0,0,-,-,NA,NA,SAN DIEGO,SAN DIEGO,-117.153911,32.77437225
6849158,2015,2015-03-23,3711,2015-03-08,1531,5856,NA,7,5,7,3711,0,0,0,NA,0,312,MINUTEMAN ST,PATRIOT ST,140,N,N,A,-,N,NA,NA,NA,NA,NA,NA,NA,NA,NA,N,4,0,1,2,A,-,11,21954,A,N,G,B,D,A,H,-,A,D,0,Y,NA,NA,NA,Y,NA,N,60,0,0,1,0,1,0,0,0,0,-,-,NA,NA,SAN DIEGO,SAN DIEGO,-117.10889435,32.80083028
6849689,2015,2016-10-26,9645,2015-02-28,0647,18393,NA,6,1,7,3711,0,1,3,NA,2,006,RT 94,HOME AV,20,W,N,B,-,Y,SD,11,94,-,-,3.63,H,-,W,Y,4,0,1,3,A,-,07,21658,A,M,B,C,A,A,H,-,A,D,1,NA,NA,NA,NA,Y,NA,A,01,0,0,1,0,0,0,0,0,0,-,-,32.71835,-117.11081,SAN DIEGO,SAN DIEGO,-117.11049289,32.71825898
6850462,2015,2016-10-12,9645,2015-03-02,0915,14692,NA,1,1,7,3711,0,1,1,NA,2,010,RT 8,FAIRMOUNT AV,65,W,N,A,-,Y,SD,11,8,-,-,6.262,R,4,E,Y,3,0,1,1,A,-,03,22350,NA,N,E,I,A,B,H,-,A,D,1,NA,NA,NA,NA,Y,NA,D,22,0,1,0,0,0,0,0,0,0,FR,-,32.77859,-117.10155,SAN DIEGO,SAN DIEGO,-117.1016316,32.77896051
6850477,2015,2015-03-30,9650,2015-02-23,0835,015758,NA,1,1,9,3700,0,3,5,NA,2,070,SAN DIEGUITO RD,CAMINO DEL SUR,5808,W,N,B,-,N,NA,NA,NA,NA,NA,NA,NA,NA,NA,Y,4,0,2,4,A,-,03,22350,NA,N,C,C,A,A,H,-,A,D,0,NA,NA,NA,NA,Y,NA,A,01,0,0,2,0,0,0,0,0,0,-,-,33.00435,-117.17276,SAN DIEGO,UNINCORPORATED,-117.17120469,33.004376
6850693,2015,2016-04-07,3711,2015-03-08,1510,6781,SANDI,7,5,7,3711,0,0,0,NA,0,826,UNIVERSITY AV,48TH ST,9,E,N,A,-,N,NA,NA,NA,NA,NA,NA,NA,NA,NA,N,4,0,2,2,A,-,03,22350,NA,N,C,C,A,A,H,-,A,A,0,NA,NA,NA,NA,Y,Y,-,NA,0,0,2,0,0,0,0,0,0,-,-,NA,NA,SAN DIEGO,SAN DIEGO,-117.09117083,32.74953027
6851236,2015,2015-04-09,3711,2015-03-04,0600,7226,SAN D,3,5,7,3711,0,0,0,NA,0,512,IMPERIAL AV,25TH AV 90,37,S,N,A,-,N,NA,NA,NA,NA,NA,NA,NA,NA,NA,N,3,0,1,2,A,-,11,21950,B,N,G,B,D,A,H,-,A,A,0,Y,NA,NA,NA,Y,NA,N,60,0,1,0,0,1,0,0,0,0,-,-,NA,NA,SAN DIEGO,SAN DIEGO,NA,NA
6853925,2015,2016-10-11,3711,2015-03-11,2308,4653,NA,3,5,7,3711,0,0,0,NA,0,311,AERO DR,RT 15,0,NA,Y,B,-,Y,SD,11,15,-,R,8.524,R,4,S,N,4,0,1,2,A,-,05,21650,1,N,D,G,A,A,H,-,C,A,0,NA,Y,NA,NA,Y,NA,L,04,0,0,1,0,0,0,1,0,0,-,SF,NA,NA,SAN DIEGO,SAN DIEGO,-117.11472935,32.81262628
6854147,2015,2017-04-04,9650,2015-01-15,0442,16487,NA,4,3,5,3712,0,1,3,NA,2,019,RT 78,NORDAHL RD,2112,W,N,A,-,Y,SD,11,78,-,-,15.12,H,-,W,Y,1,1,0,3,A,-,11,21956,NA,N,G,B,E,A,H,-,C,D,1,Y,NA,NA,Y,Y,Y,N,60,0,0,0,1,0,0,0,0,0,-,-,33.13458,-117.12715,SAN DIEGO,SAN MARCOS,-117.12711294,33.1345647
6854196,2014,2015-04-15,9645,2014-09-28,0345,19257,NA,7,3,7,3711,0,1,3,NA,2,006,RT 94,32ND ST,725,E,N,A,-,Y,SD,11,94,-,-,2.83,H,-,E,N,1,1,0,2,A,-,11,21954,A,F,G,B,E,A,H,-,C,D,1,Y,NA,NA,NA,Y,Y,N,60,0,0,0,1,0,0,0,0,0,-,-,32.7153,-117.12344,SAN DIEGO,SAN DIEGO,-117.12357689,32.71536676
6854542,2015,2015-07-10,3705,2015-04-04,2144,EC0292,NA,6,5,5,3705,0,0,0,NA,0,007,BROADWAY,ORO,450,W,N,A,-,N,NA,NA,NA,NA,NA,NA,NA,NA,NA,Y,1,1,3,1,A,-,01,23152,E,N,E,I,A,A,H,-,C,D,0,NA,NA,NA,NA,Y,NA,A,01,1,2,0,0,0,0,0,0,0,-,-,NA,NA,SAN DIEGO,EL CAJON,-116.94158929,32.80770675
6855770,2015,2016-10-04,9645,2015-03-09,2240,13784,NA,1,3,7,3711,0,1,1,NA,2,015,RT 805,SORRENTO VALLEY RD,1584,N,N,A,-,Y,SD,11,805,-,-,27.47,H,-,S,Y,3,0,1,2,A,-,01,23152,A,N,C,C,A,A,H,-,D,D,1,NA,NA,NA,Y,Y,Y,A,01,0,1,0,0,0,0,0,0,0,-,-,32.89273,-117.21162,SAN DIEGO,SAN DIEGO,-117.21194565,32.89316905
6855773,2015,2016-09-09,9645,2015-03-08,0820,14909,NA,7,1,7,3711,0,1,3,NA,2,025,RT 163,CLAIREMONT MESA BL,10,S,N,A,-,Y,SD,11,163,-,-,8.81,H,-,N,Y,3,0,1,1,C,-,18,NA,NA,N,E,I,A,A,H,-,A,D,1,NA,NA,NA,NA,Y,NA,-,-,0,1,0,0,0,0,0,0,0,-,-,32.8334,-117.1401,SAN DIEGO,SAN DIEGO,-117.14085931,32.83238787
6855839,2015,2015-04-02,3711,2015-03-11,1457,7171,NA,3,5,7,3711,0,0,0,NA,0,615,ROSECRANS ST,HARBOR DR,0,NA,Y,A,-,N,NA,NA,NA,NA,NA,NA,NA,NA,NA,N,4,0,1,2,A,-,10,21950,A,M,G,B,B,A,H,-,A,A,0,Y,NA,NA,NA,Y,NA,-,NA,0,0,1,0,1,0,0,0,0,-,-,NA,NA,SAN DIEGO,SAN DIEGO,-117.22790001,32.72618001
6856741,2015,2016-09-09,9680,2015-03-16,0015,19998,NA,1,3,5,3781,0,1,3,NA,2,015,RT 52,PROSPECT AV,533,N,N,A,-,Y,SD,11,52,-,-,14.772,R,2,E,Y,2,0,1,1,A,-,08,22107,NA,N,E,I,A,A,H,-,D,D,1,NA,NA,Y,NA,Y,NA,C,02,1,0,0,0,0,0,0,0,1,TO,-,32.83477,-117.00387,SAN DIEGO,SANTEE,-117.00666989,32.83657366