CASE_ID,ACCIDENT_YEAR,PROC_DATE,JURIS,COLLISION_DATE,COLLISION_TIME,OFFICER_ID,REPORTING_DISTRICT,DAY_OF_WEEK,CHP_SHIFT,POPULATION,CNTY_CITY_LOC,SPECIAL_COND,BEAT_TYPE,CHP_BEAT_TYPE,CITY_DIVISION_LAPD,CHP_BEAT_CLASS,BEAT_NUMBER,PRIMARY_RD,SECONDARY_RD,DISTANCE,DIRECTION,INTERSECTION,WEATHER_1,WEATHER_2,STATE_HWY_IND,CALTRANS_COUNTY,CALTRANS_DISTRICT,STATE_ROUTE,ROUTE_SUFFIX,POSTMILE_PREFIX,POSTMILE,LOCATION_TYPE,RAMP_INTERSECTION,SIDE_OF_HWY,TOW_AWAY,COLLISION_SEVERITY,NUMBER_KILLED,NUMBER_INJURED,PARTY_COUNT,PRIMARY_COLL_FACTOR,PCF_CODE_OF_VIOL,PCF_VIOL_CATEGORY,PCF_VIOLATION,PCF_VIOL_SUBSECTION,HIT_AND_RUN,TYPE_OF_COLLISION,MVIW,PED_ACTION,ROAD_SURFACE,ROAD_COND_1,ROAD_COND_2,LIGHTING,CONTROL_DEVICE,CHP_ROAD_TYPE,PEDESTRIAN_ACCIDENT,BICYCLE_ACCIDENT,MOTORCYCLE_ACCIDENT,TRUCK_ACCIDENT,NOT_PRIVATE_PROPERTY,ALCOHOL_INVOLVED,STWD_VEHTYPE_AT_FAULT,CHP_VEHTYPE_AT_FAULT,COUNT_SEVERE_INJ,COUNT_VISIBLE_INJ,COUNT_COMPLAINT_PAIN,COUNT_PED_KILLED,COUNT_PED_INJURED,COUNT_BICYCLIST_KILLED,COUNT_BICYCLIST_INJURED,COUNT_MC_KILLED,COUNT_MC_INJURED,PRIMARY_RAMP,SECONDARY_RAMP,LATITUDE,LONGITUDE,COUNTY,CITY,POINT_X,POINT_Y
6938655,2015,2016-12-01,9645,2015-05-14,2020,018801,NA,4,2,7,3711,0,1,1,NA,2,010,RT 8,COLLEGE AV,1056,E,N,B,C,Y,SD,11,8,-,-,8.71,H,-,E,Y,4,0,2,1,A,-,03,22350,NA,N,E,I,A,B,H,-,A,D,1,NA,NA,NA,NA,Y,NA,A,01,0,0,2,0,0,0,0,0,0,-,-,32.77786,-117.05824,SAN DIEGO,SAN DIEGO,-117.06022763,32.77831963
6938699,2015,2015-06-04,9680,2015-05-18,1210,15008,NA,1,1,9,3700,0,3,5,NA,2,009,SOUTHERN OAK RD,DYE RD,528,S,N,A,-,N,NA,NA,NA,NA,NA,NA,NA,NA,NA,Y,3,0,1,1,A,-,08,22107,NA,N,E,I,A,A,H,-,A,D,0,NA,NA,NA,NA,Y,NA,A,01,0,1,0,0,0,0,0,0,0,-,-,33.00692,-116.89426,SAN DIEGO,UNINCORPORATED,-116.89422085,33.00701887
6938701,2015,2015-06-04,9680,2015-05-15,2235,19822,NA,5,3,9,3700,0,3,5,NA,2,003,LA CRESTA BL,NORTH LN,35,N,N,B,C,N,NA,NA,NA,NA,NA,NA,NA,NA,NA,Y,3,0,1,2,A,-,01,23152,A,N,C,C,A,B,H,-,C,D,0,NA,NA,NA,NA,Y,Y,A,01,0,1,0,0,0,0,0,0,0,-,-,32.80745,-116.86353,SAN DIEGO,UNINCORPORATED,-116.86356963,32.807315440000004
6938893,2015,2016-11-17,9645,2015-05-14,2120,18529,NA,4,2,6,3702,0,1,1,NA,2,001,RT 5,L ST,100,N,N,B,C,Y,SD,11,5,-,-,6.83,H,-,N,Y,4,0,1,1,A,-,08,22107,NA,N,E,J,A,B,H,-,C,D,1,NA,NA,NA,NA,Y,NA,A,01,0,0,1,0,0,0,0,0,0,-,-,32.6167,-117.0914,SAN DIEGO,CHULA VISTA,-117.09117834,32.61552895
6944456,2015,2016-12-13,9650,2015-05-24,1951,15446,NA,7,2,6,3706,0,1,1,NA,2,023,RT 15,MISSION AV,1320,S,N,A,-,Y,SD,11,15,-,R,31.12,H,-,N,N,4,0,1,2,A,-,03,22350,NA,N,C,C,A,A,H,-,A,D,1,NA,NA,NA,NA,Y,NA,A,07,0,0,1,0,0,0,0,0,0,-,-,33.12547,-117.10451,SAN DIEGO,ESCONDIDO,-117.10264182,33.12194462
6946789,2015,2015-06-29,3711,2015-05-24,1843,4653,NA,7,5,7,3711,0,0,0,NA,0,243,MOUNTAIN RD,KEARNY VILLA RD,0,NA,Y,B,-,N,NA,NA,NA,NA,NA,NA,NA,NA,NA,Y,4,0,1,2,A,-,00,21452,A,N,D,C,A,A,H,-,A,A,0,NA,NA,NA,NA,Y,NA,A,07,0,0,1,0,0,0,0,0,0,-,-,NA,NA,SAN DIEGO,SAN DIEGO,NA,NA
6947007,2015,2016-12-01,9645,2015-05-20,1750,018146,NA,3,2,7,3711,0,1,1,NA,2,010,WEST MISSION BAY DR,RT 8,290,S,N,A,-,Y,SD,11,8,-,L,1.234,R,2,E,Y,2,0,2,1,A,-,01,23152,A,N,F,A,A,A,H,-,A,D,1,NA,NA,NA,NA,Y,Y,D,22,1,1,0,0,0,0,0,0,0,-,-,32.75595,-117.22345,SAN DIEGO,SAN DIEGO,-117.22324124,32.75690038
6947442,2015,2015-06-27,3711,2015-05-25,1806,5459,NA,1,5,7,3711,0,0,0,NA,0,451,54TH ST,STREAMVIEW,37,W,N,B,-,N,NA,NA,NA,NA,NA,NA,NA,NA,NA,Y,4,0,1,3,A,-,00,21450,A,N,D,C,A,A,H,-,A,A,0,NA,NA,NA,NA,Y,NA,-,NA,0,0,1,0,0,0,0,0,0,-,-,NA,NA,SAN DIEGO,SAN DIEGO,-117.07953,32.74324
6947466,2015,2015-06-26,3711,2015-05-29,1338,5985,NA,5,5,7,3711,0,0,0,NA,0,6911,SPORTS ARENA BL,HANCOCK ST,0,NA,Y,A,-,N,NA,NA,NA,NA,NA,NA,NA,NA,NA,Y,3,0,2,2,C,-,18,NA,NA,N,E,I,A,A,H,-,A,A,0,NA,NA,NA,NA,Y,NA,-,-,0,2,0,0,0,0,0,0,0,-,-,NA,NA,SAN DIEGO,SAN DIEGO,-117.21714009,32.75467006
6947502,2015,2015-06-26,3711,2015-05-30,1741,7122,NA,6,5,7,3711,0,0,0,NA,0,611,PACIFIC HWY,TRIPOLI AV,55,N,N,B,-,N,NA,NA,NA,NA,NA,NA,NA,NA,NA,Y,3,0,1,1,A,-,08,22107,NA,N,E,I,A,A,H,-,A,D,0,NA,NA,NA,NA,Y,NA,-,NA,0,1,0,0,0,0,0,0,0,-,-,NA,NA,SAN DIEGO,SAN DIEGO,-117.193015,32.744332
6948762,2015,2015-06-29,3711,2015-05-30,2250,7120,NA,6,5,7,3711,0,0,0,NA,0,627,PARK BL,PARK BL  3900,6,W,N,A,-,N,NA,NA,NA,NA,NA,NA,NA,NA,NA,N,3,0,1,2,A,-,11,21456,B,N,G,B,B,A,H,-,C,A,0,Y,NA,NA,NA,Y,NA,N,60,0,1,0,0,1,0,0,0,0,-,-,NA,NA,SAN DIEGO,SAN DIEGO,NA,NA
6949705,2015,2016-12-19,3710,2015-05-31,2043,OC1398,NA,7,5,6,3710,0,0,0,NA,0,032,RT 76,OLD GROVE RD,0,NA,Y,A,-,Y,SD,11,76,-,R,4.899,I,5,E,Y,4,0,3,2,A,-,12,21453,A,N,D,C,A,A,D,-,C,A,0,NA,NA,NA,NA,Y,NA,A,01,0,0,3,0,0,0,0,0,0,-,-,NA,NA,SAN DIEGO,OCEANSIDE,-117.30797096,33.23277881
6949862,2015,2015-07-07,3711,2015-06-01,1550,7162,SANDI,1,5,7,3711,0,0,0,NA,0,443,DIVISION ST,OSBORN,150,W,N,A,-,N,NA,NA,NA,NA,NA,NA,NA,NA,NA,N,4,0,1,3,A,-,-,NA,NA,N,C,D,A,A,H,-,A,D,0,NA,NA,NA,NA,Y,NA,-,NA,0,0,1,0,0,0,0,0,0,-,-,NA,NA,SAN DIEGO,SAN DIEGO,-117.11008703,32.68259057
6950256,2015,2015-07-10,3711,2015-06-03,0827,6789,SANDI,3,5,7,3711,0,0,0,NA,0,611,HARBOR DR,LANNING RD,6,S,N,B,-,N,NA,NA,NA,NA,NA,NA,NA,NA,NA,N,4,0,1,2,A,-,05,21651,B,N,D,G,A,A,H,-,A,A,0,NA,Y,NA,NA,Y,NA,L,04,0,0,1,0,0,0,1,0,0,-,-,NA,NA,SAN DIEGO,SAN DIEGO,-117.21827641,32.72726118
6952772,2015,2016-12-20,9680,2015-05-22,1035,15008,NA,5,1,9,3700,0,1,3,NA,1,090,RT 67,LETTON ST,118,N,N,B,C,Y,SD,11,67,-,-,23.3,H,-,N,Y,4,0,3,2,A,-,03,22350,NA,N,C,C,A,B,H,-,A,A,0,NA,NA,NA,NA,Y,NA,A,01,0,0,3,0,0,0,0,0,0,-,-,33.03258,-116.8838,SAN DIEGO,UNINCORPORATED,-116.96227091,32.80333109
6955709,2015,2016-11-19,9645,2015-05-26,1404,018095,NA,2,2,7,3711,0,1,3,NA,2,006,RT 94,KELTON RD,262,W,N,A,-,Y,SD,11,94,-,-,5.71,H,-,W,N,3,0,1,1,A,-,03,22350,NA,N,E,J,A,A,C,H,A,D,1,NA,NA,Y,NA,Y,NA,C,02,0,1,0,0,0,0,0,0,1,-,-,32.72244,-117.07822,SAN DIEGO,SAN DIEGO,-117.07732738,32.72297396
6955794,2015,2016-11-21,9650,2015-06-06,1330,018496,NA,6,1,5,3701,0,1,1,NA,2,005,RT 5,LA COSTA AV,900,N,N,A,-,Y,SD,11,5,-,R,44.28,H,-,S,Y,4,0,1,3,A,-,03,22350,NA,N,C,C,A,A,H,-,A,D,1,NA,NA,NA,NA,Y,NA,A,07,0,0,1,0,0,0,0,0,0,-,-,33.08648,-117.29956,SAN DIEGO,CARLSBAD,-117.29996042,33.08686527
6955810,2015,2017-01-06,9645,2015-06-09,0255,017671,NA,2,3,7,3711,0,1,1,NA,2,021,RT 15,RT 94,300,S,N,B,-,Y,SD,11,15,-,-,2.07,H,-,N,Y,4,0,1,1,A,-,08,22107,NA,N,E,I,A,A,H,-,E,D,1,NA,NA,NA,NA,Y,NA,A,01,0,0,1,0,0,0,0,0,0,-,-,32.71521,-117.11757,SAN DIEGO,SAN DIEGO,-117.11773506,32.71453014
6957104,2015,2015-06-25,9650,2015-05-23,0230,018675,NA,6,3,9,3700,0,3,5,NA,2,006,ALTURAS RD,AMMUNITION RD,1056,N,N,B,-,N,NA,NA,NA,NA,NA,NA,NA,NA,NA,Y,3,0,1,2,A,-,01,23152,A,N,A,E,A,B,H,-,C,D,0,NA,NA,NA,NA,Y,Y,A,01,0,1,0,0,0,0,0,0,0,-,-,33.37412,-117.25819,SAN DIEGO,UNINCORPORATED,-117.25797965,33.37399243
6961433,2015,2016-12-20,3702,2015-04-24,1825,CV1140,NA,5,5,6,3702,0,0,0,NA,0,014,TELEGRAPH CANYON RD,RT 805,18,W,N,A,-,Y,SD,11,805,-,-,6.243,R,4,S,N,3,0,1,2,A,-,09,21453,B,M,B,C,A,A,H,-,A,A,0,NA,NA,Y,NA,Y,NA,-,99,0,1,0,0,0,0,0,0,1,-,SF,NA,NA,SAN DIEGO,CHULA VISTA,-117.04495368,32.63112724
6961771,2015,2016-11-21,9650,2015-06-14,1415,018321,NA,7,2,6,3710,0,1,1,NA,2,005,RT 5,OCEANSIDE BL,162,S,N,A,-,Y,SD,11,5,-,R,52.24,H,-,S,Y,4,0,2,3,A,-,03,22350,NA,N,C,C,A,A,H,-,A,D,1,NA,NA,NA,NA,Y,NA,A,01,0,0,2,0,0,0,0,0,0,-,-,33.18955,-117.36191,SAN DIEGO,OCEANSIDE,-117.36166107,33.1893231
6962488,2015,2015-07-13,3706,2015-06-09,1620,ES0406,NA,2,5,6,3706,0,0,0,NA,0,052,2ND AV,ORANGE ST,55,W,N,B,-,N,NA,NA,NA,NA,NA,NA,NA,NA,NA,N,4,0,1,3,A,-,03,22350,NA,N,C,C,A,A,H,-,A,A,0,NA,NA,NA,NA,Y,NA,A,01,0,0,1,0,0,0,0,0,0,-,-,NA,NA,SAN DIEGO,ESCONDIDO,-117.08507505,33.11862469
6962510,2015,2015-07-01,3706,2015-06-04,0959,ES0223,NA,4,5,6,3706,0,0,0,NA,0,055,9TH AV,PINE ST,0,NA,Y,A,-,N,NA,NA,NA,NA,NA,NA,NA,NA,NA,N,4,0,1,3,A,-,09,21802,A,N,D,C,A,A,H,-,A,D,0,NA,NA,NA,NA,Y,NA,A,01,0,0,1,0,0,0,0,0,0,-,-,NA,NA,SAN DIEGO,ESCONDIDO,-117.08200013,33.11166004
6965377,2015,2015-07-13,3705,2015-06-05,1800,EC0295,NA,5,5,5,3705,0,0,0,NA,0,007,N 1ST,E MADISON,0,NA,Y,A,-,N,NA,NA,NA,NA,NA,NA,NA,NA,NA,Y,4,0,1,2,A,-,12,21453,A,N,D,C,A,A,H,-,A,A,0,NA,NA,NA,NA,Y,NA,A,01,0,0,1,0,0,0,0,0,0,-,-,NA,NA,SAN DIEGO,EL CAJON,-116.94461005,32.80014003
6965824,2015,2015-07-11,3711,2015-06-12,2209,7298,NA,5,5,7,3711,0,0,0,NA,0,524,A ST,10TH AV,20,N,N,A,-,N,NA,NA,NA,NA,NA,NA,NA,NA,NA,Y,4,0,1,2,A,-,12,21453,A,N,D,C,A,A,H,-,C,A,0,NA,NA,NA,NA,Y,NA,A,01,0,0,1,0,0,0,0,0,0,-,-,NA,NA,SAN DIEGO,SAN DIEGO,-117.15555647,32.71887085
6965831,2015,2015-07-13,3711,2015-06-11,1704,6780,NA,4,5,7,3711,0,0,0,NA,0,821,EL CAJON BL,CHOCTAW DR,0,NA,Y,A,-,N,NA,NA,NA,NA,NA,NA,NA,NA,NA,Y,3,0,1,2,A,-,09,21804,A,N,B,C,A,A,H,-,A,D,0,NA,NA,NA,NA,Y,NA,-,NA,0,1,0,0,0,0,0,0,0,-,-,NA,NA,SAN DIEGO,SAN DIEGO,-117.06160007,32.76438003
6965902,2015,2015-07-15,3711,2015-06-10,1050,7202,SANDI,3,5,7,3711,0,0,0,NA,0,512,29TH ST,WEBSTER AV,0,NA,Y,A,-,N,NA,NA,NA,NA,NA,NA,NA,NA,NA,N,3,0,2,2,A,-,12,22450,A,N,D,C,A,A,H,-,A,A,0,NA,NA,NA,NA,Y,NA,-,NA,0,1,1,0,0,0,0,0,0,-,-,NA,NA,SAN DIEGO,SAN DIEGO,-117.13173,32.70429007
6966228,2015,2015-07-02,3706,2015-06-08,1525,ES0488,NA,1,5,6,3706,0,0,0,NA,0,044,MIDWAY DR,MISSION AV,161,S,N,A,-,N,NA,NA,NA,NA,NA,NA,NA,NA,NA,Y,4,0,4,2,A,-,09,21804,A,N,D,C,A,A,H,-,A,D,0,NA,NA,NA,NA,Y,NA,A,01,0,0,4,0,0,0,0,0,0,-,-,NA,NA,SAN DIEGO,ESCONDIDO,-117.05605219,33.14407307
6966488,2015,2015-06-30,3702,2015-05-24,2005,CV1088,NA,7,5,6,3702,0,0,0,NA,0,022,ORANGE,3RD AV,645,E,N,A,-,N,NA,NA,NA,NA,NA,NA,NA,NA,NA,Y,3,0,1,1,A,-,01,23152,A,M,A,J,A,A,H,-,C,D,0,NA,NA,NA,NA,Y,Y,A,01,0,1,0,0,0,0,0,0,0,-,-,NA,NA,SAN DIEGO,CHULA VISTA,-117.06242907,32.60160082
6967301,2015,2016-12-13,9650,2015-06-10,1734,15446,NA,3,2,6,3706,0,1,1,NA,2,023,RT 15,EL NORTE PKWY,2640,S,N,A,-,Y,SD,11,15,-,R,32.36,H,-,N,Y,4,0,1,2,A,-,03,22350,NA,N,C,C,A,A,H,-,A,D,1,NA,NA,NA,NA,Y,Y,A,01,0,0,1,0,0,0,0,0,0,-,-,33.13683,-117.10475,SAN DIEGO,ESCONDIDO,-117.10475142,33.13942549
6967354,2015,2015-06-30,3702,2015-06-03,1228,CV1125,NA,3,5,6,3702,0,0,0,NA,0,013,3RD AV,I ST,0,NA,Y,A,-,N,NA,NA,NA,NA,NA,NA,NA,NA,NA,Y,4,0,1,2,A,-,12,21453,A,N,D,C,A,A,H,-,A,A,0,NA,NA,NA,NA,Y,NA,A,01,0,0,1,0,0,0,0,0,0,-,-,NA,NA,SAN DIEGO,CHULA VISTA,-117.07584005,32.63093007
6967483,2015,2015-07-02,3711,2015-06-08,1555,6966,NA,1,5,7,3711,0,0,0,NA,0,713,HERITAGE RD,SIKORSKY ST,30,S,N,A,-,N,NA,NA,NA,NA,NA,NA,NA,NA,NA,Y,3,0,1,2,A,-,04,21703,NA,N,C,C,A,A,H,-,A,D,0,NA,NA,NA,NA,Y,NA,-,NA,0,1,0,0,0,0,0,0,0,-,-,NA,NA,SAN DIEGO,SAN DIEGO,-116.99683171,32.57008785
6968817,2015,2016-12-28,9645,2015-06-15,1125,016156,NA,1,1,7,3711,0,1,1,NA,2,015,RT 805,MIRAMAR RD,110,S,N,B,-,Y,SD,11,805,-,-,25.757,R,2,S,Y,3,0,1,1,A,-,08,22107,NA,N,F,A,A,A,H,-,A,D,1,NA,NA,Y,NA,Y,NA,C,02,0,1,0,0,0,0,0,0,1,-,-,32.87559,-117.19997,SAN DIEGO,SAN DIEGO,-117.19802085,32.87286454
6968956,2015,2016-11-10,9645,2015-06-11,1346,018697,NA,4,1,7,3711,0,1,1,NA,2,007,RT 5,VIA DE LA VALLE,332,S,N,B,-,Y,SD,11,5,-,R,36.21,H,-,S,Y,3,0,1,2,A,-,03,22350,NA,N,C,C,A,A,H,-,A,D,1,NA,NA,NA,Y,Y,NA,G,27,0,1,0,0,0,0,0,0,0,-,-,32.97869,-117.2529,SAN DIEGO,SAN DIEGO,-117.2529184,32.9790137
6970615,2015,2017-01-09,9680,2015-07-02,1410,18583,NA,4,2,5,3705,0,1,1,NA,2,082,RT 8,2ND ST,2112,W,N,A,-,Y,SD,11,8,-,-,16.95,H,-,E,Y,4,0,1,2,A,-,03,22350,NA,N,C,C,A,A,H,-,A,D,1,NA,NA,NA,NA,Y,NA,A,01,0,0,1,0,0,0,0,0,0,-,-,32.80298,-116.94206,SAN DIEGO,EL CAJON,-116.94274366,32.80294977
6975230,2015,2015-07-24,3711,2015-06-18,1045,5972,NA,4,5,7,3711,0,0,0,NA,0,521,F ST,15TH ST,51,W,N,A,-,N,NA,NA,NA,NA,NA,NA,NA,NA,NA,N,4,0,1,2,A,-,08,22107,NA,N,B,C,A,A,H,-,A,D,0,NA,NA,NA,Y,Y,NA,F,25,0,0,1,0,0,0,0,0,0,-,-,NA,NA,SAN DIEGO,SAN DIEGO,-117.15054525,32.71366893
6975617,2015,2015-07-06,3711,2015-06-22,0850,6988,3711,1,5,7,3711,0,0,0,NA,0,627,WASHINGTON ST,LINCOLN ST,115,E,N,A,-,N,NA,NA,NA,NA,NA,NA,NA,NA,NA,Y,3,0,2,2,A,-,03,22350,NA,N,C,C,A,A,H,-,A,A,0,NA,NA,NA,NA,Y,NA,A,01,0,1,1,0,0,0,0,0,0,-,-,NA,NA,SAN DIEGO,SAN DIEGO,-117.15011464,32.75189759
6975868,2015,2015-07-15,3710,2015-06-23,1635,OC1355,NA,2,5,6,3710,0,0,0,NA,0,010,MISSION AV,MESA DR,858,E,N,A,-,N,NA,NA,NA,NA,NA,NA,NA,NA,NA,Y,4,0,2,5,D,-,00,NA,NA,F,H,A,A,A,H,-,A,D,0,NA,NA,NA,NA,Y,NA,-,-,0,0,2,0,0,0,0,0,0,-,-,NA,NA,SAN DIEGO,OCEANSIDE,-117.35657067,33.20897884
6975872,2015,2016-12-19,3710,2015-06-16,0730,OC0658,NA,2,5,6,3710,0,0,0,NA,0,006,RT 76,RT 5,14,E,N,B,-,Y,SD,11,76,-,R,0.09,H,-,W,N,4,0,1,2,A,-,03,22350,NA,N,C,C,A,A,H,-,A,A,0,NA,NA,NA,NA,Y,NA,D,22,0,0,1,0,0,0,0,0,0,-,NF,NA,NA,SAN DIEGO,OCEANSIDE,-117.38278743,33.20620551
6976532,2015,2015-07-06,3700,2015-05-09,1518,SH1627,NA,6,5,5,3782,0,0,0,NA,0,206,LEUCADIA BL,GARDEN VIEW RD,0,NA,Y,A,-,N,NA,NA,NA,NA,NA,NA,NA,NA,NA,Y,3,0,1,3,A,-,12,21453,A,N,D,C,A,A,H,-,A,A,0,NA,NA,NA,NA,Y,NA,A,01,0,1,0,0,0,0,0,0,0,-,-,NA,NA,SAN DIEGO,ENCINITAS,-117.2676501,33.06851001
6976555,2015,2015-07-03,3705,2015-05-21,1048,EC0295,NA,4,5,5,3705,0,0,0,NA,0,007,E MADISON,N 2ND,61,W,N,B,-,N,NA,NA,NA,NA,NA,NA,NA,NA,NA,N,2,0,1,1,A,-,01,21200,5,N,F,-,A,A,H,-,A,D,0,NA,Y,NA,NA,Y,Y,L,04,1,0,0,0,0,0,1,0,0,-,-,NA,NA,SAN DIEGO,EL CAJON,-116.93594775,32.80014627
6977081,2014,2015-07-07,3705,2014-01-10,1320,EC0113,NA,5,5,5,3705,0,0,0,NA,0,008,WASHINGTON,MOLLISON,45,W,N,A,-,N,NA,NA,NA,NA,NA,NA,NA,NA,NA,Y,4,0,2,1,A,-,08,22107,NA,N,E,I,A,A,A,-,A,D,0,NA,NA,NA,NA,Y,NA,A,01,0,0,2,0,0,0,0,0,0,-,-,NA,NA,SAN DIEGO,EL CAJON,-116.9511059,32.78764
6977618,2015,2015-07-14,3701,2015-06-10,1546,5291,79,3,5,5,3701,0,0,0,NA,0,006,EL CAMINIO REAL,CAMINO VIDA ROBLE,385,N,N,A,-,N,NA,NA,NA,NA,NA,NA,NA,NA,NA,N,4,0,6,2,A,-,03,22350,NA,N,C,C,A,A,E,-,A,A,0,NA,NA,NA,NA,Y,NA,D,22,0,0,6,0,0,0,0,0,0,-,-,33.12102,-117.26711,SAN DIEGO,CARLSBAD,-117.26707747,33.12092119
6978074,2015,2015-07-14,9645,2015-06-08,1435,019496,NA,1,2,7,3711,1,4,S,NA,2,901,27TH ST,ELM AV,20,S,N,A,-,N,NA,NA,NA,NA,NA,NA,NA,NA,NA,N,3,0,1,1,C,-,18,NA,NA,N,H,A,A,A,H,-,A,D,0,NA,NA,NA,NA,Y,NA,-,-,0,1,0,0,0,0,0,0,0,-,-,32.5802,-117.07566,SAN DIEGO,SAN DIEGO,-117.07544869,32.58006523
6978556,2015,2015-07-13,3700,2015-06-20,1720,SH2659,NA,6,5,5,3712,0,0,0,NA,0,352,WOODWARD ST,BORDEN RD,23,E,N,A,-,N,NA,NA,NA,NA,NA,NA,NA,NA,NA,Y,3,0,3,4,A,-,12,21453,A,N,D,C,A,A,H,-,A,A,0,NA,NA,NA,NA,Y,NA,A,01,0,1,2,0,0,0,0,0,0,-,-,NA,NA,SAN DIEGO,SAN MARCOS,-117.15944,33.1509
6978560,2015,2015-07-13,3711,2015-06-28,1143,6082,NA,7,5,7,3711,0,0,0,NA,0,124,PROSPECT ST,JENNER ST,18,W,N,B,-,N,NA,NA,NA,NA,NA,NA,NA,NA,NA,N,4,0,1,2,A,-,09,21802,A,N,D,G,A,A,H,-,A,D,0,NA,Y,NA,NA,Y,NA,-,NA,0,0,1,0,0,0,1,0,0,-,-,NA,NA,SAN DIEGO,SAN DIEGO,-117.27511973,32.84692137
6978879,2015,2015-07-09,3711,2015-06-20,0450,4835,NA,6,5,7,3711,0,0,0,NA,0,937,BABCOCK ST,PASEO DEL SUR,528,N,N,B,-,N,NA,NA,NA,NA,NA,NA,NA,NA,NA,Y,4,0,1,4,A,-,08,22107,NA,N,C,E,A,A,H,-,C,D,0,NA,NA,NA,NA,Y,NA,-,NA,0,0,1,0,0,0,0,0,0,-,-,NA,NA,SAN DIEGO,SAN DIEGO,-117.13202804,33.02057605
6980248,2015,2016-06-06,3711,2015-06-27,1820,6775,NA,6,5,7,3711,0,0,0,NA,0,233,CARMEL MOUNTAIN RD,TWIN TRAILS DR,10,W,N,A,-,N,NA,NA,NA,NA,NA,NA,NA,NA,NA,NA,4,0,1,2,A,-,10,21950,A,N,G,B,B,A,H,-,A,A,0,Y,NA,NA,NA,Y,NA,-,NA,0,0,1,0,1,0,0,0,0,-,-,NA,NA,SAN DIEGO,SAN DIEGO,-117.13404237,32.96348236
6980455,2015,2015-07-16,9680,2015-06-19,1800,018583,NA,5,2,9,3700,0,2,4,NA,1,025,BANCROFT DR,LAMAR ST,294,S,N,A,-,N,NA,NA,NA,NA,NA,NA,NA,NA,NA,Y,3,0,2,2,C,-,18,NA,NA,N,A,C,A,A,H,-,A,D,0,NA,NA,NA,NA,Y,NA,-,-,0,1,1,0,0,0,0,0,0,-,-,32.73853,-117.0057,SAN DIEGO,UNINCORPORATED,-117.00572,32.73828488
6981245,2015,2015-07-14,9650,2015-05-31,1507,15531,NA,7,2,9,3700,0,3,5,NA,2,070,VIA DE LA VALLE,PASEO DELICIAS,62,S,N,A,-,N,NA,NA,NA,NA,NA,NA,NA,NA,NA,N,2,0,1,1,A,-,01,23152,A,N,F,A,A,A,H,-,A,A,0,NA,NA,Y,NA,Y,Y,C,02,1,0,0,0,0,0,0,0,1,-,-,33.0233,-117.19902,SAN DIEGO,UNINCORPORATED,-117.19914523999999,33.02297439
6981489,2015,2016-12-01,9680,2015-06-22,1719,016519,NA,1,2,5,3705,0,1,1,NA,2,082,RT 8,MOLLISON AV,528,E,N,A,-,Y,SD,11,8,-,-,16.65,H,-,E,Y,3,0,1,1,A,-,08,22107,NA,N,F,A,A,A,H,-,A,D,1,NA,NA,Y,NA,Y,NA,C,02,0,1,0,0,0,0,0,0,1,-,-,32.77551,-117.00953,SAN DIEGO,EL CAJON,-116.94789553,32.80294203
6981505,2015,2016-12-01,9680,2015-06-21,1445,019270,NA,7,2,5,3708,0,1,1,NA,2,081,RT 8,RT 125,1000,E,N,A,-,Y,SD,11,8,-,-,12.43,H,-,W,N,4,0,1,2,D,-,00,NA,NA,N,C,C,A,A,H,-,A,D,1,NA,NA,NA,NA,Y,NA,-,-,0,0,1,0,0,0,0,0,0,-,-,32.77951,-117.00052,SAN DIEGO,LA MESA,-117.00082935,32.77909856
6981528,2015,2016-12-13,9650,2015-06-11,0710,13958,NA,4,1,5,3713,0,1,3,NA,2,017,RT 78,CIVIC CENTER DR,50,W,N,B,-,Y,SD,11,78,-,-,7,R,2,E,Y,4,0,1,2,A,-,08,22107,NA,N,D,C,A,B,H,-,A,D,1,NA,NA,NA,NA,Y,NA,A,01,0,0,1,0,0,0,0,0,0,FR,-,33.18866,-117.23871,SAN DIEGO,VISTA,-117.23869576,33.18860359
6981539,2015,2016-11-21,9650,2015-06-12,2155,15868,NA,5,2,3,3783,0,1,1,NA,2,007,RT 5,VIA DE LA VALLE,1056,N,N,B,-,Y,SD,11,5,-,R,36.53,H,-,S,Y,4,0,2,2,A,-,08,22107,NA,N,B,C,A,A,H,-,D,D,1,NA,NA,NA,NA,Y,Y,A,01,0,0,2,0,0,0,0,0,0,-,-,32.98266,-117.2543,SAN DIEGO,SOLANA BEACH,-117.25455657,32.98341546
6982022,2015,2015-07-18,3711,2015-06-30,1820,5679,NA,2,5,7,3711,0,0,0,NA,0,242,MIRA MESA BL,PARKDALE AV,0,NA,Y,B,-,N,NA,NA,NA,NA,NA,NA,NA,NA,NA,Y,3,0,3,2,A,-,12,21453,A,N,D,C,A,A,H,-,A,A,0,NA,NA,NA,NA,Y,NA,-,NA,0,1,2,0,0,0,0,0,0,-,-,NA,NA,SAN DIEGO,SAN DIEGO,-117.15560012,32.91064011
6982317,2015,2016-11-15,9645,2015-06-12,1630,18801,NA,5,2,7,3711,0,1,1,NA,2,011,RT 805,LANDIS ST,1200,S,N,B,-,Y,SD,11,805,-,-,15.49,H,-,S,Y,4,0,3,2,A,-,03,22350,NA,N,C,C,A,A,H,-,A,D,1,NA,NA,NA,NA,Y,NA,A,01,0,0,3,0,0,0,0,0,0,-,-,32.7452,-117.12009,SAN DIEGO,SAN DIEGO,-117.11810171,32.74311938
6986255,2015,2015-07-18,3710,2015-06-22,0714,1374,2,1,5,6,3710,0,0,0,NA,0,003,RANCHO DEL ORO RD,OCEAN RANCH,0,NA,Y,A,-,N,NA,NA,NA,NA,NA,NA,NA,NA,NA,Y,3,0,3,2,A,-,12,21453,A,N,D,C,A,A,H,-,A,A,0,NA,NA,NA,NA,Y,NA,-,NA,0,2,1,0,0,0,0,0,0,-,-,NA,NA,SAN DIEGO,OCEANSIDE,-117.3128201,33.20956001