CASE_ID,ACCIDENT_YEAR,PROC_DATE,JURIS,COLLISION_DATE,COLLISION_TIME,OFFICER_ID,REPORTING_DISTRICT,DAY_OF_WEEK,CHP_SHIFT,POPULATION,CNTY_CITY_LOC,SPECIAL_COND,BEAT_TYPE,CHP_BEAT_TYPE,CITY_DIVISION_LAPD,CHP_BEAT_CLASS,BEAT_NUMBER,PRIMARY_RD,SECONDARY_RD,DISTANCE,DIRECTION,INTERSECTION,WEATHER_1,WEATHER_2,STATE_HWY_IND,CALTRANS_COUNTY,CALTRANS_DISTRICT,STATE_ROUTE,ROUTE_SUFFIX,POSTMILE_PREFIX,POSTMILE,LOCATION_TYPE,RAMP_INTERSECTION,SIDE_OF_HWY,TOW_AWAY,COLLISION_SEVERITY,NUMBER_KILLED,NUMBER_INJURED,PARTY_COUNT,PRIMARY_COLL_FACTOR,PCF_CODE_OF_VIOL,PCF_VIOL_CATEGORY,PCF_VIOLATION,PCF_VIOL_SUBSECTION,HIT_AND_RUN,TYPE_OF_COLLISION,MVIW,PED_ACTION,ROAD_SURFACE,ROAD_COND_1,ROAD_COND_2,LIGHTING,CONTROL_DEVICE,CHP_ROAD_TYPE,PEDESTRIAN_ACCIDENT,BICYCLE_ACCIDENT,MOTORCYCLE_ACCIDENT,TRUCK_ACCIDENT,NOT_PRIVATE_PROPERTY,ALCOHOL_INVOLVED,STWD_VEHTYPE_AT_FAULT,CHP_VEHTYPE_AT_FAULT,COUNT_SEVERE_INJ,COUNT_VISIBLE_INJ,COUNT_COMPLAINT_PAIN,COUNT_PED_KILLED,COUNT_PED_INJURED,COUNT_BICYCLIST_KILLED,COUNT_BICYCLIST_INJURED,COUNT_MC_KILLED,COUNT_MC_INJURED,PRIMARY_RAMP,SECONDARY_RAMP,LATITUDE,LONGITUDE,COUNTY,CITY,POINT_X,POINT_Y
7029368,2015,2015-09-15,3701,2015-08-16,2212,5445,2,7,5,5,3701,0,0,0,NA,0,001,ROOSEVELT ST,CARLSBAD VILLAGE DR,100,N,N,A,-,N,NA,NA,NA,NA,NA,NA,NA,NA,NA,N,3,0,1,1,A,-,17,21200,NA,N,H,G,A,A,H,-,C,D,0,NA,Y,NA,NA,Y,Y,L,04,0,1,0,0,0,0,1,0,0,-,-,33.16052,-117.34752,SAN DIEGO,CARLSBAD,-117.34787722,33.16043423
7030845,2015,2015-09-01,3701,2015-07-28,1617,5191,79,2,5,5,3701,0,0,0,NA,0,006,PALOMAR AIRPORT RD,YARROW DR,37,E,N,A,-,N,NA,NA,NA,NA,NA,NA,NA,NA,NA,Y,3,0,2,2,A,-,03,22350,NA,N,C,C,A,A,H,-,A,A,0,NA,NA,NA,NA,Y,NA,A,01,0,1,1,0,0,0,0,0,0,-,-,33.12562,-117.27529,SAN DIEGO,CARLSBAD,-117.27524345,33.12545063
7030849,2015,2016-07-19,3701,2015-07-31,0456,5325,90,5,5,5,3701,0,0,0,NA,0,007,ALGA RD,ALICANTE RD,300,E,N,B,-,N,NA,NA,NA,NA,NA,NA,NA,NA,NA,Y,3,0,1,1,A,-,00,21352,A,M,B,I,A,A,H,-,C,A,0,NA,NA,NA,NA,Y,Y,A,01,0,1,0,0,0,0,0,0,0,-,-,NA,NA,SAN DIEGO,CARLSBAD,-117.25659065,33.10029503
7031037,2015,2017-01-25,9650,2015-08-08,0515,018496,NA,6,3,9,3700,0,1,3,NA,1,028,RT 76,MAGEE RD,7498,E,N,B,-,Y,SD,11,76,-,-,26.06,H,-,W,Y,3,0,1,1,A,-,01,23152,A,N,F,A,A,A,H,-,D,D,0,NA,NA,NA,NA,Y,Y,D,22,0,1,0,0,0,0,0,0,0,-,-,33.35549,-117.03469,SAN DIEGO,UNINCORPORATED,-117.03612156,33.35567421
7031952,2015,2017-01-10,9650,2015-08-08,1750,18321,NA,6,2,5,3701,0,1,1,NA,2,005,RT 5,POINSETTIA LN,51,S,N,A,-,Y,SD,11,5,-,R,45.41,R,1,N,Y,3,0,1,2,A,-,01,23152,A,N,C,C,A,A,H,-,A,A,1,NA,NA,NA,Y,Y,Y,A,01,0,1,0,0,0,0,0,0,0,TO,-,33.10364,-117.3108,SAN DIEGO,CARLSBAD,-117.30910683,33.10139041
7032236,2015,2015-09-09,3700,2015-08-06,1745,SH2560,NA,4,5,5,3713,0,0,0,NA,0,308,CEDAR RD,WEST VISTA WY,632,N,N,A,-,N,NA,NA,NA,NA,NA,NA,NA,NA,NA,N,3,0,1,2,A,-,09,21801,A,N,A,C,A,A,H,-,A,D,0,NA,NA,NA,NA,Y,NA,A,01,0,1,0,0,0,0,0,0,0,-,-,NA,NA,SAN DIEGO,VISTA,-117.28389368,33.18778419
7032271,2015,2016-12-20,9650,2015-08-17,0255,017056,NA,1,3,5,3701,0,1,1,NA,2,005,RT 5,CANNON RD,2640,N,N,A,-,Y,SD,11,5,-,R,48.5,H,-,N,Y,3,0,1,1,A,-,01,23152,F,M,E,I,A,A,H,-,C,D,1,NA,NA,NA,NA,Y,Y,D,22,0,1,0,0,0,0,0,0,0,-,-,33.14585,-117.33343,SAN DIEGO,CARLSBAD,-117.33273433,33.14142711
7032609,2015,2015-09-03,3711,2015-08-10,1855,7086,NA,1,5,7,3711,0,0,0,NA,0,813,33RD ST,NORTH PARK WAY,0,NA,Y,A,-,N,NA,NA,NA,NA,NA,NA,NA,NA,NA,N,4,0,1,2,A,-,12,22450,A,N,D,C,A,A,H,-,A,A,0,NA,NA,NA,NA,Y,NA,-,NA,0,0,1,0,0,0,0,0,0,-,-,NA,NA,SAN DIEGO,SAN DIEGO,-117.12285013,32.74743005
7032969,2015,2017-01-24,9645,2015-08-07,1138,18428,NA,5,1,7,3711,0,1,1,NA,2,015,RT 805,NOBEL DR,45,N,N,A,-,Y,SD,11,805,-,-,25.49,H,-,N,Y,4,0,1,4,A,-,03,22350,NA,N,C,C,A,A,H,-,A,D,1,NA,NA,NA,NA,Y,NA,A,01,0,0,1,0,0,0,0,0,0,-,-,32.87005,-117.19515,SAN DIEGO,SAN DIEGO,-117.19499452,32.86998201
7033001,2015,2017-01-11,9645,2015-08-04,1023,17025,NA,2,1,7,3711,0,1,1,NA,2,007,RT 5,VIA DE LA VALLE,20,N,N,A,-,Y,SD,11,5,-,R,36.29,H,-,S,Y,4,0,1,2,A,-,04,21703,NA,N,C,C,A,A,H,-,A,D,1,NA,NA,NA,NA,Y,NA,A,01,0,0,1,0,0,0,0,0,0,-,-,32.98008,-117.25309,SAN DIEGO,SAN DIEGO,-117.25333445,32.98012084
7033059,2015,2017-01-09,9645,2015-08-12,1740,17529,NA,3,2,7,3711,0,1,1,NA,2,021,RT 15,UNIVERSITY AV,2500,S,N,A,-,Y,SD,11,15,-,M,4.19,H,-,S,Y,4,0,2,4,A,-,03,22350,NA,N,C,C,A,A,H,-,A,D,1,NA,NA,NA,NA,Y,NA,A,07,0,0,2,0,0,0,0,0,0,-,-,32.7453,-117.11203,SAN DIEGO,SAN DIEGO,-117.11086721,32.74366414
7033119,2015,2017-01-26,9645,2015-08-08,1445,019344,NA,6,2,5,3709,0,1,1,NA,2,009,RT 805,EUCLID AV,10,S,N,A,-,Y,SD,11,805,-,-,9.19,H,-,S,Y,3,0,1,2,A,-,07,21658,A,F,E,I,A,A,C,-,A,D,1,NA,NA,NA,NA,Y,NA,A,01,0,1,0,0,0,0,0,0,0,-,-,32.6658,-117.0798,SAN DIEGO,NATIONAL CITY,-117.07813888,32.66220376
7033485,2015,2015-09-02,3711,2015-08-04,1657,7164,NA,2,5,7,3711,0,0,0,NA,0,321,FRIARS RD,RANCHO MISSION,0,NA,Y,A,-,N,NA,NA,NA,NA,NA,NA,NA,NA,NA,Y,3,0,3,2,A,-,12,21453,A,N,D,C,A,A,H,-,A,A,0,NA,NA,NA,NA,Y,NA,-,NA,0,2,1,0,0,0,0,0,0,-,-,NA,NA,SAN DIEGO,SAN DIEGO,-117.10877,32.78939004
7037925,2015,2015-09-19,3711,2015-08-14,0703,6603,NA,5,5,7,3711,0,0,0,NA,0,451,REDWOOD ST,54TH ST,123,E,N,A,-,N,NA,NA,NA,NA,NA,NA,NA,NA,NA,Y,3,0,1,2,A,-,09,21801,A,N,A,C,A,A,H,-,A,D,0,NA,NA,NA,NA,Y,NA,-,NA,0,1,0,0,0,0,0,0,0,-,-,NA,NA,SAN DIEGO,SAN DIEGO,-117.07942173000001,32.73767009
7039002,2015,2015-09-10,3702,2015-07-28,1125,CV0604,NA,2,5,6,3702,0,0,0,NA,0,024,MAIN ST,NIRVANA AV,54,W,N,A,-,N,NA,NA,NA,NA,NA,NA,NA,NA,NA,Y,4,0,1,2,A,-,03,22350,NA,N,B,C,A,A,H,-,A,A,0,NA,NA,NA,Y,Y,NA,F,26,0,0,1,0,0,0,0,0,0,-,-,NA,NA,SAN DIEGO,CHULA VISTA,-117.01776737,32.59333243
7039466,2015,2015-09-10,3708,2015-08-06,1617,LM1167,NA,4,5,5,3708,0,0,0,NA,0,004,10TH AV,MURRAY DR,146,S,N,A,-,N,NA,NA,NA,NA,NA,NA,NA,NA,NA,Y,4,0,5,3,A,-,03,22350,NA,N,C,C,A,A,H,-,A,A,0,NA,NA,NA,NA,Y,NA,A,01,0,0,5,0,0,0,0,0,0,-,-,NA,NA,SAN DIEGO,LA MESA,NA,NA
7039507,2015,2016-07-20,3711,2015-08-11,0400,7247,NA,2,5,7,3711,0,0,0,NA,0,323,COLLEGE AV,RT 8,0,NA,Y,A,-,N,NA,NA,NA,NA,NA,NA,NA,NA,NA,N,4,0,1,1,-,-,-,NA,NA,N,H,A,A,A,H,-,D,D,0,NA,Y,NA,NA,Y,NA,-,-,0,0,1,0,0,0,1,0,0,-,WF,NA,NA,SAN DIEGO,SAN DIEGO,-117.06641001,32.77932001
7039793,2015,2015-09-09,3711,2015-08-15,2230,6146,NA,6,5,7,3711,0,0,0,NA,0,234,RANCHO BERNARDO RD,POMERADO RD,33,E,N,A,-,N,NA,NA,NA,NA,NA,NA,NA,NA,NA,N,4,0,2,2,A,-,03,22350,NA,N,C,C,A,A,H,-,C,A,0,NA,NA,NA,NA,Y,NA,D,22,0,0,2,0,0,0,0,0,0,-,-,NA,NA,SAN DIEGO,SAN DIEGO,-117.06102,33.01878
7039922,2015,2015-09-08,3711,2015-08-14,2228,6146,NA,5,5,7,3711,0,0,0,NA,0,234,POMERADO RD,PASEO MONTE BATALLA,0,NA,Y,A,-,N,NA,NA,NA,NA,NA,NA,NA,NA,NA,Y,3,0,3,2,A,-,12,21453,A,N,D,C,A,A,H,-,C,A,0,NA,NA,NA,NA,Y,NA,A,01,0,1,2,0,0,0,0,0,0,-,-,NA,NA,SAN DIEGO,SAN DIEGO,-117.06725,33.05297002
7039997,2015,2015-09-08,3711,2015-08-18,1830,7320,N2,2,5,7,3711,0,0,0,NA,0,121,BAYSIDE WALK,VANITIE CT,0,NA,Y,A,-,N,NA,NA,NA,NA,NA,NA,NA,NA,NA,N,4,0,1,1,C,-,18,NA,NA,N,E,-,A,A,H,-,A,D,0,NA,Y,NA,NA,Y,NA,-,-,0,0,1,0,0,0,1,0,0,-,-,NA,NA,SAN DIEGO,SAN DIEGO,-117.25255013,32.78687009
7042987,2015,2015-09-16,3711,2015-08-18,1806,6795,SANDI,2,5,7,3711,0,0,0,NA,0,821,EL CAJON BL,FILIPO ST,58,E,N,A,-,N,NA,NA,NA,NA,NA,NA,NA,NA,NA,N,3,0,1,2,A,-,08,22107,NA,N,B,C,A,A,H,-,A,D,0,NA,NA,NA,NA,Y,NA,-,NA,0,1,0,0,0,0,0,0,0,-,-,NA,NA,SAN DIEGO,SAN DIEGO,-117.05903818,32.76641091
7043723,2015,2016-07-19,3711,2015-08-23,0937,6851,NA,7,5,7,3711,0,0,0,NA,0,NA,F ST,11TH,15,E,N,A,-,N,NA,NA,NA,NA,NA,NA,NA,NA,NA,N,4,0,1,2,A,-,12,21453,A,N,D,C,A,A,H,-,A,A,0,NA,NA,NA,NA,Y,NA,A,01,0,0,1,0,0,0,0,0,0,-,-,NA,NA,SAN DIEGO,SAN DIEGO,-117.1546414,32.71364
7043821,2015,2015-09-17,3711,2015-08-17,1528,7310,SANDI,1,5,7,3711,0,0,0,NA,0,826,EL CAJON BL,WINONA AV,2,W,N,A,-,N,NA,NA,NA,NA,NA,NA,NA,NA,NA,N,4,0,1,3,A,-,04,21703,NA,N,B,C,A,A,H,-,A,A,0,NA,NA,NA,NA,Y,NA,-,NA,0,0,1,0,0,0,0,0,0,-,-,NA,NA,SAN DIEGO,SAN DIEGO,-117.08789639,32.75664909
7044008,2015,2015-09-11,3708,2015-08-17,0830,LM1217,NA,1,5,5,3708,0,0,0,NA,0,001,PARKS AV,NORMAL AV,268,N,N,A,-,N,NA,NA,NA,NA,NA,NA,NA,NA,NA,N,4,0,1,2,A,-,11,21950,B,N,G,B,D,A,H,-,A,D,0,Y,NA,NA,NA,Y,NA,N,60,0,0,1,0,1,0,0,0,0,-,-,NA,NA,SAN DIEGO,LA MESA,-117.03162881,32.7571168
7044036,2015,2015-09-11,3706,2015-08-25,1507,ES0454,NA,2,5,6,3706,0,0,0,NA,0,046,N MIDWAY DR,E WASHINGTON AV,582,S,N,A,-,N,NA,NA,NA,NA,NA,NA,NA,NA,NA,Y,4,0,2,2,A,-,03,22350,NA,N,C,C,A,A,H,-,A,D,0,NA,NA,NA,NA,Y,NA,A,01,0,0,2,0,0,0,0,0,0,-,-,NA,NA,SAN DIEGO,ESCONDIDO,-117.05311352,33.14004751
7044206,2015,2015-09-11,3703,2015-08-13,1150,1137,NA,4,5,3,3703,0,0,0,NA,0,003,7TH ST,ORANGE AV,0,NA,Y,A,-,N,NA,NA,NA,NA,NA,NA,NA,NA,NA,N,3,0,3,2,A,-,04,21703,NA,N,C,C,A,A,H,-,A,D,0,NA,NA,NA,NA,Y,NA,D,22,0,1,2,0,0,0,0,0,0,-,-,NA,NA,SAN DIEGO,CORONADO,-117.17745006,32.69021009
7045207,2015,2017-01-11,9680,2015-08-24,0810,17389,NA,1,1,9,3700,0,1,3,NA,2,027,RT 94,GROVE ST,1056,E,N,A,-,Y,SD,11,94,-,-,9.46,H,-,E,Y,3,0,1,1,A,-,03,22350,NA,N,F,A,A,A,H,-,A,D,1,NA,NA,Y,NA,Y,NA,C,02,0,1,0,0,0,0,0,0,1,-,-,32.74674,-117.02371,SAN DIEGO,UNINCORPORATED,-117.0233571,32.7467775
7045212,2015,2017-01-11,9680,2015-08-14,1915,20625,NA,5,2,9,3700,0,1,3,NA,1,024,RT 94,MILLAR RANCH RD,0,NA,Y,A,-,Y,SD,11,94,-,-,15.53,I,5,E,Y,3,0,2,2,A,-,09,21802,A,N,D,C,A,A,H,-,A,D,0,NA,NA,NA,NA,Y,NA,A,01,0,1,1,0,0,0,0,0,0,-,-,32.73102,-116.93753,SAN DIEGO,UNINCORPORATED,-116.93763036,32.73098096
7047630,2015,2015-09-18,3710,2015-08-08,0335,OC1387,NA,6,5,6,3710,0,0,0,NA,0,033,COLLEGE BL,FRAZEE RD,1584,S,N,A,-,N,NA,NA,NA,NA,NA,NA,NA,NA,NA,Y,4,0,1,1,A,-,03,22350,NA,N,A,I,A,A,H,-,C,D,0,NA,NA,NA,NA,Y,NA,A,01,0,0,1,0,0,0,0,0,0,-,-,NA,NA,SAN DIEGO,OCEANSIDE,-117.29291655,33.23265882
7047998,2015,2015-09-09,3706,2015-08-25,0919,ES0374,NA,2,5,6,3706,0,0,0,NA,0,055,LA TERRAZA,9TH AV,211,N,N,B,-,N,NA,NA,NA,NA,NA,NA,NA,NA,NA,Y,4,0,1,2,A,-,08,22102,NA,N,D,C,A,A,H,-,A,D,0,NA,NA,NA,NA,Y,NA,A,01,0,0,1,0,0,0,0,0,0,-,-,NA,NA,SAN DIEGO,ESCONDIDO,-117.09304793,33.1091258
7048391,2015,2015-09-11,3701,2015-08-25,0912,5191,72,2,5,5,3701,0,0,0,NA,0,006,PALOMAR AIRPORT RD,ARMADA DR,0,NA,Y,A,B,N,NA,NA,NA,NA,NA,NA,NA,NA,NA,Y,3,0,3,3,A,-,09,21453,C,N,D,C,A,A,H,-,A,A,0,NA,NA,NA,NA,Y,NA,A,01,0,2,1,0,0,0,0,0,0,-,-,33.12209,-117.31344,SAN DIEGO,CARLSBAD,-117.31350011,33.12206005
7048395,2015,2015-09-11,3701,2015-08-18,1835,5445,1,2,5,5,3701,0,0,0,NA,0,001,CARLSBAD BL,CHRISTIANSEN WY,0,NA,Y,A,-,N,NA,NA,NA,NA,NA,NA,NA,NA,NA,Y,3,0,1,2,A,-,03,22350,A,N,D,C,A,A,H,-,A,A,0,NA,NA,Y,NA,Y,Y,C,02,0,1,0,0,0,0,0,0,1,-,-,NA,NA,SAN DIEGO,CARLSBAD,-117.35250012,33.16000011
7049982,2015,2015-09-26,3711,2015-08-25,1245,7127,SANDI,2,5,7,3711,0,0,0,NA,0,512,32ND ST,NATIONAL AV,15,N,N,B,-,N,NA,NA,NA,NA,NA,NA,NA,NA,NA,Y,4,0,1,2,A,-,06,21755,NA,N,A,C,A,A,H,-,A,A,0,NA,NA,NA,Y,Y,NA,D,22,0,0,1,0,0,0,0,0,0,-,-,NA,NA,SAN DIEGO,SAN DIEGO,-117.12531,32.69602109
7050070,2015,2015-12-30,3711,2015-08-18,1745,7179,NA,2,5,7,3711,0,0,0,NA,0,522,FRONT ST,W MARKET ST,0,NA,Y,A,-,NA,NA,NA,NA,NA,NA,NA,NA,NA,NA,N,4,0,1,2,A,-,11,21955,NA,N,D,B,D,A,H,-,A,A,0,Y,NA,NA,NA,Y,NA,N,60,0,0,1,0,1,0,0,0,0,-,-,NA,NA,SAN DIEGO,SAN DIEGO,-117.16471004,32.7115
7050105,2015,2017-01-18,3703,2015-08-15,2336,1289,NA,6,5,3,3703,0,0,0,NA,0,001,4TH ST,C AV,0,NA,-,A,-,Y,SD,11,75,-,R,19.82,H,-,N,Y,3,0,2,2,A,-,09,21804,A,N,D,C,A,A,H,-,C,A,0,NA,NA,NA,NA,Y,NA,A,08,0,1,1,0,0,0,0,0,0,-,-,NA,NA,SAN DIEGO,CORONADO,-117.17309897,32.6937424
7050271,2015,2015-09-14,9645,2015-08-28,1805,09410,NA,5,2,9,3700,0,3,5,NA,2,018,CENTRAL AV,SWEETWATER RD,30,S,N,A,-,N,NA,NA,NA,NA,NA,NA,NA,NA,NA,Y,4,0,2,2,A,-,07,21658,A,N,B,C,A,A,H,-,A,D,0,NA,NA,NA,NA,Y,NA,A,01,0,0,2,0,0,0,0,0,0,-,-,NA,NA,SAN DIEGO,UNINCORPORATED,-117.02503899,32.66836126
7052831,2015,2015-09-18,3705,2015-07-17,1139,EC0342,NA,5,5,5,3705,0,0,0,NA,0,006,S MARSHALL AV,W PALM,408,N,N,A,-,N,NA,NA,NA,NA,NA,NA,NA,NA,NA,N,3,0,1,2,A,-,11,21955,NA,N,G,B,D,A,H,-,C,A,0,Y,NA,NA,NA,Y,NA,N,60,0,1,0,0,1,0,0,0,0,-,-,NA,NA,SAN DIEGO,EL CAJON,-116.97551921,32.79244737
7053043,2015,2015-09-18,3711,2015-08-28,1606,7080,NA,5,5,7,3711,0,0,0,NA,0,451,COLLEGE GROVE WY,COLLEGE WY,0,NA,Y,A,-,N,NA,NA,NA,NA,NA,NA,NA,NA,NA,Y,4,0,1,2,A,-,12,21453,A,N,D,C,A,A,H,-,A,A,0,NA,NA,NA,NA,Y,NA,-,NA,0,0,1,0,0,0,0,0,0,-,-,NA,NA,SAN DIEGO,SAN DIEGO,-117.05364013,32.74436008
7053052,2015,2015-09-19,3711,2015-08-21,1400,7238,NA,5,5,7,3711,0,0,0,NA,0,611,HANCOCK ST,CHANNEL WY,4,S,N,A,-,N,NA,NA,NA,NA,NA,NA,NA,NA,NA,Y,4,0,1,4,A,-,00,23103,A,N,C,E,A,A,H,-,A,D,0,NA,NA,NA,NA,Y,NA,-,NA,0,0,1,0,0,0,0,0,0,-,-,NA,NA,SAN DIEGO,SAN DIEGO,-117.21631747,32.75716104
7053143,2015,2015-09-25,3711,2015-08-20,1452,7285,NA,4,5,7,3711,0,0,0,NA,0,712,BEYER BL,E BEYER BL 2900,18,E,N,A,-,N,NA,NA,NA,NA,NA,NA,NA,NA,NA,Y,4,0,1,2,A,-,09,21801,A,N,D,C,A,A,H,-,A,D,0,NA,NA,NA,NA,Y,NA,-,-,0,0,1,0,0,0,0,0,0,-,-,NA,NA,SAN DIEGO,SAN DIEGO,NA,NA
7053179,2015,2015-09-24,3711,2015-08-27,1510,4386,NA,4,5,7,3711,0,0,0,NA,0,627,CLEVELAND AV,VERMONT ST,120,E,N,A,-,N,NA,NA,NA,NA,NA,NA,NA,NA,NA,Y,4,0,1,4,A,-,08,22107,NA,N,B,E,A,A,H,-,A,D,0,NA,NA,NA,NA,Y,NA,-,NA,0,0,1,0,0,0,0,0,0,-,-,NA,NA,SAN DIEGO,SAN DIEGO,-117.15305072,32.74904333
7054411,2015,2017-01-14,9650,2015-09-14,0729,016103,NA,1,1,6,3706,0,1,1,NA,2,023,RT 15,VIA RANCHO PKWY,40,S,N,B,-,Y,SD,11,15,-,M,26.96,H,-,S,Y,4,0,1,3,A,-,03,22350,NA,N,C,C,A,A,H,-,A,D,1,NA,NA,NA,NA,Y,NA,A,07,0,0,1,0,0,0,0,0,0,-,-,33.0692,-117.06957,SAN DIEGO,ESCONDIDO,-117.06954183,33.06913545
7054481,2015,2017-01-28,9645,2015-08-31,1524,19496,NA,1,2,7,3711,0,1,3,NA,2,006,RT 94,RT 15,626,W,N,A,-,Y,SD,11,94,-,-,3.09,H,-,E,Y,2,0,1,2,A,-,07,21658,A,N,B,C,A,A,H,-,A,D,1,NA,NA,Y,NA,Y,NA,A,01,1,0,0,0,0,0,0,0,1,TO,-,32.71621,-117.11942,SAN DIEGO,SAN DIEGO,-117.1192949,32.71616198
7054725,2015,2015-09-25,3700,2015-08-14,1532,SH1725,NA,5,5,5,3712,0,0,0,NA,0,352,NORTH TWIN OAKS VALLEY DR,RICHMAR AV,432,S,N,A,-,N,NA,NA,NA,NA,NA,NA,NA,NA,NA,Y,3,0,2,2,A,-,03,22350,NA,N,C,C,A,A,H,-,A,D,0,NA,NA,NA,NA,Y,NA,A,01,0,1,1,0,0,0,0,0,0,-,-,NA,NA,SAN DIEGO,SAN MARCOS,-117.16309815,33.14299232
7055225,2015,2015-11-12,3708,2015-10-17,0157,LM1158,NA,6,5,5,3708,0,0,0,NA,0,001,ALLISON AV,UNIVERSITY AV,9999,S,N,A,-,N,NA,NA,NA,NA,NA,NA,NA,NA,NA,Y,3,0,1,1,A,-,01,23152,A,N,E,I,A,A,H,-,C,D,0,NA,NA,NA,NA,Y,Y,A,01,0,1,0,0,0,0,0,0,0,-,-,NA,NA,SAN DIEGO,LA MESA,-117.01684,32.76585
7055874,2015,2017-01-14,9645,2015-08-30,1917,20066,NA,7,2,7,3711,0,1,1,NA,2,005,RT 5,SEA WORLD DR,652,S,N,A,-,Y,SD,11,5,-,R,20.7,H,-,N,Y,4,0,1,1,A,-,01,23152,A,N,E,I,A,A,D,-,B,D,1,NA,NA,NA,NA,Y,Y,D,22,0,0,1,0,0,0,0,0,0,-,-,32.76789,-117.20565,SAN DIEGO,SAN DIEGO,-117.20607352,32.76827628
7055910,2015,2017-01-14,9645,2015-08-26,1500,17499,NA,3,2,5,3709,0,1,1,NA,2,001,RT 5,MILES OF CAR WY,2500,N,N,A,-,Y,SD,11,5,-,R,10.51,H,-,S,Y,3,0,1,2,A,-,03,22350,NA,N,C,C,A,A,H,-,A,D,1,NA,NA,Y,NA,Y,NA,C,02,0,1,0,0,0,0,0,0,1,-,-,32.66441,-117.1101,SAN DIEGO,NATIONAL CITY,-117.11073296000001,32.66632055
7056142,2015,2017-01-09,9645,2015-09-05,1316,18446,NA,6,1,7,3711,0,1,1,NA,2,017,RT 15,MIRA MESA BL,100,N,N,A,-,Y,SD,11,15,-,M,15.987,R,1,S,N,4,0,1,2,A,-,03,22350,NA,F,C,C,A,A,H,-,A,D,1,NA,NA,NA,NA,Y,NA,D,22,0,0,1,0,0,0,0,0,0,FR,-,32.91783,-117.11658,SAN DIEGO,SAN DIEGO,-117.11618999,32.91789653
7056428,2015,2017-01-14,9645,2015-09-15,1139,14669,NA,2,1,7,3711,0,1,1,NA,2,030,RT 15,POWAY RD,1285,S,N,C,-,Y,SD,11,15,S,-,17.94,H,-,N,Y,4,0,1,1,A,-,03,22350,NA,N,E,I,A,B,H,-,A,D,1,NA,NA,NA,NA,Y,NA,A,01,0,0,1,0,0,0,0,0,0,-,-,32.94513,-117.108,SAN DIEGO,SAN DIEGO,-117.10797623,32.94520941
7056768,2015,2015-10-29,3700,2015-10-06,1908,SH0236,NA,2,5,5,3713,0,0,0,NA,0,311,CIVIC CENTER DR,EUCALYPTUS AV,0,NA,Y,A,-,N,NA,NA,NA,NA,NA,NA,NA,NA,NA,N,4,0,5,2,A,-,12,21453,A,N,D,C,A,A,H,-,C,A,0,NA,NA,NA,NA,Y,NA,A,01,0,0,5,0,0,0,0,0,0,-,-,NA,NA,SAN DIEGO,VISTA,-117.23562009,33.20241002
7057910,2015,2017-02-03,3703,2015-11-11,1450,1185,NA,3,5,3,3703,0,0,0,NA,0,002,LOMA AV,ORANGE AV,3,E,N,A,-,Y,SD,11,75,-,-,18.756,I,5,S,N,4,0,1,2,A,-,09,21803,A,N,A,C,A,A,H,-,A,D,0,NA,NA,NA,NA,Y,NA,A,01,0,0,1,0,0,0,0,0,0,-,-,NA,NA,SAN DIEGO,CORONADO,-117.17893372,32.68361836
7058465,2015,2016-07-19,3700,2015-08-31,1500,SH0013,NA,1,5,4,3780,0,0,0,NA,0,410,POWAY RD,TARASCAN DR,260,E,N,A,-,N,NA,NA,NA,NA,NA,NA,NA,NA,NA,Y,4,0,2,2,A,-,03,22350,NA,N,C,C,A,A,H,-,A,D,0,NA,NA,NA,NA,Y,NA,A,01,0,0,2,0,0,0,0,0,0,-,-,NA,NA,SAN DIEGO,POWAY,-117.04598563,32.95658048
7058499,2015,2015-10-10,3709,2015-09-17,1842,484,NA,4,5,5,3709,0,0,0,NA,0,020,VALLEY RD,PLAZA BONITA CENTERWAY,2112,E,N,A,-,N,NA,NA,NA,NA,NA,NA,NA,NA,NA,Y,3,0,1,2,A,-,03,22350,NA,N,B,E,A,A,H,-,B,D,0,NA,NA,NA,NA,Y,NA,A,01,0,1,0,0,0,0,0,0,0,-,-,NA,NA,SAN DIEGO,NATIONAL CITY,-117.05111146,32.66403958
7060065,2015,2015-10-09,3700,2015-07-26,1427,SH0169,NA,7,5,5,3712,0,0,0,NA,0,350,SAN MARCOS BL,WESTLAKE DR,57,W,N,A,-,N,NA,NA,NA,NA,NA,NA,NA,NA,NA,N,2,0,1,2,A,-,01,21200,5,N,D,G,A,A,H,-,A,D,0,NA,Y,NA,NA,Y,Y,L,04,1,0,0,0,0,0,1,0,0,-,-,NA,NA,SAN DIEGO,SAN MARCOS,-117.17087771999999,33.13944498
7061586,2015,2017-01-25,3710,2015-09-29,1814,OC1419,NA,2,5,6,3710,0,0,0,NA,0,010,RT 76,BENET RD,0,NA,Y,A,-,Y,SD,11,76,-,R,1.767,I,5,E,Y,4,0,1,2,A,-,01,23153,A,F,C,C,A,A,H,-,B,A,0,NA,NA,NA,NA,Y,Y,A,01,0,0,1,0,0,0,0,0,0,-,-,NA,NA,SAN DIEGO,OCEANSIDE,-117.35737421,33.21470053
7061702,2015,2017-01-12,9645,2015-09-18,1100,19035,NA,5,1,7,3711,0,1,1,NA,2,003,RT 5,RT 94,400,N,N,A,-,Y,SD,11,5,-,R,15.32,H,-,N,Y,3,0,1,2,A,-,08,22107,NA,N,D,C,A,A,H,-,A,D,1,NA,NA,NA,NA,Y,NA,A,01,0,1,0,0,0,0,0,0,0,-,-,32.72008,-117.14809,SAN DIEGO,SAN DIEGO,-117.14758556,32.71776001
7062518,2015,2017-01-11,9645,2015-09-30,0935,15046,NA,3,1,7,3711,0,1,1,NA,2,007,RT 56,RT 5,0,NA,N,A,-,Y,SD,11,5,-,R,32.029,R,3,S,Y,3,0,1,2,D,-,00,NA,NA,N,C,C,A,A,H,-,A,D,1,NA,NA,NA,NA,Y,NA,-,-,0,1,0,0,0,0,0,0,0,TO,-,32.9306,-117.24149,SAN DIEGO,SAN DIEGO,-117.23691745000001,32.9200467
7063340,2015,2015-11-19,3711,2015-11-01,0930,6344,NA,7,5,7,3711,0,0,0,NA,0,315,FRIARS RD,QUALCOMM STADIUM DRIVEWAY 2,6,E,N,A,-,N,NA,NA,NA,NA,NA,NA,NA,NA,NA,Y,4,0,1,2,A,-,07,21658,A,N,C,C,A,A,H,-,A,B,0,NA,NA,NA,NA,Y,NA,A,01,0,0,1,0,0,0,0,0,0,-,-,NA,NA,SAN DIEGO,SAN DIEGO,NA,NA