CASE_ID,ACCIDENT_YEAR,PROC_DATE,JURIS,COLLISION_DATE,COLLISION_TIME,OFFICER_ID,REPORTING_DISTRICT,DAY_OF_WEEK,CHP_SHIFT,POPULATION,CNTY_CITY_LOC,SPECIAL_COND,BEAT_TYPE,CHP_BEAT_TYPE,CITY_DIVISION_LAPD,CHP_BEAT_CLASS,BEAT_NUMBER,PRIMARY_RD,SECONDARY_RD,DISTANCE,DIRECTION,INTERSECTION,WEATHER_1,WEATHER_2,STATE_HWY_IND,CALTRANS_COUNTY,CALTRANS_DISTRICT,STATE_ROUTE,ROUTE_SUFFIX,POSTMILE_PREFIX,POSTMILE,LOCATION_TYPE,RAMP_INTERSECTION,SIDE_OF_HWY,TOW_AWAY,COLLISION_SEVERITY,NUMBER_KILLED,NUMBER_INJURED,PARTY_COUNT,PRIMARY_COLL_FACTOR,PCF_CODE_OF_VIOL,PCF_VIOL_CATEGORY,PCF_VIOLATION,PCF_VIOL_SUBSECTION,HIT_AND_RUN,TYPE_OF_COLLISION,MVIW,PED_ACTION,ROAD_SURFACE,ROAD_COND_1,ROAD_COND_2,LIGHTING,CONTROL_DEVICE,CHP_ROAD_TYPE,PEDESTRIAN_ACCIDENT,BICYCLE_ACCIDENT,MOTORCYCLE_ACCIDENT,TRUCK_ACCIDENT,NOT_PRIVATE_PROPERTY,ALCOHOL_INVOLVED,STWD_VEHTYPE_AT_FAULT,CHP_VEHTYPE_AT_FAULT,COUNT_SEVERE_INJ,COUNT_VISIBLE_INJ,COUNT_COMPLAINT_PAIN,COUNT_PED_KILLED,COUNT_PED_INJURED,COUNT_BICYCLIST_KILLED,COUNT_BICYCLIST_INJURED,COUNT_MC_KILLED,COUNT_MC_INJURED,PRIMARY_RAMP,SECONDARY_RAMP,LATITUDE,LONGITUDE,COUNTY,CITY,POINT_X,POINT_Y
7142227,2015,2015-12-28,3711,2015-12-08,1715,6339,NA,2,5,7,3711,0,0,0,NA,0,242,BLACK MOUNTAIN RD,MAYA LINDA RD,100,N,N,A,-,N,NA,NA,NA,NA,NA,NA,NA,NA,NA,N,4,0,2,2,A,-,04,21703,NA,N,C,C,A,A,H,-,B,A,0,NA,NA,NA,NA,Y,NA,-,NA,0,0,2,0,0,0,0,0,0,-,-,NA,NA,SAN DIEGO,SAN DIEGO,-117.12373827,32.90129948
7142645,2015,2015-12-23,3711,2015-12-05,2110,3815,NA,6,5,7,3711,0,0,0,NA,0,115,ESPLANADE CT,GENESEE AV,9,W,N,A,-,N,NA,NA,NA,NA,NA,NA,NA,NA,NA,Y,4,0,2,2,A,-,12,21453,A,N,D,C,A,A,H,-,C,A,0,NA,NA,NA,NA,Y,NA,A,01,0,0,2,0,0,0,0,0,0,-,-,NA,NA,SAN DIEGO,SAN DIEGO,-117.21418918,32.86994877
7144594,2015,2016-01-05,3711,2015-12-18,0830,5384,NA,5,5,7,3711,0,0,0,NA,0,722,CORONADO AV,GREEN BAY ST,306,E,N,A,-,N,NA,NA,NA,NA,NA,NA,NA,NA,NA,N,4,0,1,3,A,-,03,22350,NA,M,C,C,A,A,H,-,A,A,0,NA,NA,NA,NA,Y,NA,-,NA,0,0,1,0,0,0,0,0,0,-,-,NA,NA,SAN DIEGO,SAN DIEGO,-117.08735016,32.5765
7144597,2015,2016-01-05,3711,2015-12-15,1128,7095,NA,2,5,7,3711,0,0,0,NA,0,722,HOLLISTER ST,HOLLISTER ST 1700,0,NA,-,A,-,N,NA,NA,NA,NA,NA,NA,NA,NA,NA,N,4,0,1,2,A,-,04,21703,NA,N,C,C,A,A,H,-,A,A,0,NA,NA,NA,NA,Y,NA,-,-,0,0,1,0,0,0,0,0,0,-,-,NA,NA,SAN DIEGO,SAN DIEGO,-117.08406776,32.56640087
7144962,2015,2016-01-05,3700,2015-11-14,0028,SH0013,NA,6,5,4,3780,0,0,0,NA,0,411,TWIN PEAKS RD,ESPOLA RD,85,W,N,A,-,N,NA,NA,NA,NA,NA,NA,NA,NA,NA,Y,3,0,1,1,A,-,01,23152,A,N,E,I,A,A,H,-,C,A,0,NA,NA,NA,NA,Y,Y,A,01,0,1,0,0,0,0,0,0,0,-,-,NA,NA,SAN DIEGO,POWAY,-117.02353621,32.97812
7145186,2015,2017-02-03,3700,2015-12-07,1919,SH0236,NA,1,5,5,3713,0,0,0,NA,0,308,WEST VISTA WY,RT 78,0,NA,Y,A,-,Y,SD,11,78,-,-,5.75,R,4,W,N,4,0,1,2,A,-,17,21461,A,N,H,D,A,A,H,-,C,A,0,NA,NA,NA,NA,Y,NA,A,01,0,0,1,0,0,0,0,0,0,-,WO,NA,NA,SAN DIEGO,VISTA,-117.2576287,33.1942821
7145272,2015,2015-12-28,3700,2015-11-10,1021,SH0029,NA,2,5,5,3713,0,0,0,NA,0,314,CIVIC CENTER DR,SOUTH SANTA FE AV,26,N,N,A,-,N,NA,NA,NA,NA,NA,NA,NA,NA,NA,N,4,0,1,2,A,-,08,22107,NA,M,E,I,F,A,H,-,A,A,0,Y,NA,NA,NA,Y,NA,A,01,0,0,1,0,1,0,0,0,0,-,-,NA,NA,SAN DIEGO,VISTA,-117.23430303,33.19394409
7146143,2015,2015-12-30,3711,2015-12-10,1647,5046,NA,4,5,7,3711,0,0,0,NA,0,312,CLAIREMONT MESA BL,SANTO RD,375,W,N,A,-,N,NA,NA,NA,NA,NA,NA,NA,NA,NA,Y,2,0,1,2,A,-,09,21801,A,F,D,C,A,A,H,-,A,D,0,NA,NA,Y,NA,Y,NA,A,01,1,0,0,0,0,0,0,0,1,-,-,NA,NA,SAN DIEGO,SAN DIEGO,-117.1046274,32.82966633
7149379,2015,2016-01-06,3711,2015-12-26,1947,7171,NA,6,5,7,3711,0,0,0,NA,0,612,ROSECRANS ST,MADRID,100,N,N,A,-,N,NA,NA,NA,NA,NA,NA,NA,NA,NA,Y,4,0,2,3,A,-,08,22107,NA,N,C,C,A,A,H,-,C,D,0,NA,NA,NA,NA,Y,Y,A,01,0,0,2,0,0,0,0,0,0,-,-,NA,NA,SAN DIEGO,SAN DIEGO,-117.20999762,32.7467908
7149395,2015,2016-01-06,3711,2015-12-23,1751,5918,NA,3,5,7,3711,0,0,0,NA,0,434,SAN FELIPE ST,SUNNYSIDE ST,0,NA,Y,A,-,N,NA,NA,NA,NA,NA,NA,NA,NA,NA,N,3,0,2,2,A,-,12,22450,A,N,D,C,A,A,H,-,C,A,0,NA,NA,NA,NA,Y,NA,-,NA,0,1,1,0,0,0,0,0,0,-,-,NA,NA,SAN DIEGO,SAN DIEGO,-117.02536001,32.70922003
7150900,2015,2016-01-14,3711,2015-12-18,0310,5972,NA,5,5,7,3711,0,0,0,NA,0,114,CLAIREMONT MESA BL,LUNA AV,193,S,N,A,-,N,NA,NA,NA,NA,NA,NA,NA,NA,NA,Y,2,0,1,2,A,-,08,22107,NA,N,C,E,A,A,H,-,C,D,0,NA,NA,NA,NA,Y,Y,A,07,1,0,0,0,0,0,0,0,0,-,-,NA,NA,SAN DIEGO,SAN DIEGO,-117.21574159,32.83074398
7151105,2015,2016-01-19,3711,2015-12-31,0827,7354,NA,4,5,7,3711,0,0,0,NA,0,821,MONTEZUMA RD,EL CAJON BL,126,N,N,A,-,N,NA,NA,NA,NA,NA,NA,NA,NA,NA,Y,4,0,1,3,A,-,05,21650,NA,N,A,C,A,A,H,-,A,D,0,NA,NA,NA,NA,Y,NA,-,NA,0,0,1,0,0,0,0,0,0,-,-,NA,NA,SAN DIEGO,SAN DIEGO,-117.05451848,32.76862358
7151264,2015,2016-01-14,3711,2015-12-31,1958,6930,NA,4,5,7,3711,0,0,0,NA,0,511,SOUTH 28TH ST,NATIONAL AV,155,N,N,A,-,N,NA,NA,NA,NA,NA,NA,NA,NA,NA,N,4,0,1,2,A,-,11,21954,A,N,G,B,D,A,H,-,E,D,0,Y,NA,NA,NA,Y,Y,N,60,0,0,1,0,1,0,0,0,0,-,-,NA,NA,SAN DIEGO,SAN DIEGO,-117.13381572,32.69636438
7152019,2015,2016-01-19,3706,2015-12-09,1403,342,ESPD,3,5,6,3706,0,0,0,NA,0,056,VALLEY PKWY,MIDWAY DR,31,W,N,A,-,N,NA,NA,NA,NA,NA,NA,NA,NA,NA,Y,3,0,1,3,A,-,03,22350,NA,N,C,-,A,A,H,-,A,A,0,NA,NA,NA,NA,Y,NA,A,01,0,1,0,0,0,0,0,0,0,-,-,NA,NA,SAN DIEGO,ESCONDIDO,-117.05189855,33.13746927
7152228,2015,2016-01-13,3706,2015-12-10,1526,342,NA,4,5,6,3706,0,0,0,NA,0,NA,VALLEY PKWY,BEVEN,185,E,N,B,-,N,NA,NA,NA,NA,NA,NA,NA,NA,NA,N,4,0,2,3,A,-,03,22350,NA,F,C,C,A,A,H,-,A,D,0,NA,NA,NA,NA,Y,NA,A,01,0,0,2,0,0,0,0,0,0,-,-,NA,NA,SAN DIEGO,ESCONDIDO,-117.03150721,33.155399
7152284,2015,2016-01-14,3702,2015-10-14,1857,CV0935,NA,3,5,6,3702,0,0,0,NA,0,012,BROADWAY,G ST,0,NA,Y,A,-,N,NA,NA,NA,NA,NA,NA,NA,NA,NA,N,4,0,2,3,A,-,10,21950,A,N,G,B,B,A,H,-,C,A,0,Y,NA,NA,NA,Y,NA,A,08,0,0,2,0,2,0,0,0,0,-,-,NA,NA,SAN DIEGO,CHULA VISTA,-117.09081006,32.63441001
7152326,2015,2016-01-12,3702,2015-10-26,1822,CV1053,NA,1,5,6,3702,0,0,0,NA,0,023,E NAPLES,CLOUDWALK CANYON DR,200,E,N,A,-,N,NA,NA,NA,NA,NA,NA,NA,NA,NA,Y,4,0,2,2,A,-,08,22107,NA,N,B,E,A,A,H,-,C,D,0,NA,NA,NA,NA,Y,NA,A,01,0,0,2,0,0,0,0,0,0,-,-,NA,NA,SAN DIEGO,CHULA VISTA,-117.03005581,32.62280621
7156914,2016,2016-03-02,3709,2016-01-03,1800,481,3709,7,5,5,3709,0,0,0,NA,0,021,EAST 8TH ST,T AV,41,E,N,A,-,N,NA,NA,NA,NA,NA,NA,NA,NA,NA,N,4,0,1,2,A,-,11,21955,NA,N,G,B,D,A,H,-,D,D,0,Y,NA,NA,NA,Y,NA,N,60,0,0,1,0,1,0,0,0,0,-,-,NA,NA,SAN DIEGO,NATIONAL CITY,-117.08618313,32.68165318
7158419,2016,2016-01-27,3711,2016-01-11,1358,7080,NA,1,5,7,3711,0,0,0,NA,0,433,HILGER ST,GIBSON ST,15840,E,N,A,-,N,NA,NA,NA,NA,NA,NA,NA,NA,NA,N,4,0,1,2,A,-,09,21804,A,N,A,C,A,A,H,-,A,D,0,NA,NA,NA,NA,Y,NA,-,-,0,0,1,0,0,0,0,0,0,-,-,NA,NA,SAN DIEGO,SAN DIEGO,-117.05176,32.71747
7158502,2016,2016-01-28,3711,2016-01-17,1531,5755,NA,7,5,7,3711,0,0,0,NA,0,2324,WEST BERNARDO DR,BERNARDO DR,60,S,N,A,-,N,NA,NA,NA,NA,NA,NA,NA,NA,NA,Y,4,0,1,2,A,-,01,23152,A,N,C,C,A,A,H,-,A,D,0,NA,NA,NA,NA,Y,Y,A,01,0,0,1,0,0,0,0,0,0,-,-,NA,NA,SAN DIEGO,SAN DIEGO,-117.09132313,33.01153764
7159131,2016,2016-02-10,3700,2016-02-01,2208,SH0817,NA,1,5,5,3713,0,0,0,NA,0,319,SOUTH MELROSE DR,DAWSON DR,0,NA,Y,A,-,N,NA,NA,NA,NA,NA,NA,NA,NA,NA,Y,3,0,1,2,A,-,01,23152,A,N,D,D,A,A,H,-,C,A,0,NA,NA,NA,NA,Y,Y,A,07,0,1,0,0,0,0,0,0,0,-,-,NA,NA,SAN DIEGO,VISTA,-117.24223007,33.15017002
7159817,2016,2016-01-20,3711,2016-01-04,2257,6874,NA,1,5,7,3711,0,0,0,NA,0,522,1ST AV,W MARKET,18,S,N,C,-,N,NA,NA,NA,NA,NA,NA,NA,NA,NA,Y,3,0,4,2,A,-,12,21453,A,N,D,C,A,B,H,-,C,A,0,NA,NA,NA,NA,Y,NA,-,NA,0,1,3,0,0,0,0,0,0,-,-,NA,NA,SAN DIEGO,SAN DIEGO,-117.16379,32.71146069
7159864,2016,2016-01-20,3711,2016-01-03,1932,6513,NA,7,5,7,3711,0,0,0,NA,0,233,RANCHO PENASQUITOS BL,CALLE DE LAS ROSAS,216,N,N,B,-,N,NA,NA,NA,NA,NA,NA,NA,NA,NA,Y,3,0,1,3,A,-,08,22107,NA,N,C,E,A,A,H,-,C,D,0,NA,NA,NA,NA,Y,Y,A,01,0,1,0,0,0,0,0,0,0,-,-,NA,NA,SAN DIEGO,SAN DIEGO,-117.11051891,32.95671546
7161061,2016,2016-01-25,3710,2016-01-07,1750,OC1185,NA,4,5,6,3710,0,0,0,NA,0,011,MISSION AV,CAREY RD,32,W,N,B,-,N,NA,NA,NA,NA,NA,NA,NA,NA,NA,N,4,0,2,2,A,-,05,21650,NA,F,C,C,A,B,H,-,C,A,0,NA,NA,NA,NA,Y,Y,A,01,0,0,2,0,0,0,0,0,0,-,-,NA,NA,SAN DIEGO,OCEANSIDE,-117.36161783,33.20709163
7162731,2015,2017-01-17,9645,2015-09-17,0854,14804,NA,4,1,7,3711,0,1,1,NA,2,011,RT 805,HOME AV,2640,N,N,A,-,Y,SD,11,805,-,-,14.48,H,-,N,Y,4,0,1,2,A,-,07,21658,A,F,B,C,A,A,H,-,A,D,1,NA,NA,NA,NA,Y,NA,A,01,0,0,1,0,0,0,0,0,0,-,-,32.73107,-117.10951,SAN DIEGO,SAN DIEGO,-117.10929072,32.73090066
7165523,2016,2016-01-26,3706,2016-01-02,1840,458,ESPD,6,5,6,3706,0,0,0,NA,0,042,BROADWAY,MISSION AV,64,N,N,A,-,N,NA,NA,78,NA,NA,NA,NA,NA,NA,N,3,0,4,2,A,-,03,22350,NA,F,C,C,A,A,H,-,C,A,0,NA,NA,NA,NA,Y,NA,A,01,0,1,3,0,0,0,0,0,0,-,-,33.13046,-117.08545,SAN DIEGO,ESCONDIDO,-117.08541363,33.13047594
7169152,2016,2016-01-27,3711,2016-01-08,0930,5498,NA,5,5,7,3711,0,0,0,NA,0,524,ASH ST,1ST AV,0,NA,Y,A,-,N,NA,NA,NA,NA,NA,NA,NA,NA,NA,Y,3,0,1,3,A,-,12,21453,A,N,D,C,A,A,H,-,A,A,0,NA,NA,NA,NA,Y,NA,A,01,0,1,0,0,0,0,0,0,0,-,-,NA,NA,SAN DIEGO,SAN DIEGO,-117.16385003,32.71987009
7170193,2016,2016-02-03,3711,2016-01-24,1705,6070,NA,7,5,7,3711,0,0,0,NA,0,122,OCEAN BL,OCEAN BL 4767,0,NA,N,A,-,N,NA,NA,NA,NA,NA,NA,NA,NA,NA,N,3,0,1,1,D,-,00,NA,NA,N,E,-,A,A,H,-,B,D,0,NA,Y,NA,NA,Y,Y,-,-,0,1,0,0,0,0,1,0,0,-,-,NA,NA,SAN DIEGO,SAN DIEGO,-117.2585696,32.80040533
7170431,2016,2016-08-24,3711,2016-01-13,1743,5604,NA,3,5,7,3711,0,0,0,NA,0,611,ROSECRANS ST,MIDWAY DR,100,N,N,A,-,N,NA,NA,NA,NA,NA,NA,NA,NA,NA,N,4,0,1,2,A,-,10,21952,NA,N,G,B,F,A,H,-,C,D,0,Y,NA,NA,NA,Y,NA,-,NA,0,0,1,0,1,0,0,0,0,-,-,NA,NA,SAN DIEGO,SAN DIEGO,-117.20598334,32.74992399
7170608,2016,2016-01-29,3706,2016-01-11,0650,ES0412,NA,1,5,6,3706,0,0,0,NA,0,055,13TH AV,TULIP ST,332,E,N,A,-,N,NA,NA,NA,NA,NA,NA,NA,NA,NA,Y,4,0,2,2,A,-,09,21804,A,N,B,C,A,A,H,-,A,D,0,NA,NA,NA,NA,Y,NA,A,01,0,0,2,0,0,0,0,0,0,-,-,NA,NA,SAN DIEGO,ESCONDIDO,-117.08371484,33.10593551
7170631,2016,2016-01-29,3709,2016-01-22,1324,424,SOUTH,5,5,5,3709,0,0,0,NA,0,020,HIGHLAND AV,3RD ST,0,NA,Y,A,-,N,NA,NA,NA,NA,NA,NA,NA,NA,NA,N,3,0,1,2,C,-,18,NA,NA,N,G,B,F,A,H,-,A,D,0,Y,NA,NA,NA,Y,NA,-,-,0,1,0,0,1,0,0,0,0,-,-,NA,NA,SAN DIEGO,NATIONAL CITY,-117.10041003,32.68246001
7171235,2015,2016-02-03,3702,2015-11-29,1443,CV0816,NA,7,5,6,3702,0,0,0,NA,0,014,2ND AV,D ST,0,NA,Y,A,-,N,NA,NA,NA,NA,NA,NA,NA,NA,NA,Y,3,0,4,2,A,-,08,22107,NA,N,A,C,A,A,H,-,A,A,0,NA,NA,NA,NA,Y,NA,A,01,0,3,1,0,0,0,0,0,0,-,-,NA,NA,SAN DIEGO,CHULA VISTA,-117.07848002,32.6493201
7171240,2015,2016-02-02,3702,2015-11-04,1443,CV1101,NA,3,5,6,3702,0,0,0,NA,0,021,OXFORD ST,BROADWAY AV,105,E,N,A,-,N,NA,NA,NA,NA,NA,NA,NA,NA,NA,N,4,0,1,2,A,-,21,22106,NA,N,C,C,A,A,H,-,A,A,0,NA,NA,NA,NA,Y,NA,A,01,0,0,1,0,0,0,0,0,0,-,-,NA,NA,SAN DIEGO,CHULA VISTA,-117.07974345,32.60684361
7171379,2016,2016-02-01,3702,2016-01-24,1148,CV0662,NA,7,5,6,3702,0,0,0,NA,0,042,WUESTE RD,OLYMPIC PKWY,7392,S,N,A,-,N,NA,NA,NA,NA,NA,NA,NA,NA,NA,Y,3,0,1,2,A,-,03,22350,NA,N,C,C,A,A,H,-,A,D,0,NA,NA,Y,NA,Y,NA,C,02,0,1,0,0,0,0,0,0,1,-,-,NA,NA,SAN DIEGO,CHULA VISTA,-116.93440188,32.61853849
7172483,2016,2016-02-02,3711,2016-01-21,1040,5496,NA,4,5,7,3711,0,0,0,NA,0,124,LA JOLLA VILLAGE DR,VILLA LA JOLLA DR,30,E,N,A,-,N,NA,NA,NA,NA,NA,NA,NA,NA,NA,N,4,0,1,2,A,-,21,22106,NA,N,G,B,F,A,H,-,A,D,0,Y,NA,NA,NA,Y,NA,-,NA,0,0,1,0,1,0,0,0,0,-,-,NA,NA,SAN DIEGO,SAN DIEGO,-117.23380284,32.87177429
7172493,2016,2016-02-02,3711,2016-01-19,0902,6304,NA,2,5,7,3711,0,0,0,NA,0,124,COAST BL S,JENNER ST,18,E,N,A,-,N,NA,NA,NA,NA,NA,NA,NA,NA,NA,N,4,0,1,2,A,-,08,22107,NA,N,G,B,B,A,H,-,A,A,0,Y,NA,NA,NA,Y,NA,-,NA,0,0,1,0,1,0,0,0,0,-,-,NA,NA,SAN DIEGO,SAN DIEGO,-117.27646451,32.84729095
7174201,2016,2017-02-10,3711,2016-01-19,1945,6562,NA,2,5,7,3711,0,0,0,NA,0,838,EL CAJON BL,RT 805,10,E,N,C,-,Y,SD,11,805,-,-,16.282,R,4,N,NA,4,0,1,2,A,-,08,22107,NA,N,C,C,A,B,H,-,C,A,0,NA,NA,NA,NA,Y,NA,-,NA,0,0,1,0,0,0,0,0,0,-,-,NA,NA,SAN DIEGO,SAN DIEGO,-117.12414221,32.75321634
7174714,2015,2016-02-05,3702,2015-11-08,1930,CV1125,NA,7,5,6,3702,0,0,0,NA,0,042,OLYMPIC PKWY,E PALOMAR,615,E,N,A,-,N,NA,NA,NA,NA,NA,NA,NA,NA,NA,N,3,0,1,2,A,-,01,23152,A,M,B,C,A,A,H,-,C,D,0,NA,NA,Y,NA,Y,Y,C,02,0,1,0,0,0,0,0,0,1,-,-,NA,NA,SAN DIEGO,CHULA VISTA,-116.97794902,32.63059388
7175226,2016,2016-02-05,3711,2016-01-25,2306,5669,NA,1,5,7,3711,0,0,0,NA,0,611,PACIFIC HWY,BARNETT AV,0,NA,Y,A,-,N,NA,NA,NA,NA,NA,NA,NA,NA,NA,N,3,0,1,2,A,-,08,22107,NA,N,C,G,A,A,H,-,C,D,0,NA,Y,NA,NA,Y,NA,L,04,0,1,0,0,0,0,1,0,0,-,-,NA,NA,SAN DIEGO,SAN DIEGO,-117.19582915,32.74579579
7175987,2016,2016-02-08,3711,2016-01-27,0745,7290,SANDI,3,5,7,3711,0,0,0,NA,0,325,NAVAJO RD,JACKSON DR,528,W,N,A,-,N,NA,NA,NA,NA,NA,NA,NA,NA,NA,Y,4,0,1,2,A,-,03,22350,NA,N,C,C,A,A,H,-,A,D,0,NA,NA,NA,NA,Y,NA,A,01,0,0,1,0,0,0,0,0,0,-,-,NA,NA,SAN DIEGO,SAN DIEGO,-117.04754102,32.80318581
7176015,2016,2016-02-24,3711,2016-01-28,1913,7044,NA,4,5,7,3711,0,0,0,NA,0,624,MEADE AV,TEXAS ST,21,E,N,A,-,N,NA,NA,NA,NA,NA,NA,NA,NA,NA,N,3,0,1,2,A,-,09,21801,A,N,A,G,A,A,H,-,C,A,0,NA,Y,NA,NA,Y,NA,-,NA,0,1,0,0,0,0,1,0,0,-,-,NA,NA,SAN DIEGO,SAN DIEGO,-117.13878192,32.75724
7176405,2015,2016-02-10,3705,2015-11-16,1201,EC0279,NA,1,5,5,3705,0,0,0,NA,0,008,AVOCADO,HORIZON HILLS,0,NA,Y,B,-,N,NA,NA,NA,NA,NA,NA,NA,NA,NA,Y,3,0,2,2,A,-,09,21802,A,N,D,C,A,A,H,-,A,-,0,NA,NA,NA,NA,Y,NA,A,01,0,1,1,0,0,0,0,0,0,-,-,NA,NA,SAN DIEGO,EL CAJON,-116.95814004,32.77023005
7176670,2016,2016-02-09,3711,2016-01-21,1830,4527,NA,4,5,7,3711,0,0,0,NA,0,529,5TH AV,GRAPE,21,N,N,B,-,N,NA,NA,NA,NA,NA,NA,NA,NA,NA,N,4,0,2,3,A,-,10,21950,A,M,A,B,B,A,H,-,C,A,0,Y,NA,NA,NA,Y,NA,-,NA,0,0,2,0,2,0,0,0,0,-,-,NA,NA,SAN DIEGO,SAN DIEGO,-117.16027,32.72625753
7176671,2016,2016-02-04,3711,2016-01-25,1700,7168,NA,1,5,7,3711,0,0,0,NA,0,521,F ST,15TH ST,0,NA,Y,A,-,N,NA,NA,NA,NA,NA,NA,NA,NA,NA,Y,4,0,1,3,A,-,09,21802,A,N,D,C,A,A,H,-,B,D,0,NA,NA,NA,NA,Y,NA,-,NA,0,0,1,0,0,0,0,0,0,-,-,NA,NA,SAN DIEGO,SAN DIEGO,-117.15038001,32.7136701
7177237,2016,2016-02-09,3701,2016-01-15,1155,5363,127,5,5,5,3701,0,0,0,NA,0,008,CALLE ACERVO,CAMINO CORTE,133,S,N,A,-,N,NA,NA,NA,NA,NA,NA,NA,NA,NA,Y,2,0,1,1,A,-,03,22350,NA,N,E,I,A,A,H,-,A,D,0,NA,NA,NA,NA,Y,NA,A,01,1,0,0,0,0,0,0,0,0,-,-,NA,NA,SAN DIEGO,CARLSBAD,-117.23293419,33.06658027
7178010,2015,2016-02-09,3705,2015-12-03,2213,EC0337,NA,4,5,5,3705,0,0,0,NA,0,009,E MAIN,S 1ST,20,W,N,A,-,N,NA,NA,NA,NA,NA,NA,NA,NA,NA,Y,3,0,2,2,A,-,03,22350,NA,N,C,C,A,A,H,-,C,A,0,NA,NA,NA,NA,Y,NA,A,01,0,1,1,0,0,0,0,0,0,-,-,NA,NA,SAN DIEGO,EL CAJON,-116.94466485,32.79494
7178021,2015,2016-02-09,3705,2015-12-24,1325,EC0281,NA,4,5,5,3705,0,0,0,NA,0,008,AVOCADO,HORIZON HILLS,0,NA,Y,B,-,N,NA,NA,NA,NA,NA,NA,NA,NA,NA,Y,4,0,2,2,A,-,09,21802,A,N,D,C,A,A,H,-,A,D,0,NA,NA,NA,NA,Y,NA,A,08,0,0,2,0,0,0,0,0,0,-,-,NA,NA,SAN DIEGO,EL CAJON,-116.95814004,32.77023005
7178029,2015,2016-02-09,3705,2015-12-29,1204,EC5258,NA,2,5,5,3705,0,0,0,NA,0,009,SHADY LN,MAIN ST,6,N,N,A,-,N,NA,NA,NA,NA,NA,NA,NA,NA,NA,N,4,0,1,2,A,-,10,21950,A,M,G,B,B,A,H,-,A,A,0,Y,NA,NA,NA,Y,NA,A,08,0,0,1,0,1,0,0,0,0,-,-,NA,NA,SAN DIEGO,EL CAJON,-116.93798045,32.79495643
7178202,2016,2016-02-12,3711,2016-01-29,2321,7124,NA,5,5,7,3711,0,0,0,NA,0,443,FRANKLIN AV,S 39TH ST,126,E,N,A,-,N,NA,NA,NA,NA,NA,NA,NA,NA,NA,Y,2,0,1,3,A,-,08,22107,NA,N,A,E,A,A,H,-,D,D,0,NA,NA,NA,NA,Y,NA,A,01,1,0,0,0,0,0,0,0,0,-,-,NA,NA,SAN DIEGO,SAN DIEGO,-117.10995181,32.70223361
7180370,2016,2016-08-24,3705,2016-01-06,2207,EC0324,NA,3,5,5,3705,0,0,0,NA,0,009,DOROTHY,GRANITE HILLS DR,75,N,N,A,-,N,NA,NA,NA,NA,NA,NA,NA,NA,NA,N,4,0,1,1,A,-,03,22350,NA,N,E,I,A,B,H,-,C,D,0,NA,NA,Y,NA,Y,NA,C,02,0,0,1,0,0,0,0,0,1,-,-,NA,NA,SAN DIEGO,EL CAJON,-116.93365,32.78545539
7184442,2016,2016-02-25,3711,2016-01-24,0300,6715,NA,7,5,7,3711,0,0,0,NA,0,511,NATIONAL AV,NATIONAL AV 2000,0,NA,N,B,-,N,NA,NA,NA,NA,NA,NA,NA,NA,NA,N,3,0,1,2,C,-,18,NA,NA,N,G,B,E,A,H,-,C,D,0,Y,NA,NA,NA,Y,Y,-,-,0,1,0,0,1,0,0,0,0,-,-,NA,NA,SAN DIEGO,SAN DIEGO,-117.14336336,32.69944504
7184478,2016,2016-02-19,3711,2016-02-04,2151,4310,NA,4,5,7,3711,0,0,0,NA,0,122,INGRAHAM ST,PACIFIC BEACH DR,99,N,N,A,-,N,NA,NA,NA,NA,NA,NA,NA,NA,NA,Y,3,0,2,2,A,-,08,22107,NA,M,B,E,A,A,H,-,E,D,0,NA,NA,NA,NA,Y,Y,A,01,0,1,1,0,0,0,0,0,0,-,-,NA,NA,SAN DIEGO,SAN DIEGO,-117.23916927,32.79420484
7187075,2016,2016-02-26,3711,2016-02-13,2305,6295,SD,6,5,7,3711,0,0,0,NA,0,521,13TH ST,ISLAND AV,0,NA,Y,A,-,N,NA,NA,NA,NA,NA,NA,NA,NA,NA,N,4,0,1,2,A,-,09,21802,A,N,D,G,A,A,H,-,C,A,0,NA,Y,NA,NA,Y,Y,-,NA,0,0,1,0,0,0,1,0,0,-,-,NA,NA,SAN DIEGO,SAN DIEGO,-117.15281001,32.71046004
7187116,2016,2016-02-26,3711,2016-02-13,1219,7157,NA,6,5,7,3711,0,0,0,NA,0,441,T ST,S 38TH ST,355,W,N,A,-,N,NA,NA,NA,NA,NA,NA,NA,NA,NA,N,3,0,1,2,A,-,11,21950,B,N,G,B,D,A,H,-,A,D,0,Y,NA,NA,NA,Y,NA,N,60,0,1,0,0,1,0,0,0,0,-,-,NA,NA,SAN DIEGO,SAN DIEGO,-117.11363007,32.698949999999996
7187119,2016,2016-02-26,3711,2016-02-15,1458,6443,NA,1,5,7,3711,0,0,0,NA,0,823,BATES ST,58TH ST,200,W,N,A,-,N,NA,NA,NA,NA,NA,NA,NA,NA,NA,Y,4,0,1,2,A,-,09,21804,A,N,D,C,A,A,H,-,A,D,0,NA,NA,NA,NA,Y,NA,-,NA,0,0,1,0,0,0,0,0,0,-,-,NA,NA,SAN DIEGO,SAN DIEGO,-117.07204266,32.74754
7189968,2016,2016-02-22,3701,2016-02-07,1213,5449,3701,7,5,5,3701,0,0,0,NA,0,007,EL CAMINIO REAL,ARENAL RD,528,S,N,A,-,N,NA,NA,NA,NA,NA,NA,NA,NA,NA,Y,4,0,2,1,C,-,18,NA,NA,N,-,-,A,A,H,-,A,D,0,NA,NA,NA,NA,Y,NA,-,-,0,0,2,0,0,0,0,0,0,-,-,33.09174,-117.26912,SAN DIEGO,CARLSBAD,-117.26843435,33.09319999
7190367,2016,2016-09-23,3711,2016-07-31,1911,4310,NA,7,5,7,3711,0,0,0,NA,0,121,MISSION BAY DR,GLEASON RD,0,NA,Y,A,-,N,NA,NA,NA,NA,NA,NA,NA,NA,NA,Y,1,1,1,1,A,-,08,22107,NA,N,E,I,A,A,H,-,A,A,0,NA,NA,NA,NA,Y,Y,D,22,0,0,1,0,0,0,0,0,0,-,-,NA,NA,SAN DIEGO,SAN DIEGO,-117.24692006,32.77118001
7191350,2016,2016-03-01,3705,2016-02-03,2251,EC0297,NA,3,5,5,3705,0,0,0,NA,0,006,S MARSHALL AV,W PALM AV,147,N,N,A,-,N,NA,NA,NA,NA,NA,NA,NA,NA,NA,N,4,0,1,2,A,-,11,21955,NA,N,D,B,D,A,H,-,D,A,0,Y,NA,NA,NA,Y,NA,N,60,0,0,1,0,1,0,0,0,0,-,-,NA,NA,SAN DIEGO,EL CAJON,-116.97551332,32.79173258