CASE_ID,ACCIDENT_YEAR,PROC_DATE,JURIS,COLLISION_DATE,COLLISION_TIME,OFFICER_ID,REPORTING_DISTRICT,DAY_OF_WEEK,CHP_SHIFT,POPULATION,CNTY_CITY_LOC,SPECIAL_COND,BEAT_TYPE,CHP_BEAT_TYPE,CITY_DIVISION_LAPD,CHP_BEAT_CLASS,BEAT_NUMBER,PRIMARY_RD,SECONDARY_RD,DISTANCE,DIRECTION,INTERSECTION,WEATHER_1,WEATHER_2,STATE_HWY_IND,CALTRANS_COUNTY,CALTRANS_DISTRICT,STATE_ROUTE,ROUTE_SUFFIX,POSTMILE_PREFIX,POSTMILE,LOCATION_TYPE,RAMP_INTERSECTION,SIDE_OF_HWY,TOW_AWAY,COLLISION_SEVERITY,NUMBER_KILLED,NUMBER_INJURED,PARTY_COUNT,PRIMARY_COLL_FACTOR,PCF_CODE_OF_VIOL,PCF_VIOL_CATEGORY,PCF_VIOLATION,PCF_VIOL_SUBSECTION,HIT_AND_RUN,TYPE_OF_COLLISION,MVIW,PED_ACTION,ROAD_SURFACE,ROAD_COND_1,ROAD_COND_2,LIGHTING,CONTROL_DEVICE,CHP_ROAD_TYPE,PEDESTRIAN_ACCIDENT,BICYCLE_ACCIDENT,MOTORCYCLE_ACCIDENT,TRUCK_ACCIDENT,NOT_PRIVATE_PROPERTY,ALCOHOL_INVOLVED,STWD_VEHTYPE_AT_FAULT,CHP_VEHTYPE_AT_FAULT,COUNT_SEVERE_INJ,COUNT_VISIBLE_INJ,COUNT_COMPLAINT_PAIN,COUNT_PED_KILLED,COUNT_PED_INJURED,COUNT_BICYCLIST_KILLED,COUNT_BICYCLIST_INJURED,COUNT_MC_KILLED,COUNT_MC_INJURED,PRIMARY_RAMP,SECONDARY_RAMP,LATITUDE,LONGITUDE,COUNTY,CITY,POINT_X,POINT_Y
8178661,2016,2016-12-06,3711,2016-11-18,1615,6648,NA,5,5,7,3711,0,0,0,NA,0,321,FRIARS RD,RIVERDALE,0,NA,Y,A,-,N,NA,NA,NA,NA,NA,NA,NA,NA,NA,Y,4,0,1,2,A,-,03,22350,NA,N,C,C,A,A,H,-,B,A,0,NA,NA,NA,NA,Y,NA,-,NA,0,0,1,0,0,0,0,0,0,-,-,NA,NA,SAN DIEGO,SAN DIEGO,-117.09961011,32.79059007
8178668,2016,2016-12-06,3711,2016-11-18,1917,5089,NA,5,5,7,3711,0,0,0,NA,0,234,WEST BERNARDO DR,W BERNARDO DR 16100,8,W,N,A,-,N,NA,NA,NA,NA,NA,NA,NA,NA,NA,N,3,0,1,2,A,-,11,21456,B,N,G,B,B,A,H,-,C,A,0,Y,NA,NA,NA,Y,NA,N,60,0,1,0,0,1,0,0,0,0,-,-,NA,NA,SAN DIEGO,SAN DIEGO,NA,NA
8178703,2016,2017-01-06,3711,2016-11-21,0930,6521,NA,1,5,7,3711,0,0,0,NA,0,235,PASQUAL VALLEY RD,MILE MARKER 28.50,1320,E,N,B,C,N,NA,NA,NA,NA,NA,NA,NA,NA,NA,Y,3,0,1,1,A,-,03,22350,NA,N,F,I,A,B,H,-,A,D,0,NA,NA,NA,NA,Y,NA,-,NA,0,1,0,0,0,0,0,0,0,-,-,NA,NA,SAN DIEGO,SAN DIEGO,NA,NA
8178713,2016,2016-12-06,3711,2016-11-18,0649,7204,SD,5,5,7,3711,0,0,0,NA,0,124,LA JOLLA PKWY,TORREY PINES RD,72,E,N,A,-,N,NA,NA,NA,NA,NA,NA,NA,NA,NA,N,4,0,1,2,A,-,04,21703,NA,N,C,D,A,A,H,-,A,A,0,NA,NA,NA,NA,Y,NA,-,NA,0,0,1,0,0,0,0,0,0,-,-,NA,NA,SAN DIEGO,SAN DIEGO,-117.25274969,32.85047657
8179128,2016,2017-03-03,3700,2016-09-07,1320,SH5794,NA,3,5,5,3781,0,0,0,NA,0,516,MISSION GORGE RD,RT 125,0,NA,Y,A,-,Y,SD,11,125,-,-,22.301,I,5,N,N,4,0,1,2,A,-,09,21800,A,N,D,G,A,A,H,-,A,A,0,NA,Y,NA,NA,Y,NA,A,01,0,0,1,0,0,0,1,0,0,-,-,NA,NA,SAN DIEGO,SANTEE,-117.00318111,32.8385981
8179152,2016,2016-12-08,3700,2016-09-12,0715,SH7710,NA,1,5,5,3781,0,0,0,NA,0,515,WOODSIDE AV,WOODSIDE AV 10710,51,E,N,A,-,N,NA,NA,NA,NA,NA,NA,NA,NA,NA,Y,3,0,1,2,A,-,09,21804,A,N,A,C,A,A,H,-,A,A,0,NA,NA,Y,NA,Y,NA,A,01,0,1,0,0,0,0,0,0,1,-,-,NA,NA,SAN DIEGO,SANTEE,NA,NA
81794409,2022,2022-06-14,3706,2022-06-04,0058,518,ESCON,6,5,6,3706,0,0,0,NA,0,044,GOLDENROD ST,WASHINGTON AV,300,N,N,A,-,N,NA,NA,NA,NA,NA,NA,NA,NA,NA,Y,4,0,1,2,A,-,01,23152,A,N,D,E,A,A,H,-,C,D,0,NA,NA,NA,NA,Y,Y,A,07,0,0,1,0,0,0,0,0,0,-,-,33.14070129394531,-117.05470275878906,SAN DIEGO,ESCONDIDO,-117.05516052246094,33.14173126220703
8179446,2016,2017-03-27,3711,2016-11-23,1621,8334,NA,3,5,7,3711,0,0,0,NA,0,441,RT 805,43RD ST,2640,E,N,A,-,Y,SD,11,805,-,-,11.718,R,2,S,Y,4,0,1,1,A,-,08,22107,NA,N,F,A,A,A,H,-,A,A,0,NA,NA,NA,NA,Y,Y,-,NA,0,0,1,0,0,0,0,0,0,SF,-,NA,NA,SAN DIEGO,SAN DIEGO,-117.09501125,32.69506744
8179461,2016,2016-12-09,3711,2016-11-01,1915,7090,NA,2,5,7,3711,0,0,0,NA,0,511,CESAR CHAVEZ PKWY,LOGAN AV,0,NA,Y,A,-,N,NA,NA,NA,NA,NA,NA,NA,NA,NA,Y,4,0,1,2,A,-,12,21453,A,M,-,C,A,A,H,-,C,A,0,NA,NA,NA,NA,Y,NA,A,01,0,0,1,0,0,0,0,0,0,-,-,NA,NA,SAN DIEGO,SAN DIEGO,-117.14426994,32.70146005
8179493,2016,2016-12-09,3711,2016-11-29,0105,4310,NA,2,5,7,3711,0,0,0,NA,0,124,LA JOLLA PKWY,GORE POINT,303,W,N,A,-,N,NA,NA,NA,NA,NA,NA,NA,NA,NA,Y,4,0,3,1,A,-,08,22107,NA,N,E,I,A,A,H,-,E,D,0,NA,NA,NA,NA,Y,NA,A,01,0,0,3,0,0,0,0,0,0,-,-,NA,NA,SAN DIEGO,SAN DIEGO,NA,NA
8179672,2016,2016-12-12,3705,2016-11-07,1510,EC0337,NA,1,5,5,3705,0,0,0,NA,0,009,EAST MADISON,SHADY LN,310,E,N,A,-,N,NA,NA,NA,NA,NA,NA,NA,NA,NA,N,4,0,1,2,A,-,03,22350,NA,N,D,C,A,A,H,-,A,D,0,NA,NA,Y,NA,Y,NA,C,02,0,0,1,0,0,0,0,0,1,-,-,NA,NA,SAN DIEGO,EL CAJON,-116.93701486,32.80013931
81800470,2022,2022-06-22,3706,2022-06-11,1422,546,ESCON,6,5,6,3706,0,0,0,NA,0,042,VALLEY PY,ELM ST,170,E,N,A,-,N,NA,NA,NA,NA,NA,NA,NA,NA,NA,N,3,0,1,2,A,-,07,21658,A,N,B,C,A,A,H,-,A,D,0,NA,NA,NA,NA,Y,NA,A,01,0,1,0,0,0,0,0,0,0,-,-,33.1279296875,-117.07267761230467,SAN DIEGO,ESCONDIDO,-117.07207489013672,33.12814712524414
8180159,2016,2016-12-12,3710,2016-12-04,0054,OC1417,NA,7,5,6,3710,0,0,0,NA,0,028,COLLEGE BL,OLD GROVE RD,256,S,N,A,-,N,NA,NA,NA,NA,NA,NA,NA,NA,NA,Y,4,0,1,1,A,-,03,22350,NA,N,B,A,A,A,H,-,C,A,0,NA,NA,NA,NA,Y,NA,A,01,0,0,1,0,0,0,0,0,0,-,-,NA,NA,SAN DIEGO,OCEANSIDE,-117.28720048,33.2166078
81823546,2022,2022-07-25,3701,2022-07-21,2023,CB5572,069,4,5,5,3701,0,0,0,NA,0,006,CARLSBAD BL,SOLAMAR DR (W),562,S,N,A,-,N,NA,NA,NA,NA,NA,NA,NA,NA,NA,N,3,0,2,2,A,-,03,22350,NA,N,C,G,A,A,H,-,D,D,0,NA,Y,NA,NA,Y,NA,L,04,0,2,0,0,0,0,2,0,0,-,-,33.12065124511719,-117.32723999023438,SAN DIEGO,CARLSBAD,-117.32649230957033,33.11927795410156
81837674,2022,2022-08-11,3706,2022-06-28,1940,565,ESCON,2,5,6,3706,0,0,0,NA,0,041,WASHINGTON AV,HICKORY ST,0,NA,Y,A,-,Y,SD,NA,78,NA,T,18.419,H,NA,R,Y,3,0,1,3,A,-,12,21453,A,N,D,C,A,A,H,-,A,A,0,NA,NA,NA,Y,Y,NA,A,01,0,1,0,0,0,0,0,0,0,-,-,33.12866973876953,-117.07823944091795,SAN DIEGO,ESCONDIDO,-117.07825469970705,33.12870788574219
81837791,2022,2022-08-11,3701,2022-08-08,2243,CB5585,071,1,5,5,3701,0,0,0,NA,0,006,6800 AVENIDA ENCINAS,EMBARCADERO LN,589,N,N,B,-,N,NA,NA,NA,NA,NA,NA,NA,NA,NA,Y,3,0,1,2,A,-,01,23152,B,N,C,E,A,A,H,-,C,D,0,NA,NA,NA,NA,Y,Y,A,01,0,1,0,0,0,0,0,0,0,-,-,NA,NA,SAN DIEGO,CARLSBAD,-117.32010650634766,33.11164855957031
81842141,2022,2022-08-17,3701,2022-08-11,0708,CB5492,107,4,5,5,3701,0,0,0,NA,0,007,MELROSE DR,RANCHO SANTA FE RD,0,NA,Y,A,-,N,NA,NA,NA,NA,NA,NA,NA,NA,NA,N,3,0,1,2,A,-,08,22107,NA,N,G,B,B,A,H,-,A,A,0,Y,NA,NA,NA,Y,NA,A,01,0,1,0,0,1,0,0,0,0,-,-,33.107078552246094,-117.22551727294922,SAN DIEGO,CARLSBAD,-117.22557830810548,33.10704803466797
81847351,2022,2022-08-24,3701,2022-08-12,1846,CB5582,NA,5,5,5,3701,0,0,0,NA,0,004,COLLEGE BL,RED BLUFF PL,483,N,N,A,-,N,NA,NA,NA,NA,NA,NA,NA,NA,NA,N,2,0,1,1,A,-,03,22350,NA,N,E,I,A,A,H,-,A,-,0,NA,Y,NA,NA,Y,NA,M,91,1,0,0,0,0,0,1,0,0,-,-,33.16402053833008,-117.29385375976563,SAN DIEGO,CARLSBAD,-117.2948760986328,33.16517639160156
81847352,2022,2022-08-24,3701,2022-08-14,0932,CB5579,077,7,5,5,3701,0,0,0,NA,0,006,COBBLESTONE DR,SAPPHIRE DR,257,S,N,A,-,N,NA,NA,NA,NA,NA,NA,NA,NA,NA,N,3,0,1,1,C,-,18,NA,NA,N,F,A,A,A,H,-,A,D,0,NA,Y,NA,NA,Y,NA,-,-,0,1,0,0,0,0,1,0,0,-,-,33.12031936645508,-117.29564666748048,SAN DIEGO,CARLSBAD,-117.29612731933594,33.11988067626953
8184866,2016,2016-12-15,3702,2016-11-21,1030,CV0658,NA,1,5,6,3702,0,0,0,NA,0,024,BROADWAY,BROADWAY 1395,0,NA,-,B,-,N,NA,NA,NA,NA,NA,NA,NA,NA,NA,N,4,0,1,2,A,-,05,21650,1,N,D,G,A,A,H,-,A,D,0,NA,Y,NA,NA,Y,NA,L,04,0,0,1,0,0,0,1,0,0,-,-,NA,NA,SAN DIEGO,CHULA VISTA,-117.07789779,32.60150303
8185032,2016,2016-12-15,3702,2016-12-03,2025,CV0982,NA,6,5,6,3702,0,0,0,NA,0,011,BROADWAY,CASSELMAN ST,80,S,N,A,-,N,NA,NA,NA,NA,NA,NA,NA,NA,NA,N,3,0,1,2,A,-,11,21954,A,F,G,B,D,A,H,-,C,D,0,Y,NA,NA,NA,Y,NA,N,60,0,1,0,0,1,0,0,0,0,-,-,NA,NA,SAN DIEGO,CHULA VISTA,-117.09510823,32.64544207
8185091,2016,2016-12-15,3702,2016-11-10,0755,CV1004,NA,4,5,6,3702,0,0,0,NA,0,031,EAST H ST,TERRA NOVA,0,NA,Y,A,-,N,NA,NA,NA,NA,NA,NA,NA,NA,NA,Y,4,0,3,2,A,-,12,21453,A,N,D,C,A,A,H,-,A,A,0,NA,NA,NA,NA,Y,NA,A,01,0,0,3,0,0,0,0,0,0,-,-,NA,NA,SAN DIEGO,CHULA VISTA,-117.04311002,32.63863002
8185111,2016,2016-12-15,3702,2016-11-10,1805,CV1178,NA,4,5,6,3702,0,0,0,NA,0,024,MAIN ST,MAIN CT,84,W,N,A,-,N,NA,NA,NA,NA,NA,NA,NA,NA,NA,Y,4,0,1,2,A,-,03,22350,NA,N,C,C,A,A,H,-,C,A,0,NA,NA,NA,NA,Y,Y,A,01,0,0,1,0,0,0,0,0,0,-,-,NA,NA,SAN DIEGO,CHULA VISTA,-117.03399173,32.59494523
81853733,2022,2022-08-31,3706,2022-08-05,2029,564,ESCON,5,5,6,3706,0,0,0,NA,0,044,MIDWAY DR,WASHINGTON AV,50,S,N,A,-,N,NA,NA,NA,NA,NA,NA,NA,NA,NA,Y,4,0,1,2,A,-,08,22107,NA,N,B,C,A,A,H,-,C,A,0,NA,NA,NA,NA,Y,NA,D,22,0,0,1,0,0,0,0,0,0,-,-,33.141578674316406,-117.0538330078125,SAN DIEGO,ESCONDIDO,-117.05377197265624,33.141395568847656
8185412,2016,2016-12-15,3706,2016-12-01,1745,378,ESCON,4,5,6,3706,0,0,0,NA,0,044,VALLEY PKWY,HARDING ST,0,NA,Y,A,-,N,NA,NA,NA,NA,NA,NA,NA,NA,NA,N,3,0,1,2,A,-,03,22350,NA,N,C,C,A,A,H,-,C,A,0,NA,NA,NA,NA,Y,NA,A,07,0,1,0,0,0,0,0,0,0,-,-,33.13203,-117.06366,SAN DIEGO,ESCONDIDO,-117.06357012,33.13207005
81854985,2022,2022-09-01,3701,2022-08-26,0802,CB5492,121,5,5,5,3701,0,0,0,NA,0,008,OLIVENHAIN RD,RANCHO SANTA FE RD,230,W,N,A,-,N,NA,NA,NA,NA,NA,NA,NA,NA,NA,N,4,0,2,2,A,-,08,22107,NA,N,B,C,A,A,H,-,A,A,0,NA,NA,NA,NA,Y,NA,A,01,0,0,2,0,0,0,0,0,0,-,-,33.068748474121094,-117.24626922607422,SAN DIEGO,CARLSBAD,-117.24683380126952,33.0681266784668
81865947,2022,2022-09-16,3706,2022-09-10,2058,553,ESCON,6,5,6,3706,0,0,0,NA,0,043,EL NORTE PY,SEVEN OAKES RD,33,E,N,A,-,N,NA,NA,NA,NA,NA,NA,NA,NA,NA,Y,4,0,3,2,A,-,03,22350,NA,N,C,C,A,A,H,-,C,A,0,NA,NA,NA,NA,Y,Y,D,22,0,0,3,0,0,0,0,0,0,-,-,33.14611053466797,-117.1027603149414,SAN DIEGO,ESCONDIDO,-117.1025848388672,33.146060943603516
81874185,2022,2022-09-27,3701,2022-09-18,1430,CB5529,037,7,5,5,3701,0,0,0,NA,0,002,CARLSBAD BL,TAMARACK AV,15,S,N,A,-,N,NA,NA,NA,NA,NA,NA,NA,NA,NA,N,3,0,1,2,D,-,00,NA,NA,N,B,G,A,A,H,-,A,D,0,NA,Y,NA,NA,Y,NA,-,-,0,1,0,0,0,0,1,0,0,-,-,33.147430419921875,-117.34551239013672,SAN DIEGO,CARLSBAD,-117.34532928466795,33.14749526977539
81879424,2022,2022-10-03,3706,2022-09-28,0804,474,ESCON,3,5,6,3706,0,0,0,NA,0,045,WASHINGTON AV,QUINCE ST,14,E,N,A,-,N,NA,NA,NA,NA,NA,NA,NA,NA,NA,N,3,0,1,2,A,-,10,21950,A,N,G,B,B,A,H,-,A,A,0,Y,NA,NA,NA,Y,NA,A,08,0,1,0,0,1,0,0,0,0,-,-,33.12432098388672,-117.09224700927734,SAN DIEGO,ESCONDIDO,-117.0919189453125,33.124454498291016
81881274,2022,2022-10-04,3701,2022-09-17,1345,CB5517,032,6,5,5,3701,0,0,0,NA,0,003,TAMARACK AV,EAST POINTE AV,0,NA,Y,A,-,N,NA,NA,NA,NA,NA,NA,NA,NA,NA,N,3,0,1,1,A,-,03,22350,NA,N,F,G,A,A,H,-,A,D,0,NA,Y,NA,NA,Y,NA,M,91,0,1,0,0,0,0,1,0,0,-,-,33.152671813964844,-117.31484222412108,SAN DIEGO,CARLSBAD,-117.3148956298828,33.152671813964844
81883493,2022,2022-10-06,3706,2022-09-30,0810,424,ESCON,5,5,6,3706,0,0,0,NA,0,046,VALLEY PY,WANEK RD,0,NA,Y,B,-,N,NA,NA,NA,NA,NA,NA,NA,NA,NA,Y,4,0,1,2,A,-,09,21802,A,F,E,I,A,A,H,-,A,A,0,NA,NA,NA,NA,Y,NA,A,01,0,0,1,0,0,0,0,0,0,-,-,33.14596176147461,-117.03558349609376,SAN DIEGO,ESCONDIDO,-117.03572845458984,33.14603805541992
8188790,2016,2016-12-15,3711,2016-12-03,2237,7546,NA,6,5,7,3711,0,0,0,NA,0,311,PINECREST AV,ONALASKA,54,S,N,A,-,N,NA,NA,NA,NA,NA,NA,NA,NA,NA,Y,4,0,1,1,A,-,03,22350,NA,N,E,I,A,A,H,-,C,D,0,NA,NA,NA,NA,Y,Y,A,01,0,0,1,0,0,0,0,0,0,-,-,NA,NA,SAN DIEGO,SAN DIEGO,-117.14531394,32.79876986
8188806,2016,2017-02-28,3711,2016-11-30,1733,7297,NA,3,5,7,3711,0,0,0,NA,0,315,CAMINO DEL RIO S,RT 15,600,W,N,A,-,N,NA,NA,NA,NA,NA,NA,NA,NA,NA,N,4,0,1,2,A,-,09,21804,A,N,D,C,A,A,H,-,C,D,0,NA,NA,NA,NA,Y,NA,-,NA,0,0,1,0,0,0,0,0,0,-,SF,NA,NA,SAN DIEGO,SAN DIEGO,-117.11361084,32.77817738
81888095,2022,2022-10-12,3701,2022-10-07,2126,CB5552,105,5,5,5,3701,0,0,0,NA,0,007,ALGA RD,ALMADEN LN,234,W,N,A,-,N,NA,NA,NA,NA,NA,NA,NA,NA,NA,Y,3,0,1,1,A,-,01,23152,A,N,E,I,A,A,H,-,C,D,0,NA,NA,NA,NA,Y,Y,A,01,0,1,0,0,0,0,0,0,0,-,-,33.10103988647461,-117.25794219970705,SAN DIEGO,CARLSBAD,-117.25904083251952,33.10120391845703
81888096,2022,2022-10-12,3701,2022-10-07,2153,CB5573,NA,5,5,5,3701,0,0,0,NA,0,NA,LA COSTA AV,EL CAMINO REAL,1795,W,N,A,-,N,NA,NA,NA,NA,NA,NA,NA,NA,NA,Y,3,0,1,1,A,-,00,23103,A,N,E,I,A,A,H,-,C,D,0,NA,NA,NA,NA,Y,NA,A,01,0,1,0,0,0,0,0,0,0,-,-,33.08538055419922,-117.26850128173828,SAN DIEGO,CARLSBAD,-117.27409362792967,33.0859260559082
8188870,2016,2016-12-14,3711,2016-11-11,1615,6642,NA,5,5,7,3711,0,0,0,NA,0,446,EUCLID AV,IMPERIAL AV,200,N,N,A,-,N,NA,NA,NA,NA,NA,NA,NA,NA,NA,Y,4,0,3,4,A,-,08,22107,NA,N,G,B,F,A,H,-,A,D,0,Y,NA,NA,NA,Y,NA,A,01,0,0,3,0,2,0,0,0,0,-,-,NA,NA,SAN DIEGO,SAN DIEGO,-117.08502698,32.70505735
81890208,2022,2022-10-14,3701,2022-10-10,1617,CB5575,036,1,5,5,3701,0,0,0,NA,0,002,HIBISCUS CR,TAMARACK AV,204,S,N,A,-,N,NA,NA,NA,NA,NA,NA,NA,NA,NA,N,4,0,1,2,D,-,00,NA,NA,N,C,C,A,A,H,-,A,D,0,NA,NA,NA,NA,Y,NA,-,-,0,0,1,0,0,0,0,0,0,-,-,33.15037155151367,-117.3405303955078,SAN DIEGO,CARLSBAD,-117.34007263183594,33.149818420410156
8189055,2016,2016-12-16,3711,2016-12-05,1844,7517,NA,1,5,7,3711,0,0,0,NA,0,115,LA JOLLA VILLAGE DR,TOWN CENTRE DR,750,E,N,A,-,N,NA,NA,NA,NA,NA,NA,NA,NA,NA,N,4,0,2,3,A,-,04,21703,NA,N,C,C,A,A,H,-,C,D,0,NA,NA,NA,NA,Y,NA,A,01,0,0,2,0,0,0,0,0,0,-,-,NA,NA,SAN DIEGO,SAN DIEGO,-117.20501643,32.87442704
81892287,2022,2022-10-18,3706,2022-10-05,2109,575,ESCON,3,5,6,3706,0,0,0,NA,0,055,DEL DIOS RD,09TH AV,80,S,N,A,-,N,NA,NA,NA,NA,NA,NA,NA,NA,NA,Y,3,0,1,2,A,-,03,22350,NA,N,D,E,A,A,H,-,A,D,0,NA,NA,NA,NA,Y,NA,A,01,0,1,0,0,0,0,0,0,0,-,-,33.108970642089844,-117.09992980957033,SAN DIEGO,ESCONDIDO,-117.0996322631836,33.10881042480469
81895703,2022,2022-10-21,3706,2022-09-08,1130,405,ESCON,4,5,6,3706,0,0,0,NA,0,052,ORANGE ST,02ND AV,100,N,N,A,-,N,NA,NA,NA,NA,NA,NA,NA,NA,NA,Y,4,0,1,2,A,-,03,22350,NA,N,C,C,A,A,H,-,A,A,0,NA,NA,NA,NA,Y,NA,A,01,0,0,1,0,0,0,0,0,0,-,-,33.118751525878906,-117.08486938476563,SAN DIEGO,ESCONDIDO,-117.08509063720705,33.11893844604492
8189871,2016,2017-02-28,3711,2016-12-02,1416,7073,NA,5,5,7,3711,0,0,0,NA,0,611,ROSECRANS ST,MIDWAY DR,360,N,N,A,-,N,NA,NA,NA,NA,NA,NA,NA,NA,NA,N,3,0,2,2,A,-,17,21208,NA,N,C,G,A,A,H,-,A,D,0,NA,Y,NA,NA,Y,NA,L,04,0,2,0,0,0,0,1,0,0,-,-,NA,NA,SAN DIEGO,SAN DIEGO,-117.20550674,32.75051139
8190042,2016,2016-12-22,3711,2016-12-07,1541,6817,SAN D,3,5,7,3711,0,0,0,NA,0,122,GARNET AV,DONALDSON DR,222,W,N,A,-,N,NA,NA,NA,NA,NA,NA,NA,NA,NA,N,3,0,1,2,A,-,03,22350,NA,N,C,G,A,A,H,-,A,D,0,NA,Y,NA,NA,Y,NA,-,NA,0,1,0,0,0,0,1,0,0,-,-,NA,NA,SAN DIEGO,SAN DIEGO,-117.22679245,32.80296635
8190998,2016,2016-12-20,3701,2016-12-07,0327,CB5477,NA,3,5,5,3701,0,0,0,NA,0,008,RANCHO SANTA FE RD,CAMINO JUNIPERO,528,N,N,A,-,N,NA,NA,NA,NA,NA,NA,NA,NA,NA,Y,3,0,1,1,A,-,03,22350,NA,N,E,I,A,A,H,-,C,D,0,NA,NA,NA,NA,Y,NA,A,01,0,1,0,0,0,0,0,0,0,-,-,NA,NA,SAN DIEGO,CARLSBAD,-117.22538559,33.08890554
81913220,2022,2022-11-09,3706,2022-11-01,0815,440,ESCON,2,5,6,3706,0,0,0,NA,0,052,GRAND AV,BEECH ST,89,W,N,A,-,N,NA,NA,NA,NA,NA,NA,NA,NA,NA,N,3,0,2,3,A,-,22,23123,A,N,C,C,A,A,H,-,A,D,0,NA,NA,NA,NA,Y,NA,A,01,0,1,1,0,0,0,0,0,0,-,-,33.126731872558594,-117.067138671875,SAN DIEGO,ESCONDIDO,-117.06726837158205,33.12666320800781
8191811,2016,2016-12-21,3706,2016-12-10,1219,500,ESCON,6,5,6,3706,0,0,0,NA,0,044,ROSE ST,VALLEY PKWY,123,N,N,A,-,N,NA,NA,NA,NA,NA,NA,NA,NA,NA,N,4,0,1,2,A,-,09,21804,A,N,D,C,A,A,H,-,A,D,0,NA,NA,NA,NA,Y,NA,A,01,0,0,1,0,0,0,0,0,0,-,-,NA,NA,SAN DIEGO,ESCONDIDO,-117.05967019,33.13426647
8192374,2016,2017-01-03,3711,2016-12-10,1826,7272,NA,6,5,7,3711,0,0,0,NA,0,432,IMPERIAL AV,VALENCIA PKWY,48,E,N,A,-,N,NA,NA,NA,NA,NA,NA,NA,NA,NA,Y,4,0,2,2,A,-,12,21453,A,N,D,C,A,A,H,-,C,A,0,NA,NA,NA,NA,Y,NA,A,07,0,0,2,0,0,0,0,0,0,-,-,NA,NA,SAN DIEGO,SAN DIEGO,-117.07301222,32.70864093
8192393,2016,2017-01-03,3711,2016-12-08,0657,7419,CENTR,4,5,7,3711,0,0,0,NA,0,524,1ST AV,ASH ST,15,S,N,A,-,N,NA,NA,NA,NA,NA,NA,NA,NA,NA,Y,4,0,1,2,A,-,12,21453,A,N,D,C,A,A,H,-,A,A,0,NA,NA,NA,NA,Y,NA,A,01,0,0,1,0,0,0,0,0,0,-,-,NA,NA,SAN DIEGO,SAN DIEGO,-117.16384961,32.71982891
81931218,2022,2022-12-01,3701,2022-11-15,1247,CB5562,124,2,5,5,3701,0,0,0,NA,0,008,CALLE BARCELONA,CALLE JALISCO,59,W,N,A,-,N,NA,NA,NA,NA,NA,NA,NA,NA,NA,N,4,0,2,2,A,-,05,21460,A,N,A,C,A,A,H,-,A,D,0,NA,NA,NA,NA,Y,NA,A,07,0,0,2,0,0,0,0,0,0,-,-,33.072139739990234,-117.2353973388672,SAN DIEGO,CARLSBAD,-117.23569488525392,33.072078704833984
8193415,2016,2017-04-15,3711,2016-12-14,1659,6770,NA,3,5,7,3711,0,0,0,NA,0,312,CLAREMONT MESA BL,CLAREMONT MESA BL 10400,10,N,N,A,-,N,NA,NA,NA,NA,NA,NA,NA,NA,NA,N,3,0,1,2,A,-,03,22350,NA,N,H,A,A,A,H,-,B,A,0,NA,NA,NA,Y,Y,NA,F,21,0,1,0,0,0,0,0,0,0,-,-,NA,NA,SAN DIEGO,SAN DIEGO,NA,NA
81935894,2022,2022-12-07,3701,2022-11-25,1140,CB5550,067,5,5,5,3701,0,0,0,NA,0,002,CANNON RD,AVENIDA ENCINAS,155,E,N,A,-,Y,NA,NA,NA,NA,NA,NA,NA,NA,NA,N,4,0,1,3,A,-,04,21703,NA,N,C,C,A,A,H,-,A,A,0,NA,NA,NA,NA,Y,NA,A,01,0,0,1,0,0,0,0,0,0,-,-,33.13393020629883,-117.33099365234376,SAN DIEGO,CARLSBAD,-117.33055877685548,33.1341552734375
8193732,2016,2018-09-25,3711,2016-12-09,1005,6303,NA,5,5,7,3711,0,0,0,NA,0,441,IMPERIAL AV,RT 805,0,NA,Y,A,-,N,NA,NA,NA,NA,NA,NA,NA,NA,NA,Y,4,0,1,2,A,-,08,22107,NA,N,B,C,A,A,H,-,A,A,0,NA,NA,NA,NA,Y,NA,A,07,0,0,1,0,0,0,0,0,0,-,SF,NA,NA,SAN DIEGO,SAN DIEGO,-117.09518002,32.70415011
8193765,2016,2017-01-12,3711,2016-12-13,1330,6621,SD,2,5,7,3711,0,0,0,NA,0,115,GENESEE AV,RT 5,18,E,N,A,-,Y,NA,NA,NA,NA,NA,NA,NA,NA,NA,N,4,0,2,2,A,-,09,21800,A,N,D,C,A,A,H,-,A,A,0,NA,NA,NA,NA,Y,NA,A,01,0,0,2,0,0,0,0,0,0,-,-,NA,NA,SAN DIEGO,SAN DIEGO,-117.16059216,32.79133667
8195109,2017,2017-01-24,3711,2017-01-08,1455,6468,3711,7,5,7,3711,0,0,0,NA,0,611,WOMBLE RD,ROSECRANS ST,0,NA,Y,A,-,N,NA,NA,NA,NA,NA,NA,NA,NA,NA,N,4,0,1,1,A,-,03,22350,NA,N,H,J,A,A,H,-,A,D,0,NA,Y,NA,NA,Y,NA,L,04,0,0,1,0,0,0,1,0,0,-,-,NA,NA,SAN DIEGO,SAN DIEGO,-117.21890011,32.73684002
8195622,2017,2017-02-09,3711,2017-01-10,0116,6372,NA,2,5,7,3711,0,0,0,NA,0,839,36TH ST,WIGHTMAN,16,N,N,E,-,N,NA,NA,NA,NA,NA,NA,NA,NA,NA,N,4,0,1,2,A,-,13,22515,B,N,C,C,A,A,H,-,C,D,0,NA,NA,NA,NA,Y,NA,J,48,0,0,1,0,0,0,0,0,0,-,-,NA,NA,SAN DIEGO,SAN DIEGO,-117.11560953,32.74792383