CASE_ID,ACCIDENT_YEAR,PROC_DATE,JURIS,COLLISION_DATE,COLLISION_TIME,OFFICER_ID,REPORTING_DISTRICT,DAY_OF_WEEK,CHP_SHIFT,POPULATION,CNTY_CITY_LOC,SPECIAL_COND,BEAT_TYPE,CHP_BEAT_TYPE,CITY_DIVISION_LAPD,CHP_BEAT_CLASS,BEAT_NUMBER,PRIMARY_RD,SECONDARY_RD,DISTANCE,DIRECTION,INTERSECTION,WEATHER_1,WEATHER_2,STATE_HWY_IND,CALTRANS_COUNTY,CALTRANS_DISTRICT,STATE_ROUTE,ROUTE_SUFFIX,POSTMILE_PREFIX,POSTMILE,LOCATION_TYPE,RAMP_INTERSECTION,SIDE_OF_HWY,TOW_AWAY,COLLISION_SEVERITY,NUMBER_KILLED,NUMBER_INJURED,PARTY_COUNT,PRIMARY_COLL_FACTOR,PCF_CODE_OF_VIOL,PCF_VIOL_CATEGORY,PCF_VIOLATION,PCF_VIOL_SUBSECTION,HIT_AND_RUN,TYPE_OF_COLLISION,MVIW,PED_ACTION,ROAD_SURFACE,ROAD_COND_1,ROAD_COND_2,LIGHTING,CONTROL_DEVICE,CHP_ROAD_TYPE,PEDESTRIAN_ACCIDENT,BICYCLE_ACCIDENT,MOTORCYCLE_ACCIDENT,TRUCK_ACCIDENT,NOT_PRIVATE_PROPERTY,ALCOHOL_INVOLVED,STWD_VEHTYPE_AT_FAULT,CHP_VEHTYPE_AT_FAULT,COUNT_SEVERE_INJ,COUNT_VISIBLE_INJ,COUNT_COMPLAINT_PAIN,COUNT_PED_KILLED,COUNT_PED_INJURED,COUNT_BICYCLIST_KILLED,COUNT_BICYCLIST_INJURED,COUNT_MC_KILLED,COUNT_MC_INJURED,PRIMARY_RAMP,SECONDARY_RAMP,LATITUDE,LONGITUDE,COUNTY,CITY,POINT_X,POINT_Y
8197060,2016,2017-01-06,3711,2016-12-19,0545,1309,NA,1,5,7,3711,0,0,0,NA,0,001,3RD ST,GLORIETTA PL,0,NA,Y,A,-,N,NA,NA,NA,NA,NA,NA,NA,NA,NA,N,3,0,1,2,A,-,09,21801,A,F,H,G,A,A,H,-,B,D,0,NA,Y,NA,NA,Y,NA,-,NA,0,1,0,0,0,0,1,0,0,-,-,NA,NA,SAN DIEGO,SAN DIEGO,-117.16894007,32.69377011
8198093,2016,2017-01-06,3711,2016-12-22,0840,6760,NA,4,5,7,3711,0,0,0,NA,0,838,UNIVERSITY AV,39TH ST,0,NA,Y,C,-,N,NA,NA,NA,NA,NA,NA,NA,NA,NA,N,4,0,1,2,A,-,10,21950,A,N,A,B,B,B,H,-,A,A,0,Y,NA,NA,NA,Y,NA,A,01,0,0,1,0,1,0,0,0,0,-,-,NA,NA,SAN DIEGO,SAN DIEGO,-117.11065003,32.74969005
8198192,2016,2017-01-06,3711,2016-12-23,1810,7434,NA,5,5,7,3711,0,0,0,NA,0,531,PARK BL,ZOO DR,0,NA,Y,B,-,N,NA,NA,NA,NA,NA,NA,NA,NA,NA,N,4,0,1,2,A,-,09,21801,A,M,B,C,A,A,H,-,C,A,0,NA,NA,NA,NA,Y,NA,-,NA,0,0,1,0,0,0,0,0,0,-,-,NA,NA,SAN DIEGO,SAN DIEGO,-117.14741001,32.74022006
8199310,2016,2017-01-03,3711,2016-12-14,2105,7159,NA,3,5,7,3711,0,0,0,NA,0,122,GARNET AV,PENDLETON ST,9,W,N,A,-,N,NA,NA,NA,NA,NA,NA,NA,NA,NA,N,4,0,3,2,A,-,03,22350,NA,N,C,C,A,A,D,-,C,A,0,NA,NA,NA,NA,Y,NA,-,NA,0,0,3,0,0,0,0,0,0,-,-,NA,NA,SAN DIEGO,SAN DIEGO,-117.22804827,32.80260385
8199358,2016,2017-01-03,3711,2016-12-14,1711,7449,NA,3,5,7,3711,0,0,0,NA,0,931,MIRAMAR RD,CAMINO SANTA FE,1056,W,N,A,-,N,NA,NA,NA,NA,NA,NA,NA,NA,NA,Y,4,0,1,2,A,-,03,22350,NA,N,C,C,A,A,H,-,C,D,0,NA,NA,NA,NA,Y,NA,-,NA,0,0,1,0,0,0,0,0,0,-,-,NA,NA,SAN DIEGO,SAN DIEGO,-117.17602133,32.8780928
81999617,2023,2023-02-22,3701,2023-02-08,804,CB5575,103,3,5,5,3701,0,0,0,NA,0,007,PARTRIDGE PL,WEST CURBLINE OF BLACKBIRD CR,40,E,N,A,-,N,NA,NA,NA,NA,NA,NA,NA,NA,NA,N,4,0,1,2,A,-,08,22107,NA,N,G,B,D,A,H,-,A,D,0,Y,NA,NA,NA,Y,NA,A,01,0,0,1,0,1,0,0,0,0,-,-,NA,NA,SAN DIEGO,CARLSBAD,NA,NA
82000940,2023,2023-02-23,3701,2023-02-09,1357,CB5521,NA,4,5,5,3701,0,0,0,NA,0,NA,GRAND AV,MADISON ST,0,NA,Y,A,-,N,NA,NA,NA,NA,NA,NA,NA,NA,NA,N,4,0,1,2,A,-,09,21801,A,N,D,C,A,A,H,-,A,D,0,NA,NA,NA,NA,Y,NA,A,01,0,0,1,0,0,0,0,0,0,-,-,33.16181182861328,-117.34751892089844,SAN DIEGO,CARLSBAD,-117.34754180908205,33.161842346191406
8200169,2017,2017-01-27,3706,2017-01-06,1726,493,ESCON,5,5,6,3706,0,0,0,NA,0,045,AUTOPARK WY,MISSION RD,40,W,N,A,-,N,NA,NA,NA,NA,NA,NA,NA,NA,NA,N,4,0,1,2,A,-,08,22107,NA,N,B,C,A,A,H,-,B,A,0,NA,NA,NA,NA,Y,NA,D,22,0,0,1,0,0,0,0,0,0,-,-,NA,NA,SAN DIEGO,ESCONDIDO,-117.12276719,33.13036862
8200387,2017,2017-03-20,3711,2017-02-24,1649,7395,NORTE,5,5,7,3711,0,0,0,NA,0,114,GENESEE AV,GENESEE AV 4900,18,E,N,A,-,N,NA,NA,NA,NA,NA,NA,NA,NA,NA,N,4,0,2,2,A,-,03,22350,NA,N,C,C,A,A,H,-,A,D,0,NA,NA,NA,NA,Y,NA,A,01,0,0,2,0,0,0,0,0,0,-,-,NA,NA,SAN DIEGO,SAN DIEGO,NA,NA
8201553,2017,2017-04-06,3711,2017-03-04,0015,7057,SAN D,6,5,7,3711,0,0,0,NA,0,NA,WESTWOOD ST,ALBEMARLE ST,246,S,N,A,-,N,NA,NA,NA,NA,NA,NA,NA,NA,NA,N,3,0,1,2,A,-,08,22107,NA,N,C,E,A,A,H,-,C,B,0,NA,NA,NA,NA,Y,NA,-,NA,0,1,0,0,0,0,0,0,0,-,-,NA,NA,SAN DIEGO,SAN DIEGO,-117.06880086,32.67409998
82019188,2023,2023-11-23,3701,2023-03-03,2143,CB5581,37,5,5,5,3701,0,0,0,NA,0,002,GARFIELD ST,ACACIA AV,82,N,N,A,-,N,NA,NA,NA,NA,NA,NA,NA,NA,NA,Y,4,0,1,2,D,-,00,NA,NA,F,G,B,E,A,H,-,C,D,0,Y,NA,NA,NA,Y,NA,-,-,0,0,1,0,1,0,0,0,0,-,-,33.15177917480469,-117.34690856933594,SAN DIEGO,CARLSBAD,-117.34693908691406,33.152015686035156
8202351,2016,2017-01-06,3700,2016-12-17,1415,SH2439,NA,6,5,5,3713,0,0,0,NA,0,314,CIVIC CENTER DR,NATAL WY,65,N,N,A,-,N,NA,NA,NA,NA,NA,NA,NA,NA,NA,Y,4,0,1,3,A,-,03,22350,NA,N,C,C,A,A,H,-,A,A,0,NA,NA,NA,NA,Y,NA,D,22,0,0,1,0,0,0,0,0,0,-,-,NA,NA,SAN DIEGO,VISTA,-117.23507202,33.19279319
8202704,2016,2017-01-04,3711,2016-12-21,1950,5813,BAYPA,3,5,7,3711,0,0,0,NA,0,116,CLAIREMONT DR,CLAIREMONT DR 3400,0,NA,Y,C,-,N,NA,NA,NA,NA,NA,NA,NA,NA,NA,Y,4,0,1,2,A,-,08,22107,NA,N,E,I,A,B,H,-,D,D,0,NA,NA,NA,NA,Y,NA,D,22,0,0,1,0,0,0,0,0,0,-,-,NA,NA,SAN DIEGO,SAN DIEGO,-117.19826728,32.8028237
82027695,2023,2023-03-24,3701,2023-03-15,1511,CB5427,081,3,5,5,3701,0,0,0,NA,0,006,PALOMAR AIRPORT RD,GATEWAY RD,106,E,N,C,-,N,NA,NA,NA,NA,NA,NA,NA,NA,NA,Y,4,0,1,2,A,-,09,21804,A,N,C,C,A,B,H,-,A,A,0,NA,NA,NA,NA,Y,NA,A,01,0,0,1,0,0,0,0,0,0,-,-,33.13003921508789,-117.24852752685548,SAN DIEGO,CARLSBAD,-117.24810028076172,33.129913330078125
8203112,2016,2017-01-10,3700,2016-12-20,1550,SH2439,NA,2,5,5,3713,0,0,0,NA,0,315,SOUTH MELROSE DR,BUENA VISTA DR,800,N,N,A,-,N,NA,NA,NA,NA,NA,NA,NA,NA,NA,Y,4,0,2,2,A,-,09,21804,A,N,D,C,A,A,H,-,A,D,0,NA,NA,NA,NA,Y,NA,A,01,0,0,2,0,0,0,0,0,0,-,-,NA,NA,SAN DIEGO,VISTA,-117.24922134,33.16848802
8204234,2016,2017-01-13,3702,2016-12-07,1330,CV1190,NA,3,5,6,3702,0,0,0,NA,0,023,OLYMPIC PKWY,OLEANDER AV,156,W,N,A,-,N,NA,NA,NA,NA,NA,NA,NA,NA,NA,N,4,0,1,2,A,-,03,22350,NA,F,C,C,A,A,H,-,A,A,0,NA,NA,NA,NA,Y,NA,A,01,0,0,1,0,0,0,0,0,0,-,-,NA,NA,SAN DIEGO,CHULA VISTA,-117.03378269,32.60655955
82053405,2023,2023-04-26,3701,2023-04-13,1608,CB5544,015,4,5,5,3701,0,0,0,NA,0,004,EL CAMINO REAL,PLAZA DR,4,N,N,A,-,N,NA,NA,NA,NA,NA,NA,NA,NA,NA,Y,4,0,1,2,A,-,12,21453,A,N,D,C,A,A,H,-,A,A,0,NA,NA,NA,NA,Y,NA,A,01,0,0,1,0,0,0,0,0,0,-,-,33.17940139770508,-117.32666778564452,SAN DIEGO,CARLSBAD,-117.32666015625,33.17934036254883
82059821,2022,2023-05-03,3701,2022-09-28,2204,CB5547,002,3,5,5,3701,0,0,0,NA,0,001,CHRISTIANSEN WY,STATE ST,49,W,N,A,-,N,NA,NA,NA,NA,NA,NA,NA,NA,NA,N,3,0,1,1,A,-,01,21200,5,N,H,A,A,A,H,-,C,D,0,NA,Y,NA,NA,Y,Y,M,91,0,1,0,0,0,0,1,0,0,-,-,33.16130828857422,-117.35012817382813,SAN DIEGO,CARLSBAD,-117.35027313232422,33.161216735839844
82070602,2021,2023-05-18,3701,2021-04-05,0830,CB5567,013,1,5,5,3701,0,0,0,NA,0,003,CARLSBAD VILLAGE DR,MONROE ST,20,E,N,A,-,N,NA,NA,NA,NA,NA,NA,NA,NA,NA,N,4,0,1,2,A,-,03,22350,NA,N,C,C,A,A,H,-,A,A,0,NA,NA,NA,NA,Y,NA,A,01,0,0,1,0,0,0,0,0,0,-,-,33.168701171875,-117.33265686035156,SAN DIEGO,CARLSBAD,-117.33275604248048,33.168739318847656
8207702,2016,2017-01-13,3711,2016-12-30,0950,6999,SD,5,5,7,3711,0,0,0,NA,0,937,CARMEL VALLEY RD,CARMEL VALLEY RD 14500,0,NA,-,C,-,N,NA,NA,NA,NA,NA,NA,NA,NA,NA,Y,4,0,1,1,A,-,03,22350,NA,N,E,I,A,B,H,-,A,D,0,NA,NA,NA,NA,Y,NA,-,NA,0,0,1,0,0,0,0,0,0,-,-,32.98345,-117.13466,SAN DIEGO,SAN DIEGO,-117.13466,32.98345
8207719,2016,2017-01-13,3711,2016-12-18,2218,6553,NA,7,5,7,3711,0,0,0,NA,0,611,ROSECRANS ST,SPORTS ARENA BL,82,N,N,A,-,N,NA,NA,NA,NA,NA,NA,NA,NA,NA,N,2,0,2,3,A,-,10,21950,A,F,G,B,D,A,H,-,C,D,0,Y,NA,NA,NA,Y,Y,A,01,2,0,0,0,2,0,0,0,0,-,-,NA,NA,SAN DIEGO,SAN DIEGO,-117.20494,32.75153
8207746,2016,2017-01-13,3711,2016-12-27,1334,5133,NA,2,5,7,3711,0,0,0,NA,0,434,SAN VICENTE ST,RYTKO ST,0,NA,Y,A,-,N,NA,NA,NA,NA,NA,NA,NA,NA,NA,Y,3,0,1,1,A,-,08,22107,NA,N,E,I,A,A,H,-,A,D,0,NA,NA,NA,NA,Y,NA,-,NA,0,1,0,0,0,0,0,0,0,-,-,NA,NA,SAN DIEGO,SAN DIEGO,-117.03202009,32.71066003
8207934,2017,2017-01-18,3711,2017-01-02,1410,7409,NA,1,5,7,3711,0,0,0,NA,0,722,SATURN BL,PALM AV,140,S,N,A,-,N,NA,NA,NA,NA,NA,NA,NA,NA,NA,N,3,0,3,2,A,-,04,21703,NA,N,C,C,A,A,H,-,A,A,0,NA,NA,NA,NA,Y,NA,A,01,0,1,2,0,0,0,0,0,0,-,-,NA,NA,SAN DIEGO,SAN DIEGO,-117.09265323,32.58335742
82088859,2021,2023-06-09,3701,2021-10-03,0952,CB5567,128,7,5,5,3701,0,0,0,NA,0,007,CARLSBAD BL,PONTO RD,300,S,N,A,-,N,NA,NA,NA,NA,NA,NA,NA,NA,NA,N,4,0,1,2,A,-,04,21703,NA,N,C,G,A,A,H,-,A,A,0,NA,Y,NA,NA,Y,NA,L,04,0,0,1,0,0,0,1,0,0,-,-,33.09843063354492,-117.31668853759766,SAN DIEGO,CARLSBAD,-117.3166961669922,33.097572326660156
82088877,2022,2023-06-12,3701,2022-02-20,1308,CB5528,087,7,5,5,3701,0,0,0,NA,0,007,EL FUERTE ST,RANCHO PANCHO,265,S,N,A,-,N,NA,NA,NA,NA,NA,NA,NA,NA,NA,N,2,0,1,1,A,-,03,22350,NA,N,F,A,A,A,H,-,A,D,0,NA,Y,NA,NA,Y,NA,M,91,1,0,0,0,0,0,1,0,0,-,-,33.11516189575195,-117.24799346923828,SAN DIEGO,CARLSBAD,-117.2476806640625,33.11453628540039
82131235,2023,2023-07-31,3701,2023-01-07,752,CB5562,NA,6,5,5,3701,0,0,0,NA,0,NA,CARLSBAD BL,SOLAMAR DR (E),1752,S,N,A,-,N,NA,NA,NA,NA,NA,NA,NA,NA,NA,N,3,0,1,1,C,-,18,NA,NA,N,F,A,A,A,H,-,A,D,0,NA,Y,NA,NA,Y,NA,-,-,0,1,0,0,0,0,1,0,0,-,-,33.12070846557617,-117.32701873779295,SAN DIEGO,CARLSBAD,-117.3251953125,33.11620330810547
82135993,2023,2023-08-04,3701,2023-08-01,1600,CB5574,002,2,5,5,3701,0,0,0,NA,0,001,GRAND AV,MADISON ST,0,NA,Y,A,-,N,NA,NA,NA,NA,NA,NA,NA,NA,NA,N,3,0,2,2,A,-,12,22450,A,F,D,G,A,A,H,-,A,D,0,NA,Y,NA,NA,Y,NA,A,01,0,1,1,0,0,0,1,0,0,-,-,33.162818908691406,-117.34636688232422,SAN DIEGO,CARLSBAD,-117.34754180908205,33.161842346191406
82158105,2023,2023-08-30,3701,2023-08-02,1408,CB5499,081,3,5,5,3701,0,0,0,NA,0,006,GATEWAY RD,INNOVATION WY,0,NA,Y,A,-,N,NA,NA,NA,NA,NA,NA,NA,NA,NA,Y,4,0,2,2,A,-,09,21802,A,N,D,C,A,A,H,-,A,A,0,NA,NA,NA,NA,Y,NA,A,01,0,0,2,0,0,0,0,0,0,-,-,33.12760925292969,-117.2593002319336,SAN DIEGO,CARLSBAD,-117.25934600830078,33.12763977050781
82221112,2023,2023-10-27,3701,2023-09-18,1050,CB5597,096,1,5,5,3701,0,0,0,NA,0,007,POINSETTIA LN,AVIARA PY,63,W,N,A,-,N,NA,NA,NA,NA,NA,NA,NA,NA,NA,Y,3,0,2,2,A,-,03,22350,NA,N,C,C,A,A,H,-,A,A,0,NA,NA,NA,NA,Y,NA,A,01,0,1,1,0,0,0,0,0,0,-,-,33.10995101928711,-117.29564666748048,SAN DIEGO,CARLSBAD,-117.29582214355467,33.10990524291992
82223839,2023,2023-10-31,3701,2023-10-13,1911,CB5599,098,5,5,5,3701,0,0,0,NA,0,007,PASEO DEL NORTE,POINSETTIA LN,165,N,N,A,-,N,NA,NA,NA,NA,NA,NA,NA,NA,NA,Y,3,0,1,3,A,-,01,23153,A,N,C,C,A,A,H,-,D,A,0,NA,NA,NA,NA,Y,Y,A,01,0,1,0,0,0,0,0,0,0,-,-,33.10443878173828,-117.30776977539063,SAN DIEGO,CARLSBAD,-117.30818939208984,33.10380935668945
82246156,2023,2023-11-28,3701,2023-11-08,640,CB5485,124,3,5,5,3701,0,0,0,NA,0,008,CALLE ACERVO,CIRCULO ADORNO,0,NA,Y,A,-,N,NA,NA,NA,NA,NA,NA,NA,NA,NA,N,3,0,1,2,A,-,10,21950,A,N,G,B,B,A,H,-,A,A,0,Y,NA,NA,NA,Y,NA,A,01,0,1,0,0,1,0,0,0,0,-,-,33.07265853881836,-117.234130859375,SAN DIEGO,CARLSBAD,-117.23407745361328,33.072750091552734
82246159,2023,2023-11-28,3701,2023-11-07,825,CB5572,047,2,5,5,3701,0,0,0,NA,0,004,COLLEGE BL,CANNON RD,0,NA,Y,B,-,N,NA,NA,NA,NA,NA,NA,NA,NA,NA,N,4,0,1,2,A,-,09,21453,C,N,D,G,A,A,H,-,A,A,0,NA,Y,NA,NA,Y,NA,M,91,0,0,1,0,0,0,1,0,0,-,-,33.154869079589844,-117.28697967529295,SAN DIEGO,CARLSBAD,-117.287109375,33.154991149902344
82250615,2023,2023-12-04,3701,2023-11-22,1519,CB5586,120,3,5,5,3701,0,0,0,NA,0,008,EL CAMINO REAL,LEVANTE ST,70,S,N,A,-,N,NA,NA,NA,NA,NA,NA,NA,NA,NA,N,4,0,1,3,A,-,03,22350,NA,N,C,C,A,A,H,-,A,A,0,NA,NA,NA,NA,Y,NA,-,-,0,0,1,0,0,0,0,0,0,-,-,33.07841873168945,-117.26563262939452,SAN DIEGO,CARLSBAD,-117.26544189453124,33.07827377319336
82254678,2022,2023-12-07,3706,2022-12-26,0740,488,ESCON,1,5,6,3706,0,0,0,NA,0,042,WASHINGTON AV,GRAPE ST (E),30,E,N,A,-,N,NA,NA,NA,NA,NA,NA,NA,NA,NA,N,3,0,1,2,A,-,08,22107,NA,N,C,E,A,A,H,-,A,D,0,NA,Y,NA,NA,Y,NA,M,91,0,1,0,0,0,0,1,0,0,-,-,33.1291618347168,-117.07701873779295,SAN DIEGO,ESCONDIDO,-117.07700347900392,33.12909698486328
82254767,2023,2023-12-07,3706,2023-01-25,1440,1891,ESCON,3,5,6,3706,0,0,0,NA,0,056,BEAR VALLEY PY,GRAND AV,207,N,N,A,-,N,NA,NA,NA,NA,NA,NA,NA,NA,NA,Y,4,0,2,2,A,-,04,21703,NA,N,C,C,A,A,H,-,A,A,0,NA,NA,NA,NA,Y,NA,A,07,0,0,2,0,0,0,0,0,0,-,-,33.13454055786133,-117.04432678222656,SAN DIEGO,ESCONDIDO,-117.04381561279295,33.13549041748047
82254820,2023,2023-12-07,3706,2023-02-14,1648,501,ESCON,2,5,6,3706,0,0,0,NA,0,052,CENTRE CITY PY,05TH AV,60,S,N,C,-,N,NA,NA,NA,NA,NA,NA,NA,NA,NA,Y,4,0,2,3,A,-,01,23152,A,F,C,C,A,B,H,-,C,A,0,NA,NA,NA,NA,Y,Y,A,01,0,0,2,0,0,0,0,0,0,-,-,33.11547088623047,-117.08415222167967,SAN DIEGO,ESCONDIDO,-117.08408355712892,33.11522674560547
82254953,2023,2023-12-07,3706,2023-04-16,28,536,ESCON,7,5,6,3706,0,0,0,NA,0,054,ROSE ST,OAK HILL DR,0,NA,Y,A,-,N,NA,NA,NA,NA,NA,NA,NA,NA,NA,Y,4,0,1,2,A,-,01,23152,A,F,D,C,A,A,H,-,C,D,0,NA,NA,NA,Y,Y,Y,A,01,0,0,1,0,0,0,0,0,0,-,-,33.127681732177734,-117.05542755126952,SAN DIEGO,ESCONDIDO,-117.05529022216795,33.127586364746094
82254988,2023,2023-12-07,3706,2023-04-27,1030,474,ESCON,4,5,6,3706,0,0,0,NA,0,045,MISSION AV,METCALF ST,10,E,N,A,-,N,NA,NA,NA,NA,NA,NA,NA,NA,NA,N,3,0,1,2,A,-,06,21760,C,F,H,G,A,A,H,-,A,D,0,NA,Y,NA,NA,Y,NA,-,99,0,1,0,0,0,0,1,0,0,-,-,33.12527084350586,-117.10179138183594,SAN DIEGO,ESCONDIDO,-117.10147094726563,33.12532043457031
82255083,2023,2023-12-07,3706,2023-05-29,1017,570,ESCON,1,5,6,3706,0,0,0,NA,0,042,ASH ST,MISSION AV,0,NA,Y,B,-,N,NA,NA,NA,NA,NA,NA,NA,NA,NA,Y,4,0,2,2,A,-,12,21453,A,N,D,C,A,B,H,-,A,A,0,NA,NA,NA,NA,Y,NA,A,01,0,0,2,0,0,0,0,0,0,-,-,33.13608169555664,-117.07050323486328,SAN DIEGO,ESCONDIDO,-117.07045745849608,33.13609313964844
82255102,2023,2023-12-07,3706,2023-06-05,1003,424,ESCON,1,5,6,3706,0,0,0,NA,0,046,VALLEY PY,MIDWAY DR,622,W,N,B,-,N,NA,NA,NA,NA,NA,NA,NA,NA,NA,Y,3,0,1,2,A,-,09,21804,A,N,D,C,A,A,H,-,A,D,0,NA,NA,NA,NA,Y,NA,A,01,0,1,0,0,0,0,0,0,0,-,-,33.1375617980957,-117.05184173583984,SAN DIEGO,ESCONDIDO,-117.05358123779295,33.13669204711914
82255145,2023,2023-12-07,3706,2023-06-21,1700,527,ESCON,3,5,6,3706,0,0,0,NA,0,044,ASH ST,SENDERO AV,0,NA,Y,A,-,Y,NA,NA,NA,NA,NA,NA,NA,NA,NA,N,3,0,1,2,A,-,10,21950,A,N,G,B,B,A,H,-,A,D,0,Y,NA,NA,NA,Y,NA,A,01,0,1,0,0,1,0,0,0,0,-,-,33.142578125,-117.075927734375,SAN DIEGO,ESCONDIDO,-117.0759506225586,33.14252853393555
82255160,2023,2023-12-07,3706,2023-06-30,1611,527,ESCON,5,5,6,3706,0,0,0,NA,0,044,ROSE ST,RIVA LN,24,N,N,A,-,N,NA,NA,NA,NA,NA,NA,NA,NA,NA,N,3,0,1,2,A,-,11,21954,A,N,G,B,D,A,H,-,A,D,0,Y,NA,NA,NA,Y,NA,N,60,0,1,0,0,1,0,0,0,0,-,-,33.13587188720703,-117.06051635742188,SAN DIEGO,ESCONDIDO,-117.06048583984376,33.13599395751953
82255239,2023,2023-12-07,3706,2023-08-04,922,0581,ESCON,5,5,6,3706,0,0,0,NA,0,052,JUNIPER ST,11TH AV (S),0,NA,Y,A,-,N,NA,NA,NA,NA,NA,NA,NA,NA,NA,N,3,0,2,2,A,-,09,21801,A,N,D,C,A,A,H,-,A,D,0,NA,NA,NA,NA,Y,NA,A,01,0,1,1,0,0,0,0,0,0,-,-,33.11397933959961,-117.07241058349608,SAN DIEGO,ESCONDIDO,-117.07245635986328,33.114131927490234
82255242,2023,2023-12-07,3706,2023-08-04,1619,526,ESCON,5,5,6,3706,0,0,0,NA,0,046,VALLEY PY,CITRUS AV,730,E,N,A,-,N,NA,NA,NA,NA,NA,NA,NA,NA,NA,N,3,0,1,2,A,-,08,22107,NA,F,C,C,A,A,H,-,A,D,0,NA,NA,NA,NA,Y,NA,A,01,0,1,0,0,0,0,0,0,0,-,-,33.14051818847656,-117.0443878173828,SAN DIEGO,ESCONDIDO,-117.04217529296876,33.141971588134766
82255274,2023,2023-12-07,3706,2023-08-15,1548,524,ESCON,2,5,6,3706,0,0,0,NA,0,042,BROADWAY,MISSION AV,0,NA,Y,A,-,N,NA,NA,NA,NA,NA,NA,NA,NA,NA,Y,3,0,1,2,A,-,01,23152,A,N,D,C,A,A,H,-,A,A,0,NA,NA,NA,NA,Y,Y,D,22,0,1,0,0,0,0,0,0,0,-,-,33.130191802978516,-117.08557891845705,SAN DIEGO,ESCONDIDO,-117.08533477783205,33.1303596496582
82255334,2023,2023-12-07,3706,2023-09-07,1442,424,ESCON,4,5,6,3706,0,0,0,NA,0,054,OAK HILL DR,MIDWAY DR,387,W,N,A,-,N,NA,NA,NA,NA,NA,NA,NA,NA,NA,N,3,0,1,2,A,-,09,21804,A,N,D,G,A,A,H,-,A,D,0,NA,Y,NA,NA,Y,NA,L,04,0,1,0,0,0,0,1,0,0,-,-,33.13121032714844,-117.04776000976563,SAN DIEGO,ESCONDIDO,-117.04876708984376,33.130615234375
82255342,2023,2023-12-07,3706,2023-09-10,1413,1894,ESCON,7,5,6,3706,0,0,0,NA,0,045,MISSION RD,AUTO PARK WY,0,NA,Y,A,-,N,NA,NA,NA,NA,NA,NA,NA,NA,NA,Y,4,0,3,4,C,-,18,NA,NA,N,B,C,A,A,H,-,A,A,0,NA,NA,NA,NA,Y,NA,-,-,0,0,3,0,0,0,0,0,0,-,-,33.13056182861328,-117.12290191650392,SAN DIEGO,ESCONDIDO,-117.12270355224608,33.130558013916016
82255350,2023,2023-12-07,3706,2023-09-08,1830,569,ESCON,5,5,6,3706,0,0,0,NA,0,046,FOOTBRIDGE WY,WASHINGTON AV,25,N,N,A,-,N,NA,NA,NA,NA,NA,NA,NA,NA,NA,N,2,0,1,2,D,-,00,NA,NA,F,G,B,E,A,H,-,A,D,0,Y,NA,NA,NA,Y,NA,-,-,1,0,0,0,1,0,0,0,0,-,-,33.147979736328125,-117.04633331298828,SAN DIEGO,ESCONDIDO,-117.04647064208984,33.147972106933594
82255392,2023,2023-12-07,3706,2023-09-26,854,455,ESCON,2,5,6,3706,0,0,0,NA,0,041,LINCOLN PY,BROADWAY,0,NA,Y,A,-,N,NA,NA,NA,NA,NA,NA,NA,NA,NA,N,4,0,1,2,A,-,12,21453,A,N,D,C,A,A,H,-,A,A,0,NA,NA,NA,NA,Y,NA,A,01,0,0,1,0,0,0,0,0,0,-,-,33.13309097290039,-117.08657836914063,SAN DIEGO,ESCONDIDO,-117.08650970458984,33.13307571411133
82255436,2023,2023-12-07,3706,2023-10-09,1420,594,ESCON,1,5,6,3706,0,0,0,NA,0,052,09TH AV,QUINCE ST,0,S,Y,A,-,N,NA,NA,NA,NA,NA,NA,NA,NA,NA,N,4,0,1,3,A,-,09,21801,A,N,D,C,A,A,H,-,A,A,0,NA,NA,NA,NA,Y,NA,A,01,0,0,1,0,0,0,0,0,0,-,-,33.11088180541992,-117.08355712890624,SAN DIEGO,ESCONDIDO,NA,NA
82255444,2023,2023-12-07,3706,2023-10-10,1713,591,ESCON,2,5,6,3706,0,0,0,NA,0,055,AUTO PARK WY,09TH AV (W),183,E,N,A,-,N,NA,NA,NA,NA,NA,NA,NA,NA,NA,Y,3,0,2,2,A,-,09,21804,A,N,B,C,A,A,H,-,A,D,0,NA,NA,NA,NA,Y,NA,A,08,0,2,0,0,0,0,0,0,0,-,-,33.10879135131836,-117.09813690185548,SAN DIEGO,ESCONDIDO,-117.09746551513672,33.10849380493164
82255540,2023,2023-12-07,3706,2023-11-14,1806,591,ESCON,2,5,6,3706,0,0,0,NA,0,042,BROADWAY,MISSION AV,135,W,N,A,-,N,NA,NA,NA,NA,NA,NA,NA,NA,NA,N,4,0,1,2,A,-,17,21209,A,N,B,C,A,A,H,-,A,A,0,NA,NA,Y,NA,Y,NA,C,02,0,0,1,0,0,0,0,0,1,-,-,33.130191802978516,-117.08557891845705,SAN DIEGO,ESCONDIDO,-117.08533477783205,33.13029861450195