CASE_ID,ACCIDENT_YEAR,PROC_DATE,JURIS,COLLISION_DATE,COLLISION_TIME,OFFICER_ID,REPORTING_DISTRICT,DAY_OF_WEEK,CHP_SHIFT,POPULATION,CNTY_CITY_LOC,SPECIAL_COND,BEAT_TYPE,CHP_BEAT_TYPE,CITY_DIVISION_LAPD,CHP_BEAT_CLASS,BEAT_NUMBER,PRIMARY_RD,SECONDARY_RD,DISTANCE,DIRECTION,INTERSECTION,WEATHER_1,WEATHER_2,STATE_HWY_IND,CALTRANS_COUNTY,CALTRANS_DISTRICT,STATE_ROUTE,ROUTE_SUFFIX,POSTMILE_PREFIX,POSTMILE,LOCATION_TYPE,RAMP_INTERSECTION,SIDE_OF_HWY,TOW_AWAY,COLLISION_SEVERITY,NUMBER_KILLED,NUMBER_INJURED,PARTY_COUNT,PRIMARY_COLL_FACTOR,PCF_CODE_OF_VIOL,PCF_VIOL_CATEGORY,PCF_VIOLATION,PCF_VIOL_SUBSECTION,HIT_AND_RUN,TYPE_OF_COLLISION,MVIW,PED_ACTION,ROAD_SURFACE,ROAD_COND_1,ROAD_COND_2,LIGHTING,CONTROL_DEVICE,CHP_ROAD_TYPE,PEDESTRIAN_ACCIDENT,BICYCLE_ACCIDENT,MOTORCYCLE_ACCIDENT,TRUCK_ACCIDENT,NOT_PRIVATE_PROPERTY,ALCOHOL_INVOLVED,STWD_VEHTYPE_AT_FAULT,CHP_VEHTYPE_AT_FAULT,COUNT_SEVERE_INJ,COUNT_VISIBLE_INJ,COUNT_COMPLAINT_PAIN,COUNT_PED_KILLED,COUNT_PED_INJURED,COUNT_BICYCLIST_KILLED,COUNT_BICYCLIST_INJURED,COUNT_MC_KILLED,COUNT_MC_INJURED,PRIMARY_RAMP,SECONDARY_RAMP,LATITUDE,LONGITUDE,COUNTY,CITY,POINT_X,POINT_Y
8664639,2018,2018-08-06,3711,2018-06-27,1852,4576,NA,3,5,7,3711,0,0,0,NA,0,515,28TH ST,L ST,0,NA,Y,A,-,N,NA,NA,NA,NA,NA,NA,NA,NA,NA,Y,2,0,3,3,A,-,03,22350,NA,N,D,D,A,A,H,-,A,A,0,NA,NA,NA,NA,Y,NA,A,01,2,0,1,0,0,0,0,0,0,-,-,NA,NA,SAN DIEGO,SAN DIEGO,-117.13387298583984,32.707420349121094
8664766,2018,2018-07-30,3711,2018-07-06,1231,7298,SAN D,5,5,7,3711,0,0,0,NA,0,114,CLAIREMONT MESA BL,ROLFE RD,0,NA,Y,A,-,N,NA,NA,NA,NA,NA,NA,NA,NA,NA,Y,3,0,3,2,A,-,12,21453,A,N,D,C,A,A,H,-,A,A,0,NA,NA,NA,NA,Y,NA,A,01,0,2,1,0,0,0,0,0,0,-,-,NA,NA,SAN DIEGO,SAN DIEGO,-117.20245361328124,32.82831954956055
8666456,2018,2018-08-02,3711,2018-07-11,1808,7498,NA,3,5,7,3711,0,0,0,NA,0,122,GARNET AV,ALBUQUERQUE ST,50,W,N,A,-,N,NA,NA,NA,NA,NA,NA,NA,NA,NA,N,3,0,2,2,A,-,03,22350,NA,N,C,D,A,A,H,-,A,A,0,NA,NA,Y,NA,Y,NA,C,03,0,1,1,0,0,0,0,0,1,-,-,NA,NA,SAN DIEGO,SAN DIEGO,-117.21784973144533,32.806396484375
8667441,2018,2018-07-24,3705,2018-06-28,1214,EC0337,NA,4,5,5,3705,0,0,0,NA,0,001,EL CAJON BL,HILL,0,NA,Y,A,-,N,NA,NA,NA,NA,NA,NA,NA,NA,NA,N,4,0,2,2,A,-,03,22350,NA,N,C,C,A,A,H,-,A,A,0,NA,NA,NA,NA,Y,NA,A,01,0,0,2,0,0,0,0,0,0,-,-,NA,NA,SAN DIEGO,EL CAJON,-116.97862243652344,32.78395080566406
8668200,2018,2018-08-07,3706,2018-07-17,1311,1846,NA,2,5,6,3706,0,0,0,NA,0,NA,EL NORTE PKWY,ESCONDIDO BL,0,NA,Y,A,-,N,NA,NA,NA,NA,NA,NA,NA,NA,NA,N,3,0,1,2,A,-,05,21650,1,N,H,G,A,A,H,-,A,D,0,NA,Y,NA,NA,Y,NA,L,04,0,1,0,0,0,0,1,0,0,-,-,33.13948059082031,-117.09242248535156,SAN DIEGO,ESCONDIDO,-117.09239196777344,33.139339447021484
8668556,2018,2018-07-26,3700,2018-05-24,0731,SH2784,NA,4,5,5,3782,0,0,0,NA,0,224,MANCHESTER AV,VIA POCO,632,E,N,C,-,N,NA,NA,NA,NA,NA,NA,NA,NA,NA,Y,4,0,1,1,A,-,03,22350,NA,N,F,I,A,B,H,-,A,A,0,NA,NA,NA,NA,Y,NA,A,01,0,0,1,0,0,0,0,0,0,-,-,NA,NA,SAN DIEGO,ENCINITAS,-117.26121520996094,33.01244354248047
8668563,2018,2018-07-30,3710,2018-06-06,1422,OC1447,016,3,5,6,3710,0,0,0,NA,0,008,DOUGLAS DR,MISSION AV,220,S,N,A,-,N,NA,NA,NA,NA,NA,NA,NA,NA,NA,Y,4,0,1,2,A,-,09,21801,A,N,D,C,A,A,H,-,A,D,0,NA,NA,NA,NA,Y,NA,D,22,0,0,1,0,0,0,0,0,0,-,-,33.22792053222656,-117.3261489868164,SAN DIEGO,OCEANSIDE,-117.3260498046875,33.22721862792969
8669099,2018,2018-08-14,3711,2018-06-24,1741,HB6056,NA,7,5,7,3711,0,0,0,NA,0,504,GULL ST,HARBOR DR,0,NA,Y,A,-,N,NA,NA,NA,NA,NA,NA,NA,NA,NA,N,3,0,1,2,A,-,03,22350,NA,N,B,C,A,A,H,-,A,D,0,NA,NA,Y,NA,Y,NA,C,03,0,1,0,0,0,0,0,0,1,-,-,NA,NA,SAN DIEGO,SAN DIEGO,-117.15685666,32.70440155
8669200,2018,2018-08-13,3709,2018-07-21,1615,NC0509,NA,6,5,5,3709,0,0,0,NA,0,021,EAST 2ND ST,F ST,0,NA,Y,A,-,N,NA,NA,NA,NA,NA,NA,NA,NA,NA,Y,4,0,1,2,A,-,09,21803,A,N,D,C,A,A,H,-,A,A,0,NA,NA,NA,NA,Y,NA,A,01,0,0,1,0,0,0,0,0,0,-,-,NA,NA,SAN DIEGO,NATIONAL CITY,-117.102783203125,32.68272018432617
8669313,2018,2018-08-14,3711,2018-07-20,2059,4576,NA,5,5,7,3711,0,0,0,NA,0,838,EL CAJON BL,36TH ST,0,NA,Y,A,-,N,NA,NA,NA,NA,NA,NA,NA,NA,NA,N,4,0,1,2,A,-,09,21801,A,N,B,C,A,A,G,-,C,A,0,NA,NA,NA,NA,Y,NA,A,07,0,0,1,0,0,0,0,0,0,-,-,NA,NA,SAN DIEGO,SAN DIEGO,-117.11578369140624,32.75529098510742
8671761,2018,2018-09-06,3711,2018-07-29,0205,7462,NA,7,5,7,3711,0,0,0,NA,0,529,5TH AV,ELM ST,0,NA,Y,A,-,N,NA,NA,NA,NA,NA,NA,NA,NA,NA,N,3,0,1,2,A,-,11,21950,B,N,G,B,E,A,H,-,C,A,0,Y,NA,NA,NA,Y,NA,N,60,0,1,0,0,1,0,0,0,0,-,-,NA,NA,SAN DIEGO,SAN DIEGO,-117.16024017333984,32.724090576171875
8671785,2018,2018-08-29,3711,2018-07-30,1534,4490,NA,1,5,7,3711,0,0,0,NA,0,325,NAVAJO RD,GOLFCREST DR,0,NA,Y,A,-,N,NA,NA,NA,NA,NA,NA,NA,NA,NA,Y,4,0,1,2,A,-,12,21453,A,N,D,C,A,A,H,-,A,A,0,NA,NA,NA,NA,Y,NA,A,01,0,0,1,0,0,0,0,0,0,-,-,NA,NA,SAN DIEGO,SAN DIEGO,-117.03810119628906,32.80414962768555
8672247,2018,2018-08-21,3711,2018-07-17,1706,7766,SANDI,2,5,7,3711,0,0,0,NA,0,116,DENVER ST,MILTON ST,60,N,N,A,-,N,NA,NA,NA,NA,NA,NA,NA,NA,NA,Y,4,0,1,2,A,-,08,22107,NA,M,C,E,A,A,H,-,A,A,0,NA,NA,NA,NA,Y,Y,A,01,0,0,1,0,0,0,0,0,0,-,-,NA,NA,SAN DIEGO,SAN DIEGO,-117.2042999267578,32.78472137451172
8672284,2018,2018-08-21,3711,2018-07-11,0739,7516,SANDI,3,5,7,3711,0,0,0,NA,0,524,7TH AV,MARKET ST,6,N,N,A,-,N,NA,NA,NA,NA,NA,NA,NA,NA,NA,N,4,0,1,2,A,-,11,21950,B,N,H,J,A,A,H,-,A,A,0,NA,NA,NA,NA,Y,NA,M,94,0,0,1,0,0,0,0,0,0,-,-,NA,NA,SAN DIEGO,SAN DIEGO,-117.15833282470705,32.711524963378906
8673782,2018,2018-10-11,3711,2018-07-12,1532,7640,NA,4,5,7,3711,0,0,0,NA,0,624,UNIVERSITY AV,RICHMOND AV,66,W,N,A,-,N,NA,NA,NA,NA,NA,NA,NA,NA,NA,Y,4,0,1,5,A,-,08,22107,NA,N,B,E,A,A,H,-,A,A,0,NA,NA,NA,NA,Y,NA,A,01,0,0,1,0,0,0,0,0,0,-,-,NA,NA,SAN DIEGO,SAN DIEGO,-117.15145111083984,32.748558044433594
8673902,2018,2018-10-10,3711,2018-07-27,1229,7555,NA,5,5,7,3711,0,0,0,NA,0,934,DEL MAR HEIGHTS RD,HIGH BLUFF DR,0,NA,Y,A,-,N,NA,NA,NA,NA,NA,NA,NA,NA,NA,N,4,0,1,2,A,-,03,22350,NA,N,D,C,A,A,H,-,A,A,0,NA,NA,NA,NA,Y,NA,A,01,0,0,1,0,0,0,0,0,0,-,-,32.95180892944336,-117.23941040039063,SAN DIEGO,SAN DIEGO,-117.23941802978516,32.951751708984375
8674016,2018,2018-09-10,3711,2018-07-25,1222,7672,NA,3,5,7,3711,0,0,0,NA,0,124,MOONRIDGE DR,MOONRIDGE DR 2800,36,S,N,A,-,N,NA,NA,NA,NA,NA,NA,NA,NA,NA,Y,3,0,1,2,A,-,08,22107,NA,N,B,E,A,A,H,-,A,D,0,NA,NA,NA,NA,Y,NA,A,01,0,1,0,0,0,0,0,0,0,-,-,NA,NA,SAN DIEGO,SAN DIEGO,NA,NA
8674029,2018,2018-10-10,3700,2018-07-17,1833,SH3079,NA,2,5,5,3713,0,0,0,NA,0,310,SOUTH SANTA FE AV,OCEANVIEW DR,140,N,N,A,-,N,NA,NA,NA,NA,NA,NA,NA,NA,NA,Y,4,0,1,2,A,-,03,22350,NA,N,C,C,A,A,H,-,A,D,0,NA,NA,NA,NA,Y,Y,D,22,0,0,1,0,0,0,0,0,0,-,-,NA,NA,SAN DIEGO,VISTA,-117.24113464355467,33.19879913330078
8674549,2018,2018-10-08,3711,2018-08-04,1100,5342,NA,6,5,7,3711,0,0,0,NA,0,242,CAMINO RUIZ,TARGET DRWY,0,NA,Y,A,-,N,NA,NA,NA,NA,NA,NA,NA,NA,NA,Y,3,0,1,2,A,-,12,21453,A,N,A,C,A,A,H,-,A,A,0,NA,NA,NA,NA,Y,NA,-,NA,0,1,0,0,0,0,0,0,0,-,-,NA,NA,SAN DIEGO,SAN DIEGO,-117.14423418,32.91042229
8676120,2018,2018-10-03,3711,2018-08-05,2057,7288,NA,7,5,7,3711,0,0,0,NA,0,721,CORONADO AV,CORONADO AV 1500,0,NA,Y,A,-,N,NA,NA,NA,NA,NA,NA,NA,NA,NA,Y,3,0,1,4,A,-,08,22107,NA,N,B,E,A,A,H,-,C,A,0,NA,NA,NA,NA,Y,Y,-,NA,0,1,0,0,0,0,0,0,0,-,-,32.57659149169922,-117.0990982055664,SAN DIEGO,SAN DIEGO,-117.10132778,32.57650917
8678349,2018,2018-08-30,3711,2018-07-22,1334,5972,NA,7,5,7,3711,0,0,0,NA,0,823,UNIVERSITY AV,COLLEGE AV,0,NA,Y,A,-,N,NA,NA,NA,NA,NA,NA,NA,NA,NA,Y,2,0,6,3,A,-,12,21453,A,N,D,C,A,A,H,-,A,A,0,NA,NA,NA,NA,Y,NA,A,01,2,1,3,0,0,0,0,0,0,-,-,NA,NA,SAN DIEGO,SAN DIEGO,-117.06448364257813,32.75286102294922
8682104,2018,2018-09-17,3711,2018-08-22,1520,6458,NA,3,5,7,3711,0,0,0,NA,0,524,B ST,10TH AV,30,E,N,A,-,N,NA,NA,NA,NA,NA,NA,NA,NA,NA,Y,3,0,1,2,A,-,12,21453,A,N,A,C,A,A,H,-,A,A,0,NA,NA,NA,NA,Y,NA,-,NA,0,1,0,0,0,0,0,0,0,-,-,NA,NA,SAN DIEGO,SAN DIEGO,-117.15552520751952,32.71781921386719
8684014,2018,2018-09-04,3706,2018-08-08,1055,453,ESCON,3,5,6,3706,0,0,0,NA,0,042,MISSION AV,BROADWAY,145,W,N,A,-,N,NA,NA,NA,NA,NA,NA,NA,NA,NA,Y,4,0,1,2,A,-,09,21804,A,N,D,C,A,A,H,-,A,D,0,NA,NA,NA,NA,Y,NA,A,01,0,0,1,0,0,0,0,0,0,-,-,33.13045883178711,-117.08544921875,SAN DIEGO,ESCONDIDO,-117.08578491210938,33.13022232055664
8684628,2018,2018-10-18,3711,2018-08-17,1135,HB4132,NA,5,5,7,3711,0,0,0,NA,0,504,NORTH HARBOR DR,WEST GRAPE ST,0,NA,Y,A,-,N,NA,NA,NA,NA,NA,NA,NA,NA,NA,Y,3,0,1,2,A,-,02,22526,A,N,D,C,A,A,H,-,A,A,0,NA,NA,NA,NA,Y,NA,A,07,0,1,0,0,0,0,0,0,0,-,-,NA,NA,SAN DIEGO,SAN DIEGO,-117.17321014404295,32.72412109375
8684855,2018,2018-10-04,3711,2018-07-29,1420,7663,NA,7,5,7,3711,0,0,0,NA,0,115,PALMILLA DR,ARRIBA ST,0,NA,Y,A,-,N,NA,NA,NA,NA,NA,NA,NA,NA,NA,Y,3,0,4,2,A,-,17,21451,A,N,D,C,A,A,H,-,A,A,0,NA,NA,NA,NA,Y,NA,-,NA,0,2,2,0,0,0,0,0,0,-,-,NA,NA,SAN DIEGO,SAN DIEGO,-117.22528076171876,32.86180877685547
8685166,2018,2018-09-12,3711,2018-08-08,2310,7772,NA,3,5,7,3711,0,0,0,NA,0,831,CHAMOUNE AV,POLK AV,80,N,N,A,-,N,NA,NA,NA,NA,NA,NA,NA,NA,NA,N,3,0,1,3,A,-,21,22106,NA,N,H,E,E,A,H,-,C,D,0,Y,NA,NA,NA,Y,NA,A,08,0,1,0,0,1,0,0,0,0,-,-,NA,NA,SAN DIEGO,SAN DIEGO,-117.09654235839844,32.7515983581543
8685329,2018,2018-09-24,3711,2018-07-31,0905,7300,NA,2,5,7,3711,0,0,0,NA,0,723,PICADOR BL,PALM AV,10,S,N,A,-,N,NA,NA,NA,NA,NA,NA,NA,NA,NA,N,3,0,1,2,A,-,04,21703,NA,M,C,C,A,A,-,-,A,A,0,NA,NA,NA,NA,Y,NA,-,99,0,1,0,0,0,0,0,0,0,-,-,NA,NA,SAN DIEGO,SAN DIEGO,-117.06201171875,32.583744049072266
8685537,2018,2018-10-22,3706,2018-08-08,1349,374,ESCON,3,5,6,3706,0,0,0,NA,0,045,VALLEY PKWY,RT 15,15,W,N,A,-,Y,SD,11,15,-,R,30.685,R,4,S,N,3,0,1,2,A,-,03,22350,NA,N,D,C,A,A,H,-,A,A,0,NA,NA,Y,NA,Y,NA,C,02,0,1,0,0,0,0,0,0,1,-,SF,NA,NA,SAN DIEGO,ESCONDIDO,-117.09950256347656,33.11601257324219
8685964,2018,2019-01-09,3711,2018-08-15,2200,7374,SAN D,3,5,7,3711,0,0,0,NA,0,115,NOBEL DR,RT 805,9,E,N,A,-,Y,SD,11,805,-,-,25.25,R,4,S,Y,4,0,2,2,A,-,12,21453,A,N,D,C,A,A,H,-,C,A,0,NA,NA,NA,NA,Y,NA,-,-,0,0,2,0,0,0,0,0,0,-,SO,NA,NA,SAN DIEGO,SAN DIEGO,-117.19255828857422,32.86713790893555
8686257,2018,2018-09-07,3702,2018-07-24,1147,CV1026,NA,2,5,6,3702,0,0,0,NA,0,024,PALOMAR ST,BROADWAY,0,NA,Y,A,-,N,NA,NA,NA,NA,NA,NA,NA,NA,NA,N,4,0,1,2,A,-,09,21802,B,F,D,G,A,A,H,-,A,A,0,NA,Y,NA,NA,Y,NA,-,99,0,0,1,0,0,0,1,0,0,-,-,NA,NA,SAN DIEGO,CHULA VISTA,-117.07875823974608,32.60342025756836
8686273,2018,2018-09-07,3702,2018-07-07,2300,CV1234,NA,6,5,6,3702,0,0,0,NA,0,021,ARIZONA ST,5TH AV,345,W,N,A,-,N,NA,NA,NA,NA,NA,NA,NA,NA,NA,Y,3,0,1,4,A,-,21,22106,NA,M,C,E,F,A,H,-,C,D,0,Y,NA,NA,NA,Y,Y,A,01,0,1,0,0,1,0,0,0,0,-,-,NA,NA,SAN DIEGO,CHULA VISTA,-117.08035278320313,32.6163444519043
8686317,2018,2018-09-10,3702,2018-07-18,0840,CV1026,NA,3,5,6,3702,0,0,0,NA,0,012,BROADWAY,I ST,0,NA,Y,B,-,N,NA,NA,NA,NA,NA,NA,NA,NA,NA,Y,4,0,1,3,A,-,09,21801,A,N,D,C,A,A,H,-,A,D,0,NA,NA,NA,NA,Y,NA,A,01,0,0,1,0,0,0,0,0,0,-,-,NA,NA,SAN DIEGO,CHULA VISTA,-117.0881118774414,32.62749099731445
8686582,2018,2018-08-27,3702,2018-07-03,1033,CV1233,NA,2,5,6,3702,0,0,0,NA,0,014,H ST,ELM AV,60,W,N,A,-,N,NA,NA,NA,NA,NA,NA,NA,NA,NA,Y,4,0,1,3,A,-,07,21658,A,F,B,C,A,A,H,-,A,D,0,NA,NA,NA,Y,Y,NA,-,99,0,0,1,0,0,0,0,0,0,-,-,NA,NA,SAN DIEGO,CHULA VISTA,-117.07171630859376,32.635948181152344
8686627,2018,2018-10-04,3706,2018-07-13,1451,440,ESCON,5,5,6,3706,0,0,0,NA,0,055,FELICITA AV,CENTRE CITY PKWY,166,W,N,A,-,N,NA,NA,NA,NA,NA,NA,NA,NA,NA,Y,4,0,1,2,A,-,08,22107,NA,N,D,C,A,A,H,-,A,D,0,NA,NA,Y,NA,Y,NA,C,02,0,0,1,0,0,0,0,0,1,-,-,33.10337829589844,-117.07559967041016,SAN DIEGO,ESCONDIDO,-117.07613372802734,33.10310363769531
8688329,2018,2018-09-18,3711,2018-08-09,1343,6000,NA,4,5,7,3711,0,0,0,NA,0,116,KANE ST,MORENA BL EAST ALLEY,7,W,N,A,-,N,NA,NA,NA,NA,NA,NA,NA,NA,NA,N,2,0,1,2,A,-,09,21804,A,N,D,G,A,A,H,-,A,D,0,NA,Y,NA,NA,Y,NA,L,04,1,0,0,0,0,0,1,0,0,-,-,NA,NA,SAN DIEGO,SAN DIEGO,-117.205642,32.787121
8688633,2018,2018-09-17,3711,2018-08-20,1322,7390,NA,1,5,7,3711,0,0,0,NA,0,122,MISSION BAY DR,MAGNOLIA AV,0,NA,Y,A,-,N,NA,NA,NA,NA,NA,NA,NA,NA,NA,Y,4,0,1,2,A,-,12,21453,NA,N,D,C,A,A,H,-,A,A,0,NA,NA,NA,NA,Y,NA,A,01,0,0,1,0,0,0,0,0,0,-,-,NA,NA,SAN DIEGO,SAN DIEGO,-117.21816253662108,32.80467987060547
8689683,2018,2018-09-13,3711,2018-08-20,1622,7086,NA,1,5,7,3711,0,0,0,NA,0,839,UNIVERSITY AV,WILSON AV,70,W,N,A,-,N,NA,NA,NA,NA,NA,NA,NA,NA,NA,Y,4,0,1,2,A,-,06,21755,NA,N,A,C,A,A,H,-,A,D,0,NA,NA,Y,NA,Y,NA,C,02,0,0,1,0,0,0,0,0,1,-,-,NA,NA,SAN DIEGO,SAN DIEGO,-117.11705017089844,32.749752044677734
8690431,2018,2018-10-08,3711,2018-08-18,0855,7614,NA,6,5,7,3711,0,0,0,NA,0,622,FRIARS RD,NAPA ST,0,NA,Y,A,-,N,NA,NA,NA,NA,NA,NA,NA,NA,NA,N,3,0,1,1,A,-,08,22107,NA,N,F,I,A,A,H,-,A,A,0,NA,Y,NA,NA,Y,NA,L,04,0,1,0,0,0,0,1,0,0,-,-,NA,NA,SAN DIEGO,SAN DIEGO,-117.19523620605467,32.76346969604492
8690803,2018,2018-09-24,3711,2018-09-06,1615,7360,NA,4,5,7,3711,0,0,0,NA,0,822,COLLEGE AV,ADELAIDE AV,100,S,N,A,-,N,NA,NA,NA,NA,NA,NA,NA,NA,NA,NA,4,0,1,2,A,-,04,21703,NA,N,C,C,A,A,H,-,A,D,0,NA,NA,NA,NA,Y,NA,-,NA,0,0,1,0,0,0,0,0,0,-,-,NA,NA,SAN DIEGO,SAN DIEGO,-117.0663604736328,32.757415771484375
8690843,2018,2018-09-24,3711,2018-09-02,1643,4849,NA,7,5,7,3711,0,0,0,NA,0,529,4TH AV,THORN ST,0,NA,Y,A,-,N,NA,NA,NA,NA,NA,NA,NA,NA,NA,N,3,0,1,2,A,-,08,22100,B,N,D,C,A,A,H,-,A,D,0,NA,NA,Y,NA,Y,NA,A,01,0,1,0,0,0,0,0,0,1,-,-,NA,NA,SAN DIEGO,SAN DIEGO,-117.16127014160156,32.73976135253906
8693950,2018,2018-09-20,3705,2018-08-10,1508,EC0344,NA,5,5,5,3705,0,0,0,NA,0,003,WASHINGTON,ALVEDA,68,W,N,A,-,N,NA,NA,NA,NA,NA,NA,NA,NA,NA,Y,4,0,2,2,A,-,03,22350,NA,N,C,C,A,A,H,-,A,D,0,NA,NA,NA,NA,Y,NA,A,01,0,0,2,0,0,0,0,0,0,-,-,NA,NA,SAN DIEGO,EL CAJON,-116.92062377929688,32.78718948364258
8694810,2018,2018-09-19,3711,2018-08-29,1043,5522,NA,3,5,7,3711,0,0,0,NA,0,313,CONVOY CT,CONVOY ST,378,W,N,A,-,N,NA,NA,NA,NA,NA,NA,NA,NA,NA,Y,4,0,1,2,A,-,08,22100,B,N,D,C,A,A,H,-,A,D,0,NA,NA,NA,NA,Y,NA,-,NA,0,0,1,0,0,0,0,0,0,-,-,NA,NA,SAN DIEGO,SAN DIEGO,-117.1540069580078,32.83474349975586
8694842,2018,2018-09-19,3711,2018-08-26,1725,6318,NA,7,5,7,3711,0,0,0,NA,0,433,IMPERIAL AV,60TH ST,274,W,N,A,-,N,NA,NA,NA,NA,NA,NA,NA,NA,NA,Y,4,0,3,3,A,-,08,22107,NA,N,-,C,A,A,H,-,A,A,0,NA,NA,NA,NA,Y,NA,A,01,0,0,3,0,0,0,0,0,0,-,-,NA,NA,SAN DIEGO,SAN DIEGO,-117.0688705444336,32.70921325683594
8694854,2018,2018-09-19,3711,2018-08-28,1524,7396,SANDI,2,5,7,3711,0,0,0,NA,0,324,F ST,7TH AV,6,W,N,A,-,N,NA,NA,NA,NA,NA,NA,NA,NA,NA,N,4,0,1,2,A,-,17,21657,NA,N,A,C,A,A,H,-,A,A,0,NA,NA,NA,NA,Y,NA,-,NA,0,0,1,0,0,0,0,0,0,-,-,NA,NA,SAN DIEGO,SAN DIEGO,-117.15833282470705,32.71363067626953
8694870,2018,2018-09-20,3711,2018-08-30,0839,5589,3711,4,5,7,3711,0,0,0,NA,0,313,BALBOA AV,GERALD GRIFFIN DRWY,0,NA,Y,A,-,N,NA,NA,NA,NA,NA,NA,NA,NA,NA,Y,3,0,1,2,A,-,12,21453,A,N,D,C,A,A,H,-,A,A,0,NA,NA,NA,NA,Y,NA,A,01,0,1,0,0,0,0,0,0,0,-,-,NA,NA,SAN DIEGO,SAN DIEGO,NA,NA
8697523,2018,2018-09-26,3711,2018-09-04,0342,7399,SAN D,2,5,7,3711,0,0,0,NA,0,722,ORO VISTA RD,TOCAYO AV,18,N,N,B,-,N,NA,NA,NA,NA,NA,NA,NA,NA,NA,Y,3,0,1,2,A,-,03,22350,NA,M,E,I,-,A,H,-,C,A,0,Y,NA,NA,NA,Y,Y,A,01,0,1,0,0,1,0,0,0,0,-,-,NA,NA,SAN DIEGO,SAN DIEGO,-117.07933044433594,32.56534957885742
8698961,2018,2018-09-26,3709,2018-08-30,2015,NC0480,NA,4,5,5,3709,0,0,0,NA,0,023,EUCLID AV,SWEETWATER RD,0,NA,Y,A,-,N,NA,NA,NA,NA,NA,NA,NA,NA,NA,N,4,0,2,2,A,-,03,22350,NA,M,C,C,A,A,H,-,C,A,0,NA,NA,NA,NA,Y,Y,A,01,0,0,2,0,0,0,0,0,0,-,-,NA,NA,SAN DIEGO,NATIONAL CITY,-117.07862091064452,32.66120910644531
8699749,2018,2018-09-27,3702,2018-08-08,2315,CV1086,NA,3,5,6,3702,0,0,0,NA,0,023,EAST NAPLES ST,HELIX AV,60,E,N,A,-,N,NA,NA,NA,NA,NA,NA,NA,NA,NA,Y,4,0,2,3,A,-,03,22350,NA,N,A,E,A,A,H,-,D,D,0,NA,NA,NA,NA,Y,NA,A,07,0,0,2,0,0,0,0,0,0,-,-,NA,NA,SAN DIEGO,CHULA VISTA,-117.05399322509766,32.61791229248047
8700826,2018,2018-10-24,3708,2018-08-10,0731,LM1259,NA,5,5,5,3708,0,0,0,NA,0,001,UNIVERSITY AV,CULBERTSON AV,0,NA,Y,A,-,N,NA,NA,NA,NA,NA,NA,NA,NA,NA,Y,4,0,3,2,A,-,03,22350,NA,N,C,C,A,A,H,-,A,D,0,NA,NA,NA,NA,Y,NA,A,01,0,0,3,0,0,0,0,0,0,-,-,NA,NA,SAN DIEGO,LA MESA,-117.03501129150392,32.75925827026367
8701229,2018,2018-09-20,3701,2018-09-01,1513,CB5519,NA,6,5,5,3701,0,0,0,NA,0,001,CARLSBAD VILLAGE DR,ROOSEVELT ST,0,NA,Y,A,-,N,NA,NA,NA,NA,NA,NA,NA,NA,NA,Y,3,0,1,2,A,-,09,21801,A,N,D,C,A,A,H,-,A,A,0,NA,NA,NA,NA,Y,Y,A,01,0,1,0,0,0,0,0,0,0,-,-,NA,NA,SAN DIEGO,CARLSBAD,-117.34768676757813,33.16020965576172
8703700,2018,2018-09-28,3711,2018-09-12,2209,7138,SANDI,3,5,7,3711,0,0,0,NA,0,813,ILLINOIS ST,EL CAJON BL,141,S,N,A,-,N,NA,NA,NA,NA,NA,NA,NA,NA,NA,Y,4,0,3,3,A,-,05,21650,NA,N,A,C,A,A,H,-,C,D,0,NA,NA,NA,NA,Y,NA,A,07,0,0,3,0,0,0,0,0,0,-,-,NA,NA,SAN DIEGO,SAN DIEGO,-117.12770080566406,32.75502395629883
8703783,2018,2018-11-13,3711,2018-08-08,0640,7287,NA,3,5,7,3711,0,0,0,NA,0,621,TAIT ST,KELLY ST,6500,NA,N,A,-,N,NA,NA,NA,NA,NA,NA,NA,NA,NA,N,3,0,1,2,A,-,11,21950,B,N,G,B,E,A,H,-,A,D,0,Y,NA,NA,NA,Y,NA,N,60,0,1,0,0,1,0,0,0,0,-,-,NA,NA,SAN DIEGO,SAN DIEGO,-117.17662811279295,32.780250549316406
8703973,2018,2018-10-04,3706,2018-08-05,1907,406,ESCON,7,5,6,3706,0,0,0,NA,0,055,MILLER AV,MC DONALD LN,120,S,N,A,-,N,NA,NA,NA,NA,NA,NA,NA,NA,NA,N,3,0,1,1,A,-,03,22350,NA,N,H,A,A,A,H,-,A,D,0,NA,NA,NA,NA,Y,NA,A,07,0,1,0,0,0,0,0,0,0,-,-,33.09431838989258,-117.07942962646484,SAN DIEGO,ESCONDIDO,-117.07950592041016,33.09403991699219
8704261,2018,2018-10-22,3700,2018-09-22,1550,SH0817,NA,6,5,5,3712,0,0,0,NA,0,356,SOUTH SANTA FE AV,LAS FLORES DR,30,W,N,A,-,N,NA,NA,NA,NA,NA,NA,NA,NA,NA,N,4,0,1,2,A,-,03,22350,NA,N,C,C,A,A,H,-,A,A,0,NA,NA,NA,NA,Y,NA,A,01,0,0,1,0,0,0,0,0,0,-,-,NA,NA,SAN DIEGO,SAN MARCOS,-117.20018768310548,33.156768798828125
8704269,2018,2018-10-12,3700,2018-06-05,1426,SH0141,NA,2,5,5,3712,0,0,0,NA,0,35B,SOUTH RANCHO SANTA FE RD,SECURITY PL,0,NA,Y,A,-,N,NA,NA,NA,NA,NA,NA,NA,NA,NA,Y,4,0,1,3,A,-,03,22350,NA,N,C,C,A,A,H,-,A,D,0,NA,NA,NA,NA,Y,Y,A,01,0,0,1,0,0,0,0,0,0,-,-,NA,NA,SAN DIEGO,SAN MARCOS,-117.20646667480467,33.1342887878418