CASE_ID,ACCIDENT_YEAR,PROC_DATE,JURIS,COLLISION_DATE,COLLISION_TIME,OFFICER_ID,REPORTING_DISTRICT,DAY_OF_WEEK,CHP_SHIFT,POPULATION,CNTY_CITY_LOC,SPECIAL_COND,BEAT_TYPE,CHP_BEAT_TYPE,CITY_DIVISION_LAPD,CHP_BEAT_CLASS,BEAT_NUMBER,PRIMARY_RD,SECONDARY_RD,DISTANCE,DIRECTION,INTERSECTION,WEATHER_1,WEATHER_2,STATE_HWY_IND,CALTRANS_COUNTY,CALTRANS_DISTRICT,STATE_ROUTE,ROUTE_SUFFIX,POSTMILE_PREFIX,POSTMILE,LOCATION_TYPE,RAMP_INTERSECTION,SIDE_OF_HWY,TOW_AWAY,COLLISION_SEVERITY,NUMBER_KILLED,NUMBER_INJURED,PARTY_COUNT,PRIMARY_COLL_FACTOR,PCF_CODE_OF_VIOL,PCF_VIOL_CATEGORY,PCF_VIOLATION,PCF_VIOL_SUBSECTION,HIT_AND_RUN,TYPE_OF_COLLISION,MVIW,PED_ACTION,ROAD_SURFACE,ROAD_COND_1,ROAD_COND_2,LIGHTING,CONTROL_DEVICE,CHP_ROAD_TYPE,PEDESTRIAN_ACCIDENT,BICYCLE_ACCIDENT,MOTORCYCLE_ACCIDENT,TRUCK_ACCIDENT,NOT_PRIVATE_PROPERTY,ALCOHOL_INVOLVED,STWD_VEHTYPE_AT_FAULT,CHP_VEHTYPE_AT_FAULT,COUNT_SEVERE_INJ,COUNT_VISIBLE_INJ,COUNT_COMPLAINT_PAIN,COUNT_PED_KILLED,COUNT_PED_INJURED,COUNT_BICYCLIST_KILLED,COUNT_BICYCLIST_INJURED,COUNT_MC_KILLED,COUNT_MC_INJURED,PRIMARY_RAMP,SECONDARY_RAMP,LATITUDE,LONGITUDE,COUNTY,CITY,POINT_X,POINT_Y
8833883,2019,2019-04-11,3701,2019-03-24,0711,CB5497,077,7,5,5,3701,0,0,0,NA,0,006,PALOMAR AIRPORT RD,COLLEGE BL,0,NA,Y,A,-,N,NA,NA,NA,NA,NA,NA,NA,NA,NA,Y,3,0,1,2,A,-,12,21453,A,N,D,C,A,A,H,-,A,A,0,NA,NA,NA,NA,Y,NA,A,07,0,1,0,0,0,0,0,0,0,-,-,NA,NA,SAN DIEGO,CARLSBAD,-117.30165863037108,33.12417984008789
8833903,2019,2019-04-11,3701,2019-03-14,1345,CB5434,37,4,5,5,3701,0,0,0,NA,0,002,CARLSBAD BL,HEMLOCK AV,0,NA,Y,A,-,N,NA,NA,NA,NA,NA,NA,NA,NA,NA,NA,2,0,1,2,A,-,10,21950,A,N,D,B,A,A,H,-,A,D,0,NA,NA,NA,NA,Y,Y,A,08,1,0,0,0,0,0,0,0,0,-,-,NA,NA,SAN DIEGO,CARLSBAD,-117.3463897705078,33.148841857910156
8834833,2019,2019-04-18,3711,2019-03-24,1350,7755,NA,7,5,7,3711,0,0,0,NA,0,115,GENESEE AV,CENTURION SQ,0,NA,Y,A,-,N,NA,NA,NA,NA,NA,NA,NA,NA,NA,Y,4,0,3,2,A,-,03,22350,NA,N,C,C,A,A,H,-,A,A,0,NA,NA,NA,NA,Y,NA,-,NA,0,0,3,0,0,0,0,0,0,-,-,32.86109924316406,-117.20094299316406,SAN DIEGO,SAN DIEGO,-117.209696,32.861085
8835623,2019,2019-04-11,3711,2019-03-26,1040,6825,NA,2,5,7,3711,0,0,0,NA,0,242,MIRA MESA BL,CAMINO RUIZ,400,E,N,B,-,N,NA,NA,NA,NA,NA,NA,NA,NA,NA,N,3,0,1,2,A,-,10,21952,NA,N,G,B,F,A,H,-,A,D,0,Y,NA,NA,NA,Y,NA,-,NA,0,1,0,0,1,0,0,0,0,-,-,NA,NA,SAN DIEGO,SAN DIEGO,-117.1427001953125,32.9128303527832
8836816,2019,2019-04-17,3702,2019-03-10,0938,CV0986,NA,7,5,6,3702,0,0,0,NA,0,012,SANDPIPER WY,MARINA PKWY,388,W,N,B,-,N,NA,NA,NA,NA,NA,NA,NA,NA,NA,N,3,0,2,2,A,-,09,21801,A,N,D,C,A,A,H,-,A,D,0,NA,NA,NA,NA,Y,NA,A,01,0,1,1,0,0,0,0,0,0,-,-,NA,NA,SAN DIEGO,CHULA VISTA,-117.10259246826172,32.62626266479492
8836863,2019,2019-04-18,3705,2019-03-03,0146,EC0376,NA,7,5,5,3705,0,0,0,NA,0,001,WEST MAIN ST,S SUNSHINE AV,148,W,N,A,-,N,NA,NA,NA,NA,NA,NA,NA,NA,NA,Y,4,0,3,2,A,-,01,23152,A,N,A,C,A,B,H,-,C,D,0,NA,NA,NA,NA,Y,Y,A,01,0,0,3,0,0,0,0,0,0,-,-,NA,NA,SAN DIEGO,EL CAJON,-116.96524810791016,32.794960021972656
8837092,2019,2019-05-21,3700,2019-04-28,1625,SH7275,NA,7,5,5,3713,0,0,0,NA,0,308,NORTH MELROSE DR,WEST VISTA WY,0,NA,Y,A,-,N,NA,NA,NA,NA,NA,NA,NA,NA,NA,Y,3,0,4,2,A,-,01,23152,A,N,D,C,A,A,H,-,A,A,0,NA,NA,NA,NA,Y,Y,-,NA,0,2,2,0,0,0,0,0,0,-,-,NA,NA,SAN DIEGO,VISTA,-117.25466918945313,33.19552993774414
8837332,2019,2019-05-28,3706,2019-04-18,1150,499,ESCON,4,5,6,3706,0,0,0,NA,0,042,HALE AV,INDUSTRIAL AV,663,S,N,A,-,N,NA,NA,NA,NA,NA,NA,NA,NA,NA,N,4,0,1,2,A,-,09,21804,A,N,D,C,A,A,H,-,A,D,0,NA,NA,NA,NA,Y,NA,A,07,0,0,1,0,0,0,0,0,0,-,-,33.117881774902344,-117.10272216796876,SAN DIEGO,ESCONDIDO,-117.10369873046876,33.11629867553711
8837457,2019,2019-05-10,3711,2019-04-19,1135,SD7008,NA,5,5,7,3711,0,0,0,NA,0,813,ADAMS AV,OHIO ST,193,W,N,A,-,N,NA,NA,NA,NA,NA,NA,NA,NA,NA,N,3,0,1,2,A,-,21,22106,NA,N,C,C,A,A,H,-,A,A,0,NA,NA,Y,NA,Y,NA,J,48,0,1,0,0,0,0,0,0,1,-,-,NA,NA,SAN DIEGO,SAN DIEGO,-117.12958526611328,32.76287841796875
8840353,2019,2019-05-29,3711,2019-03-30,1040,7409,NA,6,5,7,3711,0,0,0,NA,0,712,SAN YSIDRO BL,RT 805,102,E,N,A,-,Y,SD,11,5,-,-,0.954,R,4,S,Y,3,0,3,2,A,-,09,21804,A,N,D,C,A,A,H,-,A,A,0,NA,NA,NA,NA,Y,NA,-,-,0,1,2,0,0,0,0,0,0,-,SF,NA,NA,SAN DIEGO,SAN DIEGO,-117.04158782958984,32.549869537353516
8840699,2019,2019-04-22,3700,2019-02-19,1220,SH0169,NA,2,5,4,3720,0,0,0,NA,0,607,ILDICA ST,SIEGLE DR,125,N,N,A,-,N,NA,NA,NA,NA,NA,NA,NA,NA,NA,N,3,0,1,2,D,-,00,NA,NA,F,-,B,E,A,H,-,A,D,0,Y,NA,NA,NA,Y,NA,-,-,0,1,0,0,1,0,0,0,0,-,-,NA,NA,SAN DIEGO,LEMON GROVE,-117.01987457275392,32.72623062133789
8841800,2019,2019-04-26,3701,2019-04-02,1158,CB5497,017,2,5,5,3701,0,0,0,NA,0,00A,EL CAMINIO REAL,CARLSBAD VILLAGE DR,0,NA,Y,A,-,N,NA,NA,NA,NA,NA,NA,NA,NA,NA,N,3,0,3,3,A,-,03,22350,NA,N,D,C,A,A,H,-,A,A,0,NA,NA,NA,NA,Y,NA,A,07,0,1,2,0,0,0,0,0,0,-,-,NA,NA,SAN DIEGO,CARLSBAD,-117.32270050048828,33.17169952392578
8843613,2019,2019-05-13,3701,2019-04-13,0526,CB5513,NA,6,5,5,3701,0,0,0,NA,0,004,TAMARACK AV,CHATHAM RD,253,S,N,A,-,N,NA,NA,NA,NA,NA,NA,NA,NA,NA,Y,3,0,1,1,A,-,01,23152,A,N,E,I,A,A,H,-,C,D,0,NA,NA,NA,NA,Y,Y,A,01,0,1,0,0,0,0,0,0,0,-,-,NA,NA,SAN DIEGO,CARLSBAD,-117.30168151855467,33.16942596435547
8843687,2019,2019-05-06,3701,2019-04-09,1809,CB5522,068,2,5,5,3701,0,0,0,NA,0,002,CARLSBAD BL,PALOMAR AIRPORT RD,150,S,N,A,-,N,NA,NA,NA,NA,NA,NA,NA,NA,NA,NA,3,0,1,1,A,-,00,23103,A,N,H,A,A,D,B,-,A,D,0,NA,NA,Y,NA,Y,NA,C,02,0,1,0,0,0,0,0,0,1,-,-,NA,NA,SAN DIEGO,CARLSBAD,-117.33002471923828,33.124900817871094
8843702,2019,2019-08-27,3710,2019-04-08,1520,OC1157,006,1,5,6,3710,0,0,0,NA,0,001,RT 76,RT 5,578,E,N,A,-,Y,SD,11,76,-,R,0,H,-,E,Y,4,0,3,3,A,-,03,22350,NA,N,C,C,A,A,H,-,A,A,0,NA,NA,NA,NA,Y,NA,D,22,0,0,3,0,0,0,0,0,0,-,-,33.204959869384766,-117.38292694091795,SAN DIEGO,OCEANSIDE,-117.3830795288086,33.20466995239258
8843825,2019,2019-05-06,3711,2019-04-04,1836,7536,NA,4,5,7,3711,0,0,0,NA,0,122,GRAND AV,LEE ST,0,NA,Y,A,-,N,NA,NA,NA,NA,NA,NA,NA,NA,NA,Y,3,0,5,2,A,-,04,21703,NA,N,-,C,A,A,H,-,A,A,0,NA,NA,NA,NA,Y,Y,-,NA,0,1,4,0,0,0,0,0,0,-,-,NA,NA,SAN DIEGO,SAN DIEGO,-117.22464752197266,32.801368713378906
8844794,2019,2019-04-25,3709,2019-04-11,1445,NC0494,NA,4,5,5,3709,0,0,0,NA,0,024,MILE OF CARS WY,WILSON AV,29,E,N,A,-,N,NA,NA,NA,NA,NA,NA,NA,NA,NA,N,4,0,1,3,A,-,04,21703,NA,N,C,C,A,A,H,-,A,A,0,NA,NA,NA,NA,Y,NA,A,01,0,0,1,0,0,0,0,0,0,-,-,NA,NA,SAN DIEGO,NATIONAL CITY,-117.10641479492188,32.66056823730469
8848278,2019,2019-09-23,3711,2019-04-10,1856,SD7175,NA,3,5,7,3711,0,0,0,NA,0,524,PACIFIC HWY 1100,BAYFRONT CT 900,0,NA,-,A,-,N,NA,NA,NA,NA,NA,NA,NA,NA,NA,N,4,0,1,2,A,-,-,NA,NA,N,-,-,A,-,-,-,A,B,0,NA,Y,NA,NA,Y,NA,-,NA,0,0,1,0,0,0,1,0,0,-,-,NA,NA,SAN DIEGO,SAN DIEGO,-117.171053,32.716945
8848286,2019,2019-05-13,3711,2019-04-11,1836,SD6859,NA,4,5,7,3711,0,0,0,NA,0,518,JUNIPER ST,31ST ST,0,NA,Y,A,-,N,NA,NA,NA,NA,NA,NA,NA,NA,NA,N,3,0,1,2,A,-,09,21801,A,N,D,C,A,A,H,-,B,A,0,NA,NA,Y,NA,Y,NA,A,01,0,1,0,0,0,0,0,0,1,-,-,NA,NA,SAN DIEGO,SAN DIEGO,-117.12747192382813,32.72964096069336
8848905,2019,2019-05-01,3711,2019-04-17,1606,7894,NA,3,5,7,3711,0,0,0,NA,0,627,WEST WASHINGTON ST,FRONT ST,0,NA,Y,A,-,N,NA,NA,NA,NA,NA,NA,NA,NA,NA,Y,3,0,1,2,A,-,09,21453,B,M,H,C,A,A,H,-,A,A,0,NA,NA,Y,NA,Y,NA,-,NA,0,1,0,0,0,0,0,0,1,-,-,NA,NA,SAN DIEGO,SAN DIEGO,-117.16500091552734,32.74982833862305
8850650,2019,2019-04-30,3709,2019-01-29,0707,NC0448,NA,2,5,5,3709,0,0,0,NA,0,020,EAST 8TH ST,F AV,0,NA,Y,A,-,N,NA,NA,NA,NA,NA,NA,NA,NA,NA,N,3,0,1,2,A,-,09,21800,A,N,G,G,A,A,H,-,A,D,0,NA,Y,NA,NA,Y,NA,A,01,0,1,0,0,0,0,1,0,0,-,-,NA,NA,SAN DIEGO,NATIONAL CITY,-117.10079193115234,32.67755126953125
8851365,2019,2019-05-07,3700,2019-03-31,1650,SH0189,NA,7,5,4,3780,0,0,0,NA,0,415,POWAY RD,BOWRON RD,72,E,N,A,-,N,NA,NA,NA,NA,NA,NA,NA,NA,NA,N,4,0,1,3,A,-,03,22350,NA,N,C,C,A,A,H,-,A,D,0,NA,NA,NA,NA,Y,NA,A,01,0,0,1,0,0,0,0,0,0,-,-,NA,NA,SAN DIEGO,POWAY,-117.04486846923828,32.95655822753906
8853056,2019,2019-05-01,3711,2019-04-08,1741,SD6060,NA,1,5,7,3711,0,0,0,NA,0,326,MONTEZUMA RD,MONTEZUMA RD 4800,0,NA,-,A,-,N,NA,NA,NA,NA,NA,NA,NA,NA,NA,N,4,0,1,2,A,-,08,38314,NA,N,B,C,A,A,H,-,A,D,0,NA,NA,Y,NA,Y,NA,A,01,0,0,1,0,0,0,0,0,1,-,-,NA,NA,SAN DIEGO,SAN DIEGO,NA,NA
8853066,2019,2019-05-01,3711,2019-04-16,2058,SD8377,NA,2,5,7,3711,0,0,0,NA,0,526,W BEECH AV,1ST,12,W,N,C,-,N,NA,NA,NA,NA,NA,NA,NA,NA,NA,N,3,0,2,3,A,-,10,21950,A,N,G,B,B,B,H,-,C,A,0,Y,NA,NA,NA,Y,NA,A,01,0,2,0,0,2,0,0,0,0,-,-,NA,NA,SAN DIEGO,SAN DIEGO,-117.16390228271484,32.72090148925781
8853068,2019,2019-05-01,3711,2019-04-11,1912,SD5679,NA,4,5,7,3711,0,0,0,NA,0,242,CAMINO RUIZ,NEW SALEM ST,75,S,N,A,-,N,NA,NA,NA,NA,NA,NA,NA,NA,NA,Y,4,0,1,3,A,-,03,22350,NA,M,C,C,A,A,H,-,A,A,0,NA,NA,NA,NA,Y,NA,A,08,0,0,1,0,0,0,0,0,0,-,-,NA,NA,SAN DIEGO,SAN DIEGO,-117.14398956298828,32.91548538208008
8853118,2019,2019-05-01,3711,2019-04-21,1533,SD4310,NA,7,5,7,3711,0,0,0,NA,0,121,OCEAN FRONT WALK,SALEM CT,31,N,N,A,-,N,NA,NA,NA,NA,NA,NA,NA,NA,NA,N,3,0,1,1,A,-,03,22350,NA,N,F,A,A,A,H,-,A,D,0,NA,Y,NA,NA,Y,NA,L,04,0,1,0,0,0,0,1,0,0,-,-,NA,NA,SAN DIEGO,SAN DIEGO,-117.25397491455078,32.785064697265625
8854478,2019,2019-05-22,3705,2019-02-07,1626,EC0219,NA,4,5,5,3705,0,0,0,NA,0,001,WEST MAIN ST,VAN HOUTEN AV,127,E,N,A,-,N,NA,NA,NA,NA,NA,NA,NA,NA,NA,N,4,0,1,2,A,-,03,22350,NA,N,C,C,A,A,H,-,A,D,0,NA,NA,NA,NA,Y,NA,A,01,0,0,1,0,0,0,0,0,0,-,-,NA,NA,SAN DIEGO,EL CAJON,-116.96572113037108,32.794960021972656
8855538,2019,2019-08-21,3711,2019-04-18,1111,7628,NA,4,5,7,3711,0,0,0,NA,0,447,FEDERAL BL,EUCLID AV,21,W,N,A,-,N,NA,NA,NA,NA,NA,NA,NA,NA,NA,Y,3,0,1,2,A,-,09,21804,A,N,A,C,A,A,H,-,A,A,0,NA,NA,NA,NA,Y,NA,A,01,0,1,0,0,0,0,0,0,0,-,-,NA,NA,SAN DIEGO,SAN DIEGO,-117.08501434326172,32.72142028808594
8856061,2019,2019-05-16,3702,2019-04-17,2146,CV1270,NA,3,5,6,3702,0,0,0,NA,0,012,BROADWAY,H ST,610,S,N,A,-,N,NA,NA,NA,NA,NA,NA,NA,NA,NA,Y,4,0,1,2,A,-,09,21804,A,N,D,C,A,A,H,-,C,D,0,NA,NA,NA,NA,Y,NA,A,01,0,0,1,0,0,0,0,0,0,-,-,NA,NA,SAN DIEGO,CHULA VISTA,-117.0888442993164,32.62937545776367
8856716,2019,2019-05-16,3708,2019-04-26,1715,LM1158,NA,5,5,5,3708,0,0,0,NA,0,001,SPRING ST,ALLISON AV,160,N,N,A,-,N,NA,NA,NA,NA,NA,NA,NA,NA,NA,N,4,0,1,2,A,-,03,22350,NA,F,C,C,A,A,H,-,A,A,0,NA,NA,NA,NA,Y,NA,A,07,0,0,1,0,0,0,0,0,0,-,-,NA,NA,SAN DIEGO,LA MESA,-117.02115631103516,32.76643371582031
8857155,2019,2019-05-16,3700,2019-04-17,2035,SH0320,NA,3,5,5,3713,0,0,0,NA,0,305,OLIVE AV,PLYMOUTH DR,791,E,N,A,-,N,NA,NA,NA,NA,NA,NA,NA,NA,NA,Y,2,0,2,2,A,-,01,23152,A,N,A,C,A,A,H,-,C,D,0,NA,NA,NA,NA,Y,Y,A,01,1,1,0,0,0,0,0,0,0,-,-,NA,NA,SAN DIEGO,VISTA,-117.24832153320313,33.20499801635742
8859103,2019,2019-05-24,3708,2019-04-15,0922,LM1257,NA,1,5,5,3708,0,0,0,NA,0,001,ACACIA AV,LA MESA BL,0,NA,Y,A,-,N,NA,NA,NA,NA,NA,NA,NA,NA,NA,N,4,0,1,2,A,-,10,21950,A,N,G,-,B,A,H,-,A,A,0,Y,NA,NA,NA,Y,NA,A,01,0,0,1,0,1,0,0,0,0,-,-,NA,NA,SAN DIEGO,LA MESA,-117.02249145507813,32.7635498046875
8859297,2019,2019-07-02,3710,2019-04-01,1149,OC1450,022,1,5,6,3710,0,0,0,NA,0,009,RT 76,GUAJOME LAKE RD,600,E,N,A,-,Y,NA,NA,76,NA,NA,NA,NA,NA,NA,N,3,0,1,3,A,-,03,22350,NA,N,C,C,A,A,H,-,A,A,0,NA,NA,NA,Y,Y,NA,G,27,0,1,0,0,0,0,0,0,0,-,-,33.24842071533203,-117.27426147460938,SAN DIEGO,OCEANSIDE,-117.27423858642578,33.248355865478516
8859433,2019,2019-05-21,3700,2019-04-09,2302,SH0013,NA,2,5,5,3781,0,0,0,NA,0,502,MAST BL,DUNBARTON RD,43,E,N,A,-,N,NA,NA,NA,NA,NA,NA,NA,NA,NA,Y,3,0,1,2,A,-,01,23152,A,M,C,E,A,A,H,-,C,D,0,NA,NA,NA,NA,Y,Y,A,01,0,1,0,0,0,0,0,0,0,-,-,NA,NA,SAN DIEGO,SANTEE,-117.00180053710938,32.85106658935547
8863729,2019,2019-05-21,3701,2019-05-05,1824,CB5363,002,7,5,5,3701,0,0,0,NA,0,001,STATE ST,CHRISTIANSEN WY,9,N,N,B,-,N,NA,NA,NA,NA,NA,NA,NA,NA,NA,NA,3,0,1,3,A,-,03,22350,NA,N,G,B,E,A,H,-,A,D,0,Y,NA,NA,NA,Y,NA,A,01,0,1,0,0,1,0,0,0,0,-,-,NA,NA,SAN DIEGO,CARLSBAD,-117.35015869140624,33.16133499145508
8866162,2019,2019-05-23,3711,2019-04-26,0818,SD6104,NA,5,5,7,3711,0,0,0,NA,0,826,EL CAJON BL,EUCLID AV,132,E,N,B,-,N,NA,NA,NA,NA,NA,NA,NA,NA,NA,Y,4,0,2,2,A,-,09,21801,A,N,D,C,A,A,H,-,A,A,0,NA,NA,NA,NA,Y,NA,A,08,0,0,2,0,0,0,0,0,0,-,-,NA,NA,SAN DIEGO,SAN DIEGO,-117.09178924560548,32.756107330322266
8866178,2019,2019-05-23,3711,2019-04-30,0015,SD4310,NA,2,5,7,3711,0,0,0,NA,0,511,HARBOR DR,28TH ST,358,E,N,B,-,N,NA,NA,NA,NA,NA,NA,NA,NA,NA,N,2,0,1,2,A,-,11,21955,NA,N,G,B,D,A,H,-,C,D,0,Y,NA,NA,NA,Y,NA,N,60,1,0,0,0,1,0,0,0,0,-,-,NA,NA,SAN DIEGO,SAN DIEGO,-117.13266754150392,32.69053268432617
8866211,2019,2019-05-23,3711,2019-05-09,2158,7129,NA,4,5,7,3711,0,0,0,NA,0,438,REO DR,WINCHESTER ST,18,S,N,A,-,N,NA,NA,NA,NA,NA,NA,NA,NA,NA,Y,4,0,1,2,A,-,12,22450,A,N,D,-,A,A,H,-,C,D,0,NA,NA,NA,NA,Y,NA,A,01,0,0,1,0,0,0,0,0,0,-,-,NA,NA,SAN DIEGO,SAN DIEGO,-117.0629425048828,32.673728942871094
8866662,2019,2019-06-06,3701,2019-05-18,2313,CB5512,102,6,5,5,3701,0,0,0,NA,0,007,LA COSTA AV,PIRAEUS ST,367,E,N,A,-,N,NA,NA,NA,NA,NA,NA,NA,NA,NA,N,4,0,1,2,A,-,01,23153,A,N,B,C,A,A,H,-,C,D,0,NA,NA,NA,NA,Y,Y,A,01,0,0,1,0,0,0,0,0,0,-,-,NA,NA,SAN DIEGO,CARLSBAD,-117.2952880859375,33.085140228271484
8867334,2019,2019-07-05,3706,2019-06-11,0736,440,ESCON,2,5,6,3706,0,0,0,NA,0,042,VALLEY PKWY,HICKORY ST,0,NA,Y,A,-,N,NA,NA,NA,NA,NA,NA,NA,NA,NA,N,3,0,2,2,A,-,12,21453,A,N,D,C,A,A,H,-,A,A,0,NA,NA,NA,NA,Y,NA,A,01,0,2,0,0,0,0,0,0,0,-,-,33.12569046020508,-117.07633972167967,SAN DIEGO,ESCONDIDO,-117.0763702392578,33.12580108642578
8867338,2019,2019-07-05,3701,2019-05-15,1026,CB5540,084,3,5,5,3701,0,0,0,NA,0,006,MELROSE DR,PALOMAR AIRPORT RD,47,N,N,B,-,N,NA,NA,NA,NA,NA,NA,NA,NA,NA,N,4,0,1,2,A,-,09,21453,C,N,D,C,A,A,H,-,A,A,0,NA,NA,NA,NA,Y,NA,A,01,0,0,1,0,0,0,0,0,0,-,-,NA,NA,SAN DIEGO,CARLSBAD,-117.24547576904295,33.13022994995117
8867394,2019,2019-07-31,3711,2019-06-03,1619,SD4656,NA,1,5,7,3711,0,0,0,NA,0,838,39TH ST,39TH ST 4000,60,N,N,A,-,N,NA,NA,NA,NA,NA,NA,NA,NA,NA,N,4,0,1,2,A,-,21,22106,NA,N,D,C,A,A,H,-,A,D,0,NA,NA,NA,NA,Y,NA,J,48,0,0,1,0,0,0,0,0,0,-,-,NA,NA,SAN DIEGO,SAN DIEGO,-117.11065673828124,32.74985885620117
8868486,2019,2019-06-04,3701,2019-05-05,0136,CB5512,88,7,5,5,3701,0,0,0,NA,0,007,MELROSE DR,ALGA RD,8,S,N,A,-,N,NA,NA,NA,NA,NA,NA,NA,NA,NA,N,3,0,1,1,A,-,08,22107,NA,N,E,I,A,A,H,-,C,A,0,NA,NA,NA,NA,Y,NA,A,01,0,1,0,0,0,0,0,0,0,-,-,NA,NA,SAN DIEGO,CARLSBAD,-117.22988891601563,33.11185836791992
8868675,2019,2019-06-06,3700,2019-05-16,1625,SH0614,NA,4,5,5,3713,0,0,0,NA,0,311,MAIN ST,VISTA VILLAGE DR,20,S,N,A,-,N,NA,NA,NA,NA,NA,NA,NA,NA,NA,N,4,0,1,2,A,-,03,22350,NA,M,C,C,A,A,H,-,A,A,0,NA,NA,NA,NA,Y,NA,D,22,0,0,1,0,0,0,0,0,0,-,-,NA,NA,SAN DIEGO,VISTA,-117.23974609375,33.20387649536133
8869639,2019,2019-06-10,3705,2019-05-14,1325,EC0324,NA,2,5,5,3705,0,0,0,NA,0,002,MAIN,ROANOKE,119,W,N,A,-,N,NA,NA,NA,NA,NA,NA,NA,NA,NA,N,3,0,1,2,A,-,17,22517,NA,N,B,C,A,A,H,-,A,D,0,NA,NA,NA,NA,Y,NA,A,01,0,1,0,0,0,0,0,0,0,-,-,NA,NA,SAN DIEGO,EL CAJON,-116.95526885986328,32.79494857788086
8869801,2019,2019-08-27,3703,2019-05-06,1450,1137,NA,1,5,3,3703,0,0,0,NA,0,001,ORANGE AV,5TH ST,0,NA,Y,A,-,Y,SD,11,75,-,-,19.486,I,5,N,Y,3,0,1,2,A,-,09,21802,A,N,D,C,A,A,H,-,A,D,0,NA,NA,NA,NA,Y,NA,A,01,0,1,0,0,0,0,0,0,0,-,-,NA,NA,SAN DIEGO,CORONADO,-117.17560577392578,32.69301223754883
8869958,2019,2019-06-03,3711,2019-05-02,2125,SD7909,NA,4,5,7,3711,0,0,0,NA,0,524,BROADWAY,8TH AV,0,NA,-,-,-,N,NA,NA,NA,NA,NA,NA,NA,NA,NA,N,4,0,1,1,A,-,05,21651,A,N,-,-,A,-,-,-,-,-,0,NA,NA,Y,NA,Y,NA,C,03,0,0,1,0,0,0,0,0,1,-,-,NA,NA,SAN DIEGO,SAN DIEGO,-117.15740966796876,32.715721130371094
8870828,2019,2019-06-17,3700,2019-05-02,1428,SH7236,NA,4,5,5,3712,0,0,0,NA,0,355,GRAND AV,PAWNEE ST,0,NA,Y,A,-,N,NA,NA,NA,NA,NA,NA,NA,NA,NA,N,3,0,1,2,A,-,10,21950,A,N,G,B,B,A,H,-,A,D,0,Y,NA,NA,NA,Y,NA,-,-,0,1,0,0,1,0,0,0,0,-,-,NA,NA,SAN DIEGO,SAN MARCOS,-117.1988525390625,33.145538330078125
8872181,2019,2019-06-10,3705,2019-04-22,1205,EC0328,NA,1,5,5,3705,0,0,0,NA,0,001,EL CAJON BL,CHASE,801,E,N,A,-,N,NA,NA,NA,NA,NA,NA,NA,NA,NA,N,4,0,1,2,A,-,03,22350,NA,N,B,-,A,A,H,-,A,A,0,NA,NA,NA,NA,Y,NA,A,07,0,0,1,0,0,0,0,0,0,-,-,NA,NA,SAN DIEGO,EL CAJON,-116.97776794433594,32.784828186035156
8872204,2018,2019-06-07,3709,2018-11-26,1141,NC0486,NA,1,5,5,3709,0,0,0,NA,0,021,EAST PLAZA BL,E PLAZA BL 900,0,NA,N,A,-,N,NA,NA,NA,NA,NA,NA,NA,NA,NA,N,2,0,1,2,A,-,10,21950,A,N,G,B,C,A,H,-,A,A,0,Y,NA,NA,NA,Y,NA,-,NA,1,0,0,0,1,0,0,0,0,-,-,NA,NA,SAN DIEGO,NATIONAL CITY,-117.09778368,32.67647663
8874181,2019,2020-09-18,3710,2019-06-08,1220,OC1185,NA,6,5,6,3710,0,0,0,NA,0,015,RT 76,FOUSSAT RD,1790,E,N,A,-,Y,SD,11,76,-,M,2.91,H,-,W,Y,4,0,2,4,A,-,08,22107,NA,N,C,C,A,A,C,-,A,D,0,NA,NA,NA,NA,Y,NA,D,22,0,0,2,0,0,0,0,0,0,-,-,NA,NA,SAN DIEGO,OCEANSIDE,-117.33854675292967,33.220314025878906
8874235,2019,2019-06-12,3711,2019-05-31,1919,7014,NA,5,5,7,3711,0,0,0,NA,0,831,EL CAJON BL,HIGHLAND AV,0,NA,Y,B,-,N,NA,NA,NA,NA,NA,NA,NA,NA,NA,Y,3,0,1,2,A,-,09,21801,A,N,A,C,A,A,H,-,A,A,0,NA,NA,Y,NA,Y,NA,A,01,0,1,0,0,0,0,0,0,1,-,-,NA,NA,SAN DIEGO,SAN DIEGO,-117.09919738769533,32.75510025024414
8874275,2019,2019-06-12,3711,2019-05-27,1158,SD4653,NA,1,5,7,3711,0,0,0,NA,0,315,CAMINO DEL RIO S,AUTO CIR,450,E,N,B,-,N,NA,NA,NA,NA,NA,NA,NA,NA,NA,N,4,0,1,2,A,-,03,22350,NA,N,C,C,A,A,H,-,A,D,0,NA,NA,Y,NA,Y,NA,C,02,0,0,1,0,0,0,0,0,1,-,-,NA,NA,SAN DIEGO,SAN DIEGO,-117.15310668945313,32.76503372192383
8876978,2019,2019-06-17,3706,2019-05-17,0710,374,ESCON,5,5,6,3706,0,0,0,NA,0,043,CENTRE CITY PKWY,COUNTRY CLUB LN,105,N,N,B,-,N,NA,NA,NA,NA,NA,NA,NA,NA,NA,N,4,0,1,2,A,-,21,22106,NA,N,C,D,A,A,H,-,A,A,0,NA,NA,NA,NA,Y,NA,A,01,0,0,1,0,0,0,0,0,0,-,-,33.15816116333008,-117.10193634033205,SAN DIEGO,ESCONDIDO,-117.10230255126952,33.15840148925781
8877674,2019,2019-06-13,3711,2019-05-25,1404,SD6559,NA,6,5,7,3711,0,0,0,NA,0,121,OCEAN FRONT,OCEAN FRONT 3485,0,NA,Y,A,-,N,NA,NA,NA,NA,NA,NA,NA,NA,NA,N,2,0,1,1,A,-,03,22350,NA,N,H,A,A,D,B,-,A,D,0,NA,NA,NA,NA,Y,NA,-,NA,1,0,0,0,0,0,0,0,0,-,-,NA,NA,SAN DIEGO,SAN DIEGO,NA,NA