CASE_ID,ACCIDENT_YEAR,PROC_DATE,JURIS,COLLISION_DATE,COLLISION_TIME,OFFICER_ID,REPORTING_DISTRICT,DAY_OF_WEEK,CHP_SHIFT,POPULATION,CNTY_CITY_LOC,SPECIAL_COND,BEAT_TYPE,CHP_BEAT_TYPE,CITY_DIVISION_LAPD,CHP_BEAT_CLASS,BEAT_NUMBER,PRIMARY_RD,SECONDARY_RD,DISTANCE,DIRECTION,INTERSECTION,WEATHER_1,WEATHER_2,STATE_HWY_IND,CALTRANS_COUNTY,CALTRANS_DISTRICT,STATE_ROUTE,ROUTE_SUFFIX,POSTMILE_PREFIX,POSTMILE,LOCATION_TYPE,RAMP_INTERSECTION,SIDE_OF_HWY,TOW_AWAY,COLLISION_SEVERITY,NUMBER_KILLED,NUMBER_INJURED,PARTY_COUNT,PRIMARY_COLL_FACTOR,PCF_CODE_OF_VIOL,PCF_VIOL_CATEGORY,PCF_VIOLATION,PCF_VIOL_SUBSECTION,HIT_AND_RUN,TYPE_OF_COLLISION,MVIW,PED_ACTION,ROAD_SURFACE,ROAD_COND_1,ROAD_COND_2,LIGHTING,CONTROL_DEVICE,CHP_ROAD_TYPE,PEDESTRIAN_ACCIDENT,BICYCLE_ACCIDENT,MOTORCYCLE_ACCIDENT,TRUCK_ACCIDENT,NOT_PRIVATE_PROPERTY,ALCOHOL_INVOLVED,STWD_VEHTYPE_AT_FAULT,CHP_VEHTYPE_AT_FAULT,COUNT_SEVERE_INJ,COUNT_VISIBLE_INJ,COUNT_COMPLAINT_PAIN,COUNT_PED_KILLED,COUNT_PED_INJURED,COUNT_BICYCLIST_KILLED,COUNT_BICYCLIST_INJURED,COUNT_MC_KILLED,COUNT_MC_INJURED,PRIMARY_RAMP,SECONDARY_RAMP,LATITUDE,LONGITUDE,COUNTY,CITY,POINT_X,POINT_Y
8996995,2019,2020-01-04,3709,2019-11-13,1207,NC0527,NA,3,5,5,3709,0,0,0,NA,0,020,CIVIC CENTER DR,HOOVER ST,0,NA,Y,A,-,N,NA,NA,NA,NA,NA,NA,NA,NA,NA,Y,4,0,1,2,A,-,09,21802,A,N,D,C,A,A,H,-,A,A,0,NA,NA,NA,NA,Y,NA,A,01,0,0,1,0,0,0,0,0,0,-,-,NA,NA,SAN DIEGO,NATIONAL CITY,-117.10732269287108,32.67094039916992
8998057,2019,2020-01-15,3711,2019-11-13,0739,SD6445,NA,3,5,7,3711,0,0,0,NA,0,444,HILLTOP DR,47TH ST,0,NA,-,-,-,N,NA,NA,NA,NA,NA,NA,NA,NA,NA,N,4,0,1,2,A,-,11,21954,A,N,G,B,D,A,H,-,A,A,0,Y,NA,NA,NA,Y,NA,N,60,0,0,1,0,1,0,0,0,0,-,-,NA,NA,SAN DIEGO,SAN DIEGO,-117.09358978271484,32.715049743652344
8998196,2019,2020-01-13,3711,2019-11-19,1740,SD6203,NA,2,5,7,3711,0,0,0,NA,0,833,FAIRMOUNT AV,DWIGHT ST,310,S,N,C,-,N,NA,NA,NA,NA,NA,NA,NA,NA,NA,N,4,0,1,3,A,-,04,21703,NA,M,C,C,A,B,H,-,C,B,0,NA,NA,NA,NA,Y,Y,D,22,0,0,1,0,0,0,0,0,0,-,-,NA,NA,SAN DIEGO,SAN DIEGO,-117.10098266601563,32.743160247802734
8998419,2019,2020-01-24,3701,2019-11-29,1744,CB5512,57,5,5,5,3701,0,0,0,NA,0,005,COLLEGE BL,FARADAY AV,0,NA,Y,B,-,N,NA,NA,NA,NA,NA,NA,NA,NA,NA,N,3,0,1,2,A,-,11,21456,B,N,G,B,B,B,H,-,C,A,0,Y,NA,NA,NA,Y,NA,N,60,0,1,0,0,1,0,0,0,0,-,-,NA,NA,SAN DIEGO,CARLSBAD,-117.28600311279295,33.13549041748047
8998432,2019,2020-02-14,3711,2019-11-15,2233,SD4576,NA,5,5,7,3711,0,0,0,NA,0,444,MARKET ST,DENBY ST,100,W,N,A,-,N,NA,NA,NA,NA,NA,NA,NA,NA,NA,Y,2,0,1,2,A,-,11,21954,A,N,G,B,D,A,H,-,C,A,0,Y,NA,NA,NA,Y,Y,N,60,1,0,0,0,1,0,0,0,0,-,-,NA,NA,SAN DIEGO,SAN DIEGO,-117.10313415527344,32.71147537231445
9000376,2019,2020-01-10,3705,2019-11-27,1430,EC0378,NA,3,5,5,3705,0,0,0,NA,0,002,BROADWAY,CHERRYWOOD,64,W,N,B,-,N,NA,NA,NA,NA,NA,NA,NA,NA,NA,Y,3,0,2,2,A,-,08,22107,NA,N,D,C,A,A,H,-,A,A,0,NA,NA,NA,NA,Y,NA,-,NA,0,1,1,0,0,0,0,0,0,-,-,NA,NA,SAN DIEGO,EL CAJON,-116.95394897460938,32.80769348144531
90024285,2015,2015-10-19,9650,2015-09-27,2142,013890,NA,7,2,9,3700,0,1,1,NA,2,001,I-5 S/B,LAS PULGAS RD.,4350,N,N,B,-,Y,NA,NA,5,NA,NA,NA,NA,NA,S,N,4,0,1,2,A,-,01,23152,A,N,B,C,A,A,H,-,D,D,0,NA,NA,NA,NA,Y,Y,A,07,0,0,1,0,0,0,0,0,0,-,-,33.3071,-117.4749,SAN DIEGO,UNINCORPORATED,-117.47488872,33.30711377
90024648,2015,2015-10-19,9650,2015-09-29,1925,014886,NA,2,2,9,3700,0,3,5,NA,2,210,RICHLAND RD,BORDEN RD,2112,N,N,A,-,N,NA,NA,NA,NA,NA,NA,NA,NA,NA,Y,3,0,1,1,A,-,01,23152,A,N,E,I,A,A,H,-,D,D,0,NA,NA,NA,NA,Y,Y,A,01,0,1,0,0,0,0,0,0,0,-,-,33.16391,-117.14555,SAN DIEGO,UNINCORPORATED,-117.14093,33.15435
90025605,2015,2015-10-19,9650,2015-09-27,1700,016026,NA,7,2,9,3700,0,1,1,NA,2,001,I-5 N/B,US BORDER PATROL CHECKPOINT,2640,N,N,A,-,Y,NA,NA,5,NA,NA,NA,NA,NA,N,Y,4,0,1,3,A,-,08,22107,NA,N,B,C,A,A,H,-,A,D,0,NA,NA,NA,Y,Y,NA,A,01,0,0,1,0,0,0,0,0,0,-,-,33.33622,-117.5021,SAN DIEGO,UNINCORPORATED,-117.50220254,33.3360794
90027862,2015,2015-10-29,9650,2015-10-07,0753,013452,NA,3,1,9,3700,0,1,1,NA,2,021,I-15 S/B,OLD HIGHWAY 395,5808,N,N,A,-,Y,NA,NA,15,NA,NA,NA,NA,NA,S,Y,4,0,1,2,A,-,03,22350,NA,F,C,C,A,B,H,-,A,D,0,NA,NA,NA,Y,Y,NA,A,01,0,0,1,0,0,0,0,0,0,-,-,33.30408,-117.15058,SAN DIEGO,UNINCORPORATED,-117.15043607,33.30408683
90028014,2015,2015-10-19,9680,2015-10-03,1750,018427,NA,6,2,5,3708,0,1,1,NA,2,081,I-8 E/B TO FLETCHER PKWY,FLETCHER PKY,760,W,N,A,-,Y,NA,NA,8,NA,NA,NA,R,NA,E,Y,3,0,1,1,A,-,03,22350,NA,N,E,I,A,A,H,-,A,D,0,NA,NA,Y,NA,Y,NA,C,02,0,1,0,0,0,0,0,0,1,-,-,32.77359,-117.03206,SAN DIEGO,LA MESA,-117.03206,32.77359
90028581,2015,2015-10-19,9650,2015-10-08,0800,013452,NA,4,1,9,3700,0,3,5,NA,2,210,GOPHER CANYON ROAD,I-15 S/B TO GOPHER CANYON RD,18,W,N,A,-,N,NA,NA,NA,NA,NA,NA,NA,NA,NA,N,4,0,1,2,A,-,21,22106,NA,N,C,C,A,B,H,-,A,D,0,NA,NA,NA,NA,Y,NA,-,-,0,0,1,0,0,0,0,0,0,-,-,33.25336,-117.15688,SAN DIEGO,UNINCORPORATED,-117.156865,33.253027
90029027,2015,2015-10-19,9680,2015-10-02,1710,019519,NA,5,2,9,3700,0,3,5,NA,2,001,SCRIPPS POWAY PARKWAY,SR-67,3960,W,N,A,-,N,NA,NA,NA,NA,NA,NA,NA,NA,NA,Y,3,0,2,3,A,-,03,22350,NA,N,C,C,A,A,H,-,A,A,0,NA,NA,NA,NA,Y,NA,D,22,0,1,1,0,0,0,0,0,0,-,-,32.57116,-116.58564,SAN DIEGO,UNINCORPORATED,-116.98095591,32.95118891
90029179,2015,2015-10-19,9650,2015-10-09,1240,013636,NA,5,1,5,3782,0,1,1,NA,2,007,I-5 S/B,ENCINITAS BLVD,400,N,N,A,-,Y,NA,NA,NA,NA,NA,NA,NA,NA,NA,Y,4,0,1,3,A,-,03,22350,NA,N,C,C,A,A,H,-,A,D,0,NA,NA,NA,NA,Y,NA,D,22,0,0,1,0,0,0,0,0,0,-,-,NA,NA,SAN DIEGO,ENCINITAS,-117.28768044,33.04946216
90029740,2015,2015-10-19,9680,2015-10-04,1050,012572,NA,7,1,5,3705,0,1,1,NA,2,082,INTERSTATE 8 WESTBOUND,MOLLISON AVE,350,W,N,B,-,Y,NA,NA,8,NA,NA,NA,NA,NA,W,Y,4,0,3,5,A,-,03,22350,NA,N,C,C,A,B,H,-,A,D,0,NA,NA,NA,NA,Y,NA,D,22,0,0,3,0,0,0,0,0,0,-,-,32.80333,-116.95192,SAN DIEGO,EL CAJON,-116.95191922,32.80315901
90030328,2015,2015-10-19,9650,2015-10-04,2320,016487,NA,7,3,9,3700,0,1,1,NA,2,001,I-5 N/B,SAN ONOFRE INSPECTION FACILITY,820,S,N,B,C,Y,NA,NA,NA,NA,NA,NA,NA,NA,NA,Y,4,0,1,2,A,-,03,22350,NA,N,E,I,A,B,H,-,D,D,0,NA,NA,NA,NA,Y,NA,D,22,0,0,1,0,0,0,0,0,0,-,-,33.21029,-117.31219,SAN DIEGO,UNINCORPORATED,NA,NA
90032502,2015,2015-10-19,9680,2015-10-07,0731,015578,NA,3,1,9,3700,0,1,3,NA,2,028,SR-125 NORTHBOUND,JAMACHA RD.,528,N,N,A,-,Y,NA,NA,125,NA,NA,NA,NA,NA,N,N,4,0,1,2,A,-,03,22350,NA,N,C,C,A,A,H,-,A,D,0,NA,NA,NA,NA,Y,NA,A,01,0,0,1,0,0,0,0,0,0,-,-,32.71681,-117.01437,SAN DIEGO,UNINCORPORATED,-117.01438278,32.71680943
90032727,2015,2015-10-19,9680,2015-10-08,0628,015578,NA,4,1,9,3700,0,1,3,NA,1,023,SR-94 WESTBOUND,AVOCADO BLVD.,528,W,N,A,-,Y,NA,NA,94,NA,NA,NA,NA,NA,W,Y,4,0,1,1,A,-,08,22107,NA,N,E,I,A,A,H,-,A,D,0,NA,NA,NA,NA,Y,NA,A,01,0,0,1,0,0,0,0,0,0,-,-,32.74464,-116.96818,SAN DIEGO,UNINCORPORATED,-116.96818121,32.74460271
90033072,2015,2015-10-19,9645,2015-09-23,0615,14922,NA,3,1,7,3711,0,1,1,NA,2,009,I-805 NORTHBOUND,IMPERIAL AVE. OVECROSSING,600,S,N,A,-,Y,NA,NA,805,NA,NA,NA,NA,NA,N,Y,4,0,1,3,A,-,03,22350,NA,N,C,C,A,A,H,-,A,D,0,NA,NA,NA,NA,Y,NA,A,01,0,0,1,0,0,0,0,0,0,-,-,32.70252,-117.09458,SAN DIEGO,SAN DIEGO,-117.09473731,32.70250795
90034650,2015,2015-10-20,9645,2015-09-25,1735,019257,NA,5,2,7,3711,0,1,3,NA,2,006,STATE ROUTE 94 EASTBOUND,HOME AVENUE O/C,500,W,N,A,-,Y,NA,NA,94,NA,NA,NA,NA,NA,E,Y,2,0,1,4,A,-,08,22107,NA,N,B,C,A,A,H,-,A,D,0,NA,NA,Y,NA,Y,NA,A,01,1,0,0,0,0,0,0,0,1,-,-,32.7177,-117.1125,SAN DIEGO,SAN DIEGO,-117.11250497,32.71772337
9003615,2019,2020-02-20,3706,2019-12-18,2323,527,ESCON,3,5,6,3706,0,0,0,NA,0,041,CENTRE CITY PKWY,EL NORTE PKWY,0,NA,Y,A,-,N,NA,NA,NA,NA,NA,NA,NA,NA,NA,Y,4,0,1,2,D,-,00,NA,NA,N,D,C,A,A,H,-,C,A,0,NA,NA,NA,NA,Y,NA,-,-,0,0,1,0,0,0,0,0,0,-,-,33.13949966430664,-117.09339904785156,SAN DIEGO,ESCONDIDO,-117.09339141845705,33.13978958129883
90037068,2015,2015-12-10,9680,2015-10-12,1710,017717,NA,1,2,9,3700,0,3,5,NA,2,001,OLDE HIGHWAY 80,OAK CREEK RD,528,E,N,A,-,N,NA,NA,NA,NA,NA,NA,NA,NA,NA,N,3,0,2,2,A,-,01,23152,A,N,B,C,A,A,H,-,A,D,0,NA,NA,NA,NA,Y,Y,A,01,0,2,0,0,0,0,0,0,0,-,-,32.85585,-116.84111,SAN DIEGO,UNINCORPORATED,-116.841177,32.855797
90037113,2015,2015-10-23,9645,2015-10-06,1815,017524,NA,2,2,7,3711,0,1,3,NA,2,006,SR-94 E/B,I-805 U/C,528,W,N,A,-,Y,NA,NA,94,NA,NA,NA,NA,NA,E,Y,4,0,4,2,A,-,03,22350,NA,N,C,C,A,A,H,-,B,D,0,NA,NA,NA,NA,Y,NA,A,01,0,0,4,0,0,0,0,0,0,-,-,32.71895,-117.10279,SAN DIEGO,SAN DIEGO,-117.10278239,32.71881887
90037520,2015,2015-10-26,9645,2015-10-02,1635,020541,NA,5,2,7,3711,0,1,1,NA,2,009,I-805 S/B,CAMINO DE LA PLAZA,2112,N,N,A,-,Y,NA,NA,805,NA,NA,NA,NA,NA,S,N,4,0,1,2,A,-,03,22350,NA,N,B,C,A,A,H,-,A,D,0,NA,NA,Y,NA,Y,NA,C,02,0,0,1,0,0,0,0,0,1,-,-,32.54726,-117.03829,SAN DIEGO,SAN DIEGO,-117.03827634,32.54728349
90037569,2015,2015-10-26,9645,2015-10-04,1907,019352,NA,7,2,5,3709,0,1,1,NA,2,001,I-5 N/B TO I-805 N/B,CAMINO DE LA PLAZA,1320,N,N,A,-,Y,NA,NA,NA,NA,NA,NA,NA,NA,NA,Y,4,0,1,1,A,-,08,22107,NA,N,F,I,A,A,H,-,C,D,0,NA,NA,NA,NA,Y,NA,A,07,0,0,1,0,0,0,0,0,0,-,-,32.54694,-117.0359,SAN DIEGO,NATIONAL CITY,-117.03582629,32.54668069
90039549,2015,2015-10-29,9650,2015-10-21,0830,013570,NA,3,1,6,3706,0,1,3,NA,2,019,SR-78 W/B,CENTRE CITY PKY,1500,W,N,A,-,Y,NA,NA,78,NA,NA,NA,NA,NA,W,Y,3,0,7,4,A,-,03,22350,NA,N,C,C,A,A,H,-,A,D,0,NA,NA,NA,NA,Y,NA,A,01,0,3,4,0,0,0,0,0,0,-,-,33.12853,-117.10014,SAN DIEGO,ESCONDIDO,-117.10016107,33.12859716
90040542,2015,2015-10-29,9680,2015-10-17,2045,019822,NA,6,2,9,3700,0,3,5,NA,2,002,KENWOOD DR,CAMPO RD,5,S,N,B,-,N,NA,NA,NA,NA,NA,NA,NA,NA,NA,N,3,0,1,2,A,-,10,21950,A,N,G,B,B,A,H,-,C,A,0,Y,NA,NA,NA,Y,NA,A,07,0,1,0,0,1,0,0,0,0,-,-,32.74786,-116.9884,SAN DIEGO,UNINCORPORATED,-117.00795072,32.75270632
90041756,2015,2015-10-30,9650,2015-10-27,0734,015727,NA,2,1,9,3700,0,1,1,NA,2,003,I-5 S/B,COCKLEBURR OVERCROSSING,3960,S,N,A,-,Y,NA,NA,NA,NA,NA,NA,NA,NA,NA,Y,4,0,1,1,A,-,08,22107,NA,N,E,I,A,A,H,-,A,D,0,NA,NA,NA,NA,Y,NA,A,01,0,0,1,0,0,0,0,0,0,-,-,33.14799,-117.25074,SAN DIEGO,UNINCORPORATED,NA,NA
90042687,2015,2015-12-10,9680,2015-10-18,1645,018427,NA,7,2,9,3700,0,3,5,NA,2,003,TAVERN RD,DEHESA RD,2640,W,N,B,-,N,NA,NA,NA,NA,NA,NA,NA,NA,NA,Y,2,0,1,2,A,-,01,23152,A,F,A,C,A,A,H,-,A,D,0,NA,NA,NA,NA,Y,Y,D,22,1,0,0,0,0,0,0,0,0,-,-,32.80755,-116.78138,SAN DIEGO,UNINCORPORATED,-116.78087076,32.80806888
90045533,2015,2015-11-05,9680,2015-10-31,1615,018979,NA,6,2,9,3700,0,1,1,NA,2,083,I-8 WB,PEUTZ VALLEY RD,670,E,N,A,-,Y,NA,NA,8,NA,NA,NA,NA,NA,W,Y,4,0,1,1,A,-,08,22107,NA,N,F,A,A,A,H,-,A,D,0,NA,NA,NA,NA,Y,NA,A,01,0,0,1,0,0,0,0,0,0,-,-,32.84531,-116.80191,SAN DIEGO,UNINCORPORATED,-116.80196972,32.8452127
90046040,2015,2015-11-06,9645,2015-10-21,1700,013756,NA,3,2,7,3711,0,1,1,NA,2,007,INTERSTATE 5 (N/B),DEL MAR HEIGHTS ROAD,420,N,N,A,-,Y,NA,NA,5,NA,NA,NA,NA,NA,NA,Y,4,0,1,4,A,-,03,22350,NA,M,C,C,A,A,H,-,A,D,0,NA,NA,NA,NA,Y,NA,-,99,0,0,1,0,0,0,0,0,0,-,-,32.9594,-117.24523,SAN DIEGO,SAN DIEGO,-117.24537112,32.95936525
90048721,2015,2015-11-11,9680,2015-11-05,2333,015070,NA,4,3,9,3700,0,3,5,NA,2,002,DEHESA RD.,WILLOW GLEN DR.,0,NA,Y,A,-,N,NA,NA,NA,NA,NA,NA,NA,NA,NA,Y,4,0,1,1,A,-,08,22107,NA,N,E,I,A,A,H,-,C,A,0,NA,NA,NA,NA,Y,NA,A,01,0,0,1,0,0,0,0,0,0,-,-,32.7887,-116.8882,SAN DIEGO,UNINCORPORATED,-116.88828013,32.78851012
90048850,2015,2015-11-11,9650,2015-11-08,1835,015788,NA,7,2,9,3700,0,1,1,NA,2,001,I-5 N/B,CRISTIANITOS RD,528,S,N,A,-,Y,NA,NA,5,NA,NA,NA,NA,NA,N,Y,4,0,1,3,A,-,03,22350,NA,N,C,C,A,A,H,-,D,D,0,NA,NA,NA,NA,Y,NA,A,07,0,0,1,0,0,0,0,0,0,-,-,33.39275,-117.59116,SAN DIEGO,UNINCORPORATED,-117.59105195,33.392836
90048992,2015,2015-11-11,9650,2015-10-30,0621,017012,NA,5,1,9,3700,0,1,1,NA,2,022,I-15 S/B,SR-76,2640,N,N,A,-,Y,NA,NA,15,NA,NA,NA,NA,NA,S,Y,4,0,1,3,A,-,07,21658,A,N,B,C,A,A,H,-,C,D,0,NA,NA,Y,NA,Y,NA,D,22,0,0,1,0,0,0,0,0,1,-,-,33.3382,-117.15938,SAN DIEGO,UNINCORPORATED,-117.15929917,33.33819874
90051699,2015,2015-11-16,9680,2015-11-02,2104,019946,NA,1,2,5,3708,0,1,3,NA,2,028,SR-125 S/B TO SPRING STREET,SPRING STREET,375,N,N,B,C,Y,NA,NA,125,NA,NA,NA,R,NA,S,Y,4,0,1,3,A,-,03,22350,NA,N,C,C,A,B,H,-,C,D,0,NA,NA,NA,NA,Y,NA,D,22,0,0,1,0,0,0,0,0,0,-,-,32.7547,-117.01142,SAN DIEGO,LA MESA,-117.01142,32.7547
90053599,2015,2015-11-18,9645,2015-11-07,1308,018149,NA,6,1,7,3711,0,1,3,NA,2,023,SR-163 S/B,WASHINGTON AVE. O/C,500,N,N,A,-,Y,NA,NA,NA,NA,NA,NA,NA,NA,NA,Y,4,0,1,2,A,-,03,22350,NA,N,C,C,A,A,H,-,A,D,0,NA,NA,NA,NA,Y,NA,A,07,0,0,1,0,0,0,0,0,0,-,-,32.76353,-117.20443,SAN DIEGO,SAN DIEGO,-117.1552657,32.75031248
90054473,2015,2015-11-19,9650,2015-11-17,1740,015531,NA,2,2,3,3783,0,1,1,NA,2,007,I-5 N/B,LOMAS SANTA FE DR,251,N,N,A,-,Y,NA,NA,NA,NA,NA,NA,NA,NA,NA,Y,4,0,1,2,A,-,03,22350,NA,N,C,C,A,A,H,-,C,D,0,NA,NA,NA,NA,Y,NA,A,01,0,0,1,0,0,0,0,0,0,-,-,33.99684,-117.25651,SAN DIEGO,SOLANA BEACH,-117.25659255,32.996552200000004
90056353,2015,2015-11-20,9645,2015-11-09,1640,016864,NA,1,2,5,3709,0,1,1,NA,2,001,I-5 S/B,SR-54,200,N,N,B,-,Y,NA,NA,5,NA,NA,NA,NA,NA,S,Y,4,0,2,2,A,-,03,22350,NA,N,C,C,A,A,H,-,C,D,0,NA,NA,NA,Y,Y,NA,F,26,0,0,2,0,0,0,0,0,0,-,-,32.65194,-117.1045,SAN DIEGO,NATIONAL CITY,-117.10467638,32.65186089
90056550,2015,2015-11-20,9650,2015-11-14,1725,017743,NA,6,2,6,3710,0,1,3,NA,2,015,SR-78 W/B,I-5,600,E,N,A,-,Y,NA,NA,78,NA,NA,NA,NA,NA,W,N,4,0,2,2,A,-,03,22350,NA,N,C,C,A,A,H,-,C,D,0,NA,NA,NA,NA,Y,NA,A,01,0,0,2,0,0,0,0,0,0,-,-,33.17742,-117.35061,SAN DIEGO,OCEANSIDE,-117.35064755,33.17747971
90056616,2015,2015-11-20,9650,2015-11-19,0630,013570,NA,4,1,5,3712,0,1,3,NA,2,019,SR-78 W/B,MISSION RD,1000,W,N,A,-,Y,NA,NA,NA,NA,NA,NA,NA,NA,NA,Y,4,0,2,3,A,-,03,22350,NA,N,C,C,A,A,H,-,A,D,0,NA,NA,NA,NA,Y,NA,A,01,0,0,2,0,0,0,0,0,0,-,-,NA,NA,SAN DIEGO,SAN MARCOS,-117.13202144,33.13534778
9005793,2019,2020-02-11,3711,2019-12-17,1710,SD7673,NA,2,5,7,3711,0,0,0,NA,0,614,NIMITZ BL,FAMOSA BL,120,N,N,A,-,N,NA,NA,NA,NA,NA,NA,NA,NA,NA,Y,4,0,3,3,A,-,03,22350,NA,N,C,C,A,A,H,-,D,D,0,NA,NA,NA,NA,Y,NA,A,01,0,0,3,0,0,0,0,0,0,-,-,NA,NA,SAN DIEGO,SAN DIEGO,-117.23329925537108,32.74486541748047
90060552,2015,2015-11-27,9650,2015-11-25,0630,013570,NA,3,1,5,3713,0,1,3,NA,2,017,SR-78 W/B TO SYCAMORE AVE,SYCAMORE AVE,25,E,N,A,-,Y,NA,NA,NA,NA,NA,NA,NA,NA,NA,N,4,0,1,2,A,-,03,22350,NA,F,C,C,A,A,H,-,B,A,0,NA,NA,NA,NA,Y,NA,-,99,0,0,1,0,0,0,0,0,0,-,-,NA,NA,SAN DIEGO,VISTA,-117.21461584,33.16712885
90060695,2015,2015-11-30,9645,2015-11-10,1806,017025,NA,2,2,7,3711,0,1,1,NA,2,010,I-5 N/B FROM WASHINGTON ST.,WASHINGTON ST.,800,N,N,A,-,Y,NA,NA,5,NA,NA,NA,R,NA,N,Y,4,0,1,3,A,-,03,22350,NA,N,C,C,A,A,H,-,C,A,0,NA,NA,NA,NA,Y,Y,A,07,0,0,1,0,0,0,0,0,0,-,-,32.74373,-117.1845,SAN DIEGO,SAN DIEGO,-117.1845,32.74373
90061267,2015,2015-11-30,9645,2015-11-05,0745,017473,NA,4,1,7,3711,0,1,3,NA,2,006,SR-94 W/B,I-805,300,W,N,A,-,Y,NA,NA,94,NA,NA,NA,NA,NA,W,N,4,0,1,2,A,-,03,22350,NA,N,C,C,A,A,H,-,A,D,0,NA,NA,NA,NA,Y,NA,A,07,0,0,1,0,0,0,0,0,0,-,-,32.71844,-117.10703,SAN DIEGO,SAN DIEGO,-117.10701265,32.71830873
90061922,2015,2015-11-30,9645,2015-10-31,0510,020265,NA,6,3,7,3711,0,1,1,NA,2,009,I-805 S/B,PALM AVE. O/C,150,N,N,A,-,Y,NA,NA,805,NA,NA,NA,NA,NA,S,Y,4,0,1,2,A,-,03,22350,NA,N,C,C,A,A,H,-,C,D,0,NA,NA,NA,NA,Y,NA,A,01,0,0,1,0,0,0,0,0,0,-,-,32.59058,-117.03645,SAN DIEGO,SAN DIEGO,-117.03650194,32.59057787
90062084,2015,2015-11-30,9645,2015-11-06,0510,020857,NA,5,3,7,3711,0,1,1,NA,2,005,I-5 N/B,CLAIREMONT DR,1000,S,N,A,-,Y,NA,NA,5,NA,NA,NA,NA,NA,N,Y,4,0,2,1,A,-,08,22107,NA,N,E,I,A,A,H,-,C,D,0,NA,NA,NA,NA,Y,NA,A,01,0,0,2,0,0,0,0,0,0,-,-,32.77983,-117.20815,SAN DIEGO,SAN DIEGO,-117.2082798,32.77985332
90063337,2015,2015-12-02,9680,2015-11-18,1550,017928,NA,3,2,9,3700,0,3,5,NA,2,009,WATT RD.,RAMONA OAKS RD,0,NA,Y,A,-,N,NA,NA,NA,NA,NA,NA,NA,NA,NA,Y,4,0,1,2,A,-,09,21802,A,N,D,C,A,A,H,-,A,A,0,NA,NA,NA,NA,Y,NA,D,22,0,0,1,0,0,0,0,0,0,-,-,33.00662,-116.79429,SAN DIEGO,UNINCORPORATED,-116.79416012,33.00673005
90063354,2015,2015-12-02,9650,2015-10-31,0315,017655,NA,6,3,5,3701,0,1,1,NA,2,005,I-5 N/B,LA COSTA AVE,1584,N,N,A,-,Y,NA,NA,5,NA,NA,NA,NA,NA,N,Y,4,0,1,2,A,-,01,23152,A,F,C,C,A,A,H,-,D,D,0,NA,NA,NA,NA,Y,Y,A,01,0,0,1,0,0,0,0,0,0,-,-,33.09493,-117.3046,SAN DIEGO,CARLSBAD,-117.30479612,33.09480231
90064233,2015,2015-12-02,9650,2015-11-17,0615,013452,NA,2,1,9,3700,0,3,5,NA,2,006,ALVARADO STREET,STAGE COACH LANE,1056,E,N,A,-,N,NA,NA,NA,NA,NA,NA,NA,NA,NA,N,2,0,1,2,A,-,03,22350,NA,N,F,A,A,A,H,-,B,D,0,NA,NA,Y,NA,Y,NA,C,02,1,0,0,0,0,0,0,0,1,-,-,33.38201,-117.22495,SAN DIEGO,UNINCORPORATED,-117.22433204,33.38200167
90064326,2015,2015-12-02,9645,2015-11-15,1700,019344,NA,7,2,7,3711,0,1,3,NA,2,023,SR-163 N/B,KEARNY VILLA ROAD O/C,2000,N,N,C,-,Y,NA,NA,163,NA,NA,NA,NA,NA,N,Y,3,0,3,2,A,-,03,22350,NA,N,B,C,A,B,H,-,C,D,0,NA,NA,NA,NA,Y,NA,D,22,0,1,2,0,0,0,0,0,0,-,-,32.8576,-117.1135,SAN DIEGO,SAN DIEGO,-117.11351634,32.85761634
90064836,2015,2015-12-03,9645,2015-10-25,0230,020265,NA,7,3,7,3711,0,1,1,NA,2,011,I-805 N/B TO SR-15/NB,RALENE ST.,400,N,N,A,-,Y,NA,NA,805,NA,NA,NA,R,NA,N,Y,3,0,1,1,A,-,08,22107,NA,M,F,A,A,A,H,-,C,D,0,NA,NA,Y,NA,Y,NA,C,02,0,1,0,0,0,0,0,0,1,-,-,32.73223,-117.11053,SAN DIEGO,SAN DIEGO,-117.11053,32.73223
90065069,2015,2015-12-03,9650,2015-11-24,2007,014772,NA,2,2,5,3701,0,1,1,NA,2,005,I-5 S/B FROM SR-78 W/B,SR-78,750,S,N,A,-,Y,NA,NA,5,NA,NA,NA,R,NA,S,Y,3,0,1,1,A,-,01,23152,A,N,E,I,A,A,H,-,C,D,0,NA,NA,NA,NA,Y,Y,A,08,0,1,0,0,0,0,0,0,0,-,-,33.17503,-117.34995,SAN DIEGO,CARLSBAD,-117.34995,33.17503
90065863,2015,2015-12-04,9645,2015-11-06,0615,016542,NA,5,1,7,3711,0,1,1,NA,2,007,I-5 N/B,GENESEE AVENUE O/C,200,S,N,A,-,Y,NA,NA,NA,NA,NA,NA,NA,NA,NA,N,4,0,1,2,A,-,08,22107,NA,F,G,B,E,A,D,H,A,D,0,Y,NA,NA,NA,Y,NA,A,01,0,0,1,0,1,0,0,0,0,-,-,32.53608,-117.13366,SAN DIEGO,SAN DIEGO,-117.22760552,32.88669409
90066300,2015,2015-12-07,9645,2015-11-20,1610,018446,NA,5,2,7,3711,0,1,1,NA,2,017,I-15 S/B,CLAIREMONT MESA BLVD O/C,400,N,N,A,-,Y,NA,NA,15,NA,NA,NA,NA,NA,S,N,4,0,1,2,A,-,03,22350,NA,N,C,C,A,A,H,-,B,D,0,NA,NA,NA,NA,Y,NA,A,08,0,0,1,0,0,0,0,0,0,-,-,32.8355,-117.12005,SAN DIEGO,SAN DIEGO,-117.12015681,32.83544752