CASE_ID,ACCIDENT_YEAR,PROC_DATE,JURIS,COLLISION_DATE,COLLISION_TIME,OFFICER_ID,REPORTING_DISTRICT,DAY_OF_WEEK,CHP_SHIFT,POPULATION,CNTY_CITY_LOC,SPECIAL_COND,BEAT_TYPE,CHP_BEAT_TYPE,CITY_DIVISION_LAPD,CHP_BEAT_CLASS,BEAT_NUMBER,PRIMARY_RD,SECONDARY_RD,DISTANCE,DIRECTION,INTERSECTION,WEATHER_1,WEATHER_2,STATE_HWY_IND,CALTRANS_COUNTY,CALTRANS_DISTRICT,STATE_ROUTE,ROUTE_SUFFIX,POSTMILE_PREFIX,POSTMILE,LOCATION_TYPE,RAMP_INTERSECTION,SIDE_OF_HWY,TOW_AWAY,COLLISION_SEVERITY,NUMBER_KILLED,NUMBER_INJURED,PARTY_COUNT,PRIMARY_COLL_FACTOR,PCF_CODE_OF_VIOL,PCF_VIOL_CATEGORY,PCF_VIOLATION,PCF_VIOL_SUBSECTION,HIT_AND_RUN,TYPE_OF_COLLISION,MVIW,PED_ACTION,ROAD_SURFACE,ROAD_COND_1,ROAD_COND_2,LIGHTING,CONTROL_DEVICE,CHP_ROAD_TYPE,PEDESTRIAN_ACCIDENT,BICYCLE_ACCIDENT,MOTORCYCLE_ACCIDENT,TRUCK_ACCIDENT,NOT_PRIVATE_PROPERTY,ALCOHOL_INVOLVED,STWD_VEHTYPE_AT_FAULT,CHP_VEHTYPE_AT_FAULT,COUNT_SEVERE_INJ,COUNT_VISIBLE_INJ,COUNT_COMPLAINT_PAIN,COUNT_PED_KILLED,COUNT_PED_INJURED,COUNT_BICYCLIST_KILLED,COUNT_BICYCLIST_INJURED,COUNT_MC_KILLED,COUNT_MC_INJURED,PRIMARY_RAMP,SECONDARY_RAMP,LATITUDE,LONGITUDE,COUNTY,CITY,POINT_X,POINT_Y
9052907,2020,2020-02-27,3711,2020-01-30,1311,SD7987,NA,4,5,7,3711,0,0,0,NA,0,626,FORT STOCKTON DR,GOLDFINCH ST,0,NA,Y,A,-,N,NA,NA,NA,NA,NA,NA,NA,NA,NA,N,4,0,1,2,A,-,11,21950,B,N,G,B,F,A,H,-,A,A,0,Y,NA,NA,NA,Y,NA,N,60,0,0,1,0,1,0,0,0,0,-,-,NA,NA,SAN DIEGO,SAN DIEGO,-117.17140197753906,32.750850677490234
9052915,2020,2020-02-27,3711,2020-01-29,2030,SD7748,NA,3,5,7,3711,0,0,0,NA,0,521,BROADWAY,PARK BL,0,NA,Y,A,-,N,NA,NA,NA,NA,NA,NA,NA,NA,NA,N,4,0,1,2,D,-,00,NA,NA,N,C,C,A,A,H,-,C,D,0,NA,NA,NA,NA,Y,NA,-,-,0,0,1,0,0,0,0,0,0,-,-,NA,NA,SAN DIEGO,SAN DIEGO,-117.15377044677734,32.71574020385742
9052919,2020,2020-02-27,3711,2020-01-30,1600,SD8861,NA,4,5,7,3711,0,0,0,NA,0,529,5TH AV,GRAPE ST,61,N,N,A,-,N,NA,NA,NA,NA,NA,NA,NA,NA,NA,N,3,0,1,1,A,-,08,22107,NA,N,H,A,A,A,H,-,A,D,0,NA,NA,Y,NA,Y,NA,C,03,0,1,0,0,0,0,0,0,1,-,-,NA,NA,SAN DIEGO,SAN DIEGO,-117.16027069091795,32.72636795043945
90530016,2017,2017-08-24,9680,2017-08-17,0725,015008,NA,4,1,9,3700,0,3,5,NA,2,001,GREENFIELD DR,2ND ST,282,W,N,A,-,N,NA,NA,NA,NA,NA,NA,NA,NA,NA,N,4,0,1,2,A,-,06,21755,A,N,B,C,A,A,H,-,A,D,0,NA,NA,NA,NA,Y,NA,D,22,0,0,1,0,0,0,0,0,0,-,-,32.81343,-116.93678,SAN DIEGO,UNINCORPORATED,-116.93672455,32.81334
90534411,2017,2017-08-25,9645,2017-08-10,1311,019496,NA,4,1,7,3711,0,1,3,NA,2,002,SR-905 W/B,SR-125,2000,W,N,A,-,Y,NA,NA,905,NA,NA,NA,NA,NA,W,Y,3,0,2,2,A,-,16,24002,A,N,F,A,A,A,H,-,A,D,0,NA,NA,NA,NA,Y,NA,A,07,0,2,0,0,0,0,0,0,0,-,-,32.56388,-116.95623,SAN DIEGO,SAN DIEGO,-116.9562276,32.5643205
90534607,2017,2017-08-28,9645,2017-08-14,2320,020301,NA,1,3,7,3711,0,1,1,NA,2,009,I-805 S/B,SAN YSIDRO BLVD,800,N,N,A,-,Y,NA,NA,805,NA,NA,NA,NA,NA,S,Y,3,0,1,1,A,-,08,22107,NA,N,E,I,A,A,H,-,C,D,0,NA,NA,NA,NA,Y,NA,A,01,0,1,0,0,0,0,0,0,0,-,-,32.55804,-117.04243,SAN DIEGO,SAN DIEGO,-117.04260493,32.55802654
90534616,2017,2017-08-28,9645,2017-08-01,1854,018250,NA,2,2,7,3711,0,1,1,NA,2,001,I-8 E/B,COLLEGE AVENUE,100,E,N,A,-,Y,NA,NA,8,NA,NA,NA,NA,NA,E,Y,3,0,1,2,A,-,07,21658,A,N,E,I,A,A,H,-,A,D,0,NA,NA,Y,NA,Y,NA,C,02,0,1,0,0,0,0,0,0,1,-,-,32.77941,-117.06559,SAN DIEGO,SAN DIEGO,-117.06558882,32.77935743
90536919,2017,2017-08-30,9645,2017-07-05,1550,017133,NA,3,2,9,3700,0,3,5,NA,2,018,BONITA ROAD E/B,ACACIA AVENUE,0,NA,Y,A,-,N,NA,NA,NA,NA,NA,NA,NA,NA,NA,Y,4,0,1,2,A,-,12,21453,A,N,D,C,A,A,H,-,A,A,0,NA,NA,NA,NA,Y,NA,A,01,0,0,1,0,0,0,0,0,0,-,-,32.66557,-117.02384,SAN DIEGO,UNINCORPORATED,-117.02389001,32.66559003
90537536,2017,2017-08-30,9650,2017-08-23,0751,015081,NA,3,1,6,3706,0,1,1,NA,2,023,I-15 S/B,BEETHOVEN DR,528,N,N,B,-,Y,NA,NA,15,NA,NA,NA,NA,NA,S,Y,4,0,1,2,A,-,03,22350,NA,N,C,C,A,A,H,-,A,D,0,NA,NA,NA,NA,Y,NA,A,01,0,0,1,0,0,0,0,0,0,-,-,33.07489,-117.07046,SAN DIEGO,ESCONDIDO,-117.07053501,33.07487636
90538300,2017,2017-08-31,9645,2017-08-29,0940,014804,NA,2,1,7,3711,0,1,1,NA,2,015,I-805 (N/B),SR-52 U/C,250,N,N,A,-,Y,NA,NA,805,NA,NA,NA,NA,NA,NA,Y,4,0,2,2,A,-,03,22350,NA,N,C,C,A,A,H,-,A,D,0,NA,NA,NA,NA,Y,NA,A,01,0,0,2,0,0,0,0,0,0,-,-,32.85052,-117.17972,SAN DIEGO,SAN DIEGO,-117.1797719,32.85048703
9053901,2020,2020-05-27,3711,2020-02-16,1730,SD7029,NA,7,5,7,3711,0,0,0,NA,0,627,MYRTLE,VERMONT ST,75,W,N,A,-,N,NA,NA,NA,NA,NA,NA,NA,NA,NA,N,4,0,1,2,B,-,22,NA,NA,N,C,E,A,A,H,-,B,D,0,NA,NA,NA,NA,Y,Y,A,01,0,0,1,0,0,0,0,0,0,-,-,NA,NA,SAN DIEGO,SAN DIEGO,-117.1536102294922,32.74224853515625
90539286,2017,2017-09-04,9645,2017-08-05,0155,020997,NA,6,3,5,3709,0,1,1,NA,2,009,I-805 S/B,SWEETWATER RD,25,S,N,A,-,Y,NA,NA,805,NA,NA,NA,NA,NA,S,Y,3,0,1,1,A,-,01,23152,A,N,B,I,A,A,H,-,D,D,0,NA,NA,NA,NA,Y,Y,A,01,0,1,0,0,0,0,0,0,0,-,-,32.66125,-117.07744,SAN DIEGO,NATIONAL CITY,-117.07737275,32.66131
90540131,2017,2017-09-05,9650,2017-08-21,1135,013452,NA,1,1,9,3700,0,1,1,NA,2,003,I-5 N/B,HARBOR DRIVE,5280,N,N,A,-,Y,NA,NA,5,NA,NA,NA,NA,NA,N,Y,2,0,1,3,A,-,08,22107,NA,N,B,C,A,A,H,-,A,D,0,NA,NA,Y,NA,Y,NA,A,01,1,0,0,0,0,0,0,0,1,-,-,33.22414,-117.39299,SAN DIEGO,UNINCORPORATED,-117.39304466,33.22409647
90541808,2017,2017-09-06,9680,2017-08-27,0350,020625,NA,7,3,9,3700,0,1,1,NA,2,084,I-8 W/B,E. WILLOWS RD,2000,E,N,A,-,Y,NA,NA,8,NA,NA,NA,NA,NA,W,Y,3,0,1,1,A,-,01,23152,A,N,E,I,A,A,H,-,D,D,0,NA,NA,NA,NA,Y,Y,A,01,0,1,0,0,0,0,0,0,0,-,-,32.83806,-116.67404,SAN DIEGO,UNINCORPORATED,-116.67403417,32.83801235
90542671,2017,2017-09-07,9645,2017-08-01,0720,016047,NA,2,1,5,3709,0,1,1,NA,2,009,I-805 NORTHBOUND,SR-54,1800,S,N,A,-,Y,NA,NA,805,NA,NA,NA,NA,NA,N,Y,4,0,2,2,A,-,07,21658,A,N,B,C,A,A,H,-,A,D,0,NA,NA,NA,NA,Y,NA,A,07,0,0,2,0,0,0,0,0,0,-,-,32.65413,-117.07035,SAN DIEGO,NATIONAL CITY,-117.07047327,32.65402127
90543054,2017,2017-09-07,9650,2017-08-28,0522,015081,NA,1,3,9,3700,0,1,1,NA,2,003,I-5 S/B,COCKLEBURR O/C,8448,S,N,B,-,Y,NA,NA,5,NA,NA,NA,NA,NA,S,Y,3,0,1,1,A,-,08,22107,NA,N,E,I,A,A,H,-,D,D,0,NA,NA,NA,NA,Y,NA,A,01,0,1,0,0,0,0,0,0,0,-,-,33.23733,-117.40877,SAN DIEGO,UNINCORPORATED,-117.40882472,33.23726921
90543572,2017,2017-09-08,9680,2017-08-30,1530,018427,NA,3,2,9,3700,0,3,5,NA,2,001,GREENFIELD DR,MOLLISON AVE,787,E,N,A,-,N,NA,NA,NA,NA,NA,NA,NA,NA,NA,Y,4,0,1,2,A,-,09,21804,A,N,D,C,A,A,H,-,A,D,0,NA,NA,NA,NA,Y,NA,A,07,0,0,1,0,0,0,0,0,0,-,-,32.81333,-116.94807,SAN DIEGO,UNINCORPORATED,-116.94814778,32.81331335
9054409,2020,2020-05-28,3711,2020-02-07,1651,SD6863,NA,5,5,7,3711,0,0,0,NA,0,621,LINDA VISTA RD,ALCALA KNOLLS DR,10,W,N,A,-,N,NA,NA,NA,NA,NA,NA,NA,NA,NA,N,3,0,1,2,A,-,11,21456,C,N,G,B,B,A,H,-,A,A,0,Y,NA,NA,NA,Y,NA,N,60,0,1,0,0,1,0,0,0,0,-,-,NA,NA,SAN DIEGO,SAN DIEGO,-117.17757415771484,32.77218246459961
9054417,2020,2020-05-28,3711,2020-02-08,0245,SD7227,NA,6,5,7,3711,0,0,0,NA,0,311,GRAMERCY DR,RUFFIN RD,200,W,N,A,-,N,NA,NA,NA,NA,NA,NA,NA,NA,NA,N,3,0,1,2,A,-,08,22107,NA,M,B,E,A,A,H,-,C,D,0,NA,NA,NA,NA,Y,Y,-,99,0,1,0,0,0,0,0,0,0,-,-,NA,NA,SAN DIEGO,SAN DIEGO,-117.12955474853516,32.80207061767578
9054474,2020,2020-05-27,3711,2020-02-08,1343,SD7741,NA,6,5,7,3711,0,0,0,NA,0,447,47TH ST,A ST,163,S,N,A,-,N,NA,NA,NA,NA,NA,NA,NA,NA,NA,N,4,0,1,2,A,-,08,22107,NA,N,B,C,A,A,H,-,A,D,0,NA,NA,NA,NA,Y,NA,A,01,0,0,1,0,0,0,0,0,0,-,-,NA,NA,SAN DIEGO,SAN DIEGO,-117.09355926513672,32.71842956542969
90544920,2017,2017-09-11,9680,2017-09-02,1120,014949,NA,6,1,9,3700,0,1,3,NA,1,060,SR-94,LA POSTA RD,11616,E,N,A,-,Y,NA,NA,94,NA,NA,NA,NA,NA,NA,Y,4,0,2,1,A,-,03,22350,NA,N,E,I,A,A,H,-,A,A,0,NA,NA,NA,NA,Y,NA,A,01,0,0,2,0,0,0,0,0,0,-,-,32.65147,-116.3973,SAN DIEGO,UNINCORPORATED,-116.3973172,32.65146273
9054521,2019,2020-05-22,3700,2019-12-12,1600,SH0141,NA,4,5,5,3712,0,0,0,NA,0,.23,CASA LINDA WY,CASA LINDA WY 2739,0,NA,-,A,-,N,NA,NA,NA,NA,NA,NA,NA,NA,NA,N,2,0,1,2,A,-,11,21954,A,N,G,B,A,A,H,-,A,D,0,NA,NA,NA,NA,Y,NA,-,NA,1,0,0,0,0,0,0,0,0,-,-,NA,NA,SAN DIEGO,SAN MARCOS,-117.205182,33.159431
90545496,2017,2017-09-12,9645,2017-08-09,1615,018652,NA,3,2,7,3711,0,1,1,NA,2,010,I-8 E/B TO FAIRMOUNT AVE.,FAIRMOUNT AVE.,1056,W,N,A,-,Y,NA,NA,8,NA,NA,NA,R,NA,E,Y,4,0,1,2,A,-,07,21658,A,N,C,C,A,A,H,-,A,D,0,NA,NA,NA,NA,Y,NA,A,01,0,0,1,0,0,0,0,0,0,-,-,32.7784,-117.10695,SAN DIEGO,SAN DIEGO,-117.10695,32.7784
9054568,2020,2020-06-04,3711,2020-02-13,1614,SD7449,NA,4,5,7,3711,0,0,0,NA,0,122,LORING ST,DAWES ST,0,NA,Y,A,-,N,NA,NA,NA,NA,NA,NA,NA,NA,NA,N,4,0,1,2,A,-,12,22450,A,N,D,C,A,A,H,-,A,D,0,NA,NA,NA,NA,Y,NA,A,01,0,0,1,0,0,0,0,0,0,-,-,NA,NA,SAN DIEGO,SAN DIEGO,-117.25257873535156,32.80620193481445
90546692,2017,2017-09-13,9680,2017-09-05,1833,018356,NA,2,2,9,3700,0,1,3,NA,1,022,SR-54 (JAMACHA RD),BRABHAM ST,33,N,N,A,-,Y,NA,NA,54,NA,NA,NA,NA,NA,NA,Y,4,0,2,2,A,-,03,22350,NA,N,C,C,A,A,H,-,A,A,0,NA,NA,NA,NA,Y,NA,D,22,0,0,2,0,0,0,0,0,0,-,-,32.75024,-116.92734,SAN DIEGO,UNINCORPORATED,-116.92728659,32.7502392
90546700,2017,2017-09-13,9645,2017-08-31,1525,021768,NA,4,2,7,3711,0,1,1,NA,2,003,I-5 S/B,32ND ST O/C,300,N,N,A,-,Y,NA,NA,5,NA,NA,NA,NA,NA,S,Y,4,0,1,3,A,-,03,22350,NA,N,C,C,A,A,H,-,A,D,0,NA,NA,NA,NA,Y,NA,D,22,0,0,1,0,0,0,0,0,0,-,-,32.69447,-117.12633,SAN DIEGO,SAN DIEGO,-117.12633474,32.69441214
90547608,2017,2017-09-14,9680,2017-09-06,1600,018356,NA,3,2,5,3705,0,1,1,NA,2,082,I-8 E/B,N. 1ST ST,110,E,N,A,-,Y,NA,NA,8,NA,NA,NA,NA,NA,E,Y,4,0,5,6,A,-,03,22350,NA,N,C,C,A,A,H,-,A,D,0,NA,NA,NA,NA,Y,NA,D,22,0,0,5,0,0,0,0,0,0,-,-,32.80295,-116.94417,SAN DIEGO,EL CAJON,-116.9441699,32.80296143
90547622,2017,2017-09-14,9650,2017-09-05,1655,019822,NA,2,2,5,3712,0,1,3,NA,2,019,SR-78 W/B,TWIN OAKS VALLEY RD,2640,E,N,A,-,Y,NA,NA,78,NA,NA,NA,NA,NA,W,N,4,0,1,2,A,-,07,21658,A,F,E,I,A,A,D,-,A,D,0,NA,NA,NA,NA,Y,NA,A,01,0,0,1,0,0,0,0,0,0,-,-,33.13895,-117.15612,SAN DIEGO,SAN MARCOS,-117.15603337,33.13862128
9054818,2020,2020-05-21,3711,2020-02-10,1910,7863,NA,1,5,7,3711,0,0,0,NA,0,447,EUCLID AV,FEDERAL BL,0,NA,Y,A,-,N,NA,NA,NA,NA,NA,NA,NA,NA,NA,Y,4,0,1,2,A,-,12,21453,A,N,A,C,A,A,H,-,C,A,0,NA,NA,NA,NA,Y,NA,A,01,0,0,1,0,0,0,0,0,0,-,-,NA,NA,SAN DIEGO,SAN DIEGO,-117.08495330810548,32.72142028808594
90549239,2017,2017-09-18,9645,2017-09-01,1554,020020,NA,5,2,6,3702,0,1,1,NA,2,009,I-805 S/B,ORANGE AVE,2112,S,N,A,-,Y,NA,NA,805,NA,NA,NA,NA,NA,S,Y,3,0,1,2,A,-,03,22350,NA,N,C,C,A,A,H,-,A,D,0,NA,NA,Y,NA,Y,NA,C,02,0,1,0,0,0,0,0,0,1,-,-,32.60009,-117.03656,SAN DIEGO,CHULA VISTA,-117.03649083,32.60009043
90550740,2017,2017-09-19,9645,2017-08-09,1522,021768,NA,3,2,5,3709,0,1,1,NA,2,001,I-5 S/B,8TH STREET U/C,550,S,N,A,-,Y,NA,NA,NA,NA,NA,NA,NA,NA,NA,Y,4,0,2,3,A,-,03,22350,NA,N,C,C,A,A,H,-,A,D,0,NA,NA,NA,NA,Y,NA,D,22,0,0,2,0,0,0,0,0,0,-,-,32.70594,-117.15136,SAN DIEGO,NATIONAL CITY,-117.11038439,32.67367909
90551920,2017,2017-09-20,9645,2017-09-12,0915,016061,NA,2,1,7,3711,0,1,1,NA,2,005,I-5 S/B,OLD TOWN AVE.,2585,N,N,A,-,Y,NA,NA,5,NA,NA,NA,NA,NA,S,Y,3,0,1,1,A,-,08,22107,NA,N,E,I,A,A,H,-,A,D,0,NA,NA,NA,NA,Y,NA,D,22,0,1,0,0,0,0,0,0,0,-,-,32.74859,-117.19485,SAN DIEGO,SAN DIEGO,-117.19487072,32.74856674
90552508,2017,2017-09-20,9650,2017-09-09,2105,017743,NA,6,2,9,3700,0,3,5,NA,2,211,PARADISE MOUNTAIN RD,SHILOH LN,3168,W,N,A,-,N,NA,NA,NA,NA,NA,NA,NA,NA,NA,Y,4,0,3,1,A,-,03,22350,NA,N,E,I,A,A,H,-,D,D,0,NA,NA,NA,NA,Y,NA,A,01,0,0,3,0,0,0,0,0,0,-,-,33.20693,-116.94963,SAN DIEGO,UNINCORPORATED,-116.94955129,33.2067432
90552553,2017,2017-09-20,9650,2017-09-12,0645,013452,NA,2,1,9,3700,0,1,3,NA,1,028,SR-76,PAUMA VALLEY DRIVE,0,NA,Y,A,-,Y,NA,NA,76,NA,NA,NA,NA,NA,NA,Y,4,0,3,2,A,-,03,22350,NA,N,C,C,A,A,H,-,A,D,0,NA,NA,NA,NA,Y,NA,A,01,0,0,3,0,0,0,0,0,0,-,-,33.3073,-116.98231,SAN DIEGO,UNINCORPORATED,-116.98232369,33.30728639
90552648,2017,2017-09-20,9650,2017-06-25,0342,018496,NA,7,3,9,3700,0,1,3,NA,2,065,SR-76 W/B,E. VISTA WAY,0,NA,Y,A,-,Y,NA,NA,76,NA,NA,NA,NA,NA,W,Y,1,1,2,2,A,-,01,23152,A,N,D,C,A,A,H,-,C,A,0,NA,NA,NA,NA,Y,Y,D,22,1,1,0,0,0,0,0,0,0,-,-,33.25797,-117.23743,SAN DIEGO,UNINCORPORATED,-117.23746234,33.25799801
90553548,2017,2017-09-22,9650,2017-09-19,1503,016516,NA,2,2,9,3700,0,3,5,NA,2,211,COLE GRADE RD,VALLEY CENTER SCHOOL RD,150,S,N,A,-,N,NA,NA,NA,NA,NA,NA,NA,NA,NA,N,4,0,1,3,A,-,03,22350,NA,N,C,C,A,A,H,-,A,D,0,NA,NA,NA,NA,Y,NA,A,01,0,0,1,0,0,0,0,0,0,-,-,33.23511,-117.024,SAN DIEGO,UNINCORPORATED,-117.02398052,33.23550954
90555463,2017,2017-09-25,9650,2017-09-20,1620,015531,NA,3,2,3,3783,0,1,1,NA,2,007,I-5 N/B,MANCHESTER AVE,800,S,N,A,-,Y,NA,NA,NA,NA,NA,NA,NA,NA,NA,Y,4,0,1,3,A,-,07,21658,A,N,B,C,A,A,D,-,A,D,0,NA,NA,Y,NA,Y,NA,A,08,0,0,1,0,0,0,0,0,1,-,-,33.65724,-117.5563,SAN DIEGO,SOLANA BEACH,-117.26272208,33.00885664
90555610,2017,2017-09-26,9645,2017-09-07,1835,020020,NA,4,2,7,3711,0,1,1,NA,2,003,I-5 N/B,COMMERCIAL ST,260,S,N,A,-,Y,NA,NA,5,NA,NA,NA,NA,NA,N,Y,3,0,1,1,A,-,08,22107,NA,N,F,A,A,A,H,-,A,D,0,NA,NA,Y,NA,Y,NA,C,02,0,1,0,0,0,0,0,0,1,-,-,32.70454,-117.14698,SAN DIEGO,SAN DIEGO,-117.14695787,32.70455762
90557729,2017,2017-09-28,9645,2017-09-12,1109,016409,NA,2,1,5,3709,0,1,1,NA,2,009,I-805 N/B,18TH STREET O/C,715,S,N,A,-,Y,NA,NA,805,NA,NA,NA,NA,NA,N,Y,3,0,1,1,A,-,08,22107,NA,N,E,I,A,A,H,-,A,D,0,NA,NA,NA,NA,Y,NA,A,01,0,1,0,0,0,0,0,0,0,-,-,32.67134,-117.08167,SAN DIEGO,NATIONAL CITY,-117.08178201,32.67129754
90558396,2017,2017-09-28,9645,2017-09-24,2010,020541,NA,7,2,7,3711,0,1,1,NA,2,021,SR-15 S/B,ORANGE AVE O/C,120,S,N,A,-,Y,NA,NA,15,NA,NA,NA,NA,NA,S,Y,4,0,2,1,A,-,08,22107,NA,N,E,I,A,A,H,-,C,D,0,NA,NA,NA,NA,Y,NA,A,01,0,0,2,0,0,0,0,0,0,-,-,32.75171,-117.10854,SAN DIEGO,SAN DIEGO,-117.10899068,32.7517126
90559547,2017,2017-09-29,9650,2017-09-17,0310,019308,NA,7,3,5,3701,0,1,1,NA,2,005,I-5 N/B,LA COSTA AVE,250,N,N,A,-,Y,NA,NA,5,NA,NA,NA,NA,NA,N,Y,3,0,1,2,A,-,01,23152,A,N,C,C,A,B,H,-,D,D,0,NA,NA,NA,NA,Y,Y,A,01,0,1,0,0,0,0,0,0,0,-,-,33.08505,-117.29848,SAN DIEGO,CARLSBAD,-117.29847778,33.08505138
90559580,2017,2017-09-29,9650,2017-09-20,1105,012168,NA,3,1,6,3706,0,1,1,NA,2,023,I-15 N/B,CITRACADO PKY,600,N,N,A,-,Y,NA,NA,15,NA,NA,NA,NA,NA,N,Y,4,0,2,3,A,-,17,21658,NA,N,C,C,A,A,H,-,A,D,0,NA,NA,NA,Y,Y,NA,A,07,0,0,2,0,0,0,0,0,0,-,-,33.09684,-117.0871,SAN DIEGO,ESCONDIDO,-117.08706059,33.09687832
90563602,2017,2017-10-05,9680,2017-09-27,0800,019729,NA,3,1,9,3700,0,1,3,NA,1,024,SR-94 WB,SR-54,40,W,N,A,-,N,NA,NA,94,NA,NA,NA,NA,NA,W,Y,4,0,1,2,A,-,03,22350,NA,N,C,C,A,A,H,-,A,A,0,NA,NA,NA,NA,Y,NA,A,01,0,0,1,0,0,0,0,0,0,-,-,32.73973,-116.94273,SAN DIEGO,UNINCORPORATED,-116.94271877,32.73960403
90566607,2017,2017-11-30,9645,2017-06-29,2011,021077,NA,4,2,7,3711,0,1,1,NA,2,010,I-8 W/B,SUNSET CLIFFS BLVD,600,E,N,A,-,Y,NA,NA,8,NA,NA,NA,NA,NA,W,Y,4,0,1,2,A,-,03,22350,NA,F,C,C,A,A,H,-,C,D,0,NA,NA,NA,NA,Y,NA,A,01,0,0,1,0,0,0,0,0,0,-,-,32.75603,-117.23413,SAN DIEGO,SAN DIEGO,-117.23413338,32.75606133
90569539,2017,2017-10-12,9680,2017-10-04,1403,021237,NA,3,2,5,3705,0,1,1,NA,2,081,I-8 W/B TO W. MAIN ST.,WEST MAIN ST,530,E,N,A,-,Y,NA,NA,8,NA,NA,NA,R,NA,W,Y,3,0,3,2,A,-,03,22350,NA,N,C,C,A,A,H,-,A,D,0,NA,NA,NA,NA,Y,NA,A,01,0,2,1,0,0,0,0,0,0,-,-,32.79648,-116.97729,SAN DIEGO,EL CAJON,-116.97729,32.79648
90569702,2017,2017-10-13,9650,2017-10-09,0745,013570,NA,1,1,9,3700,0,3,5,NA,2,191,SAN MARINO DR,LAKE SAN MARCOS DR,1000,W,N,A,-,Y,NA,NA,NA,NA,NA,NA,NA,NA,NA,Y,3,0,1,2,A,-,08,22107,NA,N,B,E,A,A,H,-,A,D,0,NA,NA,NA,NA,Y,NA,A,01,0,1,0,0,0,0,0,0,0,-,-,33.12312,-117.21158,SAN DIEGO,UNINCORPORATED,-117.21192614,33.12281822
90569815,2017,2017-10-13,9650,2017-10-11,1540,015738,NA,3,2,5,3701,0,1,1,NA,2,005,I-5 N/B,POINSETTIA LN,2640,N,N,A,-,Y,NA,NA,5,NA,NA,NA,NA,NA,N,Y,4,0,1,2,A,-,03,22350,NA,N,C,C,A,B,H,-,A,D,0,NA,NA,NA,NA,Y,NA,A,01,0,0,1,0,0,0,0,0,0,-,-,33.11394,-117.3171,SAN DIEGO,CARLSBAD,-117.31703812,33.11397715
90571190,2017,2017-10-16,9645,2017-10-04,1502,017270,NA,3,2,7,3711,0,1,1,NA,2,015,I-805 S/B,GOVERNOR DRIVE,410,N,N,A,-,Y,NA,NA,805,NA,NA,NA,NA,NA,S,Y,4,0,1,3,A,-,08,22107,NA,N,B,C,A,A,H,-,A,D,0,NA,NA,NA,NA,Y,NA,A,01,0,0,1,0,0,0,0,0,0,-,-,32.8616,-117.1862,SAN DIEGO,SAN DIEGO,-117.18682131,32.86102097
90572453,2017,2017-10-18,9680,2017-10-08,2135,020500,NA,7,2,9,3700,0,1,3,NA,1,051,SR-79 S/B,COULTER RIDGE RD,200,N,N,A,-,Y,NA,NA,79,NA,NA,NA,NA,NA,S,Y,4,0,1,1,A,-,03,22350,NA,N,E,I,A,A,H,-,D,D,0,NA,NA,Y,NA,Y,NA,C,02,0,0,1,0,0,0,0,0,1,-,-,33.03812,-116.56324,SAN DIEGO,UNINCORPORATED,-116.56327483,33.03811968
9057300,2020,2020-09-22,3705,2020-03-24,1121,EC0406,NA,2,5,5,3705,0,0,0,NA,0,003,N 2ND ST,RT 8,0,NA,Y,A,-,Y,SD,11,8,-,-,17.221,R,4,E,NA,3,0,1,2,A,-,12,21453,A,N,D,C,A,A,H,-,A,A,0,NA,NA,NA,Y,Y,NA,F,26,0,1,0,0,0,0,0,0,0,-,EF,NA,NA,SAN DIEGO,EL CAJON,-116.93801879882813,32.80294418334961
90573915,2017,2017-10-19,9645,2017-10-06,1610,017270,NA,5,2,7,3711,0,1,1,NA,2,015,I-805 S/B,GOVERNOR DRIVE,150,S,N,A,-,Y,NA,NA,805,NA,NA,NA,NA,NA,S,Y,2,0,1,3,A,-,03,22350,NA,F,C,C,A,A,H,-,A,D,0,NA,NA,Y,NA,Y,NA,C,02,1,0,0,0,0,0,0,0,1,-,-,32.8566,-117.1839,SAN DIEGO,SAN DIEGO,-117.18384185,32.85663529
90574076,2017,2017-10-19,9680,2017-10-10,0655,014786,NA,2,1,4,3720,0,1,3,NA,2,028,STATE ROUTE 125 (NORTHBOUND),SPRING ST U/C,2112,S,N,A,-,Y,NA,NA,125,NA,NA,NA,NA,NA,NA,N,4,0,1,2,A,-,03,22350,NA,N,C,C,A,A,H,-,A,D,0,NA,NA,NA,NA,Y,NA,D,22,0,0,1,0,0,0,0,0,0,-,-,32.74908,-117.01667,SAN DIEGO,LEMON GROVE,-117.01658623,32.74899339
90574998,2017,2017-12-26,9645,2017-09-02,0130,020265,NA,6,3,7,3711,0,1,3,NA,2,025,SR-163 S/B,AERO DR. O/C,150,S,N,A,-,Y,NA,NA,163,NA,NA,NA,NA,NA,S,Y,3,0,2,2,A,-,07,21658,A,N,C,C,A,A,H,-,C,D,0,NA,NA,NA,NA,Y,Y,A,01,0,1,1,0,0,0,0,0,0,-,-,32.8102,-117.15252,SAN DIEGO,SAN DIEGO,-117.15249228,32.81018972
90576884,2017,2017-10-24,9680,2017-10-13,0952,015578,NA,5,1,9,3700,0,2,4,NA,1,021,DEHESA RD.,VISTA GRANDE RD.,40,E,N,A,-,N,NA,NA,NA,NA,NA,NA,NA,NA,NA,Y,4,0,1,2,A,-,03,22350,NA,N,C,C,A,A,H,-,A,A,0,NA,NA,NA,NA,Y,NA,A,07,0,0,1,0,0,0,0,0,0,-,-,32.78749,-116.90595,SAN DIEGO,UNINCORPORATED,-116.90604873,32.78743881