CASE_ID,ACCIDENT_YEAR,PROC_DATE,JURIS,COLLISION_DATE,COLLISION_TIME,OFFICER_ID,REPORTING_DISTRICT,DAY_OF_WEEK,CHP_SHIFT,POPULATION,CNTY_CITY_LOC,SPECIAL_COND,BEAT_TYPE,CHP_BEAT_TYPE,CITY_DIVISION_LAPD,CHP_BEAT_CLASS,BEAT_NUMBER,PRIMARY_RD,SECONDARY_RD,DISTANCE,DIRECTION,INTERSECTION,WEATHER_1,WEATHER_2,STATE_HWY_IND,CALTRANS_COUNTY,CALTRANS_DISTRICT,STATE_ROUTE,ROUTE_SUFFIX,POSTMILE_PREFIX,POSTMILE,LOCATION_TYPE,RAMP_INTERSECTION,SIDE_OF_HWY,TOW_AWAY,COLLISION_SEVERITY,NUMBER_KILLED,NUMBER_INJURED,PARTY_COUNT,PRIMARY_COLL_FACTOR,PCF_CODE_OF_VIOL,PCF_VIOL_CATEGORY,PCF_VIOLATION,PCF_VIOL_SUBSECTION,HIT_AND_RUN,TYPE_OF_COLLISION,MVIW,PED_ACTION,ROAD_SURFACE,ROAD_COND_1,ROAD_COND_2,LIGHTING,CONTROL_DEVICE,CHP_ROAD_TYPE,PEDESTRIAN_ACCIDENT,BICYCLE_ACCIDENT,MOTORCYCLE_ACCIDENT,TRUCK_ACCIDENT,NOT_PRIVATE_PROPERTY,ALCOHOL_INVOLVED,STWD_VEHTYPE_AT_FAULT,CHP_VEHTYPE_AT_FAULT,COUNT_SEVERE_INJ,COUNT_VISIBLE_INJ,COUNT_COMPLAINT_PAIN,COUNT_PED_KILLED,COUNT_PED_INJURED,COUNT_BICYCLIST_KILLED,COUNT_BICYCLIST_INJURED,COUNT_MC_KILLED,COUNT_MC_INJURED,PRIMARY_RAMP,SECONDARY_RAMP,LATITUDE,LONGITUDE,COUNTY,CITY,POINT_X,POINT_Y
90717828,2018,2018-05-02,9650,2018-04-19,1730,021200,NA,4,2,9,3700,0,3,5,NA,2,006,S VINE STREET,E ELDER STREET,0,NA,Y,A,-,N,NA,NA,NA,NA,NA,NA,NA,NA,NA,Y,4,0,2,2,A,-,12,22450,A,N,D,C,A,A,H,-,A,A,0,NA,NA,NA,NA,Y,NA,A,01,0,0,2,0,0,0,0,0,0,-,-,33.3802490234375,-117.25045776367188,SAN DIEGO,UNINCORPORATED,-117.25032806396484,33.38024139404297
90718558,2018,2018-05-02,9680,2018-04-26,1515,021996,NA,4,2,5,3705,0,1,3,NA,2,028,SR-125 N/B TO CUYAMACA COLLEGE DR.,GROSSMONT COLLEGE DR. TO SR-125 N/B,97,W,N,A,-,Y,NA,NA,125,NA,NA,NA,R,NA,N,Y,3,0,1,1,A,-,08,22107,NA,N,F,A,A,A,H,-,A,A,0,NA,NA,Y,NA,Y,NA,C,02,0,1,0,0,0,0,0,0,1,-,-,32.81195831298828,-117.0027313232422,SAN DIEGO,EL CAJON,-117.0027313232422,32.81195831298828
90723203,2018,2018-05-09,9680,2018-04-27,1630,021813,NA,5,2,9,3700,0,1,3,NA,1,017,SR-67 N/B,VIGILANTE RD,0,NA,Y,A,-,Y,NA,NA,67,NA,NA,NA,NA,NA,N,Y,3,0,1,3,A,-,09,21802,A,N,D,C,A,A,H,-,A,A,0,NA,NA,NA,NA,Y,NA,A,01,0,1,0,0,0,0,0,0,0,-,-,32.90473175048828,-116.94013214111328,SAN DIEGO,UNINCORPORATED,-116.9401397705078,32.904720306396484
90724612,2018,2018-05-11,9680,2018-05-04,1245,016435,NA,5,1,9,3700,0,1,3,NA,1,090,SR-67 (MAIN STREET),11TH ST,0,NA,Y,A,-,Y,NA,NA,67,NA,NA,NA,NA,NA,NA,Y,4,0,4,2,A,-,09,21802,A,N,D,C,A,A,H,-,A,A,0,NA,NA,NA,NA,Y,NA,D,22,0,0,4,0,0,0,0,0,0,-,-,33.04087829589844,-116.87003326416016,SAN DIEGO,UNINCORPORATED,-116.87017822265624,33.0411491394043
90724971,2018,2018-05-14,9650,2018-05-09,2258,018675,NA,3,3,5,3712,0,1,3,NA,2,019,SR-78 E/B,TWIN OAKS VALLEY RD,840,E,N,B,-,Y,NA,NA,78,NA,NA,NA,NA,NA,E,Y,3,0,1,1,A,-,01,23152,A,N,E,I,A,A,H,-,D,D,0,NA,NA,NA,NA,Y,Y,A,01,0,1,0,0,0,0,0,0,0,-,-,33.13867950439453,-117.15476989746094,SAN DIEGO,SAN MARCOS,-117.15479278564452,33.13877487182617
90725763,2018,2018-05-14,9645,2018-05-04,1425,021651,NA,5,2,7,3711,0,1,1,NA,2,003,I-5 S/B,NATIONAL AVE O/C,500,N,N,A,-,Y,NA,NA,5,NA,NA,NA,NA,NA,S,N,4,0,1,2,A,-,03,22350,NA,N,C,C,A,A,H,-,A,D,0,NA,NA,NA,NA,Y,NA,A,01,0,0,1,0,0,0,0,0,0,-,-,32.69681167602539,-117.13655853271484,SAN DIEGO,SAN DIEGO,-117.13656616210938,32.69680404663086
90726181,2018,2018-05-14,9680,2018-05-05,1345,014949,NA,6,1,9,3700,0,1,3,NA,1,040,SR-94,FORREST GATE RD,5280,W,N,A,-,Y,NA,NA,94,NA,NA,NA,NA,NA,NA,Y,3,0,1,1,A,-,03,22350,NA,N,F,A,A,A,H,-,A,D,0,NA,NA,Y,NA,Y,NA,C,02,0,1,0,0,0,0,0,0,1,-,-,32.602230072021484,-116.4890594482422,SAN DIEGO,UNINCORPORATED,-116.4890365600586,32.602210998535156
90727348,2018,2018-05-16,9680,2018-05-06,1230,021772,NA,7,1,9,3700,0,3,5,NA,2,001,MAGNOLIA AVE,CYPRESS LN,0,NA,Y,A,-,N,NA,NA,NA,NA,NA,NA,NA,NA,NA,Y,4,0,1,2,A,-,09,21801,A,N,D,C,A,A,H,-,A,D,0,NA,NA,NA,NA,Y,NA,D,22,0,0,1,0,0,0,0,0,0,-,-,32.816688537597656,-116.96231079101563,SAN DIEGO,UNINCORPORATED,-116.96231079101563,32.816890716552734
90729433,2018,2018-05-18,9650,2018-05-16,1418,015788,NA,3,2,5,3701,0,1,1,NA,2,005,I-5 S/B,CANNON RD,1584,N,N,A,-,Y,NA,NA,5,NA,NA,NA,NA,NA,S,N,4,0,1,2,A,-,07,21658,A,N,C,C,A,A,H,-,A,D,0,NA,NA,NA,Y,Y,NA,A,01,0,0,1,0,0,0,0,0,0,-,-,33.13914108276367,-117.3319091796875,SAN DIEGO,CARLSBAD,-117.33189392089844,33.1391487121582
90729685,2018,2018-05-21,9650,2018-05-13,0336,019766,NA,7,3,9,3700,0,1,1,NA,2,021,I-15 SOUTHBOUND,GOPHER CANYON ROAD,2112,N,N,A,-,Y,NA,NA,15,NA,NA,NA,NA,NA,S,Y,3,0,1,1,A,-,01,23152,A,N,F,A,A,A,H,-,D,D,0,NA,NA,NA,NA,Y,Y,A,01,0,1,0,0,0,0,0,0,0,-,-,33.25880813598633,-117.15837097167967,SAN DIEGO,UNINCORPORATED,-117.15838623046876,33.25880813598633
90729777,2018,2018-05-21,9645,2018-05-10,1345,019496,NA,4,1,7,3711,0,1,1,NA,2,011,I-805 S/B,TULIP ST.,100,S,N,A,-,Y,NA,NA,805,NA,NA,NA,NA,NA,S,Y,3,0,1,2,A,-,07,21658,NA,N,B,C,A,A,H,-,A,D,0,NA,NA,Y,NA,Y,NA,A,01,0,1,0,0,0,0,0,0,1,-,-,32.72880935668945,-117.10655212402344,SAN DIEGO,SAN DIEGO,-117.1064224243164,32.72899627685547
90729825,2018,2018-05-21,9645,2018-05-10,1735,020165,NA,4,2,7,3711,0,1,1,NA,2,015,I-805 S/B,SR-52,500,S,N,A,-,Y,NA,NA,805,NA,NA,NA,NA,NA,S,N,4,0,1,2,A,-,03,22350,NA,N,B,C,A,A,H,-,A,D,0,NA,NA,Y,NA,Y,NA,C,02,0,0,1,0,0,0,0,0,1,-,-,32.845558166503906,-117.1770477294922,SAN DIEGO,SAN DIEGO,-117.17707061767578,32.84554672241211
90730143,2018,2018-11-06,9645,2018-04-20,2350,021338,NA,5,3,7,3711,0,1,1,NA,2,009,I-805 N/B,MARKET STREET,400,S,N,A,-,Y,NA,NA,805,NA,NA,NA,NA,NA,N,Y,3,0,2,3,A,-,08,22107,NA,F,B,C,A,A,H,-,C,D,0,NA,NA,NA,NA,Y,NA,A,07,0,2,0,0,0,0,0,0,0,-,-,32.71009826660156,-117.09931182861328,SAN DIEGO,SAN DIEGO,-117.09925079345705,32.71015548706055
90730469,2018,2018-05-21,9650,2018-05-11,1650,021463,NA,5,2,5,3782,0,1,1,NA,2,005,I-5 S/B,LEUCADIA BLVD,800,S,N,B,F,Y,NA,NA,5,NA,NA,NA,NA,NA,S,Y,2,0,1,2,A,-,07,21658,A,N,B,C,A,B,H,-,A,D,0,NA,NA,Y,NA,Y,NA,D,22,1,0,0,0,0,0,0,0,1,-,-,33.056400299072266,-117.28972625732422,SAN DIEGO,ENCINITAS,-117.28977966308594,33.0563850402832
90731370,2018,2018-05-22,9680,2018-05-15,1400,020720,NA,2,2,9,3700,0,1,3,NA,2,028,SR-125 S/B,SPRING ST,1056,S,N,A,-,Y,NA,NA,125,NA,NA,NA,NA,NA,S,Y,4,0,1,4,A,-,03,22350,NA,N,C,C,A,A,H,-,A,D,0,NA,NA,NA,NA,Y,NA,D,22,0,0,1,0,0,0,0,0,0,-,-,32.75107955932617,-117.0145263671875,SAN DIEGO,UNINCORPORATED,-117.01454925537108,32.7511100769043
90732667,2018,2018-05-23,9645,2018-05-15,0745,016061,NA,2,1,5,3709,0,1,1,NA,2,003,I-5 N/B,28TH ST.,100,N,N,A,-,Y,NA,NA,NA,NA,NA,NA,NA,NA,NA,Y,3,0,1,2,A,-,03,22350,NA,N,C,C,A,A,H,-,A,D,0,NA,NA,NA,NA,Y,NA,D,22,0,1,0,0,0,0,0,0,0,-,-,32.69538879394531,-117.1343994140625,SAN DIEGO,NATIONAL CITY,-117.13434398,32.69543179
9073270,2020,2020-11-14,3711,2020-03-01,2330,SD6057,NA,7,5,7,3711,0,0,0,NA,0,721,PALM AV,RT  5,0,NA,Y,C,-,Y,SD,11,75,-,-,9.088,I,5,N,N,4,0,1,2,A,-,03,22350,NA,N,D,C,A,B,H,-,C,A,0,NA,NA,NA,NA,Y,NA,-,NA,0,0,1,0,0,0,0,0,0,-,-,NA,NA,SAN DIEGO,SAN DIEGO,-117.0888214111328,32.583900451660156
90735144,2018,2018-05-25,9645,2018-05-17,1155,014461,NA,4,1,7,3711,0,1,1,NA,2,007,I-5 SOUTHBOUND,VOIGT DR.,525,S,N,A,-,Y,NA,NA,5,NA,NA,NA,NA,NA,S,Y,4,0,4,2,A,-,03,22350,NA,N,C,C,A,A,H,-,A,D,0,NA,NA,NA,NA,Y,NA,A,01,0,0,4,0,0,0,0,0,0,-,-,32.8796501159668,-117.22828674316406,SAN DIEGO,SAN DIEGO,-117.22861480712892,32.87968063354492
90736185,2018,2018-05-29,9650,2018-05-20,1500,021500,NA,7,2,9,3700,0,1,1,NA,2,001,I-15 S/B,BASILONE RD,150,N,N,B,-,Y,NA,NA,NA,NA,NA,NA,NA,NA,NA,Y,3,0,1,2,A,-,07,21658,A,F,F,A,A,A,H,-,A,D,0,NA,NA,Y,NA,Y,NA,-,99,0,1,0,0,0,0,0,0,1,-,-,33.38557815551758,-117.58373260498048,SAN DIEGO,UNINCORPORATED,-117.58373260498048,33.38557815551758
90736616,2018,2018-05-29,9650,2018-05-25,1500,020747,NA,5,2,9,3700,0,3,5,NA,2,006,STAGE COACH LN,LYNMAR LN,5,S,N,A,-,N,NA,NA,NA,NA,NA,NA,NA,NA,NA,Y,2,0,1,2,A,-,03,22350,NA,N,C,C,A,A,H,-,A,D,0,NA,NA,Y,NA,Y,NA,C,02,1,0,0,0,0,0,0,0,1,-,-,33.379249572753906,-117.2277603149414,SAN DIEGO,UNINCORPORATED,-117.2277603149414,33.379249572753906
90736979,2018,2018-05-30,9680,2018-05-22,2325,022021,NA,2,3,9,3700,0,2,4,NA,1,026,JAMACHA BLVD,TRACE RD,171,W,N,A,-,N,NA,NA,NA,NA,NA,NA,NA,NA,NA,Y,3,0,1,7,A,-,01,23152,A,N,A,E,A,A,H,-,C,D,0,NA,NA,NA,NA,Y,Y,A,07,0,1,0,0,0,0,0,0,0,-,-,32.73276138305664,-116.95883941650392,SAN DIEGO,UNINCORPORATED,-116.95872497558594,32.73271560668945
90737192,2018,2018-05-30,9680,2018-05-23,1520,021945,NA,3,2,9,3700,0,2,4,NA,1,026,JAMACHA BLVD,SR-94 E/B (CAMPO RD.),50,S,N,A,-,N,NA,NA,NA,NA,NA,NA,NA,NA,NA,Y,4,0,1,3,A,-,03,22350,NA,N,D,C,A,A,H,-,A,A,0,NA,NA,NA,NA,Y,NA,A,01,0,0,1,0,0,0,0,0,0,-,-,32.739559173583984,-116.95255279541016,SAN DIEGO,UNINCORPORATED,-116.95255279541016,32.739559173583984
90737433,2018,2018-05-30,9680,2018-04-11,1520,017621,NA,3,2,9,3700,0,2,4,NA,1,096,DYE ROAD,SR-67,2215,E,N,A,-,N,NA,NA,NA,NA,NA,NA,NA,NA,NA,Y,1,1,0,1,A,-,01,23152,A,N,E,I,A,A,H,-,A,A,0,NA,NA,NA,NA,Y,Y,D,22,0,0,0,0,0,0,0,0,0,-,-,33.00846862792969,-116.90380859375,SAN DIEGO,UNINCORPORATED,-116.90380859375,33.00846862792969
90738573,2018,2018-05-31,9645,2018-05-20,1430,021651,NA,7,2,7,3711,0,1,1,NA,2,027,I-15 S/B,FRIARS RD O/C,600,S,N,A,-,Y,NA,NA,15,NA,NA,NA,NA,NA,S,Y,4,0,1,2,A,-,01,23152,A,F,C,C,A,A,H,-,A,D,0,NA,NA,NA,NA,Y,Y,D,22,0,0,1,0,0,0,0,0,0,-,-,32.7865104675293,-117.11441802978516,SAN DIEGO,SAN DIEGO,-117.11464691162108,32.78654861450195
90739311,2018,2018-06-01,9680,2018-05-29,2000,020720,NA,2,2,9,3700,0,2,4,NA,1,021,DEHESA RD,SLOANE CANYON RD,1584,E,N,B,-,N,NA,NA,NA,NA,NA,NA,NA,NA,NA,Y,4,0,1,2,A,-,05,21460,A,N,B,C,A,A,H,-,D,D,0,NA,NA,NA,NA,Y,NA,A,01,0,0,1,0,0,0,0,0,0,-,-,32.781490325927734,-116.84799194335938,SAN DIEGO,UNINCORPORATED,-116.84751129150392,32.78182601928711
9074128,2020,2020-06-12,3700,2020-02-09,0627,7710,NA,7,5,5,3782,0,0,0,NA,0,230,RANCHO SANTE FE DR,LONE JACK RD,0,NA,Y,B,-,N,NA,NA,NA,NA,NA,NA,NA,NA,NA,Y,2,0,1,2,A,-,01,23153,A,N,-,C,A,A,H,-,B,A,0,NA,NA,Y,NA,Y,Y,A,07,1,0,0,0,0,0,0,0,1,-,-,NA,NA,SAN DIEGO,ENCINITAS,-117.23265075683594,33.05215835571289
90741454,2018,2018-06-05,9645,2018-05-30,0725,017139,NA,3,1,7,3711,0,1,1,NA,2,003,I-5 N/B,32ND ST O/C,200,N,N,A,B,Y,NA,NA,5,NA,NA,NA,NA,NA,N,Y,4,0,1,3,A,-,03,22350,NA,N,B,C,A,A,H,-,A,D,0,NA,NA,Y,NA,Y,NA,C,02,0,0,1,0,0,0,0,0,1,-,-,32.688419342041016,-117.11488342285156,SAN DIEGO,SAN DIEGO,-117.1149673461914,32.688289642333984
90742613,2018,2018-06-06,9650,2018-05-29,0855,021933,NA,2,1,9,3700,0,3,5,NA,2,213,PALA TEMECULA ROAD,PALA MISSION RD,6441,N,N,B,-,N,NA,NA,NA,NA,NA,NA,NA,NA,NA,Y,4,0,1,1,A,-,01,23152,A,N,E,I,A,A,H,-,A,D,0,NA,NA,NA,NA,Y,Y,A,07,0,0,1,0,0,0,0,0,0,-,-,33.38151168823242,-117.08421325683594,SAN DIEGO,UNINCORPORATED,-117.083984375,33.3812141418457
9074277,2020,2020-08-18,3709,2020-03-27,1520,NC0514,NA,5,5,5,3709,0,0,0,NA,0,020,ROOSEVELT AV,W 3RD ST,0,NA,Y,A,-,N,NA,NA,NA,NA,NA,NA,NA,NA,NA,N,2,0,1,2,A,-,09,21801,A,N,D,C,A,A,H,-,A,D,0,NA,NA,NA,NA,Y,NA,A,01,1,0,0,0,0,0,0,0,0,-,-,NA,NA,SAN DIEGO,NATIONAL CITY,-117.10962677001952,32.6798095703125
90743316,2018,2018-06-07,9645,2018-06-02,0625,019054,NA,6,1,7,3711,0,1,1,NA,2,003,I-5 N/B,BEARDSLEY PEDSTRIAN O/C,300,N,N,B,-,Y,NA,NA,5,NA,NA,NA,NA,NA,N,Y,3,0,1,1,A,-,08,22107,NA,N,E,I,A,A,H,-,A,D,0,NA,NA,Y,NA,Y,NA,C,02,0,1,0,0,0,0,0,0,1,-,-,32.705570220947266,-117.14734649658205,SAN DIEGO,SAN DIEGO,-117.1474151611328,32.70555877685547
9074349,2020,2020-07-15,3709,2020-03-06,0727,NC0526,NA,5,5,5,3709,0,0,0,NA,0,020,NATIONAL CITY BL,EAST 2ND ST,0,NA,Y,B,-,N,NA,NA,NA,NA,NA,NA,NA,NA,NA,Y,2,0,1,2,A,-,06,21760,NA,N,C,G,A,A,H,-,A,D,0,NA,Y,NA,NA,Y,Y,A,01,1,0,0,0,0,0,1,0,0,-,-,NA,NA,SAN DIEGO,NATIONAL CITY,-117.10894775390624,32.68098831176758
90745072,2018,2018-06-11,9645,2018-06-02,0940,021731,NA,6,1,7,3711,0,1,1,NA,2,010,I-8 W/B TO HOTEL CIRCLE,SR-163,300,E,N,A,-,Y,NA,NA,8,NA,NA,NA,R,NA,W,Y,3,0,1,1,A,-,03,22350,NA,N,F,A,A,A,H,-,A,D,0,NA,NA,Y,NA,Y,NA,C,02,0,1,0,0,0,0,0,0,1,-,-,32.763671875,-117.16220855712892,SAN DIEGO,SAN DIEGO,-117.16220855712892,32.763671875
90745305,2018,2018-06-11,9645,2018-06-04,1614,017667,NA,1,2,7,3711,0,1,1,NA,2,007,I-5 S/B,NOBEL DR.,50,S,N,B,-,Y,NA,NA,5,NA,NA,NA,NA,NA,S,Y,4,0,1,3,A,-,03,22350,NA,N,C,C,A,A,H,-,A,D,0,NA,NA,NA,NA,Y,NA,A,01,0,0,1,0,0,0,0,0,0,-,-,32.86708068847656,-117.22978973388672,SAN DIEGO,SAN DIEGO,-117.22984313964844,32.86708450317383
9074631,2020,2020-08-18,3709,2020-04-04,1720,NC0514,NA,6,5,5,3709,0,0,0,NA,0,020,D AV,E 6TH ST,0,NA,Y,B,-,N,NA,NA,NA,NA,NA,NA,NA,NA,NA,N,4,0,1,2,A,-,12,22450,A,N,D,C,A,A,H,-,A,D,0,NA,NA,Y,NA,Y,NA,C,06,0,0,1,0,0,0,0,0,0,-,-,NA,NA,SAN DIEGO,NATIONAL CITY,-117.1034698486328,32.67869186401367
90746674,2018,2018-06-12,9645,2018-06-10,1149,016474,NA,7,1,7,3711,0,1,3,NA,2,023,SR-163 SOUTHBOUND,ROBINSON AVENUE,200,S,N,A,-,Y,NA,NA,163,NA,NA,NA,NA,NA,S,N,4,0,2,3,A,-,04,21703,NA,N,C,C,A,A,H,-,A,D,0,NA,NA,NA,NA,Y,NA,A,07,0,0,2,0,0,0,0,0,0,-,-,32.74557876586914,-117.15644073486328,SAN DIEGO,SAN DIEGO,-117.15654754638672,32.745567321777344
90748505,2018,2018-06-14,9650,2018-06-09,1645,020771,NA,6,2,5,3712,0,1,3,NA,2,019,SR-78 E/B,TWIN OAKS VALLEY RD,300,E,N,A,-,Y,NA,NA,78,NA,NA,NA,NA,NA,E,N,4,0,1,3,A,-,03,22350,NA,N,C,C,A,A,H,-,A,D,0,NA,NA,NA,NA,Y,NA,A,01,0,0,1,0,0,0,0,0,0,-,-,33.136940002441406,-117.1648406982422,SAN DIEGO,SAN MARCOS,-117.1648406982422,33.136985778808594
90748647,2018,2018-06-15,9650,2018-06-14,0710,013570,NA,4,1,6,3706,0,1,3,NA,2,019,SR-78 E/B,NORDAHL RD,2500,E,N,A,-,Y,NA,NA,78,NA,NA,NA,NA,NA,E,Y,4,0,1,3,A,-,03,22350,NA,N,C,C,A,A,H,-,A,D,0,NA,NA,NA,NA,Y,NA,A,08,0,0,1,0,0,0,0,0,0,-,-,33.1279296875,-117.11228942871094,SAN DIEGO,ESCONDIDO,-117.11226654052734,33.127986907958984
90749009,2018,2018-06-15,9645,2018-06-05,1902,017953,NA,2,2,7,3711,0,1,1,NA,2,017,I-15 N/B,AMMO ROAD O/C,5280,S,N,A,-,Y,NA,NA,15,NA,NA,NA,NA,NA,N,Y,3,0,1,3,C,-,18,NA,NA,N,E,I,A,A,H,-,A,D,0,NA,NA,NA,NA,Y,NA,-,-,0,1,0,0,0,0,0,0,0,-,-,32.86112976074219,-117.1109619140625,SAN DIEGO,SAN DIEGO,-117.1110610961914,32.861175537109375
9074922,2020,2020-05-19,3711,2020-02-27,2215,SD7694,NA,4,5,7,3711,0,0,0,NA,0,115,COSTA VERDE BL,COSTA VERDE BL  8800,0,NA,Y,A,-,N,NA,NA,NA,NA,NA,NA,NA,NA,NA,N,4,0,1,2,A,-,11,21950,B,N,G,B,D,A,H,-,D,D,0,Y,NA,Y,NA,Y,NA,N,60,0,0,1,0,1,0,0,0,0,-,-,NA,NA,SAN DIEGO,SAN DIEGO,NA,NA
90749519,2018,2018-06-18,9650,2018-06-09,1940,021200,NA,6,2,9,3700,0,1,1,NA,2,003,I-5 S/B,COCKLEBURR ROAD,5000,S,N,A,-,Y,NA,NA,NA,NA,NA,NA,NA,NA,NA,Y,2,0,2,1,A,-,01,23152,A,N,F,A,A,A,H,-,B,D,0,NA,NA,NA,NA,Y,Y,A,01,1,0,1,0,0,0,0,0,0,-,-,33.245079040527344,-117.41532135009766,SAN DIEGO,UNINCORPORATED,-117.41502380371094,33.24177551269531
90751074,2018,2018-06-19,9645,2018-06-12,0140,021338,NA,2,3,7,3711,0,1,1,NA,2,021,SR-15 N/B,SR-94,1056,N,N,A,-,Y,NA,NA,15,NA,NA,NA,NA,NA,N,Y,3,0,1,1,A,-,01,23152,A,N,E,I,A,A,H,-,C,D,0,NA,NA,NA,NA,Y,Y,A,01,0,1,0,0,0,0,0,0,0,-,-,32.720218658447266,-117.11724090576172,SAN DIEGO,SAN DIEGO,-117.11726379394533,32.72023010253906
90751534,2018,2019-07-15,9680,2018-06-12,1440,021584,NA,2,2,9,3700,0,1,3,NA,1,052,STATE ROUTE 78,STATE ROUTE 79,29,E,N,A,-,Y,NA,NA,78,NA,NA,NA,NA,NA,NA,Y,1,1,3,3,A,-,05,21460,A,N,A,C,A,A,H,-,A,D,0,NA,NA,NA,NA,Y,NA,D,22,0,1,2,0,0,0,0,0,0,-,-,33.10926055908203,-116.67371368408205,SAN DIEGO,UNINCORPORATED,-116.67371368408205,33.10926818847656
9075163,2020,2020-06-23,3711,2020-03-02,1225,SD7120,NA,1,5,7,3711,0,0,0,NA,0,813,UNIVERSITY AV,ARNOLD AV,10,W,N,A,-,N,NA,NA,NA,NA,NA,NA,NA,NA,NA,N,4,0,1,2,A,-,04,21703,NA,N,C,C,A,A,H,-,A,D,0,NA,NA,Y,NA,Y,NA,A,01,0,0,1,0,0,0,0,0,1,-,-,NA,NA,SAN DIEGO,SAN DIEGO,-117.13681030273438,32.748451232910156
90751650,2018,2018-06-20,9645,2018-06-13,0540,018987,NA,3,3,3,3703,0,1,3,NA,1,004,SR-75 CORONADO BRIDGE W/B,GLORIETTA BL,1584,E,N,B,-,Y,NA,NA,NA,NA,NA,NA,NA,NA,NA,N,4,0,1,2,D,-,00,NA,NA,N,B,C,A,A,H,-,A,D,0,NA,NA,Y,NA,Y,NA,-,-,0,0,1,0,0,0,0,0,1,-,-,32.6894416809082,-117.16510772705078,SAN DIEGO,CORONADO,-117.16487646,32.68929043
90755350,2018,2018-06-25,9650,2018-06-19,1015,013570,NA,2,1,6,3710,0,1,3,NA,2,015,SR-78 W/B,COLLEGE BLVD,500,E,N,A,-,Y,NA,NA,78,NA,NA,NA,NA,NA,W,Y,2,0,1,2,A,-,08,22107,NA,N,B,C,A,A,H,-,A,D,0,NA,NA,NA,Y,Y,NA,A,01,1,0,0,0,0,0,0,0,0,-,-,33.1833381652832,-117.29470825195313,SAN DIEGO,OCEANSIDE,-117.29470825195313,33.18332290649414
90757258,2018,2018-06-27,9680,2018-06-19,2050,016694,NA,2,2,9,3700,0,3,5,NA,2,003,TAVERN ROAD,ARNOLD WAY,30,S,N,A,-,N,NA,NA,NA,NA,NA,NA,NA,NA,NA,Y,3,0,1,1,A,-,08,22107,NA,N,E,I,A,A,H,-,D,D,0,NA,NA,Y,NA,Y,NA,C,02,0,1,0,0,0,0,0,0,1,-,-,32.83536148071289,-116.77510833740234,SAN DIEGO,UNINCORPORATED,-116.77529144287108,32.83528137207031
90757445,2018,2018-06-27,9680,2018-06-20,1315,018356,NA,3,1,5,3705,0,1,1,NA,2,082,I-8 W/B,MOLLISON AVE,150,W,N,A,-,Y,NA,NA,8,NA,NA,NA,NA,NA,W,Y,4,0,1,3,A,-,03,22350,NA,N,C,C,A,A,H,-,A,D,0,NA,NA,NA,NA,Y,NA,D,22,0,0,1,0,0,0,0,0,0,-,-,32.80324172973633,-116.95162200927734,SAN DIEGO,EL CAJON,-116.95162200927734,32.80316162109375
9075946,2020,2020-05-19,3705,2020-02-25,1532,0403,NA,2,5,5,3705,0,0,0,NA,0,004,EMERALD AV,LAGUNA AV,113,N,N,A,-,N,NA,NA,NA,NA,NA,NA,NA,NA,NA,Y,2,0,1,1,A,-,03,22350,NA,N,E,I,A,A,H,-,A,D,0,NA,Y,NA,NA,Y,NA,L,04,1,0,0,0,0,0,1,0,0,-,-,NA,NA,SAN DIEGO,EL CAJON,-116.96875762939452,32.77943801879883
90760041,2018,2018-06-29,9650,2018-06-24,1521,021327,NA,7,2,3,3783,0,1,1,NA,2,007,I-5 S/B,VIA DE LA VALLE,3880,N,N,A,-,Y,NA,NA,NA,NA,NA,NA,NA,NA,NA,Y,2,0,3,3,A,-,01,23152,A,N,C,C,A,A,H,-,A,D,0,NA,NA,NA,NA,Y,Y,D,22,1,1,1,0,0,0,0,0,0,-,-,33.980289459228516,-117.25344848632813,SAN DIEGO,SOLANA BEACH,NA,NA
90761986,2018,2018-07-03,9645,2018-06-21,1745,016864,NA,4,2,7,3711,0,1,1,NA,2,015,I-805 S/B,GOVERNOR DRIVE,1848,N,N,B,-,Y,NA,NA,805,NA,NA,NA,NA,NA,S,Y,2,0,1,3,A,-,07,21658,A,N,C,C,A,A,H,-,A,D,0,NA,NA,Y,NA,Y,NA,C,02,1,0,0,0,0,0,0,0,1,-,-,32.862369537353516,-117.18824005126952,SAN DIEGO,SAN DIEGO,-117.18814086914063,32.86246109008789