CASE_ID,ACCIDENT_YEAR,PROC_DATE,JURIS,COLLISION_DATE,COLLISION_TIME,OFFICER_ID,REPORTING_DISTRICT,DAY_OF_WEEK,CHP_SHIFT,POPULATION,CNTY_CITY_LOC,SPECIAL_COND,BEAT_TYPE,CHP_BEAT_TYPE,CITY_DIVISION_LAPD,CHP_BEAT_CLASS,BEAT_NUMBER,PRIMARY_RD,SECONDARY_RD,DISTANCE,DIRECTION,INTERSECTION,WEATHER_1,WEATHER_2,STATE_HWY_IND,CALTRANS_COUNTY,CALTRANS_DISTRICT,STATE_ROUTE,ROUTE_SUFFIX,POSTMILE_PREFIX,POSTMILE,LOCATION_TYPE,RAMP_INTERSECTION,SIDE_OF_HWY,TOW_AWAY,COLLISION_SEVERITY,NUMBER_KILLED,NUMBER_INJURED,PARTY_COUNT,PRIMARY_COLL_FACTOR,PCF_CODE_OF_VIOL,PCF_VIOL_CATEGORY,PCF_VIOLATION,PCF_VIOL_SUBSECTION,HIT_AND_RUN,TYPE_OF_COLLISION,MVIW,PED_ACTION,ROAD_SURFACE,ROAD_COND_1,ROAD_COND_2,LIGHTING,CONTROL_DEVICE,CHP_ROAD_TYPE,PEDESTRIAN_ACCIDENT,BICYCLE_ACCIDENT,MOTORCYCLE_ACCIDENT,TRUCK_ACCIDENT,NOT_PRIVATE_PROPERTY,ALCOHOL_INVOLVED,STWD_VEHTYPE_AT_FAULT,CHP_VEHTYPE_AT_FAULT,COUNT_SEVERE_INJ,COUNT_VISIBLE_INJ,COUNT_COMPLAINT_PAIN,COUNT_PED_KILLED,COUNT_PED_INJURED,COUNT_BICYCLIST_KILLED,COUNT_BICYCLIST_INJURED,COUNT_MC_KILLED,COUNT_MC_INJURED,PRIMARY_RAMP,SECONDARY_RAMP,LATITUDE,LONGITUDE,COUNTY,CITY,POINT_X,POINT_Y
91302863,2020,2020-09-11,9645,2020-09-09,2011,018428,NA,3,2,7,3711,0,1,1,NA,2,027,I-15 S/B,BALBOA AVE. O/C,389,N,N,A,-,Y,NA,NA,15,NA,NA,NA,NA,NA,S,Y,3,0,4,2,A,-,03,22350,NA,N,C,C,A,A,H,-,D,D,0,NA,NA,NA,NA,Y,NA,A,01,0,1,3,0,0,0,0,0,0,-,-,32.82463836669922,-117.11717224121094,SAN DIEGO,SAN DIEGO,-117.1171646118164,32.824642181396484
91303013,2020,2020-09-11,9645,2020-09-01,1550,020265,NA,2,2,5,3709,0,1,3,NA,2,008,SR-54 E/B ON RAMP FROM REO DR.,REO DR.,100,E,N,A,-,Y,NA,NA,54,NA,NA,NA,R,NA,E,Y,3,0,1,3,A,-,03,22350,NA,F,C,C,A,A,H,-,A,A,0,NA,NA,NA,NA,Y,NA,A,01,0,1,0,0,0,0,0,0,0,-,-,32.66389846801758,-117.05670166015624,SAN DIEGO,NATIONAL CITY,-117.05670166015624,32.66389846801758
91303397,2020,2020-09-14,9650,2020-09-06,0410,021805,NA,7,3,9,3700,0,3,5,NA,2,150,OSBORNE ST,BAUTISTA AVE,70,W,N,A,-,N,NA,NA,NA,NA,NA,NA,NA,NA,NA,N,4,0,1,1,A,-,01,23152,A,N,E,I,A,A,H,-,D,D,0,NA,NA,NA,NA,Y,Y,A,01,0,0,1,0,0,0,0,0,0,-,-,33.23775863647461,-117.24520111083984,SAN DIEGO,UNINCORPORATED,-117.24513244628906,33.23766326904297
91308106,2020,2020-09-21,9645,2020-04-01,2153,020301,NA,3,2,7,3711,0,1,1,NA,2,027,I-15 N/B,FRIARS RD,2300,N,N,A,-,Y,NA,NA,15,NA,NA,NA,NA,NA,N,Y,3,0,1,2,A,-,03,22350,NA,N,D,C,A,A,C,-,C,D,0,NA,NA,NA,NA,Y,NA,A,01,0,1,0,0,0,0,0,0,0,-,-,32.7934684753418,-117.1122817993164,SAN DIEGO,SAN DIEGO,-117.11206817626952,32.7934455871582
91308295,2020,2020-09-21,9680,2020-08-27,0836,016535,NA,4,1,9,3700,0,2,4,NA,1,032,LA CRESTA ROAD,GREENFIELD DRIVE,13200,E,N,A,-,N,NA,NA,NA,NA,NA,NA,NA,NA,NA,Y,2,0,2,2,A,-,05,21460,A,N,A,C,A,A,H,-,A,D,0,NA,NA,NA,NA,Y,NA,A,01,2,0,0,0,0,0,0,0,0,-,-,32.81344985961914,-116.87181091308594,SAN DIEGO,UNINCORPORATED,-116.87222290039063,32.813316345214844
91312539,2020,2020-09-28,9650,2020-09-25,1532,019594,NA,5,2,9,3700,0,3,5,NA,2,230,LAKE DR,VIA RANCHO PKWY,2323,S,N,A,-,N,NA,NA,NA,NA,NA,NA,NA,NA,NA,Y,2,0,1,1,A,-,08,22107,NA,N,F,A,A,A,H,-,A,D,0,NA,NA,Y,NA,Y,NA,C,02,1,0,0,0,0,0,0,0,1,-,-,33.0830192565918,-117.11467742919922,SAN DIEGO,UNINCORPORATED,-117.11466217041016,33.08332824707031
91313415,2020,2020-09-28,9650,2020-09-22,1730,018386,NA,2,2,6,3706,0,1,1,NA,2,023,I-15 N/B,VALLEY PKY,1320,S,N,A,-,Y,NA,NA,15,NA,NA,NA,NA,NA,N,Y,3,0,1,2,A,-,07,21658,A,N,B,C,A,A,H,-,A,D,0,NA,NA,NA,NA,Y,NA,A,01,0,1,0,0,0,0,0,0,0,-,-,33.1126594543457,-117.0976104736328,SAN DIEGO,ESCONDIDO,-117.09732055664063,33.11283493041992
91314273,2020,2020-09-29,9680,2020-09-09,0540,015912,NA,3,3,9,3700,0,1,1,NA,2,083,TAVERN RD ONTO I-8 W/B,TAVERN RD,528,W,N,B,-,Y,NA,NA,8,NA,NA,NA,NA,NA,W,Y,3,0,1,1,A,-,08,22107,NA,N,E,I,A,A,H,-,A,A,0,NA,NA,NA,NA,Y,NA,A,01,0,1,0,0,0,0,0,0,0,-,-,32.84019088745117,-116.7822723388672,SAN DIEGO,UNINCORPORATED,-116.7822036743164,32.83977127075195
91316235,2020,2020-10-02,9650,2020-09-22,2347,021500,NA,2,3,9,3700,0,3,5,NA,2,213,PALA TEMECULA RD.,SYCAMORE LN,4100,N,N,A,-,N,NA,NA,NA,NA,NA,NA,NA,NA,NA,Y,3,0,1,1,A,-,01,23152,A,N,E,I,A,A,H,-,D,D,0,NA,NA,NA,NA,Y,Y,A,01,0,1,0,0,0,0,0,0,0,-,-,33.391571044921875,-117.08426666259766,SAN DIEGO,UNINCORPORATED,-117.08477020263672,33.390419006347656
91317483,2020,2020-10-05,9680,2020-09-23,2030,020780,NA,3,2,9,3700,0,3,5,NA,2,001,PROSPECT AVE,JULIAN AVE,48,N,N,A,-,N,NA,NA,NA,NA,NA,NA,NA,NA,NA,Y,4,0,1,3,A,-,01,23152,A,N,C,C,A,A,H,-,D,A,0,NA,NA,NA,NA,Y,Y,A,01,0,0,1,0,0,0,0,0,0,-,-,32.85475158691406,-116.92594909667967,SAN DIEGO,UNINCORPORATED,-116.92583465576172,32.85456848144531
91317857,2020,2020-10-05,9645,2020-10-03,1305,016766,NA,6,1,7,3711,0,1,3,NA,2,016,SR-52 W/B,SANTO RD,1056,E,N,A,-,Y,NA,NA,52,NA,NA,NA,NA,NA,W,Y,4,0,1,1,A,-,08,22107,NA,N,F,A,A,A,H,-,A,D,0,NA,NA,NA,Y,Y,NA,F,24,0,0,1,0,0,0,0,0,0,-,-,32.842018127441406,-117.09239959716795,SAN DIEGO,SAN DIEGO,-117.09239196777344,32.84196853637695
9131795,2020,2020-10-06,3711,2020-07-26,2141,SD7798,NA,7,5,7,3711,0,0,0,NA,0,526,1ST AV,BEECH ST,0,NA,Y,A,-,N,NA,NA,NA,NA,NA,NA,NA,NA,NA,N,3,0,1,2,A,-,11,21456,B,N,G,B,B,A,H,-,C,A,0,Y,NA,NA,NA,Y,NA,N,60,0,1,0,0,1,0,0,0,0,-,-,NA,NA,SAN DIEGO,SAN DIEGO,-117.16385650634766,32.72090148925781
91318076,2020,2020-10-06,9645,2020-10-04,1445,020066,NA,7,2,7,3711,0,1,3,NA,2,014,SR-52 E/B,SR-163,200,W,N,A,-,Y,NA,NA,NA,NA,NA,NA,NA,NA,NA,Y,3,0,1,1,A,-,08,22107,NA,N,F,A,A,B,H,-,A,D,0,NA,NA,Y,NA,Y,NA,C,02,0,1,0,0,0,0,0,0,1,-,-,32.83953094482422,-117.13516998291016,SAN DIEGO,SAN DIEGO,-117.13443756103516,32.8409423828125
91318309,2020,2020-10-06,9680,2020-09-27,0545,021501,NA,7,3,9,3700,0,1,3,NA,1,053,SR-76,WEST LOOP,2112,W,N,A,-,Y,NA,NA,76,NA,NA,NA,NA,NA,NA,Y,3,0,1,1,A,-,08,22107,NA,F,E,I,A,A,H,-,D,D,0,NA,NA,NA,NA,Y,NA,A,01,0,1,0,0,0,0,0,0,0,-,-,33.22309875488281,-116.75347900390624,SAN DIEGO,UNINCORPORATED,-116.75300598144533,33.2236213684082
91318767,2020,2020-10-06,9680,2020-09-26,1225,016535,T617,6,1,9,3700,0,2,4,NA,1,013,WILDCAT CANYON ROAD,BARONA RD,120,N,N,A,-,N,NA,NA,NA,NA,NA,NA,NA,NA,NA,Y,3,0,4,4,B,-,22,NA,NA,N,C,C,A,A,H,-,A,D,0,NA,NA,NA,NA,Y,NA,D,22,0,1,3,0,0,0,0,0,0,-,-,32.93157958984375,-116.87056732177734,SAN DIEGO,UNINCORPORATED,-116.87569427490234,32.923912048339844
91319572,2020,2020-10-07,9645,2020-10-06,1525,017499,NA,2,2,5,3709,0,1,3,NA,2,008,SR-54 FROM REO DR,REO DR.,300,E,N,A,-,Y,NA,NA,54,NA,NA,NA,R,NA,NA,Y,4,0,1,2,A,-,03,22350,NA,N,C,A,A,A,H,-,A,A,0,NA,NA,NA,NA,Y,NA,A,01,0,0,1,0,0,0,0,0,0,-,-,32.66429901123047,-117.05547332763672,SAN DIEGO,NATIONAL CITY,-117.05547332763672,32.66429901123047
91321993,2020,2020-10-12,9645,2020-10-06,0930,016138,NA,2,1,7,3711,0,1,1,NA,2,003,I-5 NB TO SR-163 NB,PARK BLVD. O/C,160,N,N,A,-,Y,NA,NA,5,NA,NA,NA,R,NA,N,N,4,0,1,2,A,-,08,22107,NA,N,D,C,A,A,H,-,A,D,0,NA,NA,NA,NA,Y,NA,A,01,0,0,1,0,0,0,0,0,0,-,-,32.72452163696289,-117.15175628662108,SAN DIEGO,SAN DIEGO,-117.15175628662108,32.72452163696289
91322679,2020,2020-10-13,9645,2020-10-04,0455,019054,NA,7,3,6,3702,0,1,1,NA,2,001,I-5 N/B,PALOMAR STREET,247,N,N,A,-,Y,NA,NA,5,NA,NA,NA,NA,NA,N,Y,4,0,1,2,A,-,03,22350,NA,N,C,C,A,A,H,-,D,A,0,NA,NA,NA,NA,Y,NA,A,01,0,0,1,0,0,0,0,0,0,-,-,32.605079650878906,-117.08995056152344,SAN DIEGO,CHULA VISTA,-117.08995056152344,32.605079650878906
9132406,2020,2020-10-02,3710,2020-07-18,0032,OC1484,NA,6,5,6,3710,0,0,0,NA,0,016,LOS ARBOLITOS BL,FIRESIDE DR,241,N,N,A,-,N,NA,NA,NA,NA,NA,NA,NA,NA,NA,Y,4,0,1,6,A,-,07,21658,A,N,C,E,A,A,H,-,C,D,0,NA,NA,NA,NA,Y,NA,-,NA,0,0,1,0,0,0,0,0,0,-,-,NA,NA,SAN DIEGO,OCEANSIDE,-117.33738708496094,33.22916793823242
91324533,2020,2020-10-15,9650,2020-10-13,1710,014886,NA,2,2,9,3700,0,1,1,NA,2,001,I-5 N/B,AGRA U/C,600,S,N,A,-,Y,NA,NA,5,NA,NA,NA,NA,NA,N,Y,3,0,1,2,A,-,03,22350,NA,F,C,C,A,A,H,-,A,D,0,NA,NA,NA,NA,Y,NA,A,01,0,1,0,0,0,0,0,0,0,-,-,33.31332015991211,-117.48108673095705,SAN DIEGO,UNINCORPORATED,-117.48123931884766,33.313228607177734
91326145,2020,2020-10-19,9645,2020-10-12,2340,021601,NA,1,3,7,3711,0,1,1,NA,2,009,I-805 N/B,H STREET,2640,S,N,A,-,Y,NA,NA,NA,NA,NA,NA,NA,NA,NA,Y,4,0,1,1,A,-,08,22107,NA,N,E,I,A,A,H,-,C,D,0,NA,NA,NA,NA,Y,NA,A,01,0,0,1,0,0,0,0,0,0,-,-,32.63547897338867,-117.04778289794922,SAN DIEGO,SAN DIEGO,NA,NA
91326185,2020,2020-10-19,9645,2020-10-14,1700,020952,NA,3,2,7,3711,0,1,1,NA,2,003,I-5 S/B FROM PERSHING DRIVE,C STREET,300,S,N,A,-,Y,NA,NA,5,NA,NA,NA,R,NA,S,Y,3,0,1,2,A,-,08,22107,NA,F,F,A,A,A,H,-,A,D,0,NA,NA,Y,NA,Y,NA,A,07,0,1,0,0,0,0,0,0,1,-,-,32.71495819091797,-117.1479034423828,SAN DIEGO,SAN DIEGO,-117.1479034423828,32.71495819091797
91326260,2020,2020-10-19,9645,2020-10-17,1915,020180,NA,6,2,7,3711,0,1,3,NA,2,023,SR-163 S/B,EL PRADO,400,N,N,A,-,Y,NA,NA,163,NA,NA,NA,NA,NA,S,Y,3,0,1,1,A,-,03,22350,NA,N,F,A,A,A,H,-,C,D,0,NA,NA,Y,NA,Y,NA,C,02,0,1,0,0,0,0,0,0,1,-,-,32.73271942138672,-117.1551513671875,SAN DIEGO,SAN DIEGO,-117.15517425537108,32.73270034790039
91327071,2020,2020-11-20,9650,2020-09-27,0035,019822,NA,7,3,6,3706,0,1,1,NA,2,023,I-15 S/B,ROCK SPRINGS ROAD,1584,N,N,B,-,Y,NA,NA,15,NA,NA,NA,NA,NA,S,Y,2,0,6,2,A,-,08,22107,NA,F,B,C,A,A,H,-,D,D,0,NA,NA,NA,NA,Y,NA,A,07,1,2,3,0,0,0,0,0,0,-,-,33.137271881103516,-117.10514068603516,SAN DIEGO,ESCONDIDO,-117.10515594482422,33.137271881103516
91327963,2020,2020-10-21,9650,2020-10-20,0615,013636,NA,2,1,9,3700,0,1,1,NA,2,001,I-5 N/B,SAN ONOFRE INSPECTION FACILITY,3960,N,N,A,-,Y,NA,NA,5,NA,NA,NA,NA,NA,N,Y,4,0,2,2,A,-,03,22350,NA,N,C,C,A,A,H,-,D,D,0,NA,NA,NA,NA,Y,NA,D,22,0,0,2,0,0,0,0,0,0,-,-,33.3701286315918,-117.55123138427734,SAN DIEGO,UNINCORPORATED,-117.55137634277344,33.36986541748047
91329221,2020,2020-10-22,9650,2020-10-13,0625,016743,NA,2,1,9,3700,0,3,5,NA,2,231,ASH ST,STANLEY AVE,100,N,N,A,-,N,NA,NA,NA,NA,NA,NA,NA,NA,NA,N,3,0,1,2,D,-,00,NA,NA,F,G,B,E,A,H,-,B,D,0,Y,NA,NA,NA,Y,NA,-,-,0,1,0,0,1,0,0,0,0,-,-,33.158748626708984,-117.08663177490234,SAN DIEGO,UNINCORPORATED,-117.08627319335938,33.15842056274414
91329248,2020,2020-10-22,9650,2020-10-20,0734,015446,NA,2,1,9,3700,0,2,4,NA,1,027,VALLEY CENTER ROAD,PARADISE CREEK LANE,310,S,N,A,-,N,NA,NA,NA,NA,NA,NA,NA,NA,NA,Y,2,0,3,1,A,-,01,23152,F,N,E,I,A,A,H,-,A,D,0,NA,NA,NA,NA,Y,NA,A,01,1,2,0,0,0,0,0,0,0,-,-,33.24406814575195,-116.96389770507813,SAN DIEGO,UNINCORPORATED,-116.96401214599608,33.24391555786133
91329285,2020,2020-10-22,9680,2020-10-12,1105,016535,NA,1,1,9,3700,0,3,5,NA,2,004,LYONS VALLEY RD,CHERIMOYA DR,12,W,N,A,-,N,NA,NA,NA,NA,NA,NA,NA,NA,NA,Y,4,0,1,2,A,-,03,22350,NA,N,C,C,A,A,H,-,A,D,0,NA,NA,NA,NA,Y,NA,A,07,0,0,1,0,0,0,0,0,0,-,-,32.72745895385742,-116.86637878417967,SAN DIEGO,UNINCORPORATED,-116.86631011962892,32.727508544921875
91329731,2020,2020-10-22,9680,2020-10-13,1520,019998,NA,2,2,9,3700,0,1,3,NA,1,024,SR-94,VIA LAS FALDAS,8,E,N,A,-,Y,NA,NA,94,NA,NA,NA,NA,NA,NA,Y,4,0,3,2,A,-,05,21460,NA,N,D,C,A,A,H,-,A,D,0,NA,NA,NA,NA,Y,NA,A,01,0,0,3,0,0,0,0,0,0,-,-,32.728309631347656,-116.90772247314452,SAN DIEGO,UNINCORPORATED,-116.90771484375,32.728302001953125
91330718,2020,2020-10-26,9650,2020-10-16,1555,020497,NA,5,2,9,3700,0,3,5,NA,2,070,CALZADA DEL BOSQUE,VIA DE LA VALLE,0,NA,Y,A,-,N,NA,NA,NA,NA,NA,NA,NA,NA,NA,Y,3,0,1,2,A,-,09,21801,A,N,D,C,A,A,H,-,A,A,0,NA,NA,NA,NA,Y,NA,A,01,0,1,0,0,0,0,0,0,0,-,-,33.00497817993164,-117.2082290649414,SAN DIEGO,UNINCORPORATED,-117.20850372314452,33.005008697509766
91332218,2020,2020-10-27,9645,2020-10-22,0700,017723,NA,4,1,9,3700,0,1,3,NA,2,008,SR-54 W/B,I-805 O/C,20,E,N,A,-,Y,NA,NA,54,NA,NA,NA,NA,NA,W,Y,4,0,1,1,A,-,08,22107,NA,N,F,A,A,A,H,-,A,D,0,NA,NA,Y,NA,Y,NA,C,02,0,0,1,0,0,0,0,0,1,-,-,32.65850067138672,-117.0740966796875,SAN DIEGO,UNINCORPORATED,-117.07410430908205,32.65851974487305
91332416,2020,2020-10-27,9645,2020-06-21,1430,021263,NA,7,2,7,3711,0,1,1,NA,2,010,INTERSTATE 8 WESTBOUND,MISSION CITY PARKWAY,1856,E,N,A,-,Y,NA,NA,8,NA,NA,NA,NA,NA,W,Y,2,0,2,3,A,-,07,21658,A,N,B,C,A,A,H,-,A,D,0,NA,NA,NA,NA,Y,NA,-,-,1,1,0,0,0,0,0,0,0,-,-,32.77777862548828,-117.119873046875,SAN DIEGO,SAN DIEGO,-117.119873046875,32.77779769897461
91333515,2020,2020-10-28,9680,2020-10-20,0555,015877,NA,2,3,5,3708,0,1,1,NA,2,081,I-8 W/B,BALTIMORE DR.,37,W,N,A,-,Y,NA,NA,8,NA,NA,NA,NA,NA,W,Y,3,0,2,1,A,-,08,22107,NA,N,E,I,A,A,H,-,D,D,0,NA,NA,NA,NA,Y,NA,A,01,0,2,0,0,0,0,0,0,0,-,-,32.77204895019531,-117.02655792236328,SAN DIEGO,LA MESA,-117.026611328125,32.771934509277344
91333741,2020,2020-10-29,9645,2020-10-25,2035,020180,NA,7,2,7,3711,0,1,1,NA,2,021,SR-15 S/B,MEADE AVE,100,S,N,B,C,Y,NA,NA,15,NA,NA,NA,NA,NA,S,Y,2,0,1,1,A,-,08,22107,NA,N,E,I,A,B,H,-,C,D,0,NA,NA,Y,NA,Y,NA,C,02,1,0,0,0,0,0,0,0,1,-,-,32.75674057006836,-117.10916137695313,SAN DIEGO,SAN DIEGO,-117.10897064208984,32.75674057006836
91333913,2020,2020-10-29,9650,2020-10-25,1125,020422,NA,7,1,9,3700,0,3,5,NA,2,213,PALA TEMECULA RD.,AROUBA RD,3168,S,N,B,C,N,NA,NA,NA,NA,NA,NA,NA,NA,NA,Y,3,0,1,1,A,-,08,22107,NA,N,F,A,A,B,H,-,A,D,0,NA,NA,Y,NA,Y,NA,C,02,0,1,0,0,0,0,0,0,1,-,-,33.390708923339844,-117.08470916748048,SAN DIEGO,UNINCORPORATED,-117.08464813232422,33.390716552734375
91336125,2020,2020-11-02,9650,2020-10-23,1626,021327,NA,5,2,6,3706,0,1,1,NA,2,023,I-15 N/B,9TH AVE,1500,N,N,A,-,Y,NA,NA,15,NA,NA,NA,NA,NA,N,Y,3,0,3,5,A,-,03,22350,NA,N,C,C,A,A,H,-,A,D,0,NA,NA,NA,Y,Y,NA,G,25,0,1,2,0,0,0,0,0,0,-,-,33.112388610839844,-117.09700775146484,SAN DIEGO,ESCONDIDO,-117.09703826904295,33.11237335205078
9133684,2020,2020-11-04,3711,2020-08-08,1728,SD7406,NA,6,5,7,3711,0,0,0,NA,0,122,GARNET AVE,JEWELL ST,0,NA,Y,A,-,N,NA,NA,NA,NA,NA,NA,NA,NA,NA,N,4,0,1,3,A,-,08,22107,NA,N,-,-,A,-,-,-,A,D,0,NA,NA,NA,NA,Y,NA,A,07,0,0,1,0,0,0,0,0,0,-,-,NA,NA,SAN DIEGO,SAN DIEGO,-117.2389678955078,32.800201416015625
91337945,2020,2020-11-03,9645,2020-11-01,0138,019712,NA,7,3,7,3711,0,1,1,NA,2,027,I-15 N/B,I-8,35,N,N,A,B,Y,NA,NA,15,NA,NA,NA,NA,NA,N,Y,3,0,1,1,A,-,01,23152,A,N,E,I,A,A,H,-,C,D,0,NA,NA,NA,NA,Y,Y,A,01,0,1,0,0,0,0,0,0,0,-,-,32.778499603271484,-117.11224365234376,SAN DIEGO,SAN DIEGO,-117.11219024658205,32.77851867675781
9133802,2020,2020-09-01,3711,2020-06-02,1430,SD7122,NA,2,5,7,3711,0,0,0,NA,0,626,WEST WASHINGTON ST,INDIA ST,100,E,N,A,-,N,NA,NA,NA,NA,NA,NA,NA,NA,NA,N,3,0,1,2,A,-,08,22107,NA,N,B,C,A,A,H,-,A,A,0,NA,NA,Y,NA,Y,NA,C,02,0,1,0,0,0,0,0,0,1,-,-,NA,NA,SAN DIEGO,SAN DIEGO,-117.18111419677734,32.74351119995117
91338152,2020,2020-11-03,9645,2020-10-24,2245,021588,NA,6,3,7,3711,0,1,3,NA,2,008,SR-54 WESTBOUND,BRIARWOOD ROAD,20,W,N,A,-,Y,NA,NA,54,NA,NA,NA,NA,NA,W,Y,3,0,3,3,A,-,01,23152,A,N,C,C,A,A,H,-,D,D,0,NA,NA,NA,NA,Y,Y,D,22,0,1,2,0,0,0,0,0,0,-,-,32.681678771972656,-117.03043365478516,SAN DIEGO,SAN DIEGO,-117.03036499023438,32.68159484863281
91338395,2020,2020-11-03,9645,2020-10-30,1607,021231,NA,5,2,7,3711,0,1,1,NA,2,009,I-805 S/B,PALOMAR RD.,50,N,N,A,-,Y,NA,NA,NA,NA,NA,NA,NA,NA,NA,Y,2,0,1,2,A,-,07,21658,A,N,C,C,A,A,H,-,A,D,0,NA,NA,Y,NA,Y,NA,A,08,1,0,0,0,0,0,0,0,1,-,-,32.615169525146484,-117.03840637207033,SAN DIEGO,SAN DIEGO,NA,NA
91339715,2020,2020-11-04,9645,2020-06-15,1825,021263,NA,1,2,7,3711,0,1,1,NA,2,017,INTERSTATE 15 N/B TO MIRA MESA BLVD.,MIRA MESA BOULEVARD,55,S,N,A,-,Y,NA,NA,15,NA,NA,NA,R,NA,N,N,4,0,1,3,A,-,03,22350,NA,N,C,C,A,A,H,-,A,A,0,NA,NA,NA,NA,Y,NA,D,22,0,0,1,0,0,0,0,0,0,-,-,32.916629791259766,-117.11444091796876,SAN DIEGO,SAN DIEGO,-117.11444091796876,32.916629791259766
91341018,2020,2020-11-06,9645,2020-11-05,0825,017723,NA,4,1,5,3709,0,1,1,NA,2,009,I-805 S/B,4 TH ST O/C,528,N,N,A,-,Y,NA,NA,805,NA,NA,NA,NA,NA,S,Y,4,0,1,3,A,-,03,22350,NA,N,C,C,A,A,H,-,A,D,0,NA,NA,NA,NA,Y,NA,A,07,0,0,1,0,0,0,0,0,0,-,-,32.68479919433594,-117.08969879150392,SAN DIEGO,NATIONAL CITY,-117.08982849121094,32.684635162353516
91342874,2020,2020-11-10,9680,2020-10-30,0415,021828,NA,5,3,9,3700,0,2,4,NA,1,021,WILLOW GLEN DR,SINGING CANYON DR,1056,W,N,A,-,N,NA,NA,NA,NA,NA,NA,NA,NA,NA,Y,4,0,1,1,A,-,08,22107,NA,N,E,I,A,A,H,-,D,D,0,NA,NA,NA,NA,Y,NA,A,07,0,0,1,0,0,0,0,0,0,-,-,32.76258850097656,-116.89009857177734,SAN DIEGO,UNINCORPORATED,-116.8901596069336,32.76260757446289
91343105,2020,2020-11-10,9645,2020-11-10,1240,016156,NA,2,1,7,3711,0,1,1,NA,2,011,I-805 N/B,HOME AVENUE,250,N,N,A,-,Y,NA,NA,805,NA,NA,NA,NA,NA,N,Y,4,0,1,2,A,-,03,22350,NA,N,C,C,A,A,H,-,A,D,0,NA,NA,NA,NA,Y,NA,D,22,0,0,1,0,0,0,0,0,0,-,-,32.72650909423828,-117.10363006591795,SAN DIEGO,SAN DIEGO,-117.10362243652344,32.72651290893555
91344063,2020,2020-11-12,9645,2020-11-06,2239,020623,NA,5,3,7,3711,0,1,3,NA,2,016,SR-52 E/B,SANTO ROAD,20,E,N,A,-,Y,NA,NA,52,NA,NA,NA,NA,NA,E,Y,3,0,1,1,A,-,01,23152,G,N,E,I,A,A,H,-,D,D,0,NA,NA,NA,NA,Y,Y,A,01,0,1,0,0,0,0,0,0,0,-,-,32.84120178222656,-117.09745025634766,SAN DIEGO,SAN DIEGO,-117.09745025634766,32.841163635253906
91344444,2020,2020-11-12,9680,2020-11-03,0710,015877,NA,2,1,5,3705,0,1,1,NA,2,082,I-8 E/B,MAGNOLIA AVE.,1584,W,N,A,-,Y,NA,NA,8,NA,NA,NA,NA,NA,E,Y,4,0,1,2,A,-,03,22350,NA,M,C,C,A,A,H,-,A,D,0,NA,NA,NA,NA,Y,NA,A,01,0,0,1,0,0,0,0,0,0,-,-,32.802978515625,-116.96710205078124,SAN DIEGO,EL CAJON,-116.96710205078124,32.8029670715332
91346803,2020,2020-11-17,9645,2020-11-08,0440,021768,NA,7,3,7,3711,0,1,1,NA,2,010,I-8 W/B,MISSION CITY PKWY O/C,200,W,N,B,-,Y,NA,NA,8,NA,NA,NA,NA,NA,W,Y,3,0,1,1,A,-,01,23152,A,N,E,I,A,B,H,-,D,A,0,NA,NA,NA,NA,Y,Y,D,22,0,1,0,0,0,0,0,0,0,-,-,32.77463150024414,-117.12518310546876,SAN DIEGO,SAN DIEGO,-117.12523651123048,32.77473068237305
91347233,2020,2022-02-02,9680,2020-11-05,0625,018356,NA,4,1,9,3700,0,3,5,NA,2,002,HILLSDALE RD,LOLA LN,250,S,N,B,-,N,NA,NA,NA,NA,NA,NA,NA,NA,NA,Y,4,0,1,2,A,-,04,21703,NA,N,C,C,A,A,H,-,A,D,0,NA,NA,NA,NA,Y,NA,A,01,0,0,1,0,0,0,0,0,0,-,-,32.758548736572266,-116.90464782714844,SAN DIEGO,UNINCORPORATED,-116.90464019775392,32.758522033691406