CASE_ID,ACCIDENT_YEAR,PROC_DATE,JURIS,COLLISION_DATE,COLLISION_TIME,OFFICER_ID,REPORTING_DISTRICT,DAY_OF_WEEK,CHP_SHIFT,POPULATION,CNTY_CITY_LOC,SPECIAL_COND,BEAT_TYPE,CHP_BEAT_TYPE,CITY_DIVISION_LAPD,CHP_BEAT_CLASS,BEAT_NUMBER,PRIMARY_RD,SECONDARY_RD,DISTANCE,DIRECTION,INTERSECTION,WEATHER_1,WEATHER_2,STATE_HWY_IND,CALTRANS_COUNTY,CALTRANS_DISTRICT,STATE_ROUTE,ROUTE_SUFFIX,POSTMILE_PREFIX,POSTMILE,LOCATION_TYPE,RAMP_INTERSECTION,SIDE_OF_HWY,TOW_AWAY,COLLISION_SEVERITY,NUMBER_KILLED,NUMBER_INJURED,PARTY_COUNT,PRIMARY_COLL_FACTOR,PCF_CODE_OF_VIOL,PCF_VIOL_CATEGORY,PCF_VIOLATION,PCF_VIOL_SUBSECTION,HIT_AND_RUN,TYPE_OF_COLLISION,MVIW,PED_ACTION,ROAD_SURFACE,ROAD_COND_1,ROAD_COND_2,LIGHTING,CONTROL_DEVICE,CHP_ROAD_TYPE,PEDESTRIAN_ACCIDENT,BICYCLE_ACCIDENT,MOTORCYCLE_ACCIDENT,TRUCK_ACCIDENT,NOT_PRIVATE_PROPERTY,ALCOHOL_INVOLVED,STWD_VEHTYPE_AT_FAULT,CHP_VEHTYPE_AT_FAULT,COUNT_SEVERE_INJ,COUNT_VISIBLE_INJ,COUNT_COMPLAINT_PAIN,COUNT_PED_KILLED,COUNT_PED_INJURED,COUNT_BICYCLIST_KILLED,COUNT_BICYCLIST_INJURED,COUNT_MC_KILLED,COUNT_MC_INJURED,PRIMARY_RAMP,SECONDARY_RAMP,LATITUDE,LONGITUDE,COUNTY,CITY,POINT_X,POINT_Y
91529932,2021,2021-07-27,9650,2021-07-21,1527,016490,NA,3,2,9,3700,0,1,1,NA,2,022,I-15 N/B,RAINBOW VALLEY BLVD.,50,N,N,A,-,Y,NA,NA,15,NA,NA,NA,NA,NA,N,Y,4,0,3,3,A,-,03,22350,NA,N,C,C,A,A,H,-,A,D,0,NA,NA,NA,NA,Y,NA,A,01,0,0,3,0,0,0,0,0,0,-,-,33.43095016479492,-117.1450424194336,SAN DIEGO,UNINCORPORATED,-117.14496612548828,33.430870056152344
91530653,2021,2021-07-28,9645,2021-04-18,2350,021588,NA,7,3,7,3711,0,1,3,NA,1,004,SR-75 NORTBOUND,HARBOR DRIVE,50,W,N,A,-,Y,NA,NA,75,NA,NA,NA,NA,NA,NA,Y,3,0,1,3,A,-,03,22350,NA,F,C,C,A,A,H,-,C,D,0,NA,NA,Y,NA,Y,NA,A,01,0,1,0,0,0,0,0,0,1,-,-,32.69723129272461,-117.1459732055664,SAN DIEGO,SAN DIEGO,-117.14594268798828,32.69720458984375
91531549,2021,2021-07-29,9650,2021-07-24,1200,021406,NA,6,1,5,3782,0,1,1,NA,2,007,I-5 N/B,SANTA FE DR,1000,N,N,A,-,Y,NA,NA,5,NA,NA,NA,NA,NA,N,Y,4,0,1,3,A,-,03,22350,NA,N,C,C,A,A,D,-,A,D,0,NA,NA,NA,NA,Y,NA,D,22,0,0,1,0,0,0,0,0,0,-,-,33.03879165649414,-117.28304290771484,SAN DIEGO,ENCINITAS,-117.28302001953124,33.03880310058594
9153407,2020,2020-11-07,3711,2020-09-11,1525,SD8861,NA,5,5,7,3711,0,0,0,NA,0,517,25TH ST,F ST,8,S,N,A,-,N,NA,NA,NA,NA,NA,NA,NA,NA,NA,Y,4,0,2,2,A,-,09,21800,NA,N,B,C,A,A,H,-,A,A,0,NA,NA,NA,NA,Y,NA,A,01,0,0,2,0,0,0,0,0,0,-,-,NA,NA,SAN DIEGO,SAN DIEGO,-117.14028167724608,32.713687896728516
91534717,2021,2021-08-02,9650,2021-07-23,1925,021200,NA,5,2,9,3700,0,1,3,NA,2,017,SR-78 WB FROM CIVIC CENTER DRIVE,CIVIC CENTER DRIVE,500,W,N,A,-,Y,NA,NA,NA,NA,NA,NA,NA,NA,NA,N,4,0,1,2,A,-,03,22350,NA,N,C,C,A,A,H,-,B,D,0,NA,NA,NA,NA,Y,NA,A,01,0,0,1,0,0,0,0,0,0,-,-,33.19010925292969,-117.24050903320313,SAN DIEGO,UNINCORPORATED,-117.2405242919922,33.189937591552734
91536598,2021,2021-08-04,9650,2021-07-29,1035,021406,NA,4,1,9,3700,0,3,5,NA,2,070,DEL DIOS HIGHWAY,CAMINO DE ESTRELLAS,3200,E,N,A,-,N,NA,NA,NA,NA,NA,NA,NA,NA,NA,Y,3,0,1,2,A,-,08,22107,NA,N,E,I,A,A,H,-,A,D,0,NA,NA,NA,NA,Y,NA,A,01,0,1,0,0,0,0,0,0,0,-,-,33.04246139526367,-117.14517211914063,SAN DIEGO,UNINCORPORATED,-117.14591217041016,33.04235076904297
91538821,2021,2021-08-06,9645,2021-07-28,0820,016779,NA,3,1,7,3711,0,1,1,NA,2,009,I-805 (N/B),SWEETWATER RD.,30,S,N,A,-,Y,NA,NA,NA,NA,NA,NA,NA,NA,NA,Y,3,0,1,3,A,-,03,22350,NA,N,C,C,A,A,H,-,A,D,0,NA,NA,NA,NA,Y,NA,A,01,0,1,0,0,0,0,0,0,0,-,-,32.66056823730469,-117.07636260986328,SAN DIEGO,SAN DIEGO,-117.07651519775392,32.66078567504883
91539833,2021,2021-08-09,9650,2021-08-04,1100,015080,NA,3,1,9,3700,0,1,1,NA,2,003,I-5 N/B,ALISO CREEK,3168,S,N,A,-,Y,NA,NA,5,NA,NA,NA,NA,NA,N,Y,3,0,2,2,A,-,08,22107,NA,F,B,C,A,A,H,-,A,D,0,NA,NA,NA,NA,Y,NA,-,99,0,2,0,0,0,0,0,0,0,-,-,33.26441955566406,-117.431396484375,SAN DIEGO,UNINCORPORATED,-117.43142700195313,33.2643928527832
91541645,2021,2021-08-10,9650,2021-08-03,2103,016516,NA,2,2,9,3700,0,3,5,NA,2,006,S STAGE COACH LN,CREEKVIEW LN,0,NA,Y,A,-,N,NA,NA,NA,NA,NA,NA,NA,NA,NA,Y,4,0,1,1,A,-,08,22107,NA,N,E,I,A,A,H,-,D,D,0,NA,NA,NA,NA,Y,NA,A,01,0,0,1,0,0,0,0,0,0,-,-,33.35380935668945,-117.23486328125,SAN DIEGO,UNINCORPORATED,-117.23487854003906,33.35380935668945
9154259,2020,2020-12-01,3710,2020-08-22,0024,OC1200,NA,6,5,6,3710,0,0,0,NA,0,016,RT 76,DOUGLAS DR,0,NA,Y,A,-,Y,SD,11,76,-,R,3.745,I,5,W,Y,4,0,2,2,A,-,12,21453,A,N,D,C,A,A,H,-,C,A,0,NA,NA,NA,NA,Y,NA,D,22,0,0,2,0,0,0,0,0,0,-,-,NA,NA,SAN DIEGO,OCEANSIDE,-117.32568359375,33.22587585449219
91543336,2021,2021-08-12,9645,2021-08-05,1545,017499,NA,4,2,5,3709,0,1,1,NA,2,009,I-805 NORTHBOUND,4TH ST. OC,246,N,N,A,-,Y,NA,NA,805,NA,NA,NA,NA,NA,N,N,4,0,1,3,A,-,03,22350,NA,N,C,C,A,A,H,-,A,D,0,NA,NA,NA,NA,Y,NA,A,01,0,0,1,0,0,0,0,0,0,-,-,32.685150146484375,-117.08992767333984,SAN DIEGO,NATIONAL CITY,-117.08993530273438,32.685142517089844
91543534,2021,2021-08-12,9680,2021-07-31,1550,017928,NA,6,2,9,3700,0,1,3,NA,1,090,SR-67,CONCORD HILL RD,0,NA,Y,A,-,Y,NA,NA,67,NA,NA,NA,NA,NA,NA,Y,4,0,3,2,A,-,09,21801,A,N,D,C,A,A,H,-,A,D,0,NA,NA,NA,NA,Y,NA,A,01,0,0,3,0,0,0,0,0,0,-,-,33.010948181152344,-116.94367218017578,SAN DIEGO,UNINCORPORATED,-116.94367218017578,33.01095199584961
9154391,2020,2021-01-21,3711,2020-09-10,1334,SD8447,NA,4,5,7,3711,0,0,0,NA,0,724,PALM AV,DESTY ST,0,NA,Y,A,-,N,NA,NA,NA,NA,NA,NA,NA,NA,NA,N,3,0,1,2,A,-,08,22107,NA,M,H,G,A,A,H,-,A,D,0,NA,Y,NA,NA,Y,Y,-,99,0,1,0,0,0,0,1,0,0,-,-,NA,NA,SAN DIEGO,SAN DIEGO,-117.07720184326172,32.58393096923828
91544147,2021,2021-08-13,9650,2021-08-01,0400,021528,NA,7,3,5,3712,0,1,3,NA,2,019,SR-78 W/B,NORDAHL RD,1920,W,N,A,-,Y,NA,NA,78,NA,NA,NA,NA,NA,W,Y,2,0,4,1,A,-,08,22107,NA,N,E,8,A,A,H,-,D,D,0,NA,NA,NA,NA,Y,Y,D,22,1,3,0,0,0,0,0,0,0,-,-,33.134639739990234,-117.12718963623048,SAN DIEGO,SAN MARCOS,-117.12720489501952,33.134586334228516
91545928,2021,2021-08-16,9645,2021-08-15,1830,020066,NA,7,2,7,3711,0,1,1,NA,2,017,I-15 S/B TO MIRA MESA BLVD,MIRA MESA BLVD.,5,N,N,B,-,Y,NA,NA,15,NA,NA,NA,R,NA,S,N,3,0,1,2,A,-,03,22350,NA,N,C,C,A,A,H,-,A,A,0,NA,NA,NA,NA,Y,NA,A,07,0,1,0,0,0,0,0,0,0,-,-,32.91741180419922,-117.11756896972656,SAN DIEGO,SAN DIEGO,-117.11756896972656,32.91741180419922
91547296,2021,2021-08-17,9680,2021-08-05,2315,021944,NA,4,3,5,3708,0,1,1,NA,2,081,I-8 E/B,SPRING ST,270,W,N,A,-,Y,NA,NA,8,NA,NA,NA,NA,NA,E,Y,3,0,1,2,A,-,01,23152,A,N,B,C,A,A,H,-,D,D,0,NA,NA,Y,NA,Y,Y,C,02,0,1,0,0,0,0,0,0,1,-,-,32.77128982543945,-117.02487182617188,SAN DIEGO,LA MESA,-117.02493286132813,32.771080017089844
91549029,2021,2021-08-19,9680,2021-08-08,0230,022183,NA,7,3,4,3720,0,1,3,NA,2,027,SR-94 W/B TO COLLEGE GROVE WAY,COLLEGE GROVE DRIVE,528,S,N,A,-,Y,NA,NA,94,NA,NA,NA,R,NA,W,Y,3,0,1,1,A,-,03,22350,NA,M,E,8,A,A,H,-,C,A,0,NA,NA,NA,NA,Y,NA,A,01,0,1,0,0,0,0,0,0,0,-,-,32.737060546875,-117.05635833740234,SAN DIEGO,LEMON GROVE,-117.05635833740234,32.737060546875
91549139,2021,2021-08-19,9680,2021-08-09,1410,022021,NA,1,2,9,3700,0,1,1,NA,2,081,I-8 E/B TO SR-125 S/B,JACKSON DR,2112,E,N,A,-,Y,NA,NA,NA,NA,NA,NA,NA,NA,NA,Y,4,0,1,1,A,-,08,22107,NA,N,E,I,A,A,H,-,A,D,0,NA,NA,NA,NA,Y,NA,A,01,0,0,1,0,0,0,0,0,0,-,-,32.77621841430664,-117.00450897216795,SAN DIEGO,UNINCORPORATED,-117.0106201171875,32.775001525878906
91549608,2021,2021-08-19,9645,2021-08-18,1640,017953,NA,3,2,7,3711,0,1,1,NA,2,027,SR-15 N/B TO I-8 E/B,CAMINO DEL RIO S.,634,S,N,A,-,Y,NA,NA,15,NA,NA,NA,R,NA,N,Y,4,0,1,2,A,-,03,22350,NA,N,C,C,A,A,H,-,A,D,0,NA,NA,NA,NA,Y,NA,D,22,0,0,1,0,0,0,0,0,0,-,-,32.7753791809082,-117.1113510131836,SAN DIEGO,SAN DIEGO,-117.1113510131836,32.7753791809082
91555218,2021,2021-08-26,9650,2021-08-16,1720,021200,NA,1,2,6,3710,0,1,1,NA,2,005,I-5 S/B,OCEANSIDE BLVD,50,N,N,B,-,Y,NA,NA,5,NA,NA,NA,NA,NA,S,N,4,0,1,2,A,-,03,22350,NA,N,C,C,A,A,H,-,A,D,0,NA,NA,NA,NA,Y,NA,A,01,0,0,1,0,0,0,0,0,0,-,-,33.19160079956055,-117.36337280273438,SAN DIEGO,OCEANSIDE,-117.3634796142578,33.19150924682617
91555251,2021,2021-08-26,9645,2021-08-20,2052,016864,NA,5,2,7,3711,0,1,3,NA,2,016,SR-52 E/B,I-15,0,NA,N,B,-,Y,NA,NA,52,NA,NA,NA,NA,NA,E,Y,3,0,2,1,A,-,03,22350,NA,N,E,J,A,A,C,-,C,D,0,NA,NA,NA,NA,Y,NA,A,07,0,2,0,0,0,0,0,0,0,-,-,32.841609954833984,-117.11900329589844,SAN DIEGO,SAN DIEGO,-117.11900329589844,32.84170150756836
91561205,2021,2021-10-01,9650,2021-08-14,2255,021698,NA,6,3,9,3700,0,3,5,NA,2,006,AMMUNITION RD,ALTURAS RD.,528,E,N,A,-,N,NA,NA,NA,NA,NA,NA,NA,NA,NA,Y,3,0,1,5,A,-,01,23152,A,N,C,E,A,A,H,-,C,D,0,NA,NA,NA,NA,Y,Y,A,01,0,1,0,0,0,0,0,0,0,-,-,33.37118911743164,-117.25572204589844,SAN DIEGO,UNINCORPORATED,-117.25620269775392,33.371177673339844
91562312,2021,2021-09-03,9650,2021-08-18,1645,016997,NA,3,2,6,3710,0,1,1,NA,2,005,I-5 S/B,CASSIDY ST.,1000,N,N,A,-,Y,NA,NA,5,NA,NA,NA,NA,NA,S,N,4,0,1,2,A,-,08,22107,NA,N,B,C,A,A,H,-,A,D,0,NA,NA,NA,NA,Y,NA,A,07,0,0,1,0,0,0,0,0,0,-,-,33.18259811401367,-117.35601806640624,SAN DIEGO,OCEANSIDE,-117.35604858398438,33.18257522583008
91564674,2021,2021-09-07,9645,2021-08-21,2310,021731,NA,6,3,7,3711,0,1,1,NA,2,013,SR-163 N/B,MESA COLLEGE DR,750,S,N,B,-,Y,NA,NA,163,NA,NA,NA,NA,NA,N,Y,4,0,1,2,A,-,03,22350,NA,F,C,C,A,A,H,-,D,D,0,NA,NA,NA,NA,Y,NA,-,99,0,0,1,0,0,0,0,0,0,-,-,32.799800872802734,-117.15595245361328,SAN DIEGO,SAN DIEGO,-117.15597534179688,32.799808502197266
91565044,2021,2021-09-08,9650,2021-08-31,0355,018406,NA,2,3,9,3700,0,1,1,NA,2,001,I-5 N/B,BASILONE RD,7050,S,N,B,-,Y,NA,NA,5,NA,NA,NA,NA,NA,N,Y,3,0,1,1,A,-,08,22107,NA,N,F,A,A,A,H,-,D,D,0,NA,NA,NA,NA,Y,NA,D,22,0,1,0,0,0,0,0,0,0,-,-,33.37638854980469,-117.56262969970705,SAN DIEGO,UNINCORPORATED,-117.56262969970705,33.37639236450195
91565067,2021,2021-09-08,9645,2021-08-27,1710,019712,NA,5,2,7,3711,0,1,3,NA,2,023,I-15 N/B,CARMEL MOUNTAIN O/C,1132,N,N,A,-,Y,NA,NA,15,NA,NA,NA,NA,NA,N,Y,3,0,1,2,A,-,08,22107,NA,F,B,C,A,A,H,-,A,D,0,NA,NA,NA,NA,Y,NA,A,07,0,1,0,0,0,0,0,0,0,-,-,32.98868179321289,-117.08242034912108,SAN DIEGO,SAN DIEGO,-117.08258056640624,32.98866271972656
91565415,2021,2021-09-08,9650,2021-08-31,1312,021406,NA,2,1,6,3706,0,1,3,NA,2,019,SR-78 E/B,CENTRE CITY PKY,600,W,N,B,-,Y,NA,NA,78,NA,NA,NA,NA,NA,E,N,4,0,1,2,A,-,03,22350,NA,N,C,C,A,A,H,-,A,D,0,NA,NA,NA,NA,Y,NA,A,01,0,0,1,0,0,0,0,0,0,-,-,33.129859924316406,-117.0951690673828,SAN DIEGO,ESCONDIDO,-117.09518432617188,33.12990188598633
91565426,2021,2021-09-08,9650,2021-08-31,1839,016490,NA,2,2,9,3700,0,3,5,NA,2,006,WINTER HAVEN RD.,BUENA ROSA,0,NA,Y,B,-,N,NA,NA,NA,NA,NA,NA,NA,NA,NA,Y,4,0,2,2,A,-,09,21802,A,N,A,C,A,A,H,-,A,D,0,NA,NA,NA,NA,Y,NA,A,08,0,0,2,0,0,0,0,0,0,-,-,33.347381591796875,-117.23986053466795,SAN DIEGO,UNINCORPORATED,-117.23989105224608,33.34736633300781
91565707,2021,2021-09-08,9680,2021-08-27,2130,021944,NA,5,2,9,3700,0,3,5,NA,2,002,GROSSMONT BLVD,BANCROFT DR,370,E,N,A,-,N,NA,NA,NA,NA,NA,NA,NA,NA,NA,Y,4,0,1,2,A,-,05,21460,A,N,A,C,A,A,H,-,C,D,0,NA,NA,NA,NA,Y,NA,A,01,0,0,1,0,0,0,0,0,0,-,-,32.77333068847656,-116.9997787475586,SAN DIEGO,UNINCORPORATED,-116.99983978271484,32.77332305908203
9156649,2020,2020-10-27,3711,2020-09-23,2129,SD6000,NA,3,5,7,3711,0,0,0,NA,0,611,ROSECRANS  ST,CAUBY ST,3168,S,N,A,-,N,NA,NA,NA,NA,NA,NA,NA,NA,NA,N,2,0,1,2,A,-,11,21954,A,F,G,B,D,A,H,-,C,D,0,Y,NA,NA,NA,Y,Y,N,60,1,0,0,0,1,0,0,0,0,-,-,NA,NA,SAN DIEGO,SAN DIEGO,-117.21422576904295,32.74223709106445
91567716,2021,2021-09-10,9650,2021-08-29,1630,021200,NA,7,2,9,3700,0,1,1,NA,2,005,I-5 NB,CARLSBAD VILLAGE DRIVE,500,S,N,B,C,Y,NA,NA,NA,NA,NA,NA,NA,NA,NA,Y,2,0,1,3,A,-,03,22350,NA,M,C,C,A,B,H,-,A,D,0,NA,NA,NA,NA,Y,NA,A,07,1,0,0,0,0,0,0,0,0,-,-,33.159820556640625,-117.34037017822266,SAN DIEGO,UNINCORPORATED,-117.34229278564452,33.16360092163086
91568335,2021,2021-09-13,9650,2021-09-05,2157,017590,NA,7,2,5,3701,0,1,1,NA,2,005,I-5 N/B,CARLSBAD VILLAGE DR,1056,S,N,A,-,Y,NA,NA,5,NA,NA,NA,NA,NA,N,N,3,0,1,2,A,-,07,21658,A,F,B,C,A,A,H,-,C,D,0,NA,NA,NA,NA,Y,NA,-,99,0,1,0,0,0,0,0,0,0,-,-,33.159889221191406,-117.34043121337892,SAN DIEGO,CARLSBAD,-117.34042358398438,33.15989303588867
91570149,2021,2021-09-14,9645,2021-09-07,2210,021523,NA,2,3,9,3700,0,3,5,NA,2,018,OTAY MESA ROAD W/B,SANYO AVENUE,15,E,N,A,-,N,NA,NA,NA,NA,NA,NA,NA,NA,NA,Y,4,0,2,2,A,-,03,22350,NA,N,C,D,A,A,H,-,C,D,0,NA,NA,NA,NA,Y,NA,A,01,0,0,2,0,0,0,0,0,0,-,-,32.567569732666016,-116.94049072265624,SAN DIEGO,UNINCORPORATED,-116.94068145751952,32.567508697509766
91571007,2021,2021-09-15,9680,2021-09-02,1510,021441,NA,4,2,9,3700,0,3,5,NA,2,002,HILLSDALE RD,HILLSDALE LN,150,W,N,A,-,N,NA,NA,NA,NA,NA,NA,NA,NA,NA,Y,3,0,2,2,A,-,09,21801,A,N,D,C,A,A,H,-,A,D,0,NA,NA,NA,NA,Y,NA,A,01,0,1,1,0,0,0,0,0,0,-,-,32.76210021972656,-116.92479705810548,SAN DIEGO,UNINCORPORATED,-116.92470550537108,32.76210403442383
91571220,2021,2021-09-15,9680,2021-09-02,1935,022050,NA,4,2,9,3700,0,1,3,NA,2,028,SR-125 N/B TO JAMACHA BLVD,JAMACHA BLVD,22,S,N,A,-,Y,NA,NA,125,NA,NA,NA,R,NA,N,N,4,0,1,2,A,-,03,22350,NA,N,C,C,A,A,H,-,C,A,0,NA,NA,NA,NA,Y,NA,A,01,0,0,1,0,0,0,0,0,0,-,-,32.705108642578125,-117.0102081298828,SAN DIEGO,UNINCORPORATED,-117.0102081298828,32.705108642578125
9157164,2020,2020-10-26,3703,2020-08-17,1830,1370,1,1,5,3,3703,0,0,0,NA,0,001,MULLINIX DR,GLORIETTA BL,233,E,N,A,-,N,NA,NA,NA,NA,NA,NA,NA,NA,NA,Y,3,0,1,4,A,-,08,22107,NA,M,D,E,A,A,H,-,A,D,0,NA,NA,NA,NA,Y,NA,A,81,0,1,0,0,0,0,0,0,0,-,-,32.6904296875,-117.16509246826172,SAN DIEGO,CORONADO,-117.16791534423828,32.69251251220703
91571968,2021,2021-09-16,9650,2021-08-25,1724,016516,NA,3,2,9,3700,0,3,5,NA,2,006,DE LUZ RD,VIEW ST,0,NA,Y,A,-,N,NA,NA,NA,NA,NA,NA,NA,NA,NA,Y,4,0,1,2,A,-,06,21750,NA,N,B,C,A,A,H,-,A,D,0,NA,NA,Y,NA,Y,NA,C,02,0,0,1,0,0,0,0,0,1,-,-,33.386558532714844,-117.25234985351563,SAN DIEGO,UNINCORPORATED,-117.25235748291016,33.38645553588867
91572421,2021,2021-09-16,9645,2021-07-28,0040,021639,NA,3,3,7,3711,0,1,1,NA,2,007,I-5 NORTHBOUND,CARMEL VALLEY RD,5280,S,N,B,-,Y,NA,NA,5,NA,NA,NA,NA,NA,N,N,4,0,2,2,A,-,01,23152,A,N,C,C,A,A,H,-,C,D,0,NA,NA,NA,NA,Y,Y,A,01,0,0,2,0,0,0,0,0,0,-,-,32.92013168334961,-117.23668670654295,SAN DIEGO,SAN DIEGO,-117.23664855957033,32.920166015625
91574364,2021,2021-09-20,9650,2021-09-08,0723,019594,NA,3,1,9,3700,0,3,5,NA,2,213,PALA TEMECULA ROAD,TEMEPA ROAD,4752,S,N,A,-,N,NA,NA,NA,NA,NA,NA,NA,NA,NA,Y,4,0,2,2,A,-,08,22107,NA,N,B,C,A,A,H,-,A,D,0,NA,NA,NA,NA,Y,NA,A,01,0,0,2,0,0,0,0,0,0,-,-,33.40882110595703,-117.08519744873048,SAN DIEGO,UNINCORPORATED,-117.08332061767578,33.41933059692383
91574858,2021,2021-11-03,9645,2021-08-01,0030,021523,NA,7,3,7,3711,0,1,1,NA,2,005,I-5 SOUTHBOUND,WASHINGTON AVENUE,1267,N,N,A,-,Y,NA,NA,NA,NA,NA,NA,NA,NA,NA,Y,3,0,4,4,A,-,01,23152,A,N,B,C,A,A,H,-,D,D,0,NA,NA,NA,NA,Y,Y,-,-,0,1,3,0,0,0,0,0,0,-,-,32.8402214050293,-117.12838745117188,SAN DIEGO,SAN DIEGO,-117.18614196777344,32.74407196044922
91576949,2021,2021-09-22,9645,2021-09-01,1830,019712,NA,3,2,9,3700,0,3,5,NA,2,018,ENRICO FERMI DR. N/B,AIRWAY DR.,50,S,N,A,-,N,NA,NA,NA,NA,NA,NA,NA,NA,NA,N,4,0,1,2,A,-,21,22106,NA,N,C,C,A,A,H,-,B,A,0,NA,NA,NA,Y,Y,NA,G,27,0,0,1,0,0,0,0,0,0,-,-,NA,NA,SAN DIEGO,UNINCORPORATED,-116.92783355712892,32.55990219116211
91577203,2021,2021-09-22,9680,2021-09-12,0835,020780,NA,7,1,9,3700,0,3,5,NA,2,004,LYONS VALLEY RD,SKYE VALLEY RD,410,W,N,A,-,N,NA,NA,NA,NA,NA,NA,NA,NA,NA,N,3,0,1,1,C,-,18,NA,NA,N,H,H,A,A,H,-,A,D,0,NA,NA,Y,NA,Y,NA,-,-,0,1,0,0,0,0,0,0,1,-,-,32.728919982910156,-116.6961669921875,SAN DIEGO,UNINCORPORATED,-116.69554138183594,32.729244232177734
91577801,2021,2021-09-23,9680,2021-09-11,1328,021901,NA,6,1,9,3700,0,1,3,NA,1,051,SR-79,SUNRISE HWY.,200,N,N,A,-,Y,NA,NA,79,NA,NA,NA,NA,NA,NA,Y,3,0,2,1,A,-,08,22107,NA,N,F,A,A,A,H,-,A,D,0,NA,NA,Y,NA,Y,NA,C,02,0,2,0,0,0,0,0,0,2,-,-,33.01224899291992,-116.56105041503906,SAN DIEGO,UNINCORPORATED,-116.56116485595705,33.01223373413086
91579405,2021,2021-09-27,9650,2021-09-12,0130,020747,NA,7,3,9,3700,0,3,5,NA,1,160,GOPHER CANYON RD,LITTLE GOPHER CANYON RD.,1275,E,N,A,-,N,NA,NA,NA,NA,NA,NA,NA,NA,NA,Y,3,0,2,2,A,-,09,21804,A,N,A,C,A,A,H,-,D,D,0,NA,NA,NA,NA,Y,NA,A,01,0,2,0,0,0,0,0,0,0,-,-,33.25580978393555,-117.20899963378906,SAN DIEGO,UNINCORPORATED,-117.20905303955078,33.255794525146484
91580354,2021,2021-09-27,9650,2021-09-18,0551,017392,NA,6,3,5,3701,0,1,1,NA,2,005,I-5 N/B,CANNON RD,1584,S,N,A,-,Y,NA,NA,5,NA,NA,NA,NA,NA,N,Y,3,0,1,2,A,-,03,22350,NA,N,C,C,A,A,H,-,A,D,0,NA,NA,NA,NA,Y,Y,A,01,0,1,0,0,0,0,0,0,0,-,-,33.13138961791992,-117.32743072509766,SAN DIEGO,CARLSBAD,-117.32745361328124,33.13137435913086
91580404,2021,2021-09-27,9645,2021-09-23,1805,019480,NA,4,2,7,3711,0,1,1,NA,2,010,I-8 WESTBOUND,COLLEGE AVENUE O/C,4620,W,N,A,-,Y,NA,NA,8,NA,NA,NA,NA,NA,W,Y,2,0,2,2,A,-,08,22107,NA,N,E,I,A,A,H,-,B,D,0,NA,NA,NA,NA,Y,NA,A,01,1,1,0,0,0,0,0,0,0,-,-,32.78049850463867,-117.08188629150392,SAN DIEGO,SAN DIEGO,-117.08187103271484,32.780616760253906
91580702,2021,2021-09-27,9680,2021-09-15,1813,021441,NA,3,2,9,3700,0,2,4,NA,1,026,JAMACHA RD,KEMPTON ST,530,W,N,A,-,N,NA,NA,NA,NA,NA,NA,NA,NA,NA,Y,4,0,1,2,A,-,09,21801,A,N,D,C,A,A,H,-,A,D,0,NA,NA,NA,NA,Y,NA,A,01,0,0,1,0,0,0,0,0,0,-,-,32.71480178833008,-117.0034637451172,SAN DIEGO,UNINCORPORATED,-117.00335693359376,32.714839935302734
91582759,2021,2021-09-29,9645,2021-08-27,1825,020952,NA,5,2,7,3711,0,1,1,NA,2,010,INTERSTATE 8 (EASTBOUND) TO FAIRMOUNT AVE,FAIRMOUNT AVENUE,150,W,N,A,-,Y,NA,NA,8,NA,NA,NA,R,NA,NA,Y,2,0,4,2,A,-,03,22350,NA,N,C,C,A,A,H,-,A,A,0,NA,NA,Y,NA,Y,NA,C,02,1,0,3,0,0,0,0,0,1,-,-,32.77825164794922,-117.10263061523438,SAN DIEGO,SAN DIEGO,-117.10263061523438,32.77825164794922
91582995,2021,2021-09-29,9650,2021-09-17,1640,018840,NA,5,2,9,3700,0,3,5,NA,2,070,LINEA DEL CIELO,EL CAMINO REAL,0,NA,Y,A,-,N,NA,NA,NA,NA,NA,NA,NA,NA,NA,Y,3,0,4,3,A,-,09,21802,A,N,D,C,A,A,H,-,A,A,0,NA,NA,NA,NA,Y,NA,A,01,0,1,3,0,0,0,0,0,0,-,-,33.00054168701172,-117.2262725830078,SAN DIEGO,UNINCORPORATED,-117.2260513305664,33.000579833984375