CASE_ID,ACCIDENT_YEAR,PROC_DATE,JURIS,COLLISION_DATE,COLLISION_TIME,OFFICER_ID,REPORTING_DISTRICT,DAY_OF_WEEK,CHP_SHIFT,POPULATION,CNTY_CITY_LOC,SPECIAL_COND,BEAT_TYPE,CHP_BEAT_TYPE,CITY_DIVISION_LAPD,CHP_BEAT_CLASS,BEAT_NUMBER,PRIMARY_RD,SECONDARY_RD,DISTANCE,DIRECTION,INTERSECTION,WEATHER_1,WEATHER_2,STATE_HWY_IND,CALTRANS_COUNTY,CALTRANS_DISTRICT,STATE_ROUTE,ROUTE_SUFFIX,POSTMILE_PREFIX,POSTMILE,LOCATION_TYPE,RAMP_INTERSECTION,SIDE_OF_HWY,TOW_AWAY,COLLISION_SEVERITY,NUMBER_KILLED,NUMBER_INJURED,PARTY_COUNT,PRIMARY_COLL_FACTOR,PCF_CODE_OF_VIOL,PCF_VIOL_CATEGORY,PCF_VIOLATION,PCF_VIOL_SUBSECTION,HIT_AND_RUN,TYPE_OF_COLLISION,MVIW,PED_ACTION,ROAD_SURFACE,ROAD_COND_1,ROAD_COND_2,LIGHTING,CONTROL_DEVICE,CHP_ROAD_TYPE,PEDESTRIAN_ACCIDENT,BICYCLE_ACCIDENT,MOTORCYCLE_ACCIDENT,TRUCK_ACCIDENT,NOT_PRIVATE_PROPERTY,ALCOHOL_INVOLVED,STWD_VEHTYPE_AT_FAULT,CHP_VEHTYPE_AT_FAULT,COUNT_SEVERE_INJ,COUNT_VISIBLE_INJ,COUNT_COMPLAINT_PAIN,COUNT_PED_KILLED,COUNT_PED_INJURED,COUNT_BICYCLIST_KILLED,COUNT_BICYCLIST_INJURED,COUNT_MC_KILLED,COUNT_MC_INJURED,PRIMARY_RAMP,SECONDARY_RAMP,LATITUDE,LONGITUDE,COUNTY,CITY,POINT_X,POINT_Y
92342551,2024,2024-03-20,9650,2024-03-13,602,017828,NA,3,1,9,3700,0,1,1,NA,2,021,I-15 S/B,OLD HIGHWAY 395,3300,S,N,A,-,Y,SD,NA,15,NA,R,49.952,H,NA,L,Y,4,0,1,2,A,-,03,22350,NA,N,C,C,A,A,H,-,D,D,0,NA,NA,NA,NA,Y,NA,A,07,0,0,1,0,0,0,0,0,0,-,-,33.37821960449219,-117.17249298095705,SAN DIEGO,UNINCORPORATED,-117.17250823974608,33.378211975097656
92342909,2024,2024-03-20,9680,2024-03-07,1349,021859,NA,4,1,9,3700,0,3,5,NA,2,001,CHANNEL RD.,LAKESIDE AVE.,147,S,N,A,-,N,NA,NA,NA,NA,NA,NA,NA,NA,NA,N,3,0,1,1,A,-,08,22107,NA,N,F,A,A,A,H,-,A,D,0,NA,NA,Y,NA,Y,NA,C,02,0,1,0,0,0,0,0,0,1,-,-,32.86552810668945,-116.92784881591795,SAN DIEGO,UNINCORPORATED,-116.92774963378906,32.86574935913086
9234344,2021,2021-04-14,3700,2021-03-29,1151,SH3913,NA,1,5,5,3712,0,0,0,NA,0,360,SOUTH TWIN OAKS VALLEY RD,VILLAGE DR,25,S,N,A,-,N,NA,NA,NA,NA,NA,NA,NA,NA,NA,Y,4,0,1,2,A,-,03,22350,NA,N,C,C,A,A,H,-,A,A,0,NA,NA,NA,NA,Y,NA,-,NA,0,0,1,0,0,0,0,0,0,-,-,NA,NA,SAN DIEGO,SAN MARCOS,-117.16619873046876,33.12278366088867
92344791,2024,2024-03-29,9645,2024-03-18,910,017473,NA,1,1,7,3711,0,1,1,NA,2,007,I-5 N/B,VOIGT DRIVE,50,N,N,A,-,Y,SD,NA,5,NA,R,29.101,H,NA,R,N,3,0,1,3,A,-,03,22350,NA,N,C,C,A,A,H,-,A,D,0,NA,NA,NA,NA,Y,NA,A,01,0,1,0,0,0,0,0,0,0,-,-,32.881919860839844,-117.22805786132813,SAN DIEGO,SAN DIEGO,-117.22811889648438,32.88192367553711
92345947,2024,2024-03-25,9650,2024-03-15,1545,022851,NA,5,2,9,3700,0,3,5,NA,1,212,RICE CANYON RD,RANCHO TAZA RD,35,N,N,C,-,N,NA,NA,NA,NA,NA,NA,NA,NA,NA,Y,4,0,2,1,A,-,03,22350,NA,N,E,I,A,B,H,-,A,D,0,NA,NA,NA,NA,Y,NA,A,01,0,0,2,0,0,0,0,0,0,-,-,33.39881134033203,-117.14614868164063,SAN DIEGO,UNINCORPORATED,-117.14537811279295,33.39732360839844
9234634,2020,2021-03-09,3705,2020-10-15,1239,EC0219,NA,4,5,5,3705,0,0,0,NA,0,002,ROANOKE RD,EAST MAIN ST,0,NA,Y,A,-,N,NA,NA,NA,NA,NA,NA,NA,NA,NA,NA,4,0,1,2,A,-,05,21650,1,N,D,G,A,A,H,-,A,A,0,NA,Y,NA,NA,Y,NA,L,04,0,0,1,0,0,0,1,0,0,-,-,NA,NA,SAN DIEGO,EL CAJON,-116.9548797607422,32.79494857788086
92346498,2024,2024-03-25,9645,2024-03-17,2000,022507,NA,7,2,7,3711,0,1,1,NA,2,013,I-805 (NORTHBOUND),MURRAY RIDGE ROAD,730,S,N,A,-,Y,NA,NA,NA,NA,NA,NA,NA,NA,NA,Y,4,0,1,2,A,-,03,22350,NA,N,C,C,A,A,H,-,C,D,0,NA,NA,NA,NA,Y,NA,-,-,0,0,1,0,0,0,0,0,0,-,-,32.784881591796875,-117.14315795898438,SAN DIEGO,SAN DIEGO,-117.14345550537108,32.78437805175781
92348324,2024,2024-03-27,9645,2024-03-17,1605,022845,NA,7,2,7,3711,0,1,1,NA,2,001,I-5 TO CORONADO AVE,CORONADO AVE,52,N,N,A,-,Y,NA,NA,NA,NA,NA,NA,NA,NA,NA,Y,4,0,1,2,A,-,07,21658,A,N,B,C,A,A,H,-,A,D,0,NA,NA,NA,NA,Y,NA,A,01,0,0,1,0,0,0,0,0,0,-,-,32.576900482177734,-117.0841064453125,SAN DIEGO,SAN DIEGO,-117.0841064453125,32.576900482177734
92348799,2024,2024-03-27,9650,2024-03-17,2353,022965,NA,7,3,9,3700,0,1,1,NA,2,001,I-5 S/B,LAS PULGAS RD,5808,N,N,A,-,Y,SD,NA,5,NA,R,63.188,H,NA,L,Y,4,0,1,1,A,-,08,22107,NA,N,E,I,A,A,H,-,D,D,0,NA,NA,NA,NA,Y,NA,A,01,0,0,1,0,0,0,0,0,0,-,-,33.309871673583984,-117.47834777832033,SAN DIEGO,UNINCORPORATED,-117.47830200195313,33.30990982055664
92348804,2024,2024-03-27,9650,2024-03-17,1815,022892,NA,7,2,6,3710,0,1,1,NA,2,005,I-5 S/B,CALIFORNIA ST,818,N,N,A,-,Y,SD,NA,5,NA,R,52.008,H,NA,L,Y,4,0,1,2,A,-,03,22350,NA,N,C,C,A,A,H,-,A,D,0,NA,NA,NA,NA,Y,NA,A,01,0,0,1,0,0,0,0,0,0,-,-,33.18653869628906,-117.35941314697266,SAN DIEGO,OCEANSIDE,-117.35938262939452,33.186553955078125
9234958,2020,2021-03-09,3702,2020-12-30,1232,CV1339,NA,3,5,6,3702,0,0,0,NA,0,024,MONTGOMERY AV,ALBANY AV,310,W,N,A,-,N,NA,NA,NA,NA,NA,NA,NA,NA,NA,N,2,0,1,2,A,-,09,21804,A,N,G,B,D,A,H,-,A,D,0,Y,NA,NA,NA,Y,NA,N,60,1,0,0,0,1,0,0,0,0,-,-,NA,NA,SAN DIEGO,CHULA VISTA,-117.05912017822266,32.59680938720703
92350795,2024,2024-03-29,9650,2024-02-08,1710,021876,NA,4,2,5,3713,0,1,3,NA,2,017,SR-78,SYCAMORE AVE,1584,E,N,A,-,Y,SD,NA,78,NA,NA,9.385,H,NA,R,Y,4,0,1,3,A,-,07,21658,A,N,B,C,A,B,H,-,C,D,0,NA,NA,Y,NA,Y,NA,A,01,0,0,1,0,0,0,0,0,1,-,-,33.16355895996094,-117.21192169189452,SAN DIEGO,VISTA,-117.21188354492188,33.163578033447266
92350875,2024,2024-03-29,9645,2024-03-22,1509,021263,NA,5,2,7,3711,0,1,1,NA,2,015,INTERSTATE 805 SOUTHBOUND,MIRA MESA BOULEVARD,2000,N,N,A,-,Y,SD,NA,805,NA,NA,27.523,H,NA,L,Y,4,0,1,2,A,-,08,22107,NA,N,B,C,A,A,H,-,A,D,0,NA,NA,NA,NA,Y,NA,D,22,0,0,1,0,0,0,0,0,0,-,-,32.893619537353516,-117.212890625,SAN DIEGO,SAN DIEGO,-117.21283721923828,32.89369201660156
9235189,2021,2021-04-30,3700,2021-03-19,0915,SH2439,NA,5,5,5,3713,0,0,0,NA,0,308,NORTH MELROSE DR,ASCOT DR,0,NA,Y,A,-,N,NA,NA,NA,NA,NA,NA,NA,NA,NA,Y,4,0,1,2,A,-,09,21802,A,N,D,C,A,A,H,-,A,D,0,NA,NA,Y,NA,Y,NA,D,22,0,0,1,0,0,0,0,0,1,-,-,NA,NA,SAN DIEGO,VISTA,-117.25559997558594,33.20027160644531
92352458,2024,2024-04-02,9680,2024-03-19,758,016415,NA,2,1,5,3781,0,1,3,NA,2,015,SR-52 WESTBOUND,CUYAMACA ST. U/C,1320,W,N,A,-,Y,SD,NA,52,NA,NA,15.868,H,NA,L,N,4,0,1,2,A,-,03,22350,NA,N,C,C,A,A,H,-,A,D,0,NA,NA,NA,NA,Y,NA,D,22,0,0,1,0,0,0,0,0,0,-,-,32.83457946777344,-116.98834991455078,SAN DIEGO,SANTEE,-116.9883270263672,32.83460998535156
92353104,2024,2024-04-02,9650,2024-03-25,1004,017828,NA,1,1,6,3710,0,1,1,NA,2,005,I-5 S/B,CALIFORNIA ST,30,N,N,A,-,Y,SD,NA,5,NA,R,51.861,H,NA,L,N,4,0,1,3,A,-,03,22350,NA,N,C,C,A,A,H,-,A,D,0,NA,NA,NA,NA,Y,NA,A,01,0,0,1,0,0,0,0,0,0,-,-,33.18484115600586,-117.35785675048828,SAN DIEGO,OCEANSIDE,-117.35791778564452,33.18480682373047
92354036,2024,2024-04-03,9680,2024-03-22,1735,023240,NA,5,2,5,3705,0,1,1,NA,2,082,I-8 E/B,1ST ST,881,E,N,A,-,Y,SD,NA,8,NA,NA,17.018,H,NA,R,N,3,0,2,3,A,-,03,22350,NA,N,C,C,A,A,H,-,A,D,0,NA,NA,NA,NA,Y,NA,A,08,0,2,0,0,0,0,0,0,0,-,-,32.803009033203125,-116.94165802001952,SAN DIEGO,EL CAJON,-116.94165802001952,32.802940368652344
92356074,2024,2024-04-04,9680,2024-03-25,2010,019384,NA,1,2,9,3700,0,3,5,NA,2,003,ALPINE BLVD,TAVERN ROAD,0,NA,Y,B,-,N,NA,NA,NA,NA,NA,NA,NA,NA,NA,N,3,0,1,2,A,-,12,21453,A,N,A,C,A,D,H,-,C,A,0,NA,NA,NA,NA,Y,NA,A,01,0,1,0,0,0,0,0,0,0,-,-,32.837791442871094,-116.77828979492188,SAN DIEGO,UNINCORPORATED,-116.77828979492188,32.83774948120117
9235711,2021,2021-04-16,3710,2021-02-25,1321,OC1351,NA,4,5,6,3710,0,0,0,NA,0,002,NORTH PACIFIC ST,BREAKWATER ST,387,N,N,A,-,N,NA,NA,NA,NA,NA,NA,NA,NA,NA,N,3,0,1,2,A,-,03,22350,NA,N,C,G,A,A,H,-,A,D,0,NA,Y,NA,NA,Y,NA,L,04,0,1,0,0,0,0,1,0,0,-,-,NA,NA,SAN DIEGO,OCEANSIDE,-117.38794708251952,33.20191955566406
9235713,2021,2021-04-16,3709,2021-02-28,0505,NC0513,NA,7,5,5,3709,0,0,0,NA,0,021,N HIGHLAND AV,N HIGHLAND AV 200,0,NA,N,A,-,N,NA,NA,NA,NA,NA,NA,NA,NA,NA,Y,3,0,1,3,A,-,01,23153,A,F,D,E,A,A,H,-,C,D,0,NA,NA,NA,NA,Y,Y,A,01,0,1,0,0,0,0,0,0,0,-,-,NA,NA,SAN DIEGO,NATIONAL CITY,-117.10246276855467,32.6883430480957
92358348,2024,2024-04-08,9650,2024-03-22,1645,022851,NA,5,2,9,3700,0,1,1,NA,2,022,I-15 NB,W RAINBOW VALLEY BLVD O/C,2068,S,N,A,-,Y,SD,NA,15,NA,R,53.641,H,NA,R,Y,3,0,1,2,A,-,03,22350,NA,N,C,C,A,A,H,-,A,D,0,NA,NA,NA,NA,Y,NA,A,01,0,1,0,0,0,0,0,0,0,-,-,33.426029205322266,-117.15049743652344,SAN DIEGO,UNINCORPORATED,-117.15045928955078,33.42600631713867
92359890,2024,2024-04-09,9650,2024-03-30,1116,022739,NA,6,1,6,3706,0,1,1,NA,2,023,INTERSTATE 15 NORTHBOUND,HALE AVE,400,S,N,B,C,Y,SD,NA,15,NA,R,30.904,H,NA,R,Y,3,0,2,3,A,-,03,22350,NA,M,C,C,A,B,H,-,A,D,0,NA,NA,NA,NA,Y,NA,-,99,0,1,1,0,0,0,0,0,0,-,-,33.118961334228516,-117.10082244873048,SAN DIEGO,ESCONDIDO,-117.100830078125,33.11895751953125
92363317,2024,2024-04-12,9650,2024-04-07,1645,022911,NA,7,2,9,3700,0,1,3,NA,1,028,SR-76,EAST GRADE RD,604,E,N,A,-,N,NA,NA,NA,NA,NA,NA,NA,NA,NA,Y,3,0,1,1,A,-,08,22107,NA,N,F,I,A,A,H,-,A,D,0,NA,NA,Y,NA,Y,NA,C,02,0,1,0,0,0,0,0,0,1,-,-,33.238319396972656,-116.76689910888672,SAN DIEGO,UNINCORPORATED,-116.76698303222656,33.23834228515625
92363482,2024,2024-04-12,9645,2024-04-02,730,022183,NA,2,1,6,3702,0,1,1,NA,2,001,I-5 N/B,'J' STREET,528,N,N,A,-,Y,SD,NA,5,NA,NA,7.402,H,NA,R,Y,3,0,1,1,A,-,08,22107,NA,N,F,A,A,A,H,-,A,D,0,NA,NA,Y,NA,Y,NA,C,02,0,1,0,0,0,0,0,0,1,-,-,32.62356948852539,-117.09353637695313,SAN DIEGO,CHULA VISTA,-117.09357452392578,32.62356185913086
92365132,2024,2024-04-16,9650,2024-04-08,815,017392,NA,1,1,5,3782,0,1,1,NA,2,007,I-5 S/B,LEUCADIA BLVD,2112,S,N,A,-,Y,SD,NA,5,NA,R,42.199,H,NA,L,N,4,0,2,2,A,-,03,22350,NA,N,C,C,A,A,H,-,A,D,0,NA,NA,NA,NA,Y,NA,A,01,0,0,2,0,0,0,0,0,0,-,-,33.057891845703125,-117.2903289794922,SAN DIEGO,ENCINITAS,-117.2902374267578,33.05790710449219
92366563,2024,2024-04-17,9645,2024-03-24,1600,023617,NA,7,2,7,3711,0,1,1,NA,2,003,INTERSTATE-5 NORTHBOUND,3RD AVENUE,60,S,N,A,-,Y,SD,NA,5,NA,R,16.453,H,NA,R,N,4,0,2,2,A,-,00,23153,F,F,B,C,A,B,H,-,A,D,0,NA,NA,NA,NA,Y,NA,A,01,0,0,2,0,0,0,0,0,0,-,-,32.72283935546875,-117.1617431640625,SAN DIEGO,SAN DIEGO,-117.16175079345705,32.7227783203125
92367932,2024,2024-04-18,9645,2024-03-28,620,018646,NA,4,1,7,3711,0,1,1,NA,2,001,I-5 N/B,MILE OF CARS WAY,1584,S,N,B,-,Y,SD,NA,5,NA,NA,9.76,H,NA,R,N,4,0,1,3,A,-,07,21658,A,N,B,C,A,A,H,-,B,D,0,NA,NA,Y,NA,Y,NA,A,01,0,0,1,0,0,0,0,0,1,-,-,32.65604019165039,-117.10626220703124,SAN DIEGO,SAN DIEGO,-117.10618591308594,32.656063079833984
92368861,2024,2024-04-19,9650,2024-04-16,612,017952,NA,2,1,9,3700,0,1,1,NA,2,022,I-15 S/B,SR-76,5280,N,N,A,-,Y,SD,NA,15,NA,R,47.529,H,NA,L,Y,3,0,1,2,A,-,03,22350,NA,N,C,C,A,A,H,-,A,D,0,NA,NA,Y,NA,Y,NA,C,02,0,1,0,0,0,0,0,0,1,-,-,33.34642028808594,-117.1591567993164,SAN DIEGO,UNINCORPORATED,-117.15924835205078,33.34642028808594
9236900,2021,2021-03-29,3705,2021-02-20,1410,EC0383,NA,6,5,5,3705,0,0,0,NA,0,002,EAST MAIN ST,ORLANDO ST,0,NA,Y,A,-,N,NA,NA,NA,NA,NA,NA,NA,NA,NA,NA,4,0,1,2,A,-,09,21802,B,N,D,C,A,A,H,-,A,A,0,NA,NA,NA,NA,Y,NA,A,01,0,0,1,0,0,0,0,0,0,-,-,NA,NA,SAN DIEGO,EL CAJON,-116.94013214111328,32.79492950439453
92371898,2024,2024-04-22,9680,2024-04-10,1845,017996,NA,3,2,9,3700,0,1,3,NA,2,028,SR-125 SOUTHBOUND,JAMACHA ROAD,2112,N,N,A,-,Y,SD,NA,125,NA,NA,11.044,H,NA,L,N,4,0,1,3,A,-,03,22350,NA,N,C,C,A,A,H,-,A,D,0,NA,NA,NA,NA,Y,NA,A,07,0,0,1,0,0,0,0,0,0,-,-,32.720611572265625,-117.01490020751952,SAN DIEGO,UNINCORPORATED,-117.01485443115234,32.720611572265625
92373023,2024,2024-04-23,9680,2024-04-11,955,019936,NA,4,1,9,3700,0,3,5,NA,2,001,AURORA DR,HOLSFAR RD,40,W,N,A,-,N,NA,NA,NA,NA,NA,NA,NA,NA,NA,Y,4,0,1,3,A,-,08,22107,NA,N,C,E,A,A,H,-,A,D,0,NA,NA,NA,NA,Y,NA,-,-,0,0,1,0,0,0,0,0,0,-,-,32.83143997192383,-116.90573120117188,SAN DIEGO,UNINCORPORATED,-116.90568542480467,32.83146286010742
9237466,2020,2021-03-11,3711,2020-01-29,1500,SD7654,NA,3,5,7,3711,0,0,0,NA,0,712,DAIRY MART RD,TEQUILA WY,0,NA,Y,A,-,N,NA,NA,NA,NA,NA,NA,NA,NA,NA,N,4,0,1,2,D,-,00,NA,NA,N,G,G,A,A,H,-,A,A,0,NA,Y,NA,NA,Y,NA,-,-,0,0,1,0,0,0,1,0,0,-,-,NA,NA,SAN DIEGO,SAN DIEGO,-117.06240844726563,32.564369201660156
92379438,2024,2024-05-01,9645,2024-04-05,1351,021263,NA,5,1,7,3711,0,1,1,NA,2,007,INTERSTATE 5 NORTHBOUND,VIA DE LA VALLE,500,S,N,A,-,Y,SD,NA,5,NA,R,36.037,H,NA,R,Y,4,0,1,4,A,-,03,22350,NA,N,C,C,A,A,H,-,A,D,0,NA,NA,NA,NA,Y,NA,A,07,0,0,1,0,0,0,0,0,0,-,-,32.97666931152344,-117.25174713134766,SAN DIEGO,SAN DIEGO,-117.2517318725586,32.97667694091797
92380429,2024,2024-05-02,9645,2024-04-21,1025,022183,NA,7,1,7,3711,0,1,1,NA,2,003,I-5 NB,B ST.,528,N,N,A,-,Y,SD,NA,5,NA,R,15.436,H,NA,R,N,4,0,2,1,C,-,18,NA,NA,N,E,I,A,A,H,-,A,D,0,NA,NA,Y,NA,Y,NA,-,-,0,0,2,0,0,0,0,0,2,-,-,32.719520568847656,-117.14766693115234,SAN DIEGO,SAN DIEGO,-117.14781951904295,32.71949005126953
92380777,2024,2024-05-02,9645,2024-04-23,1050,020515,NA,2,1,6,3702,0,1,1,NA,2,009,I-805 N/B,OLYMPIC PKWY,1320,S,N,A,-,Y,SD,NA,805,NA,NA,4.156,H,NA,R,Y,4,0,2,2,A,-,03,22350,NA,N,C,2,A,A,H,-,A,D,0,NA,NA,NA,NA,Y,NA,A,08,0,0,2,0,0,0,0,0,0,-,-,32.602081298828125,-117.03623199462892,SAN DIEGO,CHULA VISTA,-117.03614807128906,32.602081298828125
92380844,2024,2024-05-03,9645,2024-04-11,105,023641,NA,4,3,7,3711,0,1,1,NA,2,001,INTERSTATE 5 S/B,PALOMAR STREET,1000,S,N,A,-,Y,SD,NA,5,NA,NA,5.847,H,NA,L,Y,4,0,2,2,A,-,01,23152,A,N,C,C,A,A,H,-,C,D,0,NA,NA,NA,NA,Y,Y,A,01,0,0,2,0,0,0,0,0,0,-,-,32.601348876953125,-117.08969879150392,SAN DIEGO,SAN DIEGO,-117.08974456787108,32.60134506225586
92381235,2024,2024-05-03,9680,2024-04-23,1710,017996,NA,2,2,5,3705,0,1,3,NA,2,016,N. MAGNOLIA AVENUE,INTERSTATE 8,15,S,N,A,-,Y,SD,NA,67,NA,R,0.015,H,NA,L,Y,3,0,2,4,A,-,03,22350,NA,N,C,2,A,A,H,-,A,D,0,NA,NA,NA,NA,Y,NA,A,01,0,2,0,0,0,0,0,0,0,-,-,32.80332946777344,-116.96253967285156,SAN DIEGO,EL CAJON,-116.96249389648438,32.80332946777344
92382973,2024,2024-05-06,9645,2024-04-26,910,016156,NA,5,1,7,3711,0,1,3,NA,2,016,I-15 N/B FROM SR-52 W/B,SR-52 W/B,230,N,N,B,-,Y,NA,NA,NA,NA,NA,NA,NA,NA,NA,Y,3,0,1,1,C,-,18,NA,NA,N,E,I,A,A,H,-,A,D,0,NA,NA,NA,NA,Y,NA,-,-,0,1,0,0,0,0,0,0,0,-,-,32.84272003173828,-117.11865234375,SAN DIEGO,SAN DIEGO,-117.1201400756836,32.842559814453125
92385758,2024,2024-05-09,9645,2024-04-07,430,022676,NA,7,3,7,3711,0,1,1,NA,2,019,I-15 S/B,VIA RANCHO PARKWAY,2254,S,N,A,-,Y,SD,NA,15,NA,M,26.528,H,NA,L,Y,4,0,1,2,A,-,03,22350,NA,N,C,C,A,A,H,-,C,D,0,NA,NA,NA,NA,Y,NA,A,07,0,0,1,0,0,0,0,0,0,-,-,33.062931060791016,-117.06925964355467,SAN DIEGO,SAN DIEGO,-117.06924438476563,33.06292724609375
92385813,2024,2024-05-09,9645,2024-04-28,43,022962,NA,7,3,7,3711,0,1,1,NA,2,019,INTERSTATE 15 SOUTHBOUND,RANCHO BERNARDO ROAD,500,N,N,A,-,Y,SD,NA,15,NA,M,24.007,H,NA,L,Y,4,0,1,3,A,-,03,22350,NA,N,E,C,A,A,H,-,D,D,0,NA,NA,NA,NA,Y,NA,A,01,0,0,1,0,0,0,0,0,0,-,-,33.027591705322266,-117.07875823974608,SAN DIEGO,SAN DIEGO,-117.07899475097656,33.02759552001953
92385902,2024,2024-05-09,9645,2024-04-29,1220,015494,NA,1,1,7,3711,0,1,3,NA,2,023,SR-163,RICHMOND ST,200,S,N,A,-,Y,SD,NA,163,NA,NA,1.757,H,NA,R,N,4,0,1,2,A,-,03,22350,NA,F,C,C,A,A,H,-,A,D,0,NA,NA,NA,NA,Y,Y,-,99,0,0,1,0,0,0,0,0,0,-,-,32.73622131347656,-117.15595245361328,SAN DIEGO,SAN DIEGO,-117.15576171875,32.736228942871094
92386189,2024,2024-05-09,9680,2024-04-30,1735,021839,NA,2,2,9,3700,0,3,5,NA,2,002,KENORA DR,VIA KENORA,30,S,N,A,-,N,NA,NA,NA,NA,NA,NA,NA,NA,NA,N,3,0,1,2,A,-,08,22107,NA,N,E,E,A,A,H,-,A,D,0,NA,NA,NA,NA,Y,NA,A,07,0,1,0,0,0,0,0,0,0,-,-,32.74114990234375,-116.98851776123048,SAN DIEGO,UNINCORPORATED,-116.98845672607422,32.74116897583008
9238678,2021,2021-04-20,3711,2021-03-11,1500,SD7746,NA,4,5,7,3711,0,0,0,NA,0,722,ORO VISTA RD,TOCAYO AV,0,NA,Y,A,-,N,NA,NA,NA,NA,NA,NA,NA,NA,NA,N,3,0,2,2,A,-,12,21453,A,N,D,C,A,A,H,-,A,A,0,NA,NA,NA,NA,Y,NA,A,01,0,1,1,0,0,0,0,0,0,-,-,NA,NA,SAN DIEGO,SAN DIEGO,-117.0792999267578,32.565311431884766
92387197,2024,2024-05-10,9680,2024-05-02,1035,022893,NA,4,1,9,3700,0,1,3,NA,1,071,SR-78,SAN FELIPE RD,3696,E,N,A,-,Y,SD,NA,78,NA,NA,70.82,H,NA,R,Y,3,0,1,1,A,-,01,23152,A,N,E,I,A,A,H,-,A,D,0,NA,NA,NA,NA,Y,Y,A,07,0,1,0,0,0,0,0,0,0,-,-,33.10103988647461,-116.45848083496094,SAN DIEGO,UNINCORPORATED,-116.45845794677734,33.10100173950195
92392881,2024,2024-05-17,9645,2024-05-09,2011,020265,NA,4,2,7,3711,0,1,1,NA,2,011,I-805 S/B,FRIARS RD. U/C,365,N,N,A,-,Y,SD,NA,805,NA,NA,18.223,H,NA,L,N,3,0,1,4,A,-,01,23152,F,M,B,3,A,A,H,-,C,D,0,NA,NA,NA,NA,Y,NA,A,01,0,1,0,0,0,0,0,0,0,-,-,32.7789306640625,-117.13733673095705,SAN DIEGO,SAN DIEGO,-117.13735198974608,32.77892303466797
92394386,2024,2024-05-20,9645,2024-05-12,1850,023088,NA,7,2,7,3711,0,1,1,NA,2,011,INTERSTATE-805,RALENE STREET,1900,N,N,A,-,Y,SD,NA,805,NA,NA,14.753,H,NA,L,Y,4,0,1,2,A,-,03,22350,NA,N,C,C,A,A,H,-,B,D,0,NA,NA,NA,NA,Y,NA,A,01,0,0,1,0,0,0,0,0,0,-,-,32.73318099975586,-117.11290740966795,SAN DIEGO,SAN DIEGO,-117.1127700805664,32.73326110839844
9239706,2021,2021-03-24,3702,2021-02-19,1908,CV1278,NA,5,5,6,3702,0,0,0,NA,0,011,E ST,WOODLAWN AV,200,W,N,A,-,N,NA,NA,NA,NA,NA,NA,NA,NA,NA,N,4,0,1,2,A,-,09,21804,A,N,D,C,A,A,H,-,C,D,0,NA,NA,NA,NA,Y,NA,A,01,0,0,1,0,0,0,0,0,0,-,-,NA,NA,SAN DIEGO,CHULA VISTA,-117.09819793701172,32.640018463134766
92398312,2024,2024-05-24,9680,2024-05-17,1615,022893,NA,5,2,9,3700,0,3,5,NA,2,005,FARMER RD,MAIN ST,5280,N,N,A,-,N,NA,NA,NA,NA,NA,NA,NA,NA,NA,Y,3,0,1,1,A,-,08,22107,NA,N,E,I,A,A,H,-,A,A,0,NA,NA,Y,NA,Y,NA,C,02,0,1,0,0,0,0,0,0,1,-,-,33.08863067626953,-116.60662078857422,SAN DIEGO,UNINCORPORATED,-116.60636901855467,33.08903884887695
92398323,2024,2024-05-24,9680,2024-05-14,855,019475,NA,2,1,9,3700,0,2,4,NA,1,025,SWEETWATER RD,TYLER ST,0,NA,Y,A,-,N,NA,NA,NA,NA,NA,NA,NA,NA,NA,Y,3,0,3,5,A,-,12,21453,A,N,D,C,A,A,H,-,A,A,0,NA,NA,NA,NA,Y,NA,A,01,0,2,1,0,0,0,0,0,0,-,-,32.73033142089844,-117.01450347900392,SAN DIEGO,UNINCORPORATED,-117.01449584960938,32.73037338256836
92400099,2024,2024-05-28,9680,2024-05-15,1255,018801,NA,3,1,5,3708,0,1,3,NA,2,028,SR-125 S/B,MARIPOSA STREET OVERCROSSING,385,N,N,A,-,Y,SD,NA,125,NA,NA,14.195,H,NA,L,N,3,0,1,1,A,-,01,23152,A,N,E,I,A,A,D,-,A,D,0,NA,NA,NA,NA,Y,Y,A,01,0,1,0,0,0,0,0,0,0,-,-,32.76055145263672,-117.00350189208984,SAN DIEGO,LA MESA,-117.0034408569336,32.7605094909668