CASE_ID,ACCIDENT_YEAR,PROC_DATE,JURIS,COLLISION_DATE,COLLISION_TIME,OFFICER_ID,REPORTING_DISTRICT,DAY_OF_WEEK,CHP_SHIFT,POPULATION,CNTY_CITY_LOC,SPECIAL_COND,BEAT_TYPE,CHP_BEAT_TYPE,CITY_DIVISION_LAPD,CHP_BEAT_CLASS,BEAT_NUMBER,PRIMARY_RD,SECONDARY_RD,DISTANCE,DIRECTION,INTERSECTION,WEATHER_1,WEATHER_2,STATE_HWY_IND,CALTRANS_COUNTY,CALTRANS_DISTRICT,STATE_ROUTE,ROUTE_SUFFIX,POSTMILE_PREFIX,POSTMILE,LOCATION_TYPE,RAMP_INTERSECTION,SIDE_OF_HWY,TOW_AWAY,COLLISION_SEVERITY,NUMBER_KILLED,NUMBER_INJURED,PARTY_COUNT,PRIMARY_COLL_FACTOR,PCF_CODE_OF_VIOL,PCF_VIOL_CATEGORY,PCF_VIOLATION,PCF_VIOL_SUBSECTION,HIT_AND_RUN,TYPE_OF_COLLISION,MVIW,PED_ACTION,ROAD_SURFACE,ROAD_COND_1,ROAD_COND_2,LIGHTING,CONTROL_DEVICE,CHP_ROAD_TYPE,PEDESTRIAN_ACCIDENT,BICYCLE_ACCIDENT,MOTORCYCLE_ACCIDENT,TRUCK_ACCIDENT,NOT_PRIVATE_PROPERTY,ALCOHOL_INVOLVED,STWD_VEHTYPE_AT_FAULT,CHP_VEHTYPE_AT_FAULT,COUNT_SEVERE_INJ,COUNT_VISIBLE_INJ,COUNT_COMPLAINT_PAIN,COUNT_PED_KILLED,COUNT_PED_INJURED,COUNT_BICYCLIST_KILLED,COUNT_BICYCLIST_INJURED,COUNT_MC_KILLED,COUNT_MC_INJURED,PRIMARY_RAMP,SECONDARY_RAMP,LATITUDE,LONGITUDE,COUNTY,CITY,POINT_X,POINT_Y
92400189,2024,2024-07-01,9645,2024-04-19,200,022988,NA,5,3,7,3711,0,1,3,NA,2,006,SR-94 E/B,INTERSTATE 5,150,E,N,A,-,Y,SD,NA,94,NA,NA,1.457,H,NA,R,N,3,0,2,2,A,-,08,22107,NA,F,B,C,A,A,H,-,C,D,0,NA,NA,NA,NA,Y,NA,-,99,0,2,0,0,0,0,0,0,0,-,-,32.712928771972656,-117.14685821533205,SAN DIEGO,SAN DIEGO,-117.14685821533205,32.712921142578125
92402176,2024,2024-05-30,9680,2024-05-18,1213,021441,NA,6,1,9,3700,0,1,3,NA,1,040,SR-94 (CAMPO RD),OTAY LAKES RD,3696,E,N,A,-,Y,SD,NA,94,NA,NA,25.544,H,NA,R,Y,2,0,1,2,A,-,03,22350,NA,N,C,C,A,A,H,-,A,A,0,NA,NA,Y,NA,Y,NA,C,02,1,0,0,0,0,0,0,0,1,-,-,32.66278839111328,-116.81295776367188,SAN DIEGO,UNINCORPORATED,-116.8129653930664,32.66278839111328
92402188,2024,2024-05-30,9645,2024-05-29,1739,021651,NA,3,2,7,3711,0,1,1,NA,2,015,I-805 S/B,NOBEL DR. O/C,1200,S,N,A,-,Y,SD,NA,805,NA,NA,25.071,H,NA,L,N,4,0,2,2,A,-,03,22350,NA,F,C,C,A,A,H,-,A,D,0,NA,NA,NA,NA,Y,NA,-,99,0,0,2,0,0,0,0,0,0,-,-,32.86507034301758,-117.19081878662108,SAN DIEGO,SAN DIEGO,-117.19068908691406,32.86515808105469
92402597,2024,2024-05-30,9645,2024-05-23,2010,018678,NA,4,2,7,3711,0,1,3,NA,2,023,SR-163 (N/B),AERO DRIVE O/C,1584,N,N,A,-,Y,SD,NA,163,NA,NA,7.497,H,NA,R,Y,3,0,1,1,A,-,08,22107,NA,N,E,I,A,A,H,-,C,A,0,NA,NA,NA,NA,Y,NA,A,07,0,1,0,0,0,0,0,0,0,-,-,32.81507110595703,-117.15036010742188,SAN DIEGO,SAN DIEGO,-117.15022277832033,32.81502151489258
92404180,2024,2024-06-03,9645,2024-05-24,1530,022729,NA,5,2,7,3711,0,1,3,NA,2,022,SR-56 WESTBOUND TO CARMEL VALLEY RD,CARMEL VALLEY ROAD,5,E,N,B,-,Y,NA,NA,NA,NA,NA,NA,NA,NA,NA,N,4,0,1,2,A,-,21,22106,NA,N,D,G,A,A,H,-,A,D,0,NA,Y,NA,NA,Y,NA,A,01,0,0,1,0,0,0,1,0,0,-,-,32.953189849853516,-117.19447326660156,SAN DIEGO,SAN DIEGO,-117.19371795654295,32.95252990722656
92404711,2024,2024-06-03,9680,2024-05-24,1605,021441,NA,5,2,9,3700,0,2,4,NA,1,021,DEHESA RD,CALLE ENCANTO,0,NA,Y,A,-,N,NA,NA,NA,NA,NA,NA,NA,NA,NA,Y,3,0,1,2,A,-,03,22350,NA,N,C,2,A,A,H,-,A,D,0,NA,NA,NA,NA,Y,NA,D,22,0,1,0,0,0,0,0,0,0,-,-,32.78602981567383,-116.91165924072266,SAN DIEGO,UNINCORPORATED,-116.9115982055664,32.78604507446289
92405342,2024,2024-06-04,9650,2024-05-23,1633,022588,NA,4,2,9,3700,0,1,3,NA,2,025,SR-78 E/B,IDAHO AVE,0,NA,Y,A,-,Y,SD,NA,78,NA,NA,19.862,H,NA,R,Y,3,0,2,2,A,-,12,21453,A,N,D,C,A,A,H,-,A,A,0,NA,NA,NA,NA,Y,NA,A,07,0,1,1,0,0,0,0,0,0,-,-,33.11581039428711,-117.05896759033205,SAN DIEGO,UNINCORPORATED,-117.05889892578124,33.11585998535156
92406436,2024,2024-06-05,9650,2024-05-25,1440,022403,NA,6,2,9,3700,0,3,5,NA,2,006,DE LUZ RD,DOS RIOS RD,680,S,N,A,-,N,NA,NA,NA,NA,NA,NA,NA,NA,NA,Y,4,0,1,1,A,-,08,22107,NA,N,E,I,A,A,H,-,A,D,0,NA,NA,NA,NA,Y,NA,-,-,0,0,1,0,0,0,0,0,0,-,-,33.47087860107422,-117.2682876586914,SAN DIEGO,UNINCORPORATED,NA,NA
92406861,2024,2024-06-05,9645,2024-06-01,1255,022243,NA,6,1,7,3711,0,1,1,NA,2,027,I-15 TO I-8,I-8,1150,N,N,A,-,Y,NA,NA,NA,NA,NA,NA,NA,NA,NA,N,4,0,3,2,A,-,03,22350,NA,N,C,C,A,A,H,-,A,D,0,NA,NA,NA,NA,Y,NA,D,22,0,0,3,0,0,0,0,0,0,-,-,32.7818717956543,-117.1140365600586,SAN DIEGO,SAN DIEGO,-117.11386108398438,32.78160858154297
92409307,2024,2024-06-07,9645,2024-04-03,1531,022839,NA,3,2,7,3711,0,1,1,NA,2,001,I-5 S/B,CORONADO AVENUE,1000,S,N,A,-,Y,SD,NA,5,NA,NA,4.437,H,NA,L,N,4,0,2,2,A,-,03,22350,NA,F,C,C,A,A,H,-,A,D,0,NA,NA,NA,NA,Y,NA,-,99,0,0,2,0,0,0,0,0,0,-,-,32.58108139038086,-117.0866470336914,SAN DIEGO,SAN DIEGO,-117.0866470336914,32.58108139038086
92410384,2024,2024-06-10,9645,2024-04-16,128,023653,NA,2,3,7,3711,0,1,1,NA,2,003,I-5 N/B,HAWTHORN STREET,170,S,N,A,-,Y,NA,NA,NA,NA,NA,NA,NA,NA,NA,Y,3,0,2,2,A,-,01,23152,A,F,A,C,A,A,H,-,C,D,0,NA,NA,NA,NA,Y,Y,A,07,0,2,0,0,0,0,0,0,0,-,-,32.726688385009766,-117.16641235351563,SAN DIEGO,SAN DIEGO,-117.16716003417967,32.726749420166016
92410528,2024,2024-06-10,9680,2024-05-29,1839,021764,NA,3,2,9,3700,0,1,3,NA,1,040,SR-94 (CAMPO ROAD),LUCKY SIX TRUCK TRAIL,62,W,N,A,-,Y,SD,NA,94,NA,NA,31.217,H,NA,R,N,4,0,1,1,A,-,08,22107,NA,N,F,A,A,A,H,-,A,D,0,NA,NA,NA,NA,Y,NA,A,01,0,0,1,0,0,0,0,0,0,-,-,32.62405014038086,-116.75447845458984,SAN DIEGO,UNINCORPORATED,-116.75444793701172,32.623985290527344
9241222,2021,2021-04-20,3702,2021-03-07,1340,CV1328,NA,7,5,6,3702,0,0,0,NA,0,014,EAST H ST,HILLTOP,2112,E,N,A,-,N,NA,NA,NA,NA,NA,NA,NA,NA,NA,Y,3,0,1,2,A,-,01,23152,A,M,D,C,A,A,H,-,A,D,0,NA,NA,NA,NA,Y,Y,A,01,0,1,0,0,0,0,0,0,0,-,-,NA,NA,SAN DIEGO,CHULA VISTA,-117.0649871826172,32.6378288269043
92413966,2024,2024-06-13,9680,2024-06-01,352,023298,NA,6,3,9,3700,0,1,3,NA,2,028,SR-125 N/B,JAMACHA RD,130,S,N,A,-,Y,SD,NA,125,NA,NA,10.606,H,NA,R,Y,4,0,1,1,A,-,01,23152,A,N,E,9,A,A,H,-,D,D,0,NA,NA,NA,NA,Y,Y,A,01,0,0,1,0,0,0,0,0,0,-,-,32.714271545410156,-117.01405334472656,SAN DIEGO,UNINCORPORATED,-117.01394653320313,32.714290618896484
92414976,2024,2024-06-14,9680,2024-06-04,1740,021839,NA,2,2,9,3700,0,2,4,NA,1,010,WOODSIDE AVE,CHANNEL RD,168,E,N,A,-,N,NA,NA,NA,NA,NA,NA,NA,NA,NA,N,3,0,1,2,A,-,09,21801,A,N,D,C,A,A,H,-,A,D,0,NA,NA,NA,NA,Y,NA,D,22,0,1,0,0,0,0,0,0,0,-,-,32.85694885253906,-116.92481994628906,SAN DIEGO,UNINCORPORATED,-116.92488098144533,32.85689163208008
92418837,2024,2024-06-19,9680,2024-06-07,2300,023298,NA,5,3,9,3700,0,3,5,NA,2,002,HILTON HEAD ROAD,WOODRUN PL,0,NA,Y,A,-,N,NA,NA,NA,NA,NA,NA,NA,NA,NA,N,3,0,1,2,A,-,09,21801,A,N,D,G,A,A,H,-,C,D,0,NA,Y,NA,NA,Y,NA,A,07,0,1,0,0,0,0,1,0,0,-,-,32.74919891357422,-116.92394256591795,SAN DIEGO,UNINCORPORATED,-116.92395782470705,32.749183654785156
92419514,2024,2024-06-20,9645,2024-06-13,100,021494,NA,4,3,7,3711,0,1,1,NA,2,010,I-8 E/B TO I-5 S/B,I-8 EASTBOUND,310,S,N,A,-,Y,SD,NA,5,NA,R,20.014,H,NA,L,Y,3,0,1,1,A,-,01,23152,A,N,E,I,A,A,H,-,C,D,0,NA,NA,NA,NA,Y,Y,A,01,0,1,0,0,0,0,0,0,0,-,-,32.758209228515625,-117.2041015625,SAN DIEGO,SAN DIEGO,-117.20379638671876,32.75826644897461
92420486,2024,2024-08-14,9650,2024-06-15,955,021992,NA,6,1,9,3700,0,3,5,NA,2,170,S. SANTA FE AVE,ROBELINI DR.,200,W,N,A,-,N,NA,NA,NA,NA,NA,NA,NA,NA,NA,Y,4,0,1,2,A,-,09,21801,A,N,D,2,A,A,H,-,A,D,0,NA,NA,NA,NA,Y,NA,D,22,0,0,1,0,0,0,0,0,0,-,-,33.174129486083984,-117.2100830078125,SAN DIEGO,UNINCORPORATED,-117.20994567871094,33.17409133911133
92422287,2024,2024-06-24,9680,2024-06-12,1720,022030,NA,3,2,5,3708,0,1,1,NA,2,081,I-8 W/B,SEVERIN DR,20,E,N,A,-,Y,SD,NA,8,NA,NA,12.661,H,NA,L,N,4,0,1,3,A,-,03,22350,NA,F,C,C,A,A,H,-,A,D,0,NA,NA,NA,NA,Y,NA,A,01,0,0,1,0,0,0,0,0,0,-,-,32.77947998046875,-116.99700164794922,SAN DIEGO,LA MESA,-116.99700164794922,32.77942657470703
92425891,2024,2024-06-28,9650,2024-06-19,1800,020254,NA,3,2,9,3700,0,3,5,NA,2,006,IVY ST.,N. VINE ST.,0,NA,Y,A,-,N,NA,NA,NA,NA,NA,NA,NA,NA,NA,Y,4,0,1,2,A,-,09,21802,A,N,D,C,A,A,H,-,A,A,0,NA,NA,NA,NA,Y,NA,A,01,0,0,1,0,0,0,0,0,0,-,-,33.3836784362793,-117.25025939941406,SAN DIEGO,UNINCORPORATED,-117.25025177001952,33.38370132446289
92426327,2024,2024-06-28,9650,2024-06-24,1530,019979,NA,1,2,5,3712,0,1,3,NA,2,019,SR-78 EASTBOUND,SAN MARCOS BLVD,900,E,N,A,-,Y,SD,NA,78,NA,NA,12.237,H,NA,R,N,4,0,1,2,A,-,03,22350,NA,N,C,C,A,A,H,-,A,D,0,NA,NA,NA,NA,Y,NA,A,01,0,0,1,0,0,0,0,0,0,-,-,33.13740158081055,-117.1753387451172,SAN DIEGO,SAN MARCOS,-117.17535400390624,33.137367248535156
92428297,2024,2024-07-02,9650,2024-06-25,2025,020747,NA,2,2,9,3700,0,3,5,NA,2,231,BEAR VALLEY PKY,CHOYA CANYON RD,246,E,N,A,-,N,NA,NA,NA,NA,NA,NA,NA,NA,NA,Y,3,0,2,3,A,-,03,22350,NA,N,C,C,A,A,D,-,D,A,0,NA,NA,Y,NA,Y,NA,C,02,0,1,1,0,0,0,0,0,1,-,-,33.10329818725586,-117.05480194091795,SAN DIEGO,UNINCORPORATED,-117.05459594726563,33.102603912353516
92428981,2024,2024-07-02,9645,2024-06-18,1650,022193,NA,2,2,7,3711,0,1,1,NA,2,010,I-8 W/B,I-805,1056,E,N,A,-,Y,SD,NA,8,NA,NA,4.773,H,NA,L,N,4,0,1,2,A,-,08,22107,NA,M,B,C,A,A,H,-,A,D,0,NA,NA,NA,NA,Y,NA,A,01,0,0,1,0,0,0,0,0,0,-,-,32.77437973022461,-117.12592315673828,SAN DIEGO,SAN DIEGO,-117.12590789794922,32.77436828613281
92428986,2024,2024-07-02,9645,2024-06-16,1735,023088,NA,7,2,7,3711,0,1,3,NA,2,023,STATE ROUTE 163 S/B TO INTERSTATE 8 E/B,INTERSTATE 8,340,S,N,A,-,Y,NA,NA,NA,NA,NA,NA,NA,NA,NA,Y,4,0,1,1,A,-,03,22350,NA,N,E,I,A,A,H,-,A,D,0,NA,NA,NA,NA,Y,NA,A,07,0,0,1,0,0,0,0,0,0,-,-,32.76116943359375,-117.16367340087892,SAN DIEGO,SAN DIEGO,-117.13919067382813,32.83492660522461
92429952,2024,2024-07-03,9650,2024-07-02,1735,021463,NA,2,2,9,3700,0,3,5,NA,2,150,HUTHINSON ST,OSBORNE ST,0,NA,Y,A,-,N,NA,NA,NA,NA,NA,NA,NA,NA,NA,N,4,0,2,2,A,-,12,22450,A,N,D,C,A,A,H,-,A,A,0,NA,NA,NA,NA,Y,NA,D,22,0,0,2,0,0,0,0,0,0,-,-,33.23786926269531,-117.2412567138672,SAN DIEGO,UNINCORPORATED,NA,NA
9243014,2021,2021-04-17,3711,2021-03-31,1709,SD7180,NA,3,5,7,3711,0,0,0,NA,0,627,PARK BL,UPAS ST,0,NA,Y,A,-,N,NA,NA,NA,NA,NA,NA,NA,NA,NA,N,4,0,1,2,A,-,09,21801,A,N,G,B,B,A,H,-,B,A,0,Y,NA,NA,NA,Y,NA,A,01,0,0,1,0,1,0,0,0,0,-,-,NA,NA,SAN DIEGO,SAN DIEGO,-117.14752197265624,32.74113464355469
9243208,2021,2021-05-04,3711,2021-04-20,2157,SD7720,NA,2,5,7,3711,0,0,0,NA,0,713,ARIWAY RD,AIRWAY RD 7500,0,NA,Y,A,-,N,NA,NA,NA,NA,NA,NA,NA,NA,NA,N,4,0,1,1,A,-,03,22350,NA,N,A,J,A,A,B,H,D,D,0,NA,NA,Y,NA,Y,NA,C,02,0,0,1,0,0,0,0,0,1,-,-,NA,NA,SAN DIEGO,SAN DIEGO,-116.93431091308594,32.560237884521484
92433921,2024,2024-07-09,9650,2024-07-03,1300,019270,NA,3,1,6,3706,0,1,1,NA,2,021,I-15 S/B,9TH AVE,3168,S,N,A,-,Y,SD,NA,15,NA,R,29.392,H,NA,L,N,4,0,1,2,A,-,03,22350,NA,N,C,C,A,A,H,-,A,D,0,NA,NA,NA,NA,Y,NA,-,-,0,0,1,0,0,0,0,0,0,-,-,33.09904861450195,-117.08950042724608,SAN DIEGO,ESCONDIDO,-117.0893783569336,33.099117279052734
92434139,2024,2024-07-09,9645,2024-06-27,1600,021359,NA,4,2,7,3711,0,1,1,NA,2,005,I-5 S/B,OLD TOWN AVE,1322,S,N,A,-,Y,SD,NA,5,NA,R,18.78,H,NA,L,Y,3,0,3,5,A,-,03,22350,NA,N,C,C,A,A,H,-,A,D,0,NA,NA,NA,NA,Y,NA,A,07,0,1,2,0,0,0,0,0,0,-,-,32.7457389831543,-117.18959045410156,SAN DIEGO,SAN DIEGO,-117.18960571289063,32.7457160949707
92434164,2024,2024-07-09,9645,2024-06-27,1720,022193,NA,4,2,7,3711,0,1,1,NA,2,011,I-805 S/B,UNIVERSITY AVE,300,S,N,A,-,Y,SD,NA,805,NA,NA,15.907,H,NA,L,N,4,0,1,3,A,-,03,22350,NA,N,C,C,A,A,H,-,A,D,0,NA,NA,NA,NA,Y,NA,A,01,0,0,1,0,0,0,0,0,0,-,-,32.74816131591797,-117.12220001220705,SAN DIEGO,SAN DIEGO,-117.12225341796876,32.748130798339844
92434841,2024,2024-07-10,9650,2024-07-03,1145,017392,NA,3,1,5,3782,0,1,1,NA,2,007,I-5 S/B,SANTA FE DR,1584,N,N,A,-,Y,SD,NA,5,NA,R,40.898,H,NA,L,N,4,0,2,3,A,-,03,22350,NA,N,C,C,A,A,H,-,A,D,0,NA,NA,NA,NA,Y,NA,A,07,0,0,2,0,0,0,0,0,0,-,-,33.03984832763672,-117.28401184082033,SAN DIEGO,ENCINITAS,-117.28403472900392,33.03983688354492
92437833,2024,2024-07-12,9645,2024-07-03,625,019712,NA,3,1,7,3711,0,1,1,NA,2,007,INTERSTATE 5 N/B,CARMEL VALLEY ROAD,839,S,N,B,-,Y,NA,NA,NA,NA,NA,NA,NA,NA,NA,N,3,0,1,1,A,-,08,22107,NA,N,E,I,A,A,H,-,A,D,0,NA,NA,NA,NA,Y,NA,A,01,0,1,0,0,0,0,0,0,0,-,-,32.92509841918945,-117.23090362548828,SAN DIEGO,SAN DIEGO,-117.24072265625,32.93018341064453
92438892,2024,2024-07-15,9650,2024-07-05,1235,021992,NA,5,1,5,3701,0,1,1,NA,2,005,I-5 N/B,TAMARACK AVE,2112,N,N,A,-,Y,SD,NA,5,NA,R,49.707,H,NA,R,Y,3,0,2,2,A,-,03,22350,NA,N,C,C,A,A,H,-,A,D,0,NA,NA,NA,NA,Y,NA,A,01,0,1,1,0,0,0,0,0,0,-,-,33.157840728759766,-117.3394012451172,SAN DIEGO,CARLSBAD,-117.33936309814452,33.15785217285156
92440614,2024,2024-07-16,9650,2024-01-13,420,022480,NA,6,3,9,3700,0,1,1,NA,2,022,INTERSTATE 15 NORTHBOUND,OLD HIGHWAY 395 'MISSION ROAD FALLBROOK',100,S,N,A,-,Y,SD,NA,15,NA,R,50.559,H,NA,R,Y,1,1,1,2,A,-,03,22350,NA,N,C,C,A,A,H,-,D,D,0,NA,NA,NA,Y,Y,NA,-,-,0,1,0,0,0,0,0,0,0,-,-,33.386810302734375,-117.17442321777344,SAN DIEGO,UNINCORPORATED,-117.17449188232422,33.386810302734375
92441608,2024,2024-08-05,9645,2024-07-10,1225,017678,NA,3,1,7,3711,0,1,3,NA,2,023,SR-163 S/B,UNIVERSITY AVENUE,200,S,N,A,-,Y,SD,NA,163,NA,NA,2.567,H,NA,L,Y,4,0,1,3,A,-,07,21658,A,N,B,C,A,A,H,-,A,D,0,NA,NA,Y,NA,Y,NA,A,01,0,0,1,0,0,0,0,0,1,-,-,32.747840881347656,-117.15619659423828,SAN DIEGO,SAN DIEGO,-117.15621185302734,32.74784469604492
92442399,2024,2024-07-18,9645,2024-07-05,535,023641,NA,5,3,7,3711,0,1,1,NA,2,003,I-5 N/B,HAWTHORN STREET,170,N,N,A,-,Y,SD,NA,5,NA,R,16.951,H,NA,R,N,3,0,1,2,A,-,07,21658,A,N,B,C,A,A,H,-,A,D,0,NA,NA,Y,NA,Y,NA,A,07,0,1,0,0,0,0,0,0,1,-,-,32.72740173339844,-117.16780090332033,SAN DIEGO,SAN DIEGO,-117.16775512695313,32.72743225097656
92442478,2024,2024-07-18,9680,2024-07-08,1435,018322,NA,1,2,4,3720,0,1,3,NA,2,027,SR-125 N/B,SPRING STREET,10,S,N,A,-,Y,SD,NA,125,NA,NA,13.495,H,NA,R,N,4,0,1,2,A,-,08,22107,NA,N,B,C,A,A,H,-,A,A,0,NA,NA,NA,NA,Y,NA,A,07,0,0,1,0,0,0,0,0,0,-,-,32.75313186645508,-117.01168823242188,SAN DIEGO,LEMON GROVE,-117.01168823242188,32.75313186645508
92442498,2024,2024-07-18,9680,2024-07-07,1435,020682,NA,7,2,9,3700,0,2,4,NA,1,013,WILDCAT CANYON ROAD,MUTH VALLEY ROAD,4752,S,N,A,-,N,NA,NA,NA,NA,NA,NA,NA,NA,NA,N,3,0,1,1,A,-,08,22107,NA,N,E,I,A,A,H,-,A,D,0,NA,NA,NA,NA,Y,NA,A,01,0,1,0,0,0,0,0,0,0,-,-,32.887020111083984,-116.89378356933594,SAN DIEGO,UNINCORPORATED,-116.89334869384766,32.88740539550781
9244926,2021,2021-04-01,3700,2021-01-30,1828,SH0375,NA,6,5,4,3720,0,0,0,NA,0,605,MASSACHUSETTS AV,SAN MIGUEL AV,0,NA,Y,A,-,N,NA,NA,NA,NA,NA,NA,NA,NA,NA,N,3,0,2,3,A,-,01,23153,A,N,C,C,A,A,-,-,C,A,0,NA,NA,NA,NA,Y,Y,-,NA,0,1,1,0,0,0,0,0,0,-,-,NA,NA,SAN DIEGO,LEMON GROVE,-117.04297637939452,32.735233306884766
9245585,2021,2021-04-07,3711,2021-03-16,2158,SD7956,NA,2,5,7,3711,0,0,0,NA,0,723,BEYER BL,IRIS AV,0,NA,Y,A,-,Y,SD,11,905,-,-,3.994,R,4,W,N,4,0,1,2,A,-,03,22350,NA,M,C,C,A,A,H,-,C,A,0,NA,NA,NA,NA,Y,NA,A,01,0,0,1,0,0,0,0,0,0,-,-,NA,NA,SAN DIEGO,SAN DIEGO,-117.06043243408205,32.568504333496094
9246320,2021,2021-04-19,3711,2021-03-22,2023,SD7177,NA,1,5,7,3711,0,0,0,NA,0,313,KEARNEY VILLA RD,SPECTRUM CENTER BL,0,NA,Y,A,-,N,NA,NA,NA,NA,NA,NA,NA,NA,NA,Y,4,0,1,2,A,-,08,22107,NA,N,C,C,A,A,H,-,C,A,0,NA,NA,NA,NA,Y,Y,A,01,0,0,1,0,0,0,0,0,0,-,-,NA,NA,SAN DIEGO,SAN DIEGO,-117.14305114746094,32.82733917236328
9246574,2021,2021-04-10,3700,2021-02-14,1509,SH3284,NA,7,5,2,3704,0,0,0,NA,0,294,CAMINO DEL MAR,11TH ST,49,N,N,A,-,N,NA,NA,NA,NA,NA,NA,NA,NA,NA,N,3,0,1,2,A,-,08,22107,NA,N,B,G,A,A,H,-,A,D,0,NA,Y,NA,NA,Y,NA,A,01,0,1,0,0,0,0,1,0,0,-,-,NA,NA,SAN DIEGO,DEL MAR,-117.26384735107422,32.955509185791016
9246613,2021,2021-04-12,3711,2021-03-14,1810,SD1364,NA,7,5,7,3711,0,0,0,NA,0,115,MAHALIA,REGENTS RD,0,NA,Y,A,-,N,NA,NA,NA,NA,NA,NA,NA,NA,NA,N,4,0,1,2,A,-,08,22107,NA,N,D,G,A,A,H,-,A,A,0,NA,Y,NA,NA,Y,NA,A,01,0,0,1,0,0,0,1,0,0,-,-,NA,NA,SAN DIEGO,SAN DIEGO,-117.21839904785156,32.86962127685547
9246626,2021,2021-04-16,3711,2021-03-20,1435,SD7269,NA,6,5,7,3711,0,0,0,NA,0,446,LOGAN AV,SOUTH EUCLID AV,33,W,N,A,-,N,NA,NA,NA,NA,NA,NA,NA,NA,NA,Y,3,0,1,2,A,-,08,38314,NA,M,A,C,A,A,H,-,A,A,0,NA,NA,Y,NA,Y,NA,-,99,0,1,0,0,0,0,0,0,1,-,-,NA,NA,SAN DIEGO,SAN DIEGO,-117.08522033691406,32.696720123291016
9246639,2021,2021-04-19,3711,2021-03-13,1724,SD7955,NA,6,5,7,3711,0,0,0,NA,0,624,MEADE AV,MISSISSIPPI ST,0,NA,Y,A,-,N,NA,NA,NA,NA,NA,NA,NA,NA,NA,N,3,0,1,1,D,-,00,NA,NA,N,H,A,A,A,H,-,A,D,0,NA,NA,NA,NA,Y,Y,-,-,0,1,0,0,0,0,0,0,0,-,-,NA,NA,SAN DIEGO,SAN DIEGO,-117.1413345336914,32.75722885131836
9246732,2021,2021-04-13,3700,2021-02-24,1002,SH3871,NA,3,5,5,3782,0,0,0,NA,0,206,LEUCADIA BL,GARDEN VIEW RD,0,NA,Y,A,-,N,NA,NA,NA,NA,NA,NA,NA,NA,NA,Y,4,0,1,2,A,-,09,21453,C,N,A,C,A,A,H,-,A,A,0,NA,NA,NA,Y,Y,NA,A,01,0,0,1,0,0,0,0,0,0,-,-,NA,NA,SAN DIEGO,ENCINITAS,-117.26765441894533,33.068511962890625
9246766,2021,2021-04-06,3711,2021-03-19,2040,SD8377,NA,5,5,7,3711,0,0,0,NA,0,525,BROADWAY,3RD AV,3,E,N,A,-,N,NA,NA,NA,NA,NA,NA,NA,NA,NA,N,3,0,2,3,A,-,10,21950,A,N,G,B,B,A,H,-,C,A,0,Y,NA,NA,NA,Y,NA,D,22,0,1,1,0,2,0,0,0,0,-,-,NA,NA,SAN DIEGO,SAN DIEGO,-117.1619873046875,32.71567916870117
9247348,2021,2021-04-13,3700,2021-01-29,2309,SH6005,NA,5,5,5,3782,0,0,0,NA,0,221,K ST,3RD ST,0,NA,Y,A,-,N,NA,NA,NA,NA,NA,NA,NA,NA,NA,Y,4,0,1,1,A,-,01,23152,A,N,F,I,A,A,H,-,C,D,0,NA,NA,Y,NA,Y,Y,C,02,0,0,1,0,0,0,0,0,1,-,-,NA,NA,SAN DIEGO,ENCINITAS,-117.294189453125,33.03667068481445
9248526,2021,2021-04-21,3711,2021-03-27,1207,SD7987,NA,6,5,7,3711,0,0,0,NA,0,813,30TH ST,30TH ST 2800,0,NA,-,A,-,N,NA,NA,NA,NA,NA,NA,NA,NA,NA,N,3,0,1,1,A,-,17,21205,NA,N,G,A,A,A,H,-,A,D,0,NA,Y,NA,NA,Y,NA,L,04,0,1,0,0,0,0,1,0,0,-,-,NA,NA,SAN DIEGO,SAN DIEGO,-117.12953948974608,32.70530700683594
9248547,2021,2021-05-11,3700,2021-02-03,1435,SH2581,NA,3,5,5,3782,0,0,0,NA,0,210,N COAST HWY 101,JUPITER ST,0,NA,Y,B,-,N,NA,NA,NA,NA,NA,NA,NA,NA,NA,N,3,0,1,2,A,-,09,21801,A,N,D,G,A,A,H,-,A,D,0,NA,Y,NA,NA,Y,NA,A,01,0,1,0,0,0,0,1,0,0,-,-,NA,NA,SAN DIEGO,ENCINITAS,-117.30487,33.07203
9248658,2021,2021-04-13,3700,2021-02-26,1840,SH0313,NA,5,5,5,3782,0,0,0,NA,0,222,LAKE DR,SANTA FE DR,37,S,N,A,-,N,NA,NA,NA,NA,NA,NA,NA,NA,NA,Y,3,0,2,2,A,-,03,22350,NA,F,C,C,A,A,H,-,C,A,0,NA,NA,NA,NA,Y,NA,A,01,0,1,1,0,0,0,0,0,0,-,-,NA,NA,SAN DIEGO,ENCINITAS,-117.26634979248048,33.036128997802734