CASE_ID,ACCIDENT_YEAR,PROC_DATE,JURIS,COLLISION_DATE,COLLISION_TIME,OFFICER_ID,REPORTING_DISTRICT,DAY_OF_WEEK,CHP_SHIFT,POPULATION,CNTY_CITY_LOC,SPECIAL_COND,BEAT_TYPE,CHP_BEAT_TYPE,CITY_DIVISION_LAPD,CHP_BEAT_CLASS,BEAT_NUMBER,PRIMARY_RD,SECONDARY_RD,DISTANCE,DIRECTION,INTERSECTION,WEATHER_1,WEATHER_2,STATE_HWY_IND,CALTRANS_COUNTY,CALTRANS_DISTRICT,STATE_ROUTE,ROUTE_SUFFIX,POSTMILE_PREFIX,POSTMILE,LOCATION_TYPE,RAMP_INTERSECTION,SIDE_OF_HWY,TOW_AWAY,COLLISION_SEVERITY,NUMBER_KILLED,NUMBER_INJURED,PARTY_COUNT,PRIMARY_COLL_FACTOR,PCF_CODE_OF_VIOL,PCF_VIOL_CATEGORY,PCF_VIOLATION,PCF_VIOL_SUBSECTION,HIT_AND_RUN,TYPE_OF_COLLISION,MVIW,PED_ACTION,ROAD_SURFACE,ROAD_COND_1,ROAD_COND_2,LIGHTING,CONTROL_DEVICE,CHP_ROAD_TYPE,PEDESTRIAN_ACCIDENT,BICYCLE_ACCIDENT,MOTORCYCLE_ACCIDENT,TRUCK_ACCIDENT,NOT_PRIVATE_PROPERTY,ALCOHOL_INVOLVED,STWD_VEHTYPE_AT_FAULT,CHP_VEHTYPE_AT_FAULT,COUNT_SEVERE_INJ,COUNT_VISIBLE_INJ,COUNT_COMPLAINT_PAIN,COUNT_PED_KILLED,COUNT_PED_INJURED,COUNT_BICYCLIST_KILLED,COUNT_BICYCLIST_INJURED,COUNT_MC_KILLED,COUNT_MC_INJURED,PRIMARY_RAMP,SECONDARY_RAMP,LATITUDE,LONGITUDE,COUNTY,CITY,POINT_X,POINT_Y
9504135,2022,2022-10-26,3711,2022-10-02,0615,SD6969,NA,7,5,7,3711,0,0,0,NA,0,447,EUCLID AV,FEDERAL BL,181,N,N,B,-,N,NA,NA,NA,NA,NA,NA,NA,NA,NA,N,1,1,0,2,A,-,11,21954,A,N,G,B,D,A,H,-,C,D,0,Y,NA,NA,NA,Y,NA,N,60,0,0,0,1,0,0,0,0,0,-,-,NA,NA,SAN DIEGO,SAN DIEGO,-117.0849380493164,32.72191619873047
95041547,2025,2026-02-03,9680,2025-09-18,20,022653,NA,4,3,9,3700,0,3,5,NA,2,002,HILLSDALE RD,VISTA GRANDE RD,615,E,N,B,C,N,NA,NA,NA,NA,NA,NA,NA,NA,NA,Y,3,0,1,1,A,-,01,23152,A,N,E,8,A,B,H,-,D,D,0,NA,NA,NA,NA,Y,Y,A,01,0,1,0,0,0,0,0,0,0,-,-,32.76224899291992,-116.91290283203124,SAN DIEGO,UNINCORPORATED,-116.91299438476563,32.76216125488281
9504470,2022,2022-10-25,3711,2022-09-21,2030,SD1628,NA,3,5,7,3711,0,0,0,NA,0,614,LAMONT ST,REED AV,0,NA,Y,A,-,N,NA,NA,NA,NA,NA,NA,NA,NA,NA,N,4,0,1,2,D,-,00,NA,NA,N,D,G,A,A,H,-,D,A,0,NA,Y,NA,NA,Y,Y,-,-,0,0,1,0,0,0,1,0,0,-,-,NA,NA,SAN DIEGO,SAN DIEGO,-117.23414611816406,32.79716110229492
9504578,2022,2022-10-21,3705,2022-09-12,1544,EC0423,NA,1,5,5,3705,0,0,0,NA,0,004,E LEXINGTON AV,AVOCADO AV,0,NA,Y,A,-,N,NA,NA,NA,NA,NA,NA,NA,NA,NA,Y,2,0,2,2,A,-,12,21453,A,N,D,C,A,A,H,-,A,A,0,NA,NA,NA,NA,Y,NA,A,01,1,0,1,0,0,0,0,0,0,-,-,NA,NA,SAN DIEGO,EL CAJON,-116.95761871337892,32.79270553588867
95054129,2025,2026-02-12,9680,2025-12-30,2050,023332,NA,2,2,9,3700,0,2,4,NA,1,021,DEHESA RD,CALLE ENCANTO,80,E,N,A,-,N,NA,NA,NA,NA,NA,NA,NA,NA,NA,Y,4,0,1,2,A,-,03,22350,NA,N,C,C,A,A,H,-,D,D,0,NA,NA,NA,NA,Y,NA,A,07,0,0,1,0,0,0,0,0,0,-,-,32.786109924316406,-116.91133880615234,SAN DIEGO,UNINCORPORATED,-116.91133880615234,32.786075592041016
9506824,2022,2022-10-14,3711,2022-09-05,1455,SD5985,NA,1,5,7,3711,0,0,0,NA,0,446,IMPERIAL AV,50TH ST,0,NA,Y,A,-,N,NA,NA,NA,NA,NA,NA,NA,NA,NA,Y,2,0,3,2,A,-,09,21804,A,N,D,C,A,A,H,-,A,D,0,NA,NA,Y,NA,Y,NA,A,01,1,1,1,0,0,0,0,0,1,-,-,NA,NA,SAN DIEGO,SAN DIEGO,-117.08676147460938,32.7040901184082
9507783,2022,2022-11-02,3709,2022-09-21,1109,NC0537,NA,3,5,5,3709,0,0,0,NA,0,023,SWEETWATER RD,PROSPECT STREET,0,NA,Y,A,-,N,NA,NA,NA,NA,NA,NA,NA,NA,NA,N,4,0,1,2,A,-,06,21755,A,N,D,C,A,A,H,-,A,D,0,NA,NA,NA,NA,Y,NA,M,93,0,0,1,0,0,0,0,0,0,-,-,NA,NA,SAN DIEGO,NATIONAL CITY,-117.08052825927734,32.66154098510742
9508328,2022,2022-10-31,3711,2022-10-20,1549,SD1512,NA,4,5,7,3711,0,0,0,NA,0,614,WEST POINT LOMA BL,LARKSPUR ST,0,NA,N,A,-,N,NA,NA,NA,NA,NA,NA,NA,NA,NA,Y,4,0,1,2,A,-,08,22107,NA,N,D,C,A,A,H,-,A,D,0,NA,NA,NA,NA,Y,NA,A,01,0,0,1,0,0,0,0,0,0,-,-,NA,NA,SAN DIEGO,SAN DIEGO,-117.23966217041016,32.750614166259766
9508330,2022,2022-10-31,3711,2022-10-19,2031,SD1693,NA,3,5,7,3711,0,0,0,NA,0,821,70TH ST,EL CAJON BL,0,NA,Y,A,B,N,NA,NA,NA,NA,NA,NA,NA,NA,NA,N,4,0,1,2,C,-,18,NA,NA,N,G,B,D,A,H,-,D,D,0,Y,NA,NA,NA,Y,NA,-,-,0,0,1,0,1,0,0,0,0,-,-,NA,NA,SAN DIEGO,SAN DIEGO,-117.04710388183594,32.76870346069336
9508341,2022,2022-10-27,3711,2022-10-18,1917,SD1682,NA,2,5,7,3711,0,0,0,NA,0,627,WASHINGTON ST,EAGLE ST,0,NA,Y,A,-,N,NA,NA,NA,NA,NA,NA,NA,NA,NA,N,3,0,1,2,A,-,11,21955,NA,N,G,B,E,A,H,-,C,A,0,Y,NA,NA,NA,Y,NA,N,60,0,1,0,0,1,0,0,0,0,-,-,NA,NA,SAN DIEGO,SAN DIEGO,-117.16957092285156,32.74980163574219
9508534,2022,2022-11-07,3709,2022-10-14,1612,NC0498,NA,5,5,5,3709,0,0,0,NA,0,024,HIGHLAND AV,30TH ST,180,N,N,A,-,N,NA,NA,NA,NA,NA,NA,NA,NA,NA,Y,3,0,1,2,A,-,09,21804,A,N,D,C,A,A,H,-,A,D,0,NA,NA,NA,NA,Y,NA,A,01,0,1,0,0,0,0,0,0,0,-,-,NA,NA,SAN DIEGO,NATIONAL CITY,-117.0915069580078,32.659629821777344
9508724,2022,2022-11-22,3702,2022-09-09,1635,CV1447,NA,5,5,6,3702,0,0,0,NA,0,024,3RD AV,ORANGE AV,0,NA,Y,B,-,N,NA,NA,NA,NA,NA,NA,NA,NA,NA,N,4,0,1,2,A,-,12,21453,A,N,D,C,A,B,H,-,A,A,0,NA,NA,NA,NA,Y,NA,A,01,0,0,1,0,0,0,0,0,0,-,-,NA,NA,SAN DIEGO,CHULA VISTA,-117.0644989013672,32.60181427001953
9508761,2022,2022-11-09,3700,2022-09-07,0705,SH0459,NA,3,5,4,3780,0,0,0,NA,0,416,STOWE DR,MCIVERS CT,0,NA,Y,A,-,N,NA,NA,NA,NA,NA,NA,NA,NA,NA,Y,4,0,1,2,A,-,09,21801,A,N,B,C,A,A,H,-,A,D,0,NA,NA,NA,NA,Y,NA,D,22,0,0,1,0,0,0,0,0,0,-,-,NA,NA,SAN DIEGO,POWAY,-117.0430145263672,32.94236755371094
9508805,2022,2022-11-29,3700,2022-10-09,2000,SH3183,NA,7,5,5,3713,0,0,0,NA,0,305,NORTH SANTA FE AV,TOWNSITE DR,200,S,N,A,-,N,NA,NA,NA,NA,NA,NA,NA,NA,NA,Y,4,0,1,2,A,-,01,23152,A,N,C,C,A,A,H,-,C,A,0,NA,NA,NA,NA,Y,Y,D,22,0,0,1,0,0,0,0,0,0,-,-,NA,NA,SAN DIEGO,VISTA,-117.24486541748048,33.21084213256836
9509888,2022,2022-12-07,3700,2022-10-20,1646,SH0462,NA,4,5,5,3782,0,0,0,NA,0,206,NORTH EL CAMINO REAL,LEUCADIA BL,252,S,N,A,-,N,NA,NA,NA,NA,NA,NA,NA,NA,NA,Y,3,0,4,3,A,-,03,22350,NA,N,C,C,A,A,H,-,A,D,0,NA,NA,NA,NA,Y,NA,A,01,0,2,2,0,0,0,0,0,0,-,-,NA,NA,SAN DIEGO,ENCINITAS,-117.26239776611328,33.06698989868164
9510116,2022,2022-12-08,3700,2022-10-24,1410,SH3684,NA,1,5,5,3713,0,0,0,NA,0,308,NORTH MELROSE DR,COPPER DR,44,N,N,A,-,N,NA,NA,NA,NA,NA,NA,NA,NA,NA,N,4,0,1,2,-,-,-,NA,NA,N,C,C,A,A,H,-,A,A,0,NA,NA,NA,NA,Y,NA,A,01,0,0,1,0,0,0,0,0,0,-,-,NA,NA,SAN DIEGO,VISTA,-117.25576019287108,33.1993408203125
9511238,2022,2023-01-31,3710,2022-12-21,1527,OC1537,NA,3,5,6,3710,0,0,0,NA,0,018,NORTH RIVER RD,COLLEGE BL,5,W,N,A,-,N,NA,NA,NA,NA,NA,NA,NA,NA,NA,N,3,0,1,2,A,-,10,21950,A,N,G,B,B,A,H,-,A,A,0,Y,NA,NA,NA,Y,NA,A,01,0,1,0,0,1,0,0,0,0,-,-,NA,NA,SAN DIEGO,OCEANSIDE,-117.30028533935548,33.250816345214844
9512072,2022,2022-10-26,3705,2022-08-22,0640,EC0410,NA,1,5,5,3705,0,0,0,NA,0,002,ORO ST,FLAMINGO AV,0,NA,Y,A,-,N,NA,NA,NA,NA,NA,NA,NA,NA,NA,N,2,0,1,2,A,-,09,21803,A,F,G,G,A,A,H,-,B,A,0,NA,Y,NA,NA,Y,Y,L,04,1,0,0,0,0,0,1,0,0,-,-,NA,NA,SAN DIEGO,EL CAJON,-116.94017028808594,32.814395904541016
9512100,2022,2022-10-26,3705,2022-09-27,0739,EC0344,NA,2,5,5,3705,0,0,0,NA,0,003,LINCOLN,CAMDEN,50,S,N,A,-,N,NA,NA,NA,NA,NA,NA,NA,NA,NA,Y,4,0,1,2,A,-,09,21804,A,N,D,C,A,A,H,-,A,D,0,NA,NA,NA,NA,Y,NA,A,07,0,0,1,0,0,0,0,0,0,-,-,NA,NA,SAN DIEGO,EL CAJON,-116.95366668701172,32.79008483886719
9512709,2022,2022-10-27,3700,2022-09-01,1003,SH7085,NA,4,5,5,3713,0,0,0,NA,0,307,EAST VISTA WY,TOWNSITE DR,0,NA,Y,A,-,N,NA,NA,NA,NA,NA,NA,NA,NA,NA,Y,3,0,2,2,A,-,08,22107,NA,N,E,I,A,A,H,-,A,A,0,NA,NA,NA,NA,Y,NA,A,01,0,1,1,0,0,0,0,0,0,-,-,NA,NA,SAN DIEGO,VISTA,-117.23509979248048,33.209495544433594
9512927,2022,2022-11-14,3711,2022-10-24,1543,SD8695,NA,1,5,7,3711,0,0,0,NA,0,122,FELSPAR ST,GRESHAM ST,0,NA,-,A,-,N,NA,NA,NA,NA,NA,NA,NA,NA,NA,N,3,0,2,2,A,-,12,22450,A,N,A,G,A,A,H,-,A,A,0,NA,Y,NA,NA,Y,NA,L,04,0,2,0,0,0,0,2,0,0,-,-,NA,NA,SAN DIEGO,SAN DIEGO,-117.24478912353516,32.799869537353516
9514364,2024,2024-03-30,3711,2024-01-13,930,SD1656,NA,6,5,7,3711,0,0,0,NA,0,822,COLLWOOD BL,COLLWOOD BL 5000,0,NA,N,-,-,N,NA,NA,NA,NA,NA,NA,NA,NA,NA,N,4,0,1,2,D,-,00,NA,NA,N,C,C,A,-,-,-,-,-,0,NA,NA,NA,NA,Y,NA,-,-,0,0,1,0,0,0,0,0,0,-,-,NA,NA,SAN DIEGO,SAN DIEGO,-117.083740234375,32.766578674316406
9515060,2024,2024-03-11,3711,2024-01-12,919,SD7299,NA,5,5,7,3711,0,0,0,NA,0,242,CAMINO RUIZ,FLANDERS DR,0,NA,Y,A,-,N,NA,NA,NA,NA,NA,NA,NA,NA,NA,N,3,0,1,2,A,-,17,21451,A,N,A,G,A,A,H,-,A,A,0,NA,Y,NA,NA,Y,NA,A,01,0,1,0,0,0,0,1,0,0,-,-,NA,NA,SAN DIEGO,SAN DIEGO,-117.14589691162108,32.90680694580078
9515767,2022,2022-12-16,3711,2022-11-21,1905,SD1705,NA,1,5,7,3711,0,0,0,NA,0,232,CARMEL MOUNTAIN,STONEY PEAK DR,0,NA,Y,A,-,N,NA,NA,NA,NA,NA,NA,NA,NA,NA,N,4,0,1,3,A,-,12,21453,A,N,D,C,A,A,H,-,C,A,0,NA,NA,NA,NA,Y,NA,A,01,0,0,1,0,0,0,0,0,0,-,-,NA,NA,SAN DIEGO,SAN DIEGO,-117.07821655273438,32.980411529541016
9516824,2022,2023-01-03,3700,2022-11-18,1758,SH0029,NA,5,5,5,3713,0,0,0,NA,0,308,NORTH MELROSE DR,WEST VISTA WY,265,N,N,A,-,N,NA,NA,NA,NA,NA,NA,NA,NA,NA,Y,4,0,1,2,A,-,08,22107,NA,N,B,C,A,A,H,-,C,D,0,NA,NA,NA,NA,Y,NA,D,22,0,0,1,0,0,0,0,0,0,-,-,NA,NA,SAN DIEGO,VISTA,-117.25492095947266,33.19614791870117
9517663,2022,2023-01-24,3702,2022-11-10,1608,CV1309,NA,4,5,6,3702,0,0,0,NA,0,012,H ST,WOODLAWN AV,0,NA,Y,A,-,N,NA,NA,NA,NA,NA,NA,NA,NA,NA,N,4,0,1,2,A,-,03,22350,NA,M,C,C,A,A,H,-,A,A,0,NA,NA,NA,NA,Y,NA,A,01,0,0,1,0,0,0,0,0,0,-,-,NA,NA,SAN DIEGO,CHULA VISTA,-117.09391021728516,32.62971496582031
9519649,2023,2023-02-17,3711,2023-01-28,2040,SD1529,NA,6,5,7,3711,0,0,0,NA,0,122,MISSION RD,EMERALD ST,0,NA,Y,A,-,N,NA,NA,NA,NA,NA,NA,NA,NA,NA,N,4,0,1,2,A,-,07,21658,A,F,D,C,A,A,H,-,C,D,0,NA,NA,NA,NA,Y,NA,-,NA,0,0,1,0,0,0,0,0,0,-,-,NA,NA,SAN DIEGO,SAN DIEGO,-117.2560577392578,32.79841232299805
9520503,2023,2025-07-22,3711,2023-02-19,2007,SD4310,NA,7,5,7,3711,0,0,0,NA,0,713,LA MEDA RD 1900,AIRWAY RD 8400,538,N,N,A,-,N,NA,NA,NA,NA,NA,NA,NA,NA,NA,Y,1,1,0,2,C,-,18,NA,NA,F,B,C,A,B,H,-,D,D,0,NA,NA,Y,NA,Y,Y,-,-,0,0,0,0,0,0,0,1,0,-,-,NA,NA,SAN DIEGO,SAN DIEGO,-116.96246337890624,32.56205368041992
9520853,2022,2023-08-21,3700,2022-02-14,1055,SH3079,NA,1,5,5,3713,0,0,0,NA,0,305,N. MELROSE DR,OCEANSIDE BL,670,S,N,A,-,N,NA,NA,NA,NA,NA,NA,NA,NA,NA,Y,1,1,0,2,A,-,05,21651,A,N,D,C,A,A,H,-,A,D,0,NA,NA,Y,Y,Y,NA,F,25,0,0,0,0,0,0,0,1,0,-,-,NA,NA,SAN DIEGO,VISTA,-117.25843048095705,33.21989059448242
9520923,2023,2025-06-25,3703,2023-07-12,645,1331,3,3,5,3,3703,0,0,0,NA,0,003,RT-75,CORONADO CAYS BL,0,NA,Y,A,-,Y,SD,11,75,-,-,13.993,I,5,N,Y,1,1,0,2,A,-,03,22350,NA,N,A,C,A,A,H,-,A,A,0,NA,NA,Y,NA,Y,NA,C,02,0,0,0,0,0,0,0,1,0,-,-,32.62369155883789,-117.13565063476563,SAN DIEGO,CORONADO,-117.13772583007813,32.6251335144043
9521388,2022,2022-11-10,3700,2022-09-22,1821,SH3197,NA,4,5,5,3712,0,0,0,NA,0,360,GRAND AV,SAN MARCOS BL,230,S,N,A,-,N,NA,NA,NA,NA,NA,NA,NA,NA,NA,Y,4,0,1,2,A,-,12,21453,A,N,D,C,A,A,H,-,A,A,0,NA,NA,NA,NA,Y,NA,A,01,0,0,1,0,0,0,0,0,0,-,-,NA,NA,SAN DIEGO,SAN MARCOS,-117.17885589599608,33.13663101196289
9521565,2022,2022-11-09,3710,2022-10-24,0503,OC1498,NA,1,5,6,3710,0,0,0,NA,0,037,COLLEGE BL,LAKE BL,0,NA,Y,A,-,N,NA,NA,NA,NA,NA,NA,NA,NA,NA,Y,4,0,1,2,A,-,12,21453,A,N,D,C,A,A,H,-,C,A,0,NA,NA,NA,NA,Y,NA,A,01,0,0,1,0,0,0,0,0,0,-,-,NA,NA,SAN DIEGO,OCEANSIDE,-117.2938995361328,33.178627014160156
9522605,2022,2023-01-17,3711,2022-11-26,1630,SD7571,NA,6,5,7,3711,0,0,0,NA,0,823,CHOLLAS PKWY,UNIVERSITY AV,0,NA,N,A,-,N,NA,NA,NA,NA,NA,NA,NA,NA,NA,N,4,0,1,2,A,-,00,21456,2,N,A,G,A,A,H,-,A,D,0,NA,Y,NA,NA,Y,NA,L,04,0,0,1,0,0,0,1,0,0,-,-,NA,NA,SAN DIEGO,SAN DIEGO,-117.07402801513672,32.74796676635742
9522744,2022,2023-01-27,3711,2022-12-04,1550,SD7991,NA,7,5,7,3711,0,0,0,NA,0,324,NAVAJO RD,RT 125,0,NA,Y,A,-,N,NA,NA,NA,NA,NA,NA,NA,NA,NA,N,4,0,1,2,A,-,07,21658,A,N,B,C,A,A,H,-,B,A,0,NA,NA,NA,NA,Y,NA,A,01,0,0,1,0,0,0,0,0,0,-,-,NA,NA,SAN DIEGO,SAN DIEGO,-117.0056610107422,32.80253219604492
9522756,2022,2023-01-27,3711,2022-12-04,0824,SD1653,NA,7,5,7,3711,0,0,0,NA,0,725,DEL SOL BL,DENNERY RD,0,NA,Y,A,-,N,NA,NA,NA,NA,NA,NA,NA,NA,NA,Y,3,0,1,1,A,-,03,22350,NA,N,E,I,A,A,H,-,A,A,0,NA,NA,NA,NA,Y,NA,A,01,0,1,0,0,0,0,0,0,0,-,-,NA,NA,SAN DIEGO,SAN DIEGO,-117.03600311279295,32.573158264160156
9524017,2022,2022-12-13,3711,2022-11-06,1304,SD1525,NA,7,5,7,3711,0,0,0,NA,0,122,LAW ST,JEWELL ST,0,E,N,A,-,N,NA,NA,NA,NA,NA,NA,NA,NA,NA,N,3,0,2,2,A,-,09,21802,A,N,D,C,A,A,H,-,A,D,0,NA,NA,NA,NA,Y,NA,A,01,0,2,0,0,0,0,0,0,0,-,-,NA,NA,SAN DIEGO,SAN DIEGO,-117.24071502685548,32.80580139160156
9524703,2022,2022-12-22,3700,2022-11-27,0040,SH0891,NA,7,5,4,3720,0,0,0,NA,0,601,MASSACHUSETTS AV,MADERA ST,468,N,N,A,-,N,NA,NA,NA,NA,NA,NA,NA,NA,NA,Y,4,0,1,2,A,-,03,22350,NA,N,C,E,A,A,H,-,C,D,0,NA,NA,NA,NA,Y,NA,A,01,0,0,1,0,0,0,0,0,0,-,-,NA,NA,SAN DIEGO,LEMON GROVE,-117.04289245605467,32.72795486450195
9525742,2023,2023-03-08,3709,2023-01-20,1036,NC0544,NA,5,5,5,3709,0,0,0,NA,0,021,L AV,L AV 900,0,NA,Y,A,-,N,NA,NA,NA,NA,NA,NA,NA,NA,NA,Y,4,0,2,2,A,-,04,21703,NA,N,C,D,A,A,H,-,A,D,0,NA,NA,NA,NA,Y,Y,A,01,0,0,2,0,0,0,0,0,0,-,-,NA,NA,SAN DIEGO,NATIONAL CITY,-117.05956268310548,32.62403869628906
9526133,2022,2023-02-10,3710,2022-11-27,1435,OC1503,NA,7,5,6,3710,0,0,0,NA,0,011,DIVISION ST,BROOKS ST,90,W,N,A,-,N,NA,NA,NA,NA,NA,NA,NA,NA,NA,Y,4,0,1,2,A,-,08,22107,NA,N,D,C,A,A,H,-,A,D,0,NA,NA,NA,NA,Y,Y,A,01,0,0,1,0,0,0,0,0,0,-,-,NA,NA,SAN DIEGO,OCEANSIDE,-117.36824035644533,33.19618606567383
9526375,2023,2023-02-23,3710,2023-01-20,1811,OC1504,NA,5,5,6,3710,0,0,0,NA,0,021,MISSION AV,RANCHO DEL ORO,415,W,N,A,-,N,NA,NA,NA,NA,NA,NA,NA,NA,NA,Y,4,0,1,1,A,-,03,22350,NA,N,E,I,A,A,H,-,C,A,0,NA,NA,NA,NA,Y,NA,A,01,0,0,1,0,0,0,0,0,0,-,-,NA,NA,SAN DIEGO,OCEANSIDE,-117.32001495361328,33.23002243041992
9527674,2022,2023-02-28,3702,2022-12-21,1552,CV1426,NA,3,5,6,3702,0,0,0,NA,0,024,MAIN ST,BROADWAY,0,NA,Y,A,-,N,NA,NA,NA,NA,NA,NA,NA,NA,NA,N,4,0,1,2,A,-,09,21453,C,N,D,C,A,A,H,-,A,A,0,NA,NA,Y,NA,Y,NA,I,11,0,0,1,0,0,0,0,0,1,-,-,NA,NA,SAN DIEGO,CHULA VISTA,-117.07527923583984,32.59477615356445
9528391,2022,2022-12-06,3711,2022-10-23,1942,SD7313,NA,7,5,7,3711,0,0,0,NA,0,813,PARK BL,300 FT NORTH OF WEST CURB LINE 1700 UPAS ST,0,NA,N,A,-,N,NA,NA,NA,NA,NA,NA,NA,NA,NA,Y,4,0,3,3,A,-,03,22350,NA,N,C,C,A,A,H,-,C,D,0,NA,NA,NA,NA,Y,NA,A,01,0,0,3,0,0,0,0,0,0,-,-,NA,NA,SAN DIEGO,SAN DIEGO,-117.14752197265624,32.74113464355469
9528522,2022,2022-12-07,3711,2022-10-28,1614,SD7046,NA,5,5,7,3711,0,0,0,NA,0,313,RUFFIN RD,AERO DR,0,NA,N,A,-,N,NA,NA,NA,NA,NA,NA,NA,NA,NA,N,4,0,3,3,B,-,22,NA,NA,N,C,C,A,A,H,-,A,A,0,NA,NA,NA,NA,Y,NA,D,22,0,0,3,0,0,0,0,0,0,-,-,NA,NA,SAN DIEGO,SAN DIEGO,-117.12973785400392,32.809879302978516
9529299,2022,2022-11-17,3700,2022-07-03,0901,SH3684,NA,7,5,5,3713,0,0,0,NA,0,308,WEST VISTA WY,GRAPEVINE RD,43,W,N,A,-,N,NA,NA,NA,NA,NA,NA,NA,NA,NA,Y,3,0,2,2,A,-,03,22350,NA,M,C,C,A,A,H,-,A,A,0,NA,NA,NA,NA,Y,NA,A,01,0,1,1,0,0,0,0,0,0,-,-,NA,NA,SAN DIEGO,VISTA,-117.27519989013672,33.19035720825195
9530332,2022,2022-12-09,3711,2022-11-03,1300,SD6334,NA,4,5,7,3711,0,0,0,NA,0,437,BRANDYWOOD ST,LAS LIDIA CT,0,NA,Y,A,-,N,NA,NA,NA,NA,NA,NA,NA,NA,NA,N,3,0,1,2,A,-,09,21802,A,M,G,B,B,A,H,-,A,A,0,Y,NA,NA,NA,Y,NA,-,99,0,1,0,0,1,0,0,0,0,-,-,NA,NA,SAN DIEGO,SAN DIEGO,-117.05091857910156,32.699737548828125
9531831,2022,2022-11-09,3702,2022-09-20,2219,CV1408,NA,2,5,6,3702,0,0,0,NA,0,012,H ST,WOODLAWN AV,80,E,N,A,-,N,NA,NA,NA,NA,NA,NA,NA,NA,NA,Y,4,0,1,3,A,-,01,23153,A,N,C,C,A,A,H,-,C,A,0,NA,NA,NA,NA,Y,Y,A,07,0,0,1,0,0,0,0,0,0,-,-,NA,NA,SAN DIEGO,CHULA VISTA,-117.09365844726563,32.629783630371094
9531978,2022,2022-12-22,3711,2022-11-08,0915,SD7194,NA,2,5,7,3711,0,0,0,NA,0,725,OTAY MESA RD,CORPORATE CENTER DR,0,NA,Y,B,-,N,NA,NA,NA,NA,NA,NA,NA,NA,NA,N,3,0,3,2,A,-,12,21453,A,M,D,C,A,A,H,-,A,A,0,NA,NA,NA,Y,Y,NA,A,01,0,2,1,0,0,0,0,0,0,-,-,NA,NA,SAN DIEGO,SAN DIEGO,-117.00552368164063,32.56831741333008
9532056,2022,2022-11-15,3700,2022-08-29,0809,SH0070,NA,1,5,5,3712,0,0,0,NA,0,351,AVENIDA ARANA,AVENIDA ABEJA DR,176,E,N,A,-,N,NA,NA,NA,NA,NA,NA,NA,NA,NA,N,3,0,1,2,A,-,01,23152,F,M,B,E,A,A,H,-,A,D,0,NA,NA,NA,NA,Y,NA,A,01,0,1,0,0,0,0,0,0,0,-,-,NA,NA,SAN DIEGO,SAN MARCOS,-117.18763732910156,33.16341018676758
9532260,2022,2022-12-23,3711,2022-11-13,1532,SD7950,NA,7,5,7,3711,0,0,0,NA,0,122,GRAND AV,JEWELL ST,222,W,N,A,-,N,NA,NA,NA,NA,NA,NA,NA,NA,NA,N,4,0,1,2,A,-,07,21658,A,N,B,C,A,A,H,-,A,D,0,NA,NA,Y,NA,Y,NA,A,07,0,0,1,0,0,0,0,0,1,-,-,NA,NA,SAN DIEGO,SAN DIEGO,-117.23911285400392,32.798187255859375
9532276,2022,2022-12-13,3711,2022-11-11,1415,SD1776,NA,5,5,7,3711,0,0,0,NA,0,838,EL CAJON BL,35TH ST,0,NA,Y,A,-,N,NA,NA,NA,NA,NA,NA,NA,NA,NA,N,4,0,1,2,A,-,12,21453,A,N,D,C,A,A,H,-,A,A,0,NA,NA,NA,NA,Y,NA,A,01,0,0,1,0,0,0,0,0,0,-,-,NA,NA,SAN DIEGO,SAN DIEGO,-117.117919921875,32.75517654418945
9532281,2022,2022-12-13,3711,2022-11-12,1634,SD7973,NA,6,5,7,3711,0,0,0,NA,0,611,ROSECRANS ST,MIDWAY DR,0,S,N,A,-,N,NA,NA,NA,NA,NA,NA,NA,NA,NA,Y,3,0,1,3,A,-,21,22106,NA,N,C,C,A,A,H,-,B,D,0,NA,NA,Y,NA,Y,NA,A,01,0,1,0,0,0,0,0,0,1,-,-,NA,NA,SAN DIEGO,SAN DIEGO,-117.20616912841795,32.74970245361328
9532288,2022,2022-12-19,3711,2022-11-10,1629,SD7560,NA,4,5,7,3711,0,0,0,NA,0,826,UNIVERSITY AV,52ND ST,0,NA,Y,A,-,N,NA,NA,NA,NA,NA,NA,NA,NA,NA,Y,4,0,1,2,A,-,03,22350,NA,N,C,C,A,A,H,-,A,D,0,NA,NA,NA,NA,Y,NA,-,NA,0,0,1,0,0,0,0,0,0,-,-,NA,NA,SAN DIEGO,SAN DIEGO,-117.08359527587892,32.74909973144531
9533185,2022,2023-01-24,3702,2022-11-14,1708,CV1309,NA,1,5,6,3702,0,0,0,NA,0,012,BAY BL,H ST,0,NA,Y,A,-,N,NA,NA,NA,NA,NA,NA,NA,NA,NA,Y,3,0,1,2,A,-,09,21801,A,N,A,C,A,A,H,-,C,A,0,NA,NA,NA,NA,Y,NA,A,01,0,1,0,0,0,0,0,0,0,-,-,NA,NA,SAN DIEGO,CHULA VISTA,-117.09664154052734,32.62893295288086
9534430,2023,2023-03-02,3700,2023-01-20,1853,SH3710,NA,5,5,5,3713,0,0,0,NA,0,302,EAST VISTA WY,MONTE MAR RD,0,NA,Y,A,-,N,NA,NA,NA,NA,NA,NA,NA,NA,NA,Y,4,0,2,2,A,-,12,21453,A,N,D,C,A,A,H,-,C,A,0,NA,NA,Y,NA,Y,NA,A,01,0,0,2,0,0,0,0,0,2,-,-,NA,NA,SAN DIEGO,VISTA,-117.2261199951172,33.219520568847656