CASE_ID,ACCIDENT_YEAR,PROC_DATE,JURIS,COLLISION_DATE,COLLISION_TIME,OFFICER_ID,REPORTING_DISTRICT,DAY_OF_WEEK,CHP_SHIFT,POPULATION,CNTY_CITY_LOC,SPECIAL_COND,BEAT_TYPE,CHP_BEAT_TYPE,CITY_DIVISION_LAPD,CHP_BEAT_CLASS,BEAT_NUMBER,PRIMARY_RD,SECONDARY_RD,DISTANCE,DIRECTION,INTERSECTION,WEATHER_1,WEATHER_2,STATE_HWY_IND,CALTRANS_COUNTY,CALTRANS_DISTRICT,STATE_ROUTE,ROUTE_SUFFIX,POSTMILE_PREFIX,POSTMILE,LOCATION_TYPE,RAMP_INTERSECTION,SIDE_OF_HWY,TOW_AWAY,COLLISION_SEVERITY,NUMBER_KILLED,NUMBER_INJURED,PARTY_COUNT,PRIMARY_COLL_FACTOR,PCF_CODE_OF_VIOL,PCF_VIOL_CATEGORY,PCF_VIOLATION,PCF_VIOL_SUBSECTION,HIT_AND_RUN,TYPE_OF_COLLISION,MVIW,PED_ACTION,ROAD_SURFACE,ROAD_COND_1,ROAD_COND_2,LIGHTING,CONTROL_DEVICE,CHP_ROAD_TYPE,PEDESTRIAN_ACCIDENT,BICYCLE_ACCIDENT,MOTORCYCLE_ACCIDENT,TRUCK_ACCIDENT,NOT_PRIVATE_PROPERTY,ALCOHOL_INVOLVED,STWD_VEHTYPE_AT_FAULT,CHP_VEHTYPE_AT_FAULT,COUNT_SEVERE_INJ,COUNT_VISIBLE_INJ,COUNT_COMPLAINT_PAIN,COUNT_PED_KILLED,COUNT_PED_INJURED,COUNT_BICYCLIST_KILLED,COUNT_BICYCLIST_INJURED,COUNT_MC_KILLED,COUNT_MC_INJURED,PRIMARY_RAMP,SECONDARY_RAMP,LATITUDE,LONGITUDE,COUNTY,CITY,POINT_X,POINT_Y
9568242,2023,2023-05-02,3711,2023-04-19,1900,SD1309,NA,3,5,7,3711,0,0,0,NA,0,233,OVIEDO ST,ZEMKE AV,130,W,N,A,-,N,NA,NA,NA,NA,NA,NA,NA,NA,NA,Y,3,0,1,3,A,-,08,38314,NA,N,C,E,A,A,H,-,A,D,0,NA,NA,NA,NA,Y,Y,A,01,0,1,0,0,0,0,0,0,0,-,-,NA,NA,SAN DIEGO,SAN DIEGO,-117.13329315185548,32.967132568359375
9568289,2023,2023-05-08,3700,2023-03-24,2358,SD4310,NA,5,5,2,3704,0,0,0,NA,0,935,VIA DE LA VALLE,RT 5,17,W,N,A,-,Y,SD,11,5,-,R,36.326,R,4,S,N,2,0,1,2,A,-,03,22350,NA,N,C,G,A,A,A,-,C,A,0,NA,Y,NA,NA,Y,NA,A,01,1,0,0,0,0,0,1,0,0,-,SO,NA,NA,SAN DIEGO,DEL MAR,-117.25351715087892,32.98060989379883
9570133,2023,2023-04-25,3711,2023-03-25,1821,SD1741,NA,6,5,7,3711,0,0,0,NA,0,327,CATOCTIN DR,ART ST,0,NA,Y,A,-,N,NA,NA,NA,NA,NA,NA,NA,NA,NA,N,4,0,1,2,A,-,12,22450,A,N,D,C,A,A,H,-,A,D,0,NA,NA,NA,NA,Y,Y,A,01,0,0,1,0,0,0,0,0,0,-,-,NA,NA,SAN DIEGO,SAN DIEGO,-117.06211853027344,32.76637268066406
9570143,2023,2023-04-17,3711,2023-03-23,1611,SD4310,NA,4,5,7,3711,0,0,0,NA,0,528,WEST CEDAR ST,STATE ST,28,W,N,A,-,N,NA,NA,NA,NA,NA,NA,NA,NA,NA,N,4,0,1,2,A,-,03,22350,NA,N,C,C,A,A,H,-,A,A,0,NA,NA,NA,NA,Y,NA,A,01,0,0,1,0,0,0,0,0,0,-,-,NA,NA,SAN DIEGO,SAN DIEGO,-117.16658782958984,32.72193145751953
9570147,2023,2023-04-20,3711,2023-03-24,1714,SD1265,NA,5,5,7,3711,0,0,0,NA,0,813,UNIVERSITY AV,RAY ST,100,W,N,A,-,N,NA,NA,NA,NA,NA,NA,NA,NA,NA,N,4,0,1,2,A,-,03,22350,NA,N,G,B,D,A,H,-,A,D,0,Y,NA,NA,NA,Y,Y,A,01,0,0,1,0,1,0,0,0,0,-,-,NA,NA,SAN DIEGO,SAN DIEGO,-117.12960052490234,32.748470306396484
9570271,2022,2023-04-03,3700,2022-12-12,0815,SH3000,NA,1,5,5,3781,0,0,0,NA,0,511,N MAGNOLIA AV,MAST BL,0,NA,Y,C,-,N,NA,NA,NA,NA,NA,NA,NA,NA,NA,Y,4,0,3,2,A,-,03,22350,NA,N,C,C,A,B,H,-,A,A,0,NA,NA,NA,NA,Y,NA,A,01,0,0,3,0,0,0,0,0,0,-,-,NA,NA,SAN DIEGO,SANTEE,-116.97116088867188,32.855194091796875
9571617,2023,2023-05-03,3711,2023-04-02,1005,SD8334,NA,7,5,7,3711,0,0,0,NA,0,452,61ST ST,FENNELL AV,20,S,N,A,-,N,NA,NA,NA,NA,NA,NA,NA,NA,NA,N,4,0,1,2,A,-,21,22106,NA,N,C,C,A,A,H,-,A,D,0,NA,NA,NA,NA,Y,NA,A,07,0,0,1,0,0,0,0,0,0,-,-,NA,NA,SAN DIEGO,SAN DIEGO,-117.0667724609375,32.705684661865234
9572082,2023,2023-05-09,3710,2023-04-07,2500,OC1497,NA,5,5,6,3710,0,0,0,NA,0,026,VISTA WY,NORTH WY,18,E,N,A,-,N,NA,NA,NA,NA,NA,NA,NA,NA,NA,N,4,0,1,2,A,-,03,22350,NA,F,C,C,A,A,H,-,A,A,0,NA,NA,NA,NA,Y,NA,A,01,0,0,1,0,0,0,0,0,0,-,-,NA,NA,SAN DIEGO,OCEANSIDE,-117.30140686035156,33.182437896728516
9572113,2023,2023-05-05,3711,2023-04-08,1545,SD1265,NA,6,5,7,3711,0,0,0,NA,0,813,UNIVERSITY AV,30TH ST,10,W,N,A,-,N,NA,NA,NA,NA,NA,NA,NA,NA,NA,N,4,0,2,2,A,-,03,22350,NA,M,C,C,A,A,H,-,A,A,0,NA,NA,NA,NA,Y,NA,-,NA,0,0,2,0,0,0,0,0,0,-,-,NA,NA,SAN DIEGO,SAN DIEGO,-117.13014221191406,32.748451232910156
9572136,2023,2023-05-08,3711,2023-04-07,1600,SD1608,NA,5,5,7,3711,0,0,0,NA,0,621,LINDA VISTA RD,ULRIC ST,82,N,N,A,-,N,NA,NA,NA,NA,NA,NA,NA,NA,NA,N,4,0,1,2,A,-,03,22350,NA,M,C,C,A,A,H,-,A,A,0,NA,NA,NA,NA,Y,NA,-,99,0,0,1,0,0,0,0,0,0,-,-,NA,NA,SAN DIEGO,SAN DIEGO,-117.17026519775392,32.78672409057617
9572144,2023,2023-06-01,3711,2023-04-08,1945,SD8334,NA,6,5,7,3711,0,0,0,NA,0,447,FEDERAL BL,49TH ST,0,NA,N,A,-,N,NA,NA,NA,NA,NA,NA,NA,NA,NA,N,4,0,1,2,D,-,00,NA,NA,M,C,C,A,A,H,-,D,A,0,NA,NA,NA,NA,Y,NA,-,-,0,0,1,0,0,0,0,0,0,-,-,NA,NA,SAN DIEGO,SAN DIEGO,-117.08978271484376,32.721282958984375
9572153,2023,2023-05-09,3711,2023-04-11,1516,SD7999,NA,2,5,7,3711,0,0,0,NA,0,611,PACIFIC HWY,SPORTS ARENA BL,0,NA,Y,A,-,N,NA,NA,NA,NA,NA,NA,NA,NA,NA,Y,3,0,3,3,A,-,04,21703,NA,N,C,C,A,A,H,-,A,A,0,NA,NA,NA,NA,Y,Y,A,01,0,1,2,0,0,0,0,0,0,-,-,NA,NA,SAN DIEGO,SAN DIEGO,-117.19802856445313,32.74732971191406
9572882,2023,2023-05-23,3711,2023-04-21,2035,SD7364,NA,5,5,7,3711,0,0,0,NA,0,824,FAIRMOUNT AV,MONTEZUMA RD,340,N,N,A,-,N,NA,NA,NA,NA,NA,NA,NA,NA,NA,N,3,0,1,2,A,-,00,21456,3,N,G,G,A,A,-,-,C,D,0,NA,Y,NA,NA,Y,NA,L,04,0,1,0,0,0,0,1,0,0,-,-,NA,NA,SAN DIEGO,SAN DIEGO,-117.09726715087892,32.77330017089844
9572885,2023,2023-06-08,3711,2023-04-21,1510,SD7891,NA,5,5,7,3711,0,0,0,NA,0,124,NAUTILUS ST,VIA VALVERDE,40,W,N,A,-,N,NA,NA,NA,NA,NA,NA,NA,NA,NA,N,3,0,1,2,A,-,09,21801,A,N,D,G,A,A,H,-,A,D,0,NA,Y,NA,NA,Y,NA,L,04,0,1,0,0,0,0,1,0,0,-,-,NA,NA,SAN DIEGO,SAN DIEGO,-117.26036834716795,32.83306121826172
9572889,2023,2023-05-24,3711,2023-04-21,1428,SD1787,NA,5,5,7,3711,0,0,0,NA,0,315,TEXAS ST,CAMINO DEL RIO S,46,S,N,-,-,N,NA,NA,NA,NA,NA,NA,NA,NA,NA,N,3,0,1,2,A,-,04,21703,NA,N,C,C,A,A,H,-,A,A,0,NA,NA,NA,NA,Y,NA,A,07,0,1,0,0,0,0,0,0,0,-,-,NA,NA,SAN DIEGO,SAN DIEGO,-117.13922882080078,32.76717758178711
9573154,2023,2023-05-05,3700,2023-03-02,1554,SH7085,NA,4,5,5,3713,0,0,0,NA,0,305,W BOBIER DR,BOBOLINK DR,0,NA,Y,A,-,N,NA,NA,NA,NA,NA,NA,NA,NA,NA,Y,3,0,2,2,A,-,09,21802,A,N,D,C,A,A,H,-,A,A,0,NA,NA,NA,NA,Y,NA,A,01,0,1,1,0,0,0,0,0,0,-,-,NA,NA,SAN DIEGO,VISTA,-117.25202941894533,33.221214294433594
9574270,2023,2023-05-05,3709,2023-04-04,1901,NC0531,NA,2,5,5,3709,0,0,0,NA,0,021,EAST PLAZA BL,HIGHLAND AV,388,W,N,A,-,N,NA,NA,NA,NA,NA,NA,NA,NA,NA,Y,2,0,1,2,A,-,03,22350,NA,F,C,C,A,A,H,-,A,D,0,NA,NA,Y,NA,Y,NA,A,01,1,0,0,0,0,0,0,0,1,-,-,NA,NA,SAN DIEGO,NATIONAL CITY,-117.09929656982422,32.676048278808594
9574863,2023,2023-05-16,3711,2023-04-18,2035,SD7851,NA,2,5,7,3711,0,0,0,NA,0,931,MIRAMAR RD,EASTGATE MALL,0,NA,Y,A,-,N,NA,NA,NA,NA,NA,NA,NA,NA,NA,Y,3,0,2,2,A,-,12,21453,A,N,D,C,A,A,H,-,C,A,0,NA,NA,NA,Y,Y,Y,A,01,0,2,0,0,0,0,0,0,0,-,-,NA,NA,SAN DIEGO,SAN DIEGO,-117.18631744384766,32.87685775756836
9575353,2023,2023-07-11,3700,2023-01-24,847,SH1147,NA,2,5,5,3782,0,0,0,NA,0,221,SANTA FE DR,SOUTH VULCAN AV,0,NA,Y,A,-,N,NA,NA,NA,NA,NA,NA,NA,NA,NA,N,4,0,2,3,A,-,10,21950,A,N,G,B,B,A,H,-,A,D,0,Y,NA,NA,NA,Y,NA,A,01,0,0,2,0,2,0,0,0,0,-,-,NA,NA,SAN DIEGO,ENCINITAS,-117.29113006591795,33.03618240356445
9576576,2023,2023-08-17,3703,2023-07-20,740,1270,3,4,5,3,3703,0,0,0,NA,0,003,6TH ST,ORANGE AV,0,NA,Y,A,-,Y,SD,11,75,-,-,19.38,I,5,N,N,4,0,2,3,A,-,10,21950,A,N,G,B,B,A,H,-,A,A,0,Y,NA,NA,NA,Y,NA,A,01,0,0,2,0,2,0,0,0,0,-,-,32.69160842895508,-117.17649841308594,SAN DIEGO,CORONADO,-117.17643737792967,32.69158172607422
9577149,2023,2023-05-19,3710,2023-04-19,1224,OC3221,NA,3,5,6,3710,0,0,0,NA,0,002,BREAKWATER WY,NORTH PACIFIC ST,6,N,N,B,-,N,NA,NA,NA,NA,NA,NA,NA,NA,NA,N,2,0,1,2,A,-,10,21950,A,N,G,B,B,A,H,-,A,A,0,Y,NA,NA,NA,Y,NA,A,08,1,0,0,0,1,0,0,0,0,-,-,NA,NA,SAN DIEGO,OCEANSIDE,-117.38794708251952,33.20094680786133
9577265,2023,2023-05-19,3705,2023-04-20,1715,EC0444,NA,4,5,5,3705,0,0,0,NA,0,002,WEST MAIN ST,W MAIN ST 124,0,NA,-,A,-,N,NA,NA,NA,NA,NA,NA,NA,NA,NA,N,4,0,4,3,A,-,04,21703,NA,N,C,C,A,A,H,-,A,D,0,NA,NA,NA,NA,Y,NA,A,01,0,0,4,0,0,0,0,0,0,-,-,NA,NA,SAN DIEGO,EL CAJON,-116.96234893798828,32.79494857788086
9577617,2023,2023-05-01,3702,2023-02-22,1346,CV1465,NA,3,5,6,3702,0,0,0,NA,0,014,2ND AV,E ST,0,NA,Y,A,-,N,NA,NA,NA,NA,NA,NA,NA,NA,NA,Y,4,0,1,2,A,-,12,21453,A,N,D,C,A,A,H,-,A,A,0,NA,NA,NA,NA,Y,NA,A,01,0,0,1,0,0,0,0,0,0,-,-,NA,NA,SAN DIEGO,CHULA VISTA,-117.0771713256836,32.64588928222656
9578137,2023,2023-05-10,3708,2023-04-14,645,LM1285,NA,5,5,5,3708,0,0,0,NA,0,002,PALM AV,FINLEY AV,0,NA,Y,A,-,N,NA,NA,NA,NA,NA,NA,NA,NA,NA,N,4,0,1,2,A,-,09,21800,A,N,D,C,A,A,H,-,A,A,0,NA,NA,NA,NA,Y,NA,A,01,0,0,1,0,0,0,0,0,0,-,-,NA,NA,SAN DIEGO,LA MESA,-117.01757049560548,32.76251220703125
9578185,2023,2023-05-09,3700,2023-03-17,1209,SH0268,NA,5,5,4,3780,0,0,0,NA,0,406,ESPOLA RD,MARTINCOIT RD,53,W,N,A,-,N,NA,NA,NA,NA,NA,NA,NA,NA,NA,N,4,0,1,2,A,-,03,22350,NA,N,C,C,A,A,H,-,A,D,0,NA,NA,NA,NA,Y,NA,A,01,0,0,1,0,0,0,0,0,0,-,-,NA,NA,SAN DIEGO,POWAY,-117.03995513916016,33.018653869628906
9579119,2023,2023-05-31,3711,2023-05-20,130,SD8404,NA,6,5,7,3711,0,0,0,NA,0,627,BROADWAY AV,3RD AV,0,NA,Y,-,-,N,NA,NA,NA,NA,NA,NA,NA,NA,NA,N,4,0,1,2,D,-,00,NA,NA,M,G,B,-,-,-,-,-,-,0,Y,NA,NA,NA,Y,NA,-,-,0,0,1,0,1,0,0,0,0,-,-,NA,NA,SAN DIEGO,SAN DIEGO,-117.16200256347656,32.71568298339844
9579298,2023,2023-05-05,3702,2023-03-26,1053,CV1279,NA,7,5,6,3702,0,0,0,NA,0,032,PROCTOR VALLEY RD,ROCKING HORSE DR,0,NA,Y,A,-,N,NA,NA,NA,NA,NA,NA,NA,NA,NA,Y,4,0,2,2,A,-,12,21453,A,N,D,C,A,A,H,-,A,A,0,NA,NA,NA,NA,Y,NA,A,01,0,0,2,0,0,0,0,0,0,-,-,NA,NA,SAN DIEGO,CHULA VISTA,-116.965576171875,32.66209030151367
9579833,2023,2023-05-26,3709,2023-04-19,1802,NC0543,NA,3,5,5,3709,0,0,0,NA,0,020,WILSON AV,E 17TH ST,7,N,N,A,-,N,NA,NA,NA,NA,NA,NA,NA,NA,NA,Y,4,0,2,2,A,-,08,22107,NA,N,D,C,A,A,H,-,A,D,0,NA,NA,NA,NA,Y,NA,A,01,0,0,2,0,0,0,0,0,0,-,-,NA,NA,SAN DIEGO,NATIONAL CITY,-117.10907745361328,32.66666030883789
9579834,2023,2023-05-26,3709,2023-04-19,1715,NC0532,NA,3,5,5,3709,0,0,0,NA,0,023,SWEETWATER RD,RT 805,0,NA,Y,A,-,N,NA,NA,NA,NA,NA,NA,NA,NA,NA,N,4,0,1,2,A,-,04,21703,NA,N,C,-,A,A,H,-,A,A,0,NA,NA,NA,NA,Y,NA,A,01,0,0,1,0,0,0,0,0,0,-,-,NA,NA,SAN DIEGO,NATIONAL CITY,-117.07658386230467,32.66084671020508
9580905,2023,2023-06-21,3705,2023-05-17,2009,EC0419,NA,3,5,5,3705,0,0,0,NA,0,004,BALLARD ST,WASHINGTON AV,150,N,N,A,-,N,NA,NA,NA,NA,NA,NA,NA,NA,NA,N,3,0,1,2,D,-,00,NA,NA,N,C,E,A,A,H,-,C,D,0,NA,NA,NA,NA,Y,NA,-,-,0,1,0,0,0,0,0,0,0,-,-,NA,NA,SAN DIEGO,EL CAJON,-116.9413833618164,32.78805923461914
9581324,2023,2023-07-28,3711,2023-06-06,1530,SD6927,NA,2,5,7,3711,0,0,0,NA,0,122,LA JOLLA BL,TURQOISE ST,0,NA,Y,A,-,N,NA,NA,NA,NA,NA,NA,NA,NA,NA,Y,4,0,1,2,A,-,09,21803,A,N,D,C,A,A,H,-,A,D,0,NA,NA,NA,NA,Y,NA,A,01,0,0,1,0,0,0,0,0,0,-,-,NA,NA,SAN DIEGO,SAN DIEGO,-117.26238250732422,32.80802536010742
9582184,2023,2023-05-27,3711,2023-05-08,1404,SD1766,NA,1,5,7,3711,0,0,0,NA,0,315,CAMINO DE LA REINA,CAMINO DE LA REINA 1400,0,NA,N,A,B,N,NA,NA,NA,NA,NA,NA,NA,NA,NA,N,3,0,1,2,A,-,08,22107,NA,N,B,C,A,A,H,-,A,D,0,NA,NA,NA,NA,Y,NA,A,01,0,1,0,0,0,0,0,0,0,-,-,NA,NA,SAN DIEGO,SAN DIEGO,NA,NA
9582325,2023,2023-06-01,3711,2023-05-15,14,SD1822,NA,1,5,7,3711,0,0,0,NA,0,541,F ST,10TH AV,0,NA,Y,-,-,N,NA,NA,NA,NA,NA,NA,NA,NA,NA,N,4,0,1,2,A,-,10,21950,A,M,B,G,A,A,H,-,C,D,0,NA,Y,NA,NA,Y,NA,-,NA,0,0,1,0,0,0,1,0,0,-,-,NA,NA,SAN DIEGO,SAN DIEGO,-117.15560150146484,32.71363067626953
9582688,2023,2023-06-08,3700,2023-04-23,1346,SH0190,NA,7,5,5,3781,0,0,0,NA,0,518,MISSION GORGE RD,CUYAMACA ST,526,W,N,A,-,N,NA,NA,NA,NA,NA,NA,NA,NA,NA,N,4,0,2,3,A,-,09,21804,A,N,G,B,F,A,H,-,A,D,0,Y,NA,NA,NA,Y,NA,A,07,0,0,2,0,2,0,0,0,0,-,-,NA,NA,SAN DIEGO,SANTEE,-116.98558807373048,32.838619232177734
9583510,2023,2023-08-07,3711,2023-07-03,1325,SD8861,NA,1,5,7,3711,0,0,0,NA,0,529,LAUREL ST,1ST AV,12,W,N,A,-,N,NA,NA,NA,NA,NA,NA,NA,NA,NA,Y,3,0,2,3,A,-,03,22350,NA,N,C,C,A,A,H,-,A,A,0,NA,NA,Y,NA,Y,NA,A,01,0,1,1,0,0,0,0,0,2,-,-,NA,NA,SAN DIEGO,SAN DIEGO,-117.16394805908205,32.731361389160156
9583519,2023,2023-08-07,3711,2023-07-01,1914,SD4310,NA,6,5,7,3711,0,0,0,NA,0,613,CATALINA BL,VOLTAIRE ST,30,S,N,A,-,N,NA,NA,NA,NA,NA,NA,NA,NA,NA,Y,4,0,1,1,A,-,08,22107,NA,N,E,I,A,A,H,-,A,A,0,NA,NA,NA,NA,Y,Y,A,08,0,0,1,0,0,0,0,0,0,-,-,NA,NA,SAN DIEGO,SAN DIEGO,-117.23487091064452,32.74366760253906
9583578,2023,2023-07-24,3710,2023-07-02,1210,OC1536,NA,7,5,6,3710,0,0,0,NA,0,0062,NORTH COAST HWY,RT 76,12,S,N,A,-,N,NA,NA,NA,NA,NA,NA,NA,NA,NA,N,4,0,3,2,A,-,03,22350,NA,N,C,C,A,A,H,-,A,A,0,NA,NA,NA,NA,Y,NA,A,01,0,0,3,0,0,0,0,0,0,-,-,NA,NA,SAN DIEGO,OCEANSIDE,-117.38420104980467,33.20160675048828
9583762,2023,2023-08-11,3711,2023-07-11,1648,SD1309,NA,2,5,7,3711,0,0,0,NA,0,234,BERNARDO CENTER DR,LOMICA DR,210,N,N,A,-,N,NA,NA,NA,NA,NA,NA,NA,NA,NA,N,4,0,1,2,A,-,08,22107,NA,N,D,G,A,A,H,-,A,D,0,NA,Y,NA,NA,Y,NA,A,01,0,0,1,0,0,0,1,0,0,-,-,NA,NA,SAN DIEGO,SAN DIEGO,-117.0758819580078,33.01758575439453
9583908,2023,2023-08-28,3711,2023-08-02,1637,SD1599,NA,3,5,7,3711,0,0,0,NA,0,611,KURTZ ST,PACIFIC HWY,0,NA,Y,A,-,N,NA,NA,NA,NA,NA,NA,NA,NA,NA,Y,4,0,1,2,A,-,04,21703,NA,N,C,C,A,A,H,-,A,A,0,NA,NA,NA,Y,Y,NA,F,26,0,0,1,0,0,0,0,0,0,-,-,NA,NA,SAN DIEGO,SAN DIEGO,-117.1999053955078,32.74994659423828
9583944,2023,2023-08-11,3711,2023-07-19,2228,SD1648,NA,3,5,7,3711,0,0,0,NA,0,823,UNIVERSITY AV,58TH ST,39,E,N,A,-,N,NA,NA,NA,NA,NA,NA,NA,NA,NA,N,3,0,4,2,A,-,12,21453,A,N,D,C,A,A,H,-,C,A,0,NA,NA,NA,NA,Y,NA,A,01,0,1,3,0,0,0,0,0,0,-,-,NA,NA,SAN DIEGO,SAN DIEGO,-117.07276916503906,32.74919891357422
9584193,2023,2023-05-19,3705,2023-03-21,1506,EC0447,NA,2,5,5,3705,0,0,0,NA,0,001,GROSSMONT COLLEGE DR,PERIMITER RD,26,W,N,A,-,N,NA,NA,NA,NA,NA,NA,NA,NA,NA,N,4,0,1,2,A,-,03,22350,NA,N,C,C,A,A,H,-,A,D,0,NA,NA,NA,NA,Y,NA,A,01,0,0,1,0,0,0,0,0,0,-,-,NA,NA,SAN DIEGO,EL CAJON,-117.00890350341795,32.81489181518555
9584430,2023,2023-05-22,3711,2023-05-06,830,S1794,NA,6,5,7,3711,0,0,0,NA,0,123,WEST MISSION BAY DR,W MISSION BAY DR 2180,0,E,N,A,-,N,NA,NA,NA,NA,NA,NA,NA,NA,NA,N,3,0,1,1,B,-,22,NA,NA,N,E,I,A,A,H,-,A,D,0,NA,NA,Y,NA,Y,NA,C,02,0,1,0,0,0,0,0,0,1,-,-,NA,NA,SAN DIEGO,SAN DIEGO,-117.21102905273438,32.79828643798828
9584433,2023,2023-05-22,3711,2023-05-05,2310,SD1173,NA,5,5,7,3711,0,0,0,NA,0,444,42ND ST,MARKET ST,0,NA,Y,A,-,N,NA,NA,NA,NA,NA,NA,NA,NA,NA,N,3,0,2,2,A,-,-,NA,NA,N,C,C,A,A,H,-,C,A,0,NA,NA,NA,NA,Y,NA,A,01,0,1,1,0,0,0,0,0,0,-,-,NA,NA,SAN DIEGO,SAN DIEGO,-117.10467529296876,32.711490631103516
9584437,2023,2023-05-22,3711,2023-05-04,109,SD6513,NA,4,5,7,3711,0,0,0,NA,0,524,MARKET ST,8TH AV,62,E,N,B,-,N,NA,NA,NA,NA,NA,NA,NA,NA,NA,Y,4,0,2,2,A,-,08,22107,NA,M,C,E,A,B,H,-,C,A,0,NA,NA,NA,NA,Y,NA,A,01,0,0,2,0,0,0,0,0,0,-,-,NA,NA,SAN DIEGO,SAN DIEGO,-117.15719604492188,32.71152114868164
9584485,2023,2023-05-18,3711,2023-04-26,1644,SD1448,NA,3,5,7,3711,0,0,0,NA,0,512,OCEAN VIEW BL,S 30TH ST,260,E,N,A,-,N,NA,NA,NA,NA,NA,NA,NA,NA,NA,N,4,0,1,2,A,-,10,21952,NA,N,H,G,A,A,H,-,A,D,0,NA,Y,NA,NA,Y,NA,A,01,0,0,1,0,0,0,1,0,0,-,-,NA,NA,SAN DIEGO,SAN DIEGO,-117.12867736816406,32.7011833190918
9584622,2023,2023-06-01,3711,2023-05-04,1527,SD1236,NA,4,5,7,3711,0,0,0,NA,0,327,MONTEZUMA RD,COLLEGE AV,0,NA,Y,A,-,N,NA,NA,NA,NA,NA,NA,NA,NA,NA,Y,4,0,1,2,A,-,12,21453,A,N,D,C,A,A,H,-,A,A,0,NA,NA,Y,NA,Y,NA,A,08,0,0,1,0,0,0,0,0,1,-,-,NA,NA,SAN DIEGO,SAN DIEGO,-117.06980895996094,32.77070999145508
9584715,2023,2023-05-24,3711,2023-04-29,1844,SD5600,NA,6,5,7,3711,0,0,0,NA,0,826,49TH ST EAST ALLEY,TROJAN AV,215,S,N,A,-,N,NA,NA,NA,NA,NA,NA,NA,NA,NA,Y,2,0,1,2,A,-,08,22107,NA,N,A,I,A,A,H,-,A,D,0,NA,NA,NA,NA,Y,Y,D,22,1,0,0,0,0,0,0,0,0,-,-,NA,NA,SAN DIEGO,SAN DIEGO,-117.08899688720705,32.75434112548828
9585179,2023,2023-05-23,3710,2023-04-08,1445,OC1541,NA,6,5,6,3710,0,0,0,NA,0,012,EL CAMINO REAL,FIRE MOUNTAIN,100,S,N,A,-,N,NA,NA,NA,NA,NA,NA,NA,NA,NA,N,4,0,3,3,A,-,03,22350,NA,N,C,C,A,A,H,-,A,A,0,NA,NA,NA,NA,Y,NA,A,01,0,0,3,0,0,0,0,0,0,-,-,NA,NA,SAN DIEGO,OCEANSIDE,-117.32814025878906,33.192317962646484
9585634,2023,2023-05-31,3700,2023-04-16,2107,SH0432,NA,7,5,4,3707,0,0,0,NA,0,708,IMPERIAL BEACH BL,LOUDEN LN,73,W,N,A,-,N,NA,NA,NA,NA,NA,NA,NA,NA,NA,N,3,0,1,1,A,-,01,23152,A,M,A,I,A,A,H,-,C,B,0,NA,NA,NA,NA,Y,Y,A,01,0,1,0,0,0,0,0,0,0,-,-,NA,NA,SAN DIEGO,IMPERIAL BEACH,-117.1208724975586,32.57659149169922
9585850,2023,2023-07-14,3711,2023-05-25,1806,SD7478,NA,4,5,7,3711,0,0,0,NA,0,447,HOME AV,RT 805,0,NA,Y,A,-,Y,SD,11,805,-,-,13.816,R,4,S,N,4,0,1,2,A,-,09,21800,A,N,D,C,A,A,H,-,B,A,0,NA,NA,NA,NA,Y,NA,A,01,0,0,1,0,0,0,0,0,0,-,SO,NA,NA,SAN DIEGO,SAN DIEGO,-117.10275268554688,32.72356414794922
9586146,2023,2023-06-08,3700,2023-04-29,1147,SH3319,NA,6,5,5,3712,0,0,0,NA,0,357,EAST MISSION RD,WOODLAND PKWY,643,W,N,A,-,N,NA,NA,NA,NA,NA,NA,NA,NA,NA,Y,3,0,3,2,A,-,13,22515,A,N,B,C,A,A,H,-,A,D,0,NA,NA,NA,Y,Y,NA,F,26,0,1,2,0,0,0,0,0,0,-,-,NA,NA,SAN DIEGO,SAN MARCOS,-117.14090728759766,33.14248275756836
9587650,2023,2023-06-07,3708,2023-05-16,1243,LM1206,NA,2,5,5,3708,0,0,0,NA,0,003,PARKWAY DR,JACKSON DR,153,E,N,A,-,N,NA,NA,NA,NA,NA,NA,NA,NA,NA,Y,3,0,1,2,A,-,09,21804,A,N,D,C,A,A,H,-,A,B,0,NA,NA,NA,NA,Y,NA,A,08,0,1,0,0,0,0,0,0,0,-,-,NA,NA,SAN DIEGO,LA MESA,-117.01793670654295,32.77848815917969
9588206,2023,2023-06-29,3711,2023-06-14,2234,SD1549,NA,3,5,7,3711,0,0,0,NA,0,611,KURTZ ST,PACIFIC HWY,9,W,N,A,-,N,NA,NA,NA,NA,NA,NA,NA,NA,NA,N,4,0,1,2,A,-,21,22106,NA,N,C,C,A,A,H,-,D,-,0,NA,NA,NA,NA,Y,NA,A,01,0,0,1,0,0,0,0,0,0,-,-,NA,NA,SAN DIEGO,SAN DIEGO,-117.19993591308594,32.74995803833008
9589801,2023,2023-07-25,3711,2023-06-23,2320,SD1661,NA,5,5,7,3711,0,0,0,NA,0,813,UNIVERSITY AV,TEXAS ST,0,NA,Y,A,-,N,NA,NA,NA,NA,NA,NA,NA,NA,NA,Y,4,0,1,2,A,-,03,22350,NA,N,C,C,A,A,H,-,C,A,0,NA,NA,NA,NA,Y,NA,A,01,0,0,1,0,0,0,0,0,0,-,-,NA,NA,SAN DIEGO,SAN DIEGO,-117.13896942138672,32.748443603515625
9589808,2023,2023-07-25,3711,2023-06-22,1420,SD6881,NA,4,5,7,3711,0,0,0,NA,0,528,STATE ST,GRAPE ST,0,NA,Y,A,-,N,NA,NA,NA,NA,NA,NA,NA,NA,NA,N,4,0,1,2,A,-,12,21453,A,N,D,C,A,A,H,-,A,A,0,NA,NA,NA,NA,Y,NA,A,01,0,0,1,0,0,0,0,0,0,-,-,NA,NA,SAN DIEGO,SAN DIEGO,-117.1673583984375,32.72594451904297