CASE_ID,ACCIDENT_YEAR,PROC_DATE,JURIS,COLLISION_DATE,COLLISION_TIME,OFFICER_ID,REPORTING_DISTRICT,DAY_OF_WEEK,CHP_SHIFT,POPULATION,CNTY_CITY_LOC,SPECIAL_COND,BEAT_TYPE,CHP_BEAT_TYPE,CITY_DIVISION_LAPD,CHP_BEAT_CLASS,BEAT_NUMBER,PRIMARY_RD,SECONDARY_RD,DISTANCE,DIRECTION,INTERSECTION,WEATHER_1,WEATHER_2,STATE_HWY_IND,CALTRANS_COUNTY,CALTRANS_DISTRICT,STATE_ROUTE,ROUTE_SUFFIX,POSTMILE_PREFIX,POSTMILE,LOCATION_TYPE,RAMP_INTERSECTION,SIDE_OF_HWY,TOW_AWAY,COLLISION_SEVERITY,NUMBER_KILLED,NUMBER_INJURED,PARTY_COUNT,PRIMARY_COLL_FACTOR,PCF_CODE_OF_VIOL,PCF_VIOL_CATEGORY,PCF_VIOLATION,PCF_VIOL_SUBSECTION,HIT_AND_RUN,TYPE_OF_COLLISION,MVIW,PED_ACTION,ROAD_SURFACE,ROAD_COND_1,ROAD_COND_2,LIGHTING,CONTROL_DEVICE,CHP_ROAD_TYPE,PEDESTRIAN_ACCIDENT,BICYCLE_ACCIDENT,MOTORCYCLE_ACCIDENT,TRUCK_ACCIDENT,NOT_PRIVATE_PROPERTY,ALCOHOL_INVOLVED,STWD_VEHTYPE_AT_FAULT,CHP_VEHTYPE_AT_FAULT,COUNT_SEVERE_INJ,COUNT_VISIBLE_INJ,COUNT_COMPLAINT_PAIN,COUNT_PED_KILLED,COUNT_PED_INJURED,COUNT_BICYCLIST_KILLED,COUNT_BICYCLIST_INJURED,COUNT_MC_KILLED,COUNT_MC_INJURED,PRIMARY_RAMP,SECONDARY_RAMP,LATITUDE,LONGITUDE,COUNTY,CITY,POINT_X,POINT_Y
9660987,2024,2024-04-16,3711,2024-01-16,1440,SD1541,NA,2,5,7,3711,0,0,0,NA,0,624,PARK BL,NORMAL ST,0,NA,Y,A,-,N,NA,NA,NA,NA,NA,NA,NA,NA,NA,Y,4,0,2,2,A,-,09,21453,C,N,A,C,A,A,H,-,A,A,0,NA,NA,NA,NA,Y,NA,A,01,0,0,2,0,0,0,0,0,0,-,-,NA,NA,SAN DIEGO,SAN DIEGO,-117.14640045166016,32.75505828857422
9661683,2024,2024-05-14,3711,2024-03-27,1042,SD1653,NA,3,5,7,3711,0,0,0,NA,0,722,PALM AV,SATURN BL,0,NA,Y,A,-,N,NA,NA,NA,NA,NA,NA,NA,NA,NA,N,4,0,2,3,A,-,03,22350,NA,N,C,C,A,A,H,-,C,A,0,NA,NA,NA,NA,Y,Y,A,07,0,0,2,0,0,0,0,0,0,-,-,NA,NA,SAN DIEGO,SAN DIEGO,-117.09262847900392,32.583744049072266
9662050,2024,2024-04-02,3702,2024-01-08,1913,CV1110,NA,1,5,6,3702,0,0,0,NA,0,014,3RD AV,GLOVER CT,64,N,N,A,-,N,NA,NA,NA,NA,NA,NA,NA,NA,NA,N,4,0,1,2,A,-,10,21950,A,N,G,B,B,A,H,-,D,A,0,Y,NA,NA,NA,Y,NA,-,NA,0,0,1,0,1,0,0,0,0,-,-,NA,NA,SAN DIEGO,CHULA VISTA,-117.08657836914063,32.650596618652344
9662079,2024,2024-03-28,3711,2024-01-23,1845,SD8334,NA,2,5,7,3711,0,0,0,NA,0,437,SOUTH WOODMAN ST,PARADISE VALLEY RD,0,NA,Y,B,-,N,NA,NA,NA,NA,NA,NA,NA,NA,NA,Y,4,0,1,2,A,-,10,21950,A,N,G,B,B,B,H,-,C,A,0,Y,NA,NA,NA,Y,NA,A,07,0,0,1,0,1,0,0,0,0,-,-,NA,NA,SAN DIEGO,SAN DIEGO,-117.04648590087892,32.68898010253906
9664092,2023,2024-03-05,3705,2023-12-07,801,EC0279,NA,4,5,5,3705,0,0,0,NA,0,004,WASHINGTON AV,ANZA ST,9,W,N,A,-,N,NA,NA,NA,NA,NA,NA,NA,NA,NA,N,3,0,1,2,A,-,05,21650,1,N,D,G,A,A,H,-,A,A,0,NA,Y,NA,NA,Y,NA,L,04,0,1,0,0,0,0,1,0,0,-,-,NA,NA,SAN DIEGO,EL CAJON,-116.9482192993164,32.78765106201172
9664292,2023,2024-02-27,3705,2023-12-08,1201,EC0279,NA,5,5,5,3705,0,0,0,NA,0,003,BROADWAY AV,BOSTONIA ST,0,NA,Y,A,-,N,NA,NA,NA,NA,NA,NA,NA,NA,NA,N,3,0,1,2,A,-,08,22107,NA,N,D,G,A,A,H,-,A,-,0,NA,Y,NA,NA,Y,NA,L,04,0,1,0,0,0,0,1,0,0,-,-,NA,NA,SAN DIEGO,EL CAJON,-116.93348693847656,32.807708740234375
9666763,2024,2024-03-15,3700,2024-01-17,752,SH0214,NA,3,5,4,3720,0,0,0,NA,0,605,MASSACHUSETTS AV,MOUNT VERNON ST,306,N,N,A,-,N,NA,NA,NA,NA,NA,NA,NA,NA,NA,Y,3,0,1,2,A,-,04,21703,NA,N,C,C,A,A,H,-,A,D,0,NA,NA,NA,NA,Y,NA,A,01,0,1,0,0,0,0,0,0,0,-,-,NA,NA,SAN DIEGO,LEMON GROVE,-117.04296112060548,32.73243713378906
9666962,2024,2024-04-30,3702,2024-02-06,1805,CV0969,NA,2,5,6,3702,0,0,0,NA,0,014,EAST H ST,RT 805,183,E,N,B,-,N,NA,NA,NA,NA,NA,NA,NA,NA,NA,Y,2,0,4,4,A,-,01,23152,A,N,C,C,A,B,H,-,C,A,0,NA,NA,NA,NA,Y,Y,D,22,1,0,3,0,0,0,0,0,0,-,NF,NA,NA,SAN DIEGO,CHULA VISTA,-117.05513763427734,32.64071273803711
9667554,2024,2024-02-29,3700,2024-01-27,1910,SH0432,NA,6,5,4,3707,0,0,0,NA,0,702,FLORIDA ST,FLORIDA ST 739,0,NA,Y,A,-,N,NA,NA,NA,NA,NA,NA,NA,NA,NA,Y,3,0,1,2,A,-,01,23152,A,M,A,C,A,A,H,-,C,A,0,NA,NA,NA,NA,Y,Y,A,07,0,1,0,0,0,0,0,0,0,-,-,NA,NA,SAN DIEGO,IMPERIAL BEACH,-117.14372253417967,32.74504089355469
9667569,2024,2024-04-15,3702,2024-02-01,1550,CV1504,NA,4,5,6,3702,0,0,0,NA,0,013,4TH AV,SAN MIGUEL DR,51,N,N,B,-,N,NA,NA,NA,NA,NA,NA,NA,NA,NA,N,4,0,1,2,A,-,03,22350,NA,N,C,C,A,B,H,-,A,D,0,NA,NA,NA,NA,Y,NA,D,22,0,0,1,0,0,0,0,0,0,-,-,NA,NA,SAN DIEGO,CHULA VISTA,-117.07680511474608,32.621768951416016
9667572,2024,2024-04-23,3702,2024-02-06,2139,CV0983,NA,2,5,6,3702,0,0,0,NA,0,042,MILLENIA AV,STYLUS ST,0,NA,Y,C,-,N,NA,NA,NA,NA,NA,NA,NA,NA,NA,Y,4,0,2,2,A,-,12,21453,A,F,D,C,A,B,H,-,C,A,0,NA,NA,NA,NA,Y,Y,A,01,0,0,2,0,0,0,0,0,0,-,-,NA,NA,SAN DIEGO,CHULA VISTA,-116.96839904785156,32.61825942993164
9668484,2024,2024-04-30,3711,2024-02-18,15,SD1948,NA,7,5,7,3711,0,0,0,NA,0,436,MADRONE AV,RITCHEY ST,165,E,N,A,-,N,NA,NA,NA,NA,NA,NA,NA,NA,NA,N,4,0,1,3,A,-,08,22107,NA,M,B,E,E,A,H,-,C,D,0,Y,NA,NA,NA,Y,Y,-,99,0,0,1,0,1,0,0,0,0,-,-,NA,NA,SAN DIEGO,SAN DIEGO,-117.05245971679688,32.70878219604492
9668487,2024,2024-05-01,3711,2024-02-17,1500,SD1593,NA,6,5,7,3711,0,0,0,NA,0,725,CALIENTE AV,AIRWAY RD,0,NA,Y,A,-,N,NA,NA,NA,NA,NA,NA,NA,NA,NA,Y,3,0,1,1,A,-,03,22350,NA,N,E,I,A,A,H,-,A,D,0,NA,NA,Y,NA,Y,NA,C,02,0,1,0,0,0,0,0,0,1,-,-,NA,NA,SAN DIEGO,SAN DIEGO,-117.01522827148438,32.564510345458984
9668679,2023,2024-03-20,3700,2023-12-15,1456,SH5230,NA,5,5,5,3782,0,0,0,NA,0,242,SANTA FE DR,WINDSOR RD,342,W,N,A,-,N,NA,NA,NA,NA,NA,NA,NA,NA,NA,Y,4,0,1,4,A,-,01,23152,F,N,C,D,A,A,H,-,A,A,0,NA,NA,NA,NA,Y,NA,A,01,0,0,1,0,0,0,0,0,0,-,-,NA,NA,SAN DIEGO,ENCINITAS,-117.27399444580078,33.036285400390625
9669347,2022,2024-04-08,3700,2022-12-17,2100,SH0029,NA,6,5,5,3713,0,0,0,NA,0,307,EAST VISTA WY,VALE TERRACE DR,0,NA,Y,A,-,N,NA,NA,NA,NA,NA,NA,NA,NA,NA,Y,3,0,2,3,A,-,01,23152,A,F,D,C,A,A,H,-,C,A,0,NA,NA,NA,NA,Y,Y,D,22,0,1,1,0,0,0,0,0,0,-,-,NA,NA,SAN DIEGO,VISTA,-117.23207092285156,33.211090087890625
9670283,2024,2024-05-23,3710,2024-03-04,924,OC1534,NA,1,5,6,3710,0,0,0,NA,0,011,OCEANSIDE BL,STATE TREE DR,170,E,N,A,-,N,NA,NA,NA,NA,NA,NA,NA,NA,NA,N,3,0,1,2,A,-,08,22107,NA,N,H,A,A,A,H,-,A,D,0,NA,Y,NA,NA,Y,Y,A,01,0,1,0,0,0,0,1,0,0,-,-,NA,NA,SAN DIEGO,OCEANSIDE,-117.3584213256836,33.19248962402344
9670329,2024,2024-05-28,3702,2024-03-05,857,CV1367,NA,2,5,6,3702,0,0,0,NA,0,041,EAST PALOMAR ST,SANTA FLORA RD,0,NA,Y,A,-,N,NA,NA,NA,NA,NA,NA,NA,NA,NA,N,4,0,1,2,A,-,08,22107,NA,F,D,C,A,A,H,-,A,A,0,NA,NA,NA,NA,Y,NA,A,01,0,0,1,0,0,0,0,0,0,-,-,NA,NA,SAN DIEGO,CHULA VISTA,-116.99190521240234,32.63058853149414
9671546,2024,2024-03-01,3710,2024-01-30,1930,OC1559,NA,2,5,6,3710,0,0,0,NA,0,026,DOUGLAS DR,NORTH RIVER RD,0,NA,Y,A,-,N,NA,NA,NA,NA,NA,NA,NA,NA,NA,N,3,0,1,1,A,-,03,22350,NA,N,H,A,A,A,H,-,C,A,0,NA,NA,NA,NA,Y,NA,A,01,0,1,0,0,0,0,0,0,0,-,-,NA,NA,SAN DIEGO,OCEANSIDE,-117.32264709472656,33.24536895751953
9671924,2024,2024-05-16,3711,2024-02-06,2000,SD8334,NA,2,5,7,3711,0,0,0,NA,0,451,COLLEGE GROVE DR,55TH ST,0,NA,Y,B,-,N,NA,NA,NA,NA,NA,NA,NA,NA,NA,N,3,0,1,2,A,-,08,22107,NA,M,B,C,A,-,H,-,C,A,0,NA,NA,NA,NA,Y,NA,-,99,0,1,0,0,0,0,0,0,0,-,-,NA,NA,SAN DIEGO,SAN DIEGO,-117.077392578125,32.73571014404297
9672163,2024,2024-04-16,3711,2024-02-15,1840,SD1682,NA,4,5,7,3711,0,0,0,NA,0,124,PALOMAR AV,LA JOLLA BL,0,NA,Y,A,-,N,NA,NA,NA,NA,NA,NA,NA,NA,NA,N,3,0,1,2,A,-,09,21804,A,M,B,G,A,A,H,-,D,D,0,NA,Y,NA,NA,Y,Y,-,NA,0,1,0,0,0,0,1,0,0,-,-,NA,NA,SAN DIEGO,SAN DIEGO,-117.27688598632813,32.82683563232422
9672171,2024,2024-04-16,3711,2024-02-14,1153,SD5999,NA,3,5,7,3711,0,0,0,NA,0,441,45TH ST,OCEAN VIEW BL,0,NA,Y,A,-,N,NA,NA,NA,NA,NA,NA,NA,NA,NA,N,4,0,1,2,A,-,09,21802,B,N,D,C,A,A,H,-,A,D,0,NA,NA,NA,NA,Y,NA,A,01,0,0,1,0,0,0,0,0,0,-,-,NA,NA,SAN DIEGO,SAN DIEGO,-117.09799194335938,32.70047378540039
9672175,2024,2024-04-16,3711,2024-02-14,730,SD1494,NA,3,5,7,3711,0,0,0,NA,0,242,BLACK MOUNTAIN RD,MAYA LINDA RD,0,NA,Y,-,-,N,NA,NA,NA,NA,NA,NA,NA,NA,NA,N,4,0,1,2,D,-,00,NA,NA,N,G,B,B,A,H,-,B,A,0,Y,NA,NA,NA,Y,NA,-,-,0,0,1,0,1,0,0,0,0,-,-,NA,NA,SAN DIEGO,SAN DIEGO,-117.12368011474608,32.901031494140625
9672843,2024,2024-04-27,3711,2024-02-28,1423,SD1641,NA,3,5,7,3711,0,0,0,NA,0,115,GENESEE AV,CALGARY DR,0,NA,Y,A,-,N,NA,NA,NA,NA,NA,NA,NA,NA,NA,N,4,0,1,2,A,-,08,22100,A,N,D,G,A,A,D,-,A,D,0,NA,Y,NA,NA,Y,Y,A,01,0,0,1,0,0,0,1,0,0,-,-,NA,NA,SAN DIEGO,SAN DIEGO,-117.2056121826172,32.85810089111328
9673020,2024,2024-04-09,3711,2024-02-24,1750,SD1699,NA,6,5,7,3711,0,0,0,NA,0,626,W UNIVERSITY AV,EAGLE ST,0,NA,Y,A,-,N,NA,NA,NA,NA,NA,NA,NA,NA,NA,N,3,0,1,2,D,-,00,NA,NA,N,A,C,A,A,H,-,A,D,0,NA,NA,NA,NA,Y,Y,-,-,0,1,0,0,0,0,0,0,0,-,-,NA,NA,SAN DIEGO,SAN DIEGO,-117.16956329345705,32.748958587646484
9673286,2024,2024-09-16,3711,2024-02-28,1507,SD1958,NA,3,5,7,3711,0,0,0,NA,0,712,EAST PARK AV,241 EAST PARK AV,0,NA,N,A,-,N,NA,NA,NA,NA,NA,NA,NA,NA,NA,Y,4,0,2,3,A,-,04,21703,NA,N,C,C,A,A,H,-,A,D,0,NA,NA,NA,NA,Y,NA,A,01,0,0,2,0,0,0,0,0,0,-,-,NA,NA,SAN DIEGO,SAN DIEGO,-117.04431915283205,32.55228042602539
9673292,2024,2024-05-02,3711,2024-02-25,2326,SD1735,NA,7,5,7,3711,0,0,0,NA,0,123,WEST MISSION BAY DR,1600 WEST MISSION BAY DR,0,NA,N,A,-,N,NA,NA,NA,NA,NA,NA,NA,NA,NA,N,4,0,2,1,A,-,07,21658,A,N,E,J,A,A,H,-,C,D,0,NA,NA,NA,NA,Y,NA,A,01,0,0,2,0,0,0,0,0,0,-,-,NA,NA,SAN DIEGO,SAN DIEGO,-117.21102905273438,32.79828643798828
9673597,2024,2024-04-05,3700,2024-01-10,1812,SH0759,NA,3,5,5,3713,0,0,0,NA,0,316,SYCAMORE AV,RT 78,0,NA,Y,A,-,Y,SD,11,78,-,-,9.234,R,4,E,Y,3,0,1,2,A,-,09,21453,C,N,D,C,A,A,H,-,C,A,0,NA,NA,NA,NA,Y,NA,I,11,0,1,0,0,0,0,0,0,0,-,EO,NA,NA,SAN DIEGO,VISTA,-117.21337890625,33.16537857055664
9673994,2024,2024-05-30,3711,2024-03-10,740,SD1513,NA,7,5,7,3711,0,0,0,NA,0,823,UNIVERSITY AV,UNIVERSITY AV 5900,0,NA,Y,A,-,N,NA,NA,NA,NA,NA,NA,NA,NA,NA,N,3,0,1,1,C,-,18,NA,NA,N,E,I,A,A,H,-,A,D,0,NA,NA,NA,NA,Y,NA,-,-,0,1,0,0,0,0,0,0,0,-,-,NA,NA,SAN DIEGO,SAN DIEGO,-117.16390228271484,32.74827194213867
9674004,2024,2024-05-24,3702,2024-03-06,515,CV1137,NA,3,5,6,3702,0,0,0,NA,0,024,MAIN ST,MELROSE AV,130,W,N,A,-,N,NA,NA,NA,NA,NA,NA,NA,NA,NA,Y,2,0,1,2,A,-,08,22102,NA,N,D,C,A,A,H,-,C,D,0,NA,NA,Y,NA,Y,NA,I,11,1,0,0,0,0,0,0,0,1,-,-,NA,NA,SAN DIEGO,CHULA VISTA,-117.04054260253906,32.59479904174805
9674836,2024,2024-06-06,3708,2024-03-08,2220,LM1259,NA,5,5,5,3708,0,0,0,NA,0,003,LA MESA BL,EL CAJON BL,0,NA,Y,A,-,N,NA,NA,NA,NA,NA,NA,NA,NA,NA,Y,4,0,1,1,A,-,01,23152,A,N,E,I,A,A,H,-,C,A,0,NA,NA,NA,NA,Y,Y,A,07,0,0,1,0,0,0,0,0,0,-,-,NA,NA,SAN DIEGO,LA MESA,-117.03024291992188,32.76845932006836
9676111,2024,2024-03-29,3710,2024-01-19,27,OC1553,NA,5,5,6,3710,0,0,0,NA,0,032,RT 76,OLD GROVE RD,0,NA,Y,E,-,Y,SD,11,76,-,R,4.899,I,5,E,N,3,0,1,2,A,-,08,22107,NA,N,B,C,A,A,H,-,-,A,0,NA,NA,NA,NA,Y,NA,A,07,0,1,0,0,0,0,0,0,0,-,-,NA,NA,SAN DIEGO,OCEANSIDE,-117.30796813964844,33.23278045654297
9676476,2024,2024-04-09,3700,2024-01-18,734,SH2659,NA,4,5,5,3712,0,0,0,NA,0,349,SAN ELLIJO RD,MELROSE DR,492,W,N,A,-,N,NA,NA,NA,NA,NA,NA,NA,NA,NA,N,3,0,1,1,A,-,-,NA,NA,N,H,J,A,A,H,-,A,D,0,NA,Y,NA,NA,Y,NA,L,04,0,1,0,0,0,0,1,0,0,-,-,NA,NA,SAN DIEGO,SAN MARCOS,-117.2163543701172,33.10013198852539
9678347,2024,2024-04-15,3711,2024-02-22,750,SD7008,NA,4,5,7,3711,0,0,0,NA,0,522,W HARBOR DR,FRONT ST,57,E,N,A,-,N,NA,NA,NA,NA,NA,NA,NA,NA,NA,N,3,0,1,2,A,-,08,22107,NA,N,B,C,A,A,H,-,A,A,0,NA,NA,Y,NA,Y,NA,A,01,0,1,0,0,0,0,0,0,1,-,-,NA,NA,SAN DIEGO,SAN DIEGO,-117.16500091552734,32.709259033203125
9678352,2024,2024-04-15,3700,2024-02-26,1729,SH0798,NA,1,5,4,3720,0,0,0,NA,0,606,LEMON GROVE AV,MASSACHUSETTS AV,0,NA,Y,A,-,N,NA,NA,NA,NA,NA,NA,NA,NA,NA,Y,4,0,5,2,A,-,09,21453,C,N,D,C,A,A,H,-,A,A,0,NA,NA,NA,NA,Y,NA,A,01,0,0,5,0,0,0,0,0,0,-,-,NA,NA,SAN DIEGO,LEMON GROVE,-117.03884887695313,32.724098205566406
9678591,2023,2024-06-27,3700,2023-12-29,1528,SH1147,NA,5,5,5,3782,0,0,0,NA,0,241,SAN ELIJO AV,ABERDEEN DR,0,NA,Y,A,-,N,NA,NA,NA,NA,NA,NA,NA,NA,NA,N,4,0,1,2,A,-,11,21950,B,N,G,B,D,A,H,-,A,D,0,Y,NA,NA,NA,Y,NA,N,60,0,0,1,0,1,0,0,0,0,-,-,NA,NA,SAN DIEGO,ENCINITAS,-117.2820281982422,33.02021789550781
9679174,2024,2024-03-26,3700,2024-01-18,1642,SH0817,NA,4,5,5,3712,0,0,0,NA,0,350,KNOLL RD,SAN MARCOS BL,22,N,N,A,-,N,NA,NA,NA,NA,NA,NA,NA,NA,NA,Y,2,0,1,2,A,-,01,23152,A,F,A,C,A,A,H,-,A,A,0,NA,NA,NA,NA,Y,Y,A,01,1,0,0,0,0,0,0,0,0,-,-,NA,NA,SAN DIEGO,SAN MARCOS,-117.17426300048828,33.13862609863281
9679310,2022,2024-03-18,3710,2022-09-05,2127,OC1540,NA,1,5,6,3710,0,0,0,NA,0,003,SOUTH PACIFIC ST,FORSTER ST,75,N,N,A,-,N,NA,NA,NA,NA,NA,NA,NA,NA,NA,N,3,0,1,2,A,-,11,21954,A,F,G,B,E,A,H,-,C,D,0,Y,NA,NA,NA,Y,NA,N,60,0,1,0,0,1,0,0,0,0,-,-,NA,NA,SAN DIEGO,OCEANSIDE,-117.37383270263672,33.18287658691406
9679470,2024,2024-04-05,3702,2024-02-24,1835,CV1355,NA,6,5,6,3702,0,0,0,NA,0,024,MAIN ST,RT 805,0,NA,Y,B,-,Y,SD,11,805,-,-,3.522,R,4,N,N,3,0,1,2,A,-,12,21453,A,N,G,G,A,A,H,-,C,A,0,NA,Y,NA,NA,Y,NA,-,-,0,1,0,0,0,0,1,0,0,-,NF,NA,NA,SAN DIEGO,CHULA VISTA,-117.03617095947266,32.59281539916992
9680711,2024,2024-06-05,3700,2024-03-13,2158,SH3606,NA,3,5,5,3712,0,0,0,NA,0,352,SYCAMORE DR,MULBERRY DR,45,W,N,A,-,N,NA,NA,NA,NA,NA,NA,NA,NA,NA,Y,3,0,1,1,A,-,01,23152,A,N,E,I,A,A,H,-,C,D,0,NA,NA,NA,NA,Y,Y,A,01,0,1,0,0,0,0,0,0,0,-,-,NA,NA,SAN DIEGO,SAN MARCOS,-117.15045928955078,33.18401336669922
9680754,2024,2024-06-13,3711,2024-03-05,1628,SD5773,NA,2,5,7,3711,0,0,0,NA,0,441,IMPERIAL AV,40TH ST,242,E,N,B,-,N,NA,NA,NA,NA,NA,NA,NA,NA,NA,N,3,0,2,2,A,-,05,21651,A,N,B,C,A,A,H,-,A,D,0,NA,NA,NA,NA,Y,NA,A,01,0,1,1,0,0,0,0,0,0,-,-,NA,NA,SAN DIEGO,SAN DIEGO,-117.1072235107422,32.70418167114258
9680862,2024,2024-05-23,3710,2024-03-14,2023,OC1550,NA,4,5,6,3710,0,0,0,NA,0,022,NORTH SANTA FE AV,RT 76,360,S,N,A,-,N,NA,NA,NA,NA,NA,NA,NA,NA,NA,Y,4,0,1,2,A,-,08,22107,NA,N,B,C,A,A,H,-,C,D,0,NA,NA,NA,NA,Y,NA,A,07,0,0,1,0,0,0,0,0,0,-,-,NA,NA,SAN DIEGO,OCEANSIDE,-117.28077697753906,33.24518585205078
9680871,2024,2024-05-22,3711,2024-03-17,10,SD1788,NA,7,5,7,3711,0,0,0,NA,0,451,REDWOOD ST,53RD ST,0,NA,Y,A,-,N,NA,NA,NA,NA,NA,NA,NA,NA,NA,N,4,0,1,3,A,-,03,22349,B,N,B,C,A,A,-,-,A,D,0,NA,NA,NA,Y,Y,NA,A,01,0,0,1,0,0,0,0,0,0,-,-,NA,NA,SAN DIEGO,SAN DIEGO,-117.08141326904295,32.73769760131836
9681032,2024,2024-04-11,3700,2024-02-11,251,SH3197,NA,7,5,5,3712,0,0,0,NA,0,355,SAN MARCOS BL,LAS POSAS RD,930,E,N,A,-,N,NA,NA,NA,NA,NA,NA,NA,NA,NA,Y,3,0,1,1,A,-,08,22107,NA,N,E,I,A,A,H,-,C,D,0,NA,NA,NA,NA,Y,NA,A,01,0,1,0,0,0,0,0,0,0,-,-,NA,NA,SAN DIEGO,SAN MARCOS,-117.19105529785156,33.13404083251953
9682761,2023,2024-06-11,3705,2023-11-28,1536,EC0397,NA,2,5,5,3705,0,0,0,NA,0,001,FLETCHER PKWY,N JOHNSON RD,9,S,N,A,-,N,NA,NA,NA,NA,NA,NA,NA,NA,NA,N,4,0,1,2,A,-,12,21453,A,N,D,C,A,A,H,-,A,A,0,NA,NA,NA,NA,Y,NA,A,01,0,0,1,0,0,0,0,0,0,-,-,NA,NA,SAN DIEGO,EL CAJON,-116.97100830078124,32.807559967041016
9684278,2024,2024-04-17,3700,2024-01-03,1050,SH0817,NA,3,5,5,3781,0,0,0,NA,0,519,MISSION GORGE RD,MISSION GREENS RD,0,NA,Y,C,-,N,NA,NA,NA,NA,NA,NA,NA,NA,NA,Y,4,0,1,2,D,-,00,NA,NA,F,D,C,A,B,H,-,A,A,0,NA,NA,NA,NA,Y,NA,-,-,0,0,1,0,0,0,0,0,0,-,-,NA,NA,SAN DIEGO,SANTEE,-116.98159027099608,32.83857727050781
9684864,2024,2024-06-26,3702,2024-04-07,1600,CV1506,NA,7,5,6,3702,0,0,0,NA,0,021,PALOMAR ST,INDUSTRIAL AV,0,NA,Y,A,-,N,NA,NA,NA,NA,NA,NA,NA,NA,NA,Y,4,0,2,2,A,-,12,21453,A,N,D,C,A,A,H,-,A,A,0,NA,NA,NA,NA,Y,NA,A,01,0,0,2,0,0,0,0,0,0,-,-,NA,NA,SAN DIEGO,CHULA VISTA,-117.08563995361328,32.6039924621582
9685057,2024,2024-06-18,3702,2024-04-01,2035,CV1519,NA,1,5,6,3702,0,0,0,NA,0,023,MONSERATE ST,EAST PALOMAR ST,21,N,N,A,-,N,NA,NA,NA,NA,NA,NA,NA,NA,NA,N,4,0,1,2,A,-,10,21950,A,N,G,B,B,A,H,-,C,D,0,Y,NA,NA,NA,Y,NA,A,01,0,0,1,0,1,0,0,0,0,-,-,NA,NA,SAN DIEGO,CHULA VISTA,-117.04666900634766,32.61283493041992
9685154,2024,2024-06-04,3702,2024-04-19,2107,CV1427,NA,5,5,6,3702,0,0,0,NA,0,012,BROADWAY AV,H ST,12,N,N,A,-,N,NA,NA,NA,NA,NA,NA,NA,NA,NA,N,3,0,1,2,A,-,11,21950,B,F,G,B,B,A,H,-,C,A,0,Y,NA,NA,NA,Y,NA,N,60,0,1,0,0,1,0,0,0,0,-,-,NA,NA,SAN DIEGO,CHULA VISTA,-117.08946990966795,32.6309928894043
9685288,2024,2024-06-20,3711,2024-04-10,1919,SD1706,NA,3,5,7,3711,0,0,0,NA,0,625,JACKSON ST,MASON ST,300,E,N,A,-,N,NA,NA,NA,NA,NA,NA,NA,NA,NA,N,3,0,1,1,A,-,03,22350,NA,N,E,J,A,A,H,-,B,D,0,NA,Y,NA,NA,Y,NA,-,NA,0,1,0,0,0,0,1,0,0,-,-,NA,NA,SAN DIEGO,SAN DIEGO,-117.19445037841795,32.75584411621094
9686414,2024,2024-08-12,3700,2024-06-04,1545,SH0141,NA,2,5,5,3712,0,0,0,NA,0,354,MONTIEL RD,NORDAHL RD,175,E,N,A,-,N,NA,NA,NA,NA,NA,NA,NA,NA,NA,Y,3,0,1,2,A,-,09,21804,A,N,D,C,A,A,H,-,A,D,0,NA,NA,NA,NA,Y,NA,A,01,0,1,0,0,0,0,0,0,0,-,-,NA,NA,SAN DIEGO,SAN MARCOS,-117.11994934082033,33.133304595947266
9686519,2024,2024-07-17,3700,2024-04-29,2120,SH0782,NA,1,5,5,3712,0,0,0,NA,0,350,WEST SAN MARCOS BL,KNOLL RD,77,E,N,A,-,N,NA,NA,NA,NA,NA,NA,NA,NA,NA,N,3,0,1,2,A,-,03,22350,NA,N,C,C,A,A,H,-,C,D,0,NA,NA,NA,NA,Y,NA,A,01,0,1,0,0,0,0,0,0,0,-,-,NA,NA,SAN DIEGO,SAN MARCOS,-117.17400360107422,33.138633728027344
9686731,2024,2024-08-06,3702,2024-06-19,1613,CV1526,NA,3,5,6,3702,0,0,0,NA,0,014,E FLOWER,E ST,637,N,N,A,-,N,NA,NA,NA,NA,NA,NA,NA,NA,NA,Y,3,0,1,1,C,-,18,NA,NA,N,H,J,A,A,H,-,A,D,0,NA,NA,NA,NA,Y,NA,-,-,0,1,0,0,0,0,0,0,0,-,-,NA,NA,SAN DIEGO,CHULA VISTA,-117.06747436523438,32.649600982666016
9687607,2024,2024-04-18,3705,2024-02-27,2018,EC0297,NA,2,5,5,3705,0,0,0,NA,0,002,MOLLISON AV,MAIN ST,10,N,N,A,-,N,NA,NA,NA,NA,NA,NA,NA,NA,NA,N,4,0,2,2,A,-,08,22107,NA,F,B,C,A,A,H,-,C,A,0,NA,NA,NA,NA,Y,NA,-,99,0,0,2,0,0,0,0,0,0,-,-,NA,NA,SAN DIEGO,EL CAJON,-116.95098114013672,32.79494857788086
9689360,2024,2024-06-18,3711,2024-04-14,1009,SD1598,NA,7,5,7,3711,0,0,0,NA,0,512,WEBSTER AV,WEBSTER AV 2800,0,NA,N,A,-,N,NA,NA,NA,NA,NA,NA,NA,NA,NA,N,3,0,1,3,A,-,13,22515,A,N,G,B,E,A,H,-,A,D,0,Y,NA,Y,NA,Y,NA,C,06,0,1,0,0,1,0,0,0,0,-,-,NA,NA,SAN DIEGO,SAN DIEGO,NA,NA
9689413,2024,2024-06-21,3711,2024-04-08,1211,SD7864,NA,1,5,7,3711,0,0,0,NA,0,122,MISSION BAY DR,GARNET AV,150,N,N,A,-,N,NA,NA,NA,NA,NA,NA,NA,NA,NA,N,4,0,1,2,A,-,09,21804,A,N,C,C,A,A,H,-,A,A,0,NA,NA,NA,NA,Y,NA,A,07,0,0,1,0,0,0,0,0,0,-,-,NA,NA,SAN DIEGO,SAN DIEGO,-117.21913146972656,32.80653762817383