CASE_ID,ACCIDENT_YEAR,PROC_DATE,JURIS,COLLISION_DATE,COLLISION_TIME,OFFICER_ID,REPORTING_DISTRICT,DAY_OF_WEEK,CHP_SHIFT,POPULATION,CNTY_CITY_LOC,SPECIAL_COND,BEAT_TYPE,CHP_BEAT_TYPE,CITY_DIVISION_LAPD,CHP_BEAT_CLASS,BEAT_NUMBER,PRIMARY_RD,SECONDARY_RD,DISTANCE,DIRECTION,INTERSECTION,WEATHER_1,WEATHER_2,STATE_HWY_IND,CALTRANS_COUNTY,CALTRANS_DISTRICT,STATE_ROUTE,ROUTE_SUFFIX,POSTMILE_PREFIX,POSTMILE,LOCATION_TYPE,RAMP_INTERSECTION,SIDE_OF_HWY,TOW_AWAY,COLLISION_SEVERITY,NUMBER_KILLED,NUMBER_INJURED,PARTY_COUNT,PRIMARY_COLL_FACTOR,PCF_CODE_OF_VIOL,PCF_VIOL_CATEGORY,PCF_VIOLATION,PCF_VIOL_SUBSECTION,HIT_AND_RUN,TYPE_OF_COLLISION,MVIW,PED_ACTION,ROAD_SURFACE,ROAD_COND_1,ROAD_COND_2,LIGHTING,CONTROL_DEVICE,CHP_ROAD_TYPE,PEDESTRIAN_ACCIDENT,BICYCLE_ACCIDENT,MOTORCYCLE_ACCIDENT,TRUCK_ACCIDENT,NOT_PRIVATE_PROPERTY,ALCOHOL_INVOLVED,STWD_VEHTYPE_AT_FAULT,CHP_VEHTYPE_AT_FAULT,COUNT_SEVERE_INJ,COUNT_VISIBLE_INJ,COUNT_COMPLAINT_PAIN,COUNT_PED_KILLED,COUNT_PED_INJURED,COUNT_BICYCLIST_KILLED,COUNT_BICYCLIST_INJURED,COUNT_MC_KILLED,COUNT_MC_INJURED,PRIMARY_RAMP,SECONDARY_RAMP,LATITUDE,LONGITUDE,COUNTY,CITY,POINT_X,POINT_Y
9689691,2024,2024-05-29,3711,2024-04-17,418,SD1644,NA,3,5,7,3711,0,0,0,NA,0,435,MALLARD ST,SWAN ST,0,NA,Y,A,-,N,NA,NA,NA,NA,NA,NA,NA,NA,NA,Y,3,0,1,2,A,-,08,38314,NA,N,A,C,A,A,H,-,A,B,0,NA,NA,NA,NA,Y,Y,A,01,0,1,0,0,0,0,0,0,0,-,-,NA,NA,SAN DIEGO,SAN DIEGO,-117.06055450439452,32.72950744628906
9689698,2024,2024-05-29,3711,2024-04-16,1224,SD1651,NA,2,5,7,3711,0,0,0,NA,0,621,LINDA VISTA RD,FULTON ST,262,N,N,A,-,N,NA,NA,NA,NA,NA,NA,NA,NA,NA,Y,3,0,1,1,A,-,08,22107,NA,N,A,I,A,A,H,-,A,D,0,NA,NA,NA,NA,Y,NA,A,01,0,1,0,0,0,0,0,0,0,-,-,NA,NA,SAN DIEGO,SAN DIEGO,-117.1670150756836,32.79049301147461
9689753,2024,2024-05-30,3711,2024-04-15,2500,SD1066,NA,1,5,7,3711,0,0,0,NA,0,113,BALBOA AV,CLAIREMONT DR,20,E,N,A,-,N,NA,NA,NA,NA,NA,NA,NA,NA,NA,Y,3,0,2,2,A,-,12,21453,A,N,D,C,A,A,H,-,A,A,0,NA,NA,NA,NA,Y,Y,A,01,0,1,1,0,0,0,0,0,0,-,-,NA,NA,SAN DIEGO,SAN DIEGO,-117.20100402832033,32.81167984008789
9689842,2024,2024-07-29,3700,2024-03-02,2054,SH6941,NA,6,5,4,3707,0,0,0,NA,0,709,IMPERIAL BEACH BL,CONNECTICUT ST,0,NA,Y,A,-,N,NA,NA,NA,NA,NA,NA,NA,NA,NA,N,4,0,2,2,A,-,12,22450,A,N,D,C,A,A,H,-,C,A,0,NA,NA,NA,NA,Y,NA,A,01,0,0,2,0,0,0,0,0,0,-,-,NA,NA,SAN DIEGO,IMPERIAL BEACH,-117.11871337890624,32.57657241821289
9690493,2024,2024-06-21,3711,2024-04-21,1606,SD1784,NA,7,5,7,3711,0,0,0,NA,0,623,HOTEL CIRCLE NORTH,CAMINO DE LA REINA,0,NA,Y,A,-,N,NA,NA,NA,NA,NA,NA,NA,NA,NA,N,4,0,1,2,B,-,22,NA,NA,N,D,C,A,A,H,-,A,A,0,NA,NA,NA,NA,Y,NA,A,01,0,0,1,0,0,0,0,0,0,-,-,NA,NA,SAN DIEGO,SAN DIEGO,-117.16663360595705,32.76171112060547
9691524,2024,2024-04-26,3711,2024-03-20,1431,SD1562,NA,3,5,7,3711,0,0,0,NA,0,243,PADGETT ST,MIRAMAR RD,0,NA,N,A,-,N,NA,NA,NA,NA,NA,NA,NA,NA,NA,N,4,0,1,1,A,-,08,38314,NA,N,A,J,A,A,H,-,A,D,0,NA,NA,NA,NA,Y,NA,A,01,0,0,1,0,0,0,0,0,0,-,-,NA,NA,SAN DIEGO,SAN DIEGO,-117.1269989013672,32.893714904785156
9691895,2024,2024-06-25,3702,2024-04-23,525,CV1522,NA,2,5,6,3702,0,0,0,NA,0,032,PROCTOR VALLEY RD,NORTHWOODS DR,125,E,N,A,-,N,NA,NA,NA,NA,NA,NA,NA,NA,NA,Y,3,0,1,1,A,-,03,22350,NA,N,E,J,A,A,H,-,C,D,0,NA,NA,NA,NA,Y,NA,D,22,0,1,0,0,0,0,0,0,0,-,-,NA,NA,SAN DIEGO,CHULA VISTA,-116.94142150878906,32.6598014831543
9692657,2024,2024-08-01,3711,2024-05-01,1348,SD1743,NA,3,5,7,3711,0,0,0,NA,0,712,SAN YSIDRO BL,VIRGINIA BLVD,0,NA,Y,A,-,N,NA,NA,NA,NA,NA,NA,NA,NA,NA,N,3,0,1,2,A,-,10,21950,A,N,G,B,D,A,H,-,A,-,0,Y,NA,NA,NA,Y,NA,A,07,0,1,0,0,1,0,0,0,0,-,-,NA,NA,SAN DIEGO,SAN DIEGO,-117.03643035888672,32.55002975463867
9692879,2024,2024-07-09,3700,2024-04-14,1525,SH6941,NA,7,5,4,3707,0,0,0,NA,0,702,9TH ST,PALM AV,0,NA,Y,A,-,N,NA,NA,NA,NA,NA,NA,NA,NA,NA,N,4,0,2,2,A,-,09,21804,A,N,D,C,A,A,H,-,A,-,0,NA,NA,NA,NA,Y,NA,A,01,0,0,2,0,0,0,0,0,0,-,-,NA,NA,SAN DIEGO,IMPERIAL BEACH,-117.11431884765624,32.5838623046875
9692991,2024,2024-07-30,3711,2024-05-11,720,SD8404,NA,6,5,7,3711,0,0,0,NA,0,614,CABLE ST,BRIGHTON AV,4,S,N,B,-,N,NA,NA,NA,NA,NA,NA,NA,NA,NA,N,3,0,1,2,A,-,21,22106,NA,N,D,G,A,A,H,-,A,D,0,NA,Y,NA,NA,Y,NA,D,22,0,1,0,0,0,0,1,0,0,-,-,NA,NA,SAN DIEGO,SAN DIEGO,-117.24642944335938,32.74913024902344
9693069,2024,2024-07-08,3710,2024-05-02,600,OC1504,NA,4,5,6,3710,0,0,0,NA,0,021,RT 76,DOUGLAS DR,950,E,N,B,-,Y,SD,11,76,-,R,3.93,H,-,W,Y,4,0,2,3,A,-,03,22350,NA,N,C,C,A,A,H,-,A,A,0,NA,NA,NA,NA,Y,NA,D,22,0,0,2,0,0,0,0,0,0,-,-,NA,NA,SAN DIEGO,OCEANSIDE,-117.32292175292967,33.226661682128906
9694313,2024,2024-06-26,3711,2024-05-24,1647,SD6000,NA,5,5,7,3711,0,0,0,NA,0,714,CAMINO DE LA PLAZA,RT 5,0,NA,Y,A,-,Y,SD,11,5,-,R,0.394,R,4,S,Y,4,0,5,3,A,-,03,22350,NA,N,B,E,A,A,H,-,A,A,0,NA,NA,NA,NA,Y,NA,A,01,0,0,5,0,0,0,0,0,0,-,FR,NA,NA,SAN DIEGO,SAN DIEGO,-117.03386688232422,32.54511642456055
9695862,2024,2024-05-10,3709,2024-03-12,1940,NC0543,NA,2,5,5,3709,0,0,0,NA,0,020,NATIONAL CITY BL,NATIONAL CITY BL 1800,0,NA,-,A,-,N,NA,NA,NA,NA,NA,NA,NA,NA,NA,N,4,0,2,2,A,-,17,21451,A,N,D,C,A,A,H,-,C,A,0,NA,NA,NA,NA,Y,NA,A,01,0,0,2,0,0,0,0,0,0,-,-,NA,NA,SAN DIEGO,NATIONAL CITY,NA,NA
9696421,2024,2024-06-20,3702,2024-04-27,1948,CV1523,NA,6,5,6,3702,0,0,0,NA,0,032,H ST,RT 125,23,W,N,A,-,Y,SD,11,125,-,-,5.354,R,4,S,Y,3,0,1,1,A,-,08,22107,NA,N,E,I,A,A,H,-,B,A,0,NA,NA,Y,NA,Y,NA,C,02,0,1,0,0,0,0,0,0,1,-,-,NA,NA,SAN DIEGO,CHULA VISTA,-116.98040008544922,32.661781311035156
9697252,2024,2024-05-06,3711,2024-04-14,146,SD1811,NA,7,5,7,3711,0,0,0,NA,0,434,CARDIFF ST,JAMACHA RD,0,NA,Y,A,-,N,NA,NA,NA,NA,NA,NA,NA,NA,NA,N,3,0,2,2,A,-,12,21453,A,N,F,C,A,B,H,-,C,A,0,NA,NA,NA,NA,Y,NA,A,01,0,1,1,0,0,0,0,0,0,-,-,NA,NA,SAN DIEGO,SAN DIEGO,-117.02586364746094,32.71780776977539
9697270,2024,2024-06-19,3711,2024-04-27,1735,SD1834,NA,6,5,7,3711,0,0,0,NA,0,622,FRIARS RD,VIA LAS CUMBRES,0,NA,N,A,-,N,NA,NA,NA,NA,NA,NA,NA,NA,NA,N,3,0,1,2,A,-,11,21956,A,M,G,B,E,A,H,-,A,D,0,Y,NA,NA,NA,Y,NA,N,60,0,1,0,0,1,0,0,0,0,-,-,NA,NA,SAN DIEGO,SAN DIEGO,-117.18363189697266,32.76628112792969
9697495,2024,2024-06-20,3711,2024-04-28,2220,SD1853,NA,7,5,7,3711,0,0,0,NA,0,438,VALLEY RD,REO DR,320,W,N,A,-,N,NA,NA,NA,NA,NA,NA,NA,NA,NA,Y,4,0,1,2,A,-,03,22350,NA,M,C,C,A,A,H,-,C,A,0,NA,NA,Y,NA,Y,NA,-,99,0,0,1,0,0,0,0,0,1,-,-,NA,NA,SAN DIEGO,SAN DIEGO,-117.06253814697266,32.66356658935547
9697533,2024,2024-05-15,3700,2024-03-31,1100,SH3684,NA,7,5,5,3713,0,0,0,NA,0,306,EAST BOBIER DR,SAN LUIS REY AV,13,E,N,C,-,N,NA,NA,NA,NA,NA,NA,NA,NA,NA,Y,4,0,2,2,A,-,08,22107,NA,N,A,C,A,B,H,-,A,D,0,NA,NA,NA,NA,Y,NA,A,01,0,0,2,0,0,0,0,0,0,-,-,NA,NA,SAN DIEGO,VISTA,-117.235107421875,33.22019577026367
9698027,2024,2024-08-19,3711,2024-05-09,1403,SD1325,NA,4,5,7,3711,0,0,0,NA,0,511,MAIN ST,VESTA ST,246,N,N,A,B,N,NA,NA,NA,NA,NA,NA,NA,NA,NA,N,4,0,2,3,A,-,03,22350,NA,N,C,C,A,A,H,-,A,D,0,NA,NA,NA,NA,Y,NA,-,NA,0,0,2,0,0,0,0,0,0,-,-,NA,NA,SAN DIEGO,SAN DIEGO,-117.11598205566406,32.68592071533203
9698032,2024,2024-08-19,3711,2024-05-08,2110,SD1914,NA,3,5,7,3711,0,0,0,NA,0,111,MESA COLLEGE DR,ASHFORD ST,0,NA,Y,A,-,N,NA,NA,NA,NA,NA,NA,NA,NA,NA,Y,3,0,2,2,A,-,09,21801,A,N,D,C,A,A,H,-,C,A,0,NA,NA,NA,NA,Y,NA,A,01,0,1,1,0,0,0,0,0,0,-,-,NA,NA,SAN DIEGO,SAN DIEGO,-117.1596221923828,32.80141067504883
9698049,2024,2024-05-17,3700,2024-02-02,2328,SH5656,NA,5,5,5,3781,0,0,0,NA,0,511,NORTH MAGNOLIA AV,MAST BL,0,NA,Y,A,-,N,NA,NA,NA,NA,NA,NA,NA,NA,NA,Y,3,0,5,2,A,-,01,23152,A,N,A,C,A,A,H,-,C,A,0,NA,NA,NA,NA,Y,Y,A,01,0,4,1,0,0,0,0,0,0,-,-,NA,NA,SAN DIEGO,SANTEE,-116.97116088867188,32.855194091796875
9698777,2024,2024-06-18,3711,2024-04-20,1413,SD1908,NA,6,5,7,3711,0,0,0,NA,0,934,CARMEL MOUNTAIN RD,VISTA SORRENTO PKWY,0,NA,Y,A,-,N,NA,NA,NA,NA,NA,NA,NA,NA,NA,Y,3,0,2,2,A,-,12,21453,A,N,A,C,A,A,H,-,A,A,0,NA,NA,NA,NA,Y,NA,A,01,0,1,1,0,0,0,0,0,0,-,-,NA,NA,SAN DIEGO,SAN DIEGO,-117.23085784912108,32.92050552368164
9698932,2024,2024-06-11,3711,2024-04-26,1527,SD7550,NA,5,5,7,3711,0,0,0,NA,0,113,CLAIREMONT DR,BALBOA AV,0,NA,Y,B,-,N,NA,NA,NA,NA,NA,NA,NA,NA,NA,Y,4,0,1,2,A,-,07,21658,A,N,B,C,A,A,D,-,A,A,0,NA,NA,NA,NA,Y,NA,A,07,0,0,1,0,0,0,0,0,0,-,-,NA,NA,SAN DIEGO,SAN DIEGO,-117.20107269287108,32.81167984008789
9699153,2024,2024-05-21,3700,2024-02-29,1734,SH3783,NA,4,5,5,3782,0,0,0,NA,0,242,SANTA FE DR,NARDO RD,0,NA,Y,A,-,N,NA,NA,NA,NA,NA,NA,NA,NA,NA,N,3,0,1,2,A,-,11,21950,B,N,G,B,B,A,D,-,B,A,0,Y,NA,NA,NA,Y,NA,N,60,0,1,0,0,1,0,0,0,0,-,-,NA,NA,SAN DIEGO,ENCINITAS,-117.2772216796875,33.03626251220703
9699620,2024,2024-07-23,3711,2024-05-21,1602,SD7185,NA,2,5,7,3711,0,0,0,NA,0,524,A ST,10TH AV,17,W,N,A,-,N,NA,NA,NA,NA,NA,NA,NA,NA,NA,N,2,0,1,1,A,-,08,22107,NA,N,E,I,A,A,H,-,A,A,0,NA,Y,NA,NA,Y,NA,L,04,1,0,0,0,0,0,1,0,0,-,-,NA,NA,SAN DIEGO,SAN DIEGO,-117.15567779541016,32.7188606262207
9699623,2024,2024-07-19,3711,2024-05-10,1705,SD7759,NA,5,5,7,3711,0,0,0,NA,0,322,GLENROY ST,GREENBRIER AV,69,S,N,A,-,N,NA,NA,NA,NA,NA,NA,NA,NA,NA,N,3,0,1,2,A,-,11,21950,B,N,G,B,D,A,H,-,A,D,0,Y,NA,NA,NA,Y,NA,N,60,0,1,0,0,1,0,0,0,0,-,-,NA,NA,SAN DIEGO,SAN DIEGO,-117.08139038085938,32.794437408447266
9699767,2024,2024-08-13,3711,2024-05-16,1351,SD6000,NA,4,5,7,3711,0,0,0,NA,0,624,WEST UNIVERSITY AVE,DOVE ST,24,E,N,A,-,N,NA,NA,NA,NA,NA,NA,NA,NA,NA,N,3,0,1,2,A,-,08,22107,NA,N,B,G,A,A,H,-,A,D,0,NA,Y,NA,NA,Y,NA,L,04,0,1,0,0,0,0,1,0,0,-,-,NA,NA,SAN DIEGO,SAN DIEGO,-117.16856384277344,32.74897003173828
9700578,2024,2024-06-21,3700,2024-04-03,1218,SH3271,NA,3,5,3,3783,0,0,0,NA,0,291,VIA DE LA VALLE,VIA DE LA VALLE 322,0,NA,Y,A,-,N,NA,NA,NA,NA,NA,NA,NA,NA,NA,N,4,0,1,2,A,-,09,21801,A,N,D,G,A,A,H,-,A,D,0,NA,Y,NA,NA,Y,NA,A,01,0,0,1,0,0,0,1,0,0,-,-,NA,NA,SAN DIEGO,SOLANA BEACH,-117.25151824951172,32.98029327392578
9702303,2024,2024-07-25,3700,2024-04-28,131,SH4092,NA,7,5,4,3707,0,0,0,NA,0,701,RT 75,RAINBOW DR,50,E,N,A,-,N,NA,NA,NA,NA,NA,NA,NA,NA,NA,N,3,0,1,2,A,-,00,23153,G,N,C,C,A,A,H,-,C,A,0,NA,NA,NA,NA,Y,Y,A,01,0,1,0,0,0,0,0,0,0,-,-,NA,NA,SAN DIEGO,IMPERIAL BEACH,-117.1205825805664,32.585968017578125
9702774,2024,2024-07-30,3709,2024-05-03,1656,NC0493,NA,5,5,5,3709,0,0,0,NA,0,021,HIGHLAND AV,E 2ND ST,0,NA,Y,A,-,N,NA,NA,NA,NA,NA,NA,NA,NA,NA,Y,4,0,2,2,A,-,09,21802,B,N,D,C,A,A,H,-,A,D,0,NA,NA,NA,NA,Y,NA,A,01,0,0,2,0,0,0,0,0,0,-,-,NA,NA,SAN DIEGO,NATIONAL CITY,-117.10073852539063,32.683319091796875
9703667,2024,2024-07-17,3700,2024-05-23,924,SH3197,NA,4,5,5,3712,0,0,0,NA,0,355,PACIFIC ST,SAN MARCOS BL,1042,N,N,A,-,N,NA,NA,NA,NA,NA,NA,NA,NA,NA,N,4,0,2,3,A,-,08,22107,NA,N,B,C,A,A,H,-,A,D,0,NA,NA,NA,NA,Y,NA,A,01,0,0,2,0,0,0,0,0,0,-,-,NA,NA,SAN DIEGO,SAN MARCOS,-117.1982192993164,33.13505172729492
9706058,2024,2024-06-05,3710,2024-03-30,1824,OC1561,NA,6,5,6,3710,0,0,0,NA,0,030,COLLEGE BL,PLAZA DR,0,NA,Y,A,-,N,NA,NA,NA,NA,NA,NA,NA,NA,NA,Y,4,0,2,5,C,-,18,NA,NA,N,C,C,A,A,H,-,B,A,0,NA,NA,NA,NA,Y,NA,-,-,0,0,2,0,0,0,0,0,0,-,-,NA,NA,SAN DIEGO,OCEANSIDE,-117.29637145996094,33.182037353515625
9706289,2024,2024-07-02,3710,2024-05-14,1131,OC1507,NA,2,5,6,3710,0,0,0,NA,0,026,VISTA WAY,RANCHO DEL ORO,115,E,N,A,-,N,NA,NA,NA,NA,NA,NA,NA,NA,NA,N,4,0,1,3,A,-,03,22350,NA,N,C,C,A,A,H,-,A,A,0,NA,NA,NA,NA,Y,NA,A,01,0,0,1,0,0,0,0,0,0,-,-,NA,NA,SAN DIEGO,OCEANSIDE,-117.31103515625,33.18198776245117
9706514,2024,2024-07-25,3700,2024-03-29,1357,SH7085,NA,5,5,5,3713,0,0,0,NA,0,310,VISTA VILLAGE DR,RT 78,0,NA,Y,A,-,Y,SD,11,78,-,-,6.103,R,4,W,N,4,0,2,2,A,-,03,22350,NA,N,C,C,A,A,H,-,A,A,0,NA,NA,NA,NA,Y,NA,A,07,0,0,2,0,0,0,0,0,0,-,WO,NA,NA,SAN DIEGO,VISTA,-117.25177764892578,33.19505310058594
9707225,2024,2024-07-24,3711,2024-05-28,2348,SD1897,NA,2,5,7,3711,0,0,0,NA,0,723,BEYER BL,CORONADO AV,0,NA,Y,B,-,N,NA,NA,NA,NA,NA,NA,NA,NA,NA,N,4,0,2,2,A,-,09,21804,A,N,B,C,A,A,H,-,C,D,0,NA,NA,NA,NA,Y,NA,-,NA,0,0,2,0,0,0,0,0,0,-,CO,NA,NA,SAN DIEGO,SAN DIEGO,-117.06892395019533,32.57685089111328
9707240,2024,2024-07-30,3711,2024-05-29,1100,SD1617,NA,3,5,7,3711,0,0,0,NA,0,115,CAMINITO PLAZA CENTRO,NOBEL DR,0,NA,Y,A,-,N,NA,NA,NA,NA,NA,NA,NA,NA,NA,N,4,0,1,2,A,-,12,21453,A,N,D,C,A,A,H,-,A,A,0,NA,NA,NA,NA,Y,NA,A,01,0,0,1,0,0,0,0,0,0,-,-,NA,NA,SAN DIEGO,SAN DIEGO,-117.22714233398438,32.86830520629883
9707249,2024,2024-08-22,3711,2024-05-29,2015,SD7900,NA,3,5,7,3711,0,0,0,NA,0,723,PICADOR BL,RT 905,110,S,N,A,-,Y,SD,11,905,-,-,4.591,R,4,W,N,3,0,2,3,A,-,08,22107,NA,N,C,C,A,A,D,E,C,A,0,NA,NA,NA,NA,Y,NA,A,01,0,1,1,0,0,0,0,0,0,-,WO,NA,NA,SAN DIEGO,SAN DIEGO,-117.05035400390624,32.568443298339844
9707769,2024,2024-07-22,3700,2024-05-04,2108,SH7690,NA,6,5,4,3780,0,0,0,NA,0,412,POWAY RD,RT 67,0,NA,Y,A,-,Y,SD,11,67,-,-,15.2,I,5,S,N,3,0,1,3,A,-,03,22350,NA,M,E,C,A,A,H,-,C,A,0,NA,NA,NA,NA,Y,NA,A,01,0,1,0,0,0,0,0,0,0,-,-,NA,NA,SAN DIEGO,POWAY,-116.97340393066406,32.97850036621094
9708293,2024,2024-08-07,3709,2024-06-20,1735,NC0543,NA,4,5,5,3709,0,0,0,NA,0,020,8TH ST,8TH ST 100,0,NA,N,A,-,N,NA,NA,NA,NA,NA,NA,NA,NA,NA,Y,3,0,1,1,A,-,08,22107,NA,N,E,I,A,A,H,-,A,D,0,NA,NA,NA,NA,Y,NA,A,01,0,1,0,0,0,0,0,0,0,-,-,NA,NA,SAN DIEGO,NATIONAL CITY,-117.10692596435548,32.67584228515625
9708720,2024,2024-07-12,3708,2024-05-29,1322,IM1268,NA,3,5,5,3708,0,0,0,NA,0,002,JACKSON DR,EL PASO ST,158,S,N,A,-,N,NA,NA,NA,NA,NA,NA,NA,NA,NA,Y,3,0,2,3,A,-,01,23153,A,N,B,E,A,A,H,-,A,D,0,NA,NA,NA,NA,Y,Y,-,NA,0,2,0,0,0,0,0,0,0,-,-,NA,NA,SAN DIEGO,LA MESA,-117.01862335205078,32.787750244140625
9709770,2024,2024-08-21,3700,2024-07-10,1715,SH0768,NA,3,5,5,3712,0,0,0,NA,0,355,VIA VERA CRUZ,BOARDWALK,0,NA,Y,A,-,N,NA,NA,NA,NA,NA,NA,NA,NA,NA,Y,4,0,1,2,A,-,09,21801,A,N,D,C,A,A,H,-,A,D,0,NA,NA,NA,NA,Y,NA,A,01,0,0,1,0,0,0,0,0,0,-,-,NA,NA,SAN DIEGO,SAN MARCOS,-117.18840789794922,33.13600158691406
9710143,2024,2024-07-31,3700,2024-06-04,1240,SH3684,NA,2,5,5,3713,0,0,0,NA,0,315,LUPINE HILLS DR,SHADOW RIDGE DR,477,N,N,A,-,N,NA,NA,NA,NA,NA,NA,NA,NA,NA,Y,3,0,1,2,A,-,03,22350,NA,N,D,C,A,A,H,-,A,D,0,NA,NA,Y,NA,Y,NA,C,02,0,1,0,0,0,0,0,0,1,-,-,NA,NA,SAN DIEGO,VISTA,-117.23908233642578,33.16242980957031
9711485,2024,2024-08-23,3700,2024-07-21,2119,SH4232,NA,7,5,5,3712,0,0,0,NA,0,349,S RANCHO SANTA FE,MELROSE DR,36,S,N,A,-,N,NA,NA,NA,NA,NA,NA,NA,NA,NA,Y,4,0,1,3,A,-,03,22350,NA,N,C,C,A,A,H,-,C,A,0,NA,NA,NA,NA,Y,NA,-,NA,0,0,1,0,0,0,0,0,0,-,-,NA,NA,SAN DIEGO,SAN MARCOS,-117.22537994384766,33.10701370239258
9711500,2024,2024-08-23,3700,2024-07-10,2206,SH3183,NA,3,5,5,3713,0,0,0,NA,0,308,MELROSE DR,WEST VISTA WY,0,NA,Y,A,-,N,NA,NA,NA,NA,NA,NA,NA,NA,NA,Y,3,0,1,2,D,-,00,NA,NA,N,D,C,A,A,H,-,C,A,0,NA,NA,NA,NA,Y,NA,-,-,0,1,0,0,0,0,0,0,0,-,-,NA,NA,SAN DIEGO,VISTA,-117.25460815429688,33.195472717285156
9711564,2024,2024-08-28,3708,2024-07-27,351,LM1310,NA,6,5,5,3708,0,0,0,NA,0,003,MOROCCO DR,AZTEC DR,594,E,N,A,-,N,NA,NA,NA,NA,NA,NA,NA,NA,NA,N,2,0,2,2,A,-,09,21801,A,N,A,C,A,A,H,-,C,D,0,NA,NA,NA,NA,Y,Y,A,01,1,0,1,0,0,0,0,0,0,-,-,NA,NA,SAN DIEGO,LA MESA,-117.02615356445313,32.77885055541992
9711618,2024,2024-08-05,3705,2024-05-21,1605,EC0407,NA,2,5,5,3705,0,0,0,NA,0,002,N 1ST ST,PEACH AV,0,NA,Y,A,-,N,NA,NA,NA,NA,NA,NA,NA,NA,NA,Y,2,0,1,2,A,-,03,22350,NA,N,B,C,A,A,H,-,A,B,0,NA,NA,Y,NA,Y,NA,C,02,1,0,0,0,0,0,0,0,1,-,-,NA,NA,SAN DIEGO,EL CAJON,-116.9446029663086,32.80637741088867
9711691,2024,2024-08-05,3705,2024-06-14,1523,EC0431,NA,5,5,5,3705,0,0,0,NA,0,001,W DOUGLAS AV,VAN HOUTEN AV,0,NA,Y,A,-,N,NA,NA,NA,NA,NA,NA,NA,NA,NA,Y,4,0,1,2,A,-,17,21462,NA,N,D,C,A,A,H,-,A,A,0,NA,NA,NA,NA,Y,NA,A,07,0,0,1,0,0,0,0,0,0,-,-,NA,NA,SAN DIEGO,EL CAJON,-116.96614837646484,32.79383087158203
9711695,2024,2024-08-05,3705,2024-06-13,1246,EC0431,NA,4,5,5,3705,0,0,0,NA,0,004,E LEXINGTON AV,S FIRST ST,0,NA,Y,A,-,N,NA,NA,NA,NA,NA,NA,NA,NA,NA,Y,4,0,1,2,A,-,17,21462,NA,N,D,C,A,A,H,-,A,A,0,NA,NA,NA,NA,Y,NA,A,07,0,0,1,0,0,0,0,0,0,-,-,NA,NA,SAN DIEGO,EL CAJON,-116.94461059570313,32.79277038574219
9712149,2023,2024-09-10,3700,2023-05-18,1649,SH3362,NA,4,5,5,3781,0,0,0,NA,0,513,CARLTON HILLS BL,WILLOWGROVE AV,0,NA,Y,A,-,N,NA,NA,NA,NA,NA,NA,NA,NA,NA,N,2,0,4,3,A,-,01,23153,A,N,A,C,A,A,H,-,A,D,0,NA,NA,NA,NA,Y,Y,D,22,3,0,1,0,0,0,0,0,0,-,-,NA,NA,SAN DIEGO,SANTEE,-116.99639892578124,32.840728759765625
9713080,2024,2024-08-19,3711,2024-06-17,2255,SD1985,NA,1,5,7,3711,0,0,0,NA,0,441,IMPERIAL AV,IMPERIAL AV 4600,0,NA,Y,A,-,N,NA,NA,NA,NA,NA,NA,NA,NA,NA,Y,4,0,1,2,A,-,-,NA,NA,N,D,C,A,A,H,-,C,D,0,NA,NA,NA,NA,Y,NA,A,01,0,0,1,0,0,0,0,0,0,-,-,NA,NA,SAN DIEGO,SAN DIEGO,NA,NA
9713149,2024,2024-10-04,3711,2024-06-07,305,SD1984,NA,5,5,7,3711,0,0,0,NA,0,526,1500 5TH AVE,BEECH ST,0,NA,Y,A,-,N,NA,NA,NA,NA,NA,NA,NA,NA,NA,N,3,0,1,2,A,-,11,21955,NA,M,G,B,D,A,H,-,C,A,0,Y,NA,NA,NA,Y,NA,N,60,0,1,0,0,1,0,0,0,0,-,-,NA,NA,SAN DIEGO,SAN DIEGO,-117.16020965576172,32.72090530395508
9713155,2024,2025-01-03,3711,2024-06-10,1649,SD1693,NA,1,5,7,3711,0,0,0,NA,0,124,LA JOLLA VILLAGE DR,VILLA LA JOLLA DR,0,NA,Y,-,-,N,NA,NA,NA,NA,NA,NA,NA,NA,NA,N,4,0,1,2,A,-,04,21703,NA,N,C,C,A,-,-,-,A,A,0,NA,NA,NA,NA,Y,NA,A,07,0,0,1,0,0,0,0,0,0,-,-,NA,NA,SAN DIEGO,SAN DIEGO,-117.23390197753906,32.87178039550781
9714031,2024,2024-08-08,3711,2024-06-19,1653,SD7759,NA,3,5,7,3711,0,0,0,NA,0,444,32ND ST,J ST,0,NA,Y,A,-,N,NA,NA,NA,NA,NA,NA,NA,NA,NA,Y,4,0,1,2,A,-,06,21755,NA,N,E,I,A,A,H,-,A,A,0,NA,NA,NA,NA,Y,NA,A,01,0,0,1,0,0,0,0,0,0,-,-,NA,NA,SAN DIEGO,SAN DIEGO,-117.12528228759766,32.709590911865234
9715490,2024,2024-08-19,3711,2024-06-27,1120,SD7042,NA,4,5,7,3711,0,0,0,NA,0,723,27TH ST,CORONADO AV,121,S,N,A,-,N,NA,NA,NA,NA,NA,NA,NA,NA,NA,N,4,0,2,2,A,-,03,22350,NA,N,C,C,A,A,H,-,A,A,0,NA,NA,NA,NA,Y,NA,A,01,0,0,2,0,0,0,0,0,0,-,-,NA,NA,SAN DIEGO,SAN DIEGO,-117.07543182373048,32.57613754272461
9716468,2024,2024-07-25,3700,2024-06-08,111,SH6941,NA,6,5,4,3707,0,0,0,NA,0,702,PALM AV,FLORIDA ST,0,NA,Y,A,-,N,NA,NA,NA,NA,NA,NA,NA,NA,NA,Y,4,0,3,2,A,-,01,23152,A,N,C,C,A,A,H,-,C,-,0,NA,NA,NA,NA,Y,Y,A,01,0,0,3,0,0,0,0,0,0,-,-,NA,NA,SAN DIEGO,IMPERIAL BEACH,-117.10935974121094,32.58380889892578