CASE_ID,ACCIDENT_YEAR,PROC_DATE,JURIS,COLLISION_DATE,COLLISION_TIME,OFFICER_ID,REPORTING_DISTRICT,DAY_OF_WEEK,CHP_SHIFT,POPULATION,CNTY_CITY_LOC,SPECIAL_COND,BEAT_TYPE,CHP_BEAT_TYPE,CITY_DIVISION_LAPD,CHP_BEAT_CLASS,BEAT_NUMBER,PRIMARY_RD,SECONDARY_RD,DISTANCE,DIRECTION,INTERSECTION,WEATHER_1,WEATHER_2,STATE_HWY_IND,CALTRANS_COUNTY,CALTRANS_DISTRICT,STATE_ROUTE,ROUTE_SUFFIX,POSTMILE_PREFIX,POSTMILE,LOCATION_TYPE,RAMP_INTERSECTION,SIDE_OF_HWY,TOW_AWAY,COLLISION_SEVERITY,NUMBER_KILLED,NUMBER_INJURED,PARTY_COUNT,PRIMARY_COLL_FACTOR,PCF_CODE_OF_VIOL,PCF_VIOL_CATEGORY,PCF_VIOLATION,PCF_VIOL_SUBSECTION,HIT_AND_RUN,TYPE_OF_COLLISION,MVIW,PED_ACTION,ROAD_SURFACE,ROAD_COND_1,ROAD_COND_2,LIGHTING,CONTROL_DEVICE,CHP_ROAD_TYPE,PEDESTRIAN_ACCIDENT,BICYCLE_ACCIDENT,MOTORCYCLE_ACCIDENT,TRUCK_ACCIDENT,NOT_PRIVATE_PROPERTY,ALCOHOL_INVOLVED,STWD_VEHTYPE_AT_FAULT,CHP_VEHTYPE_AT_FAULT,COUNT_SEVERE_INJ,COUNT_VISIBLE_INJ,COUNT_COMPLAINT_PAIN,COUNT_PED_KILLED,COUNT_PED_INJURED,COUNT_BICYCLIST_KILLED,COUNT_BICYCLIST_INJURED,COUNT_MC_KILLED,COUNT_MC_INJURED,PRIMARY_RAMP,SECONDARY_RAMP,LATITUDE,LONGITUDE,COUNTY,CITY,POINT_X,POINT_Y
9775207,2025,2025-01-28,3711,2025-01-08,1945,SD1569,NA,3,5,7,3711,0,0,0,NA,0,234,WEST BERNARDO DR,BERNARDO CENTER DR,0,NA,Y,A,-,N,NA,NA,NA,NA,NA,NA,NA,NA,NA,N,4,0,1,3,A,-,12,21453,A,N,A,C,A,A,H,-,C,A,0,NA,NA,NA,NA,Y,NA,-,NA,0,0,1,0,0,0,0,0,0,-,-,NA,NA,SAN DIEGO,SAN DIEGO,-117.0888214111328,33.008182525634766
9776331,2025,2025-02-11,3711,2025-01-20,1100,SD6461,NA,1,5,7,3711,0,0,0,NA,0,111,CLAIREMONT MESA BL,DIANE AV,0,NA,Y,-,-,N,NA,NA,NA,NA,NA,NA,NA,NA,NA,N,4,0,1,1,D,-,00,NA,NA,N,-,B,F,-,-,-,-,-,0,Y,NA,NA,NA,Y,NA,-,-,0,0,1,0,1,0,0,0,0,-,-,NA,NA,SAN DIEGO,SAN DIEGO,-117.18704986572266,32.83441162109375
9776338,2025,2025-02-11,3711,2025-01-25,1545,SD1914,NA,6,5,7,3711,0,0,0,NA,0,122,GARNET AV,BOND ST,0,NA,Y,B,-,N,NA,NA,NA,NA,NA,NA,NA,NA,NA,N,4,0,1,2,A,-,08,22107,NA,N,B,C,A,A,H,-,A,D,0,NA,NA,Y,NA,Y,NA,A,01,0,0,1,0,0,0,0,0,1,-,-,NA,NA,SAN DIEGO,SAN DIEGO,-117.22109222412108,32.805702209472656
9776355,2025,2025-02-21,3711,2025-01-22,1447,SD7883,NA,3,5,7,3711,0,0,0,NA,0,233,CARMEL MOUNTAIN RD,FREEPORT RD,430,E,N,A,-,N,NA,NA,NA,NA,NA,NA,NA,NA,NA,N,3,0,1,2,A,-,08,22107,NA,N,B,G,A,A,H,-,A,D,0,NA,Y,NA,NA,Y,NA,A,01,0,1,0,0,0,0,1,0,0,-,-,NA,NA,SAN DIEGO,SAN DIEGO,-117.10938262939452,32.960689544677734
9776448,2024,2025-02-18,3702,2024-12-26,1636,CV1490,NA,4,5,6,3702,0,0,0,NA,0,042,BIRCH RD,MAGDALENA AV,0,NA,Y,A,-,N,NA,NA,NA,NA,NA,NA,NA,NA,NA,Y,4,0,2,2,A,-,07,21658,A,N,D,C,A,A,H,-,B,A,0,NA,NA,NA,NA,Y,NA,A,01,0,0,2,0,0,0,0,0,0,-,-,NA,NA,SAN DIEGO,CHULA VISTA,-116.979248046875,32.61774444580078
9776451,2023,2025-04-28,3702,2023-12-26,2038,CV1254,NA,2,5,6,3702,0,0,0,NA,0,013,H ST,GLOVER AV,65,W,N,A,-,N,NA,NA,NA,NA,NA,NA,NA,NA,NA,Y,2,0,1,2,A,-,11,21954,A,N,G,B,D,A,H,-,C,A,0,Y,NA,NA,NA,Y,NA,N,60,1,0,0,0,1,0,0,0,0,-,-,NA,NA,SAN DIEGO,CHULA VISTA,-117.08013153076172,32.63359451293945
9777350,2025,2025-02-28,3708,2025-01-14,45,LM1284,NA,2,5,5,3708,0,0,0,NA,0,003,ALVARADO RD,COMANCHE DR,1340,W,N,A,-,N,NA,NA,NA,NA,NA,NA,NA,NA,NA,N,3,0,1,1,A,-,01,23152,B,N,F,-,A,A,H,-,C,D,0,NA,NA,NA,NA,Y,Y,A,01,0,1,0,0,0,0,0,0,0,-,-,NA,NA,SAN DIEGO,LA MESA,-117.03578948974608,32.77300262451172
9778584,2025,2025-02-04,3711,2025-01-23,1727,SD7297,NA,4,5,7,3711,0,0,0,NA,0,524,11TH AV,B ST,0,NA,Y,A,-,N,NA,NA,NA,NA,NA,NA,NA,NA,NA,N,3,0,3,4,A,-,08,22107,NA,N,C,C,B,A,-,-,B,A,0,Y,NA,Y,NA,Y,NA,A,07,0,1,2,0,2,0,0,0,1,-,-,NA,NA,SAN DIEGO,SAN DIEGO,-117.15473175048828,32.71782684326172
9778838,2024,2025-01-31,3700,2024-09-17,2100,SH0070,NA,2,5,5,3712,0,0,0,NA,0,351,WEST MISSION RD,KNOLL RD,212,E,N,A,-,N,NA,NA,NA,NA,NA,NA,NA,NA,NA,Y,2,0,1,2,A,-,03,22350,NA,F,B,G,A,A,H,-,C,D,0,NA,Y,NA,NA,Y,NA,A,01,1,0,0,0,0,0,1,0,0,-,-,NA,NA,SAN DIEGO,SAN MARCOS,-117.17275238037108,33.1451416015625
9781290,2024,2025-02-10,3700,2024-12-14,100,SH0868,NA,6,5,5,3712,0,0,0,NA,0,355,SAN MARCOS BL,VIA VERA CRUZ,400,W,N,A,-,N,NA,NA,NA,NA,NA,NA,NA,NA,NA,Y,2,0,1,2,A,-,09,21804,A,N,B,C,A,A,H,-,C,D,0,NA,NA,Y,NA,Y,NA,A,07,1,0,0,0,0,0,0,0,1,-,-,33.1349983215332,-117.18900299072266,SAN DIEGO,SAN MARCOS,-117.18921661376952,33.13452911376953
9781325,2025,2025-04-09,3711,2025-01-21,1830,SD1725,SOUTH,2,5,7,3711,0,0,0,NA,0,725,PALM AV,DENNERY RD,0,NA,Y,A,-,N,NA,NA,NA,NA,NA,NA,NA,NA,NA,N,4,0,3,2,A,-,04,21703,NA,N,C,C,A,A,H,-,C,A,0,NA,NA,NA,NA,Y,NA,A,01,0,0,3,0,0,0,0,0,0,-,-,34.077598571777344,-117.68949127197266,SAN DIEGO,SAN DIEGO,-117.03240966796876,32.58372497558594
9781499,2024,2025-02-12,3700,2024-12-05,758,SH7690,NA,4,5,4,3780,0,0,0,NA,0,NA,MAZATLAN WY,OLIVE MEADOWS DR,199,N,N,A,-,N,NA,NA,NA,NA,NA,NA,NA,NA,NA,N,3,0,1,2,D,-,00,NA,NA,N,H,E,A,A,H,-,A,D,0,NA,NA,NA,NA,Y,NA,-,-,0,1,0,0,0,0,0,0,0,-,-,32.967830657958984,-117.0425033569336,SAN DIEGO,POWAY,-117.04218292236328,32.967437744140625
9782126,2025,2025-07-03,3710,2025-02-08,1950,OC1481,NA,6,5,6,3710,0,0,0,NA,0,007,NORTH COAST HWY,SEAGAZE DR,10,S,N,A,-,N,NA,NA,NA,NA,NA,NA,NA,NA,NA,Y,4,0,1,2,A,-,01,23152,A,F,A,C,A,A,H,-,C,A,0,NA,NA,NA,NA,Y,Y,A,01,0,0,1,0,0,0,0,0,0,-,-,NA,NA,SAN DIEGO,OCEANSIDE,-117.37883758544922,33.19504928588867
9782527,2025,2025-02-19,3711,2025-01-30,117,SD2090,NA,4,5,7,3711,0,0,0,NA,0,713,AIRWAY RD,HARVEST RD,262,W,N,A,-,N,NA,NA,NA,NA,NA,NA,NA,NA,NA,Y,4,0,1,2,A,-,04,21703,NA,N,C,C,A,A,H,-,C,D,0,NA,NA,NA,NA,Y,NA,A,01,0,0,1,0,0,0,0,0,0,-,-,NA,NA,SAN DIEGO,SAN DIEGO,-116.94591522216795,32.56032180786133
9782637,2024,2025-02-11,3705,2024-11-26,1605,EC0390,NA,2,5,5,3705,0,0,0,NA,0,002,EAST MAIN ST,N MOLLISON AV,0,NA,Y,A,-,N,NA,NA,NA,NA,NA,NA,NA,NA,NA,N,2,0,1,2,A,-,12,21453,A,N,D,G,A,A,H,-,A,A,0,NA,Y,NA,NA,Y,NA,L,04,1,0,0,0,0,0,1,0,0,-,-,NA,NA,SAN DIEGO,EL CAJON,-116.95098114013672,32.79494857788086
9783130,2025,2025-03-10,3709,2025-01-29,2338,NC0492,NA,3,5,5,3709,0,0,0,NA,0,020,EAST PLAZA BL,ALY E D AV,0,NA,N,A,-,N,NA,NA,NA,NA,NA,NA,NA,NA,NA,Y,4,0,1,2,A,-,09,21804,A,N,D,D,A,A,H,-,C,D,0,NA,NA,NA,NA,Y,NA,A,01,0,0,1,0,0,0,0,0,0,-,-,NA,NA,SAN DIEGO,NATIONAL CITY,-117.10211944580078,32.67523956298828
9784567,2025,2025-03-07,3711,2025-02-15,2026,SD7401,NA,6,5,7,3711,0,0,0,NA,0,836,FAIRMOUNT AVE,POPLAR AV,0,NA,Y,A,-,N,NA,NA,NA,NA,NA,NA,NA,NA,NA,Y,3,0,3,2,A,-,17,21657,NA,N,D,C,A,A,H,-,C,A,0,NA,NA,NA,NA,Y,NA,A,01,0,3,0,0,0,0,0,0,0,-,-,NA,NA,SAN DIEGO,SAN DIEGO,-117.10099029541016,32.73841857910156
9784699,2025,2025-02-27,3710,2025-02-11,1912,OC1564,NA,2,5,6,3710,0,0,0,NA,0,027,COLLEGE BL,VISTA WAY,0,NA,Y,A,-,N,NA,NA,NA,NA,NA,NA,NA,NA,NA,Y,3,0,2,2,A,-,09,21453,C,N,A,C,A,A,H,-,C,A,0,NA,NA,NA,NA,Y,NA,D,22,0,1,1,0,0,0,0,0,0,-,-,NA,NA,SAN DIEGO,OCEANSIDE,-117.29650115966795,33.183998107910156
9785111,2025,2025-03-04,3711,2025-02-22,1810,SD1998,NA,6,5,7,3711,0,0,0,NA,0,627,ROBINSON AV,VERMONT ST,100,W,N,A,-,N,NA,NA,NA,NA,NA,NA,NA,NA,NA,Y,3,0,1,2,A,-,04,21703,NA,N,H,G,A,A,H,-,D,D,0,NA,Y,NA,NA,Y,Y,-,NA,0,1,0,0,0,0,1,0,0,-,-,NA,NA,SAN DIEGO,SAN DIEGO,-117.15375518798828,32.74641036987305
9786064,2024,2025-03-26,3711,2024-10-30,2132,SD6969,NA,3,5,7,3711,0,0,0,NA,0,611,3700 CAMINO DEL RIO WEST,3000 KURTZ ST,11,S,N,A,-,N,NA,NA,NA,NA,NA,NA,NA,NA,NA,N,1,1,0,2,A,-,11,21456,B,N,G,B,B,A,H,-,C,A,0,Y,NA,NA,NA,Y,NA,N,60,0,0,0,1,0,0,0,0,0,-,-,NA,NA,SAN DIEGO,SAN DIEGO,-117.20502471923828,32.75299072265625
9786381,2024,2025-07-14,3705,2024-11-05,1715,EC0431,NA,2,5,5,3705,0,0,0,NA,0,004,S MAGNOLIA AV,E RENETTE AV,145,N,N,A,-,N,NA,NA,NA,NA,NA,NA,NA,NA,NA,N,1,1,0,2,A,-,11,21954,A,N,G,B,D,A,H,-,C,D,0,Y,NA,NA,NA,Y,Y,N,60,0,0,0,1,0,0,0,0,0,-,-,NA,NA,SAN DIEGO,EL CAJON,-116.96233367919922,32.78447723388672
9790442,2025,2025-03-17,3700,2025-01-21,1415,SH0775,NA,2,5,4,3780,0,0,0,NA,0,411,OLIVE TREE LN,OLIVE TREE LN 13255,0,NA,-,A,-,N,NA,NA,NA,NA,NA,NA,NA,NA,NA,N,3,0,1,2,A,-,00,21955,A,N,D,G,A,A,H,-,A,A,0,NA,Y,NA,NA,Y,NA,A,01,0,1,0,0,0,0,1,0,0,-,-,32.95756149291992,-117.0247802734375,SAN DIEGO,POWAY,NA,NA
9790743,2025,2025-04-11,3711,2025-03-20,1540,SD1569,NA,4,5,7,3711,0,0,0,NA,0,235,RT 78,RT 78 19400,0,NA,N,A,-,Y,SD,11,78,-,-,30.87,H,-,E,Y,3,0,1,1,A,-,08,38314,NA,N,F,J,A,A,H,-,A,D,0,NA,NA,Y,NA,Y,Y,C,02,0,1,0,0,0,0,0,0,1,-,-,NA,NA,SAN DIEGO,SAN DIEGO,-116.90476989746094,33.08709716796875
9791640,2025,2025-03-06,3711,2025-02-14,1213,SD7906,NA,5,5,7,3711,0,0,0,NA,0,531,ARNOLD AV,UPAS ST,0,NA,Y,A,-,N,NA,NA,NA,NA,NA,NA,NA,NA,NA,Y,3,0,1,2,A,-,09,21800,A,N,D,C,A,A,H,-,A,A,0,NA,NA,NA,NA,Y,NA,A,01,0,1,0,0,0,0,0,0,0,-,-,NA,NA,SAN DIEGO,SAN DIEGO,-117.1368408203125,32.74100875854492
9791646,2025,2025-03-11,3711,2025-02-20,2015,SD1958,NA,4,5,7,3711,0,0,0,NA,0,614,SUNSET CLIFFS BL,WEST POINT LOMA BL,1800,E,N,A,-,N,NA,NA,NA,NA,NA,NA,NA,NA,NA,N,3,0,2,3,A,-,03,22350,NA,M,C,C,A,A,H,-,D,A,0,NA,NA,NA,NA,Y,Y,-,99,0,2,0,0,0,0,0,0,0,-,-,NA,NA,SAN DIEGO,SAN DIEGO,-117.23787689208984,32.754085540771484
9792131,2025,2025-03-18,3702,2025-02-07,911,CV1297,NA,5,5,6,3702,0,0,0,NA,0,023,EAST PALOMAR ST,NACION AV,0,NA,Y,C,-,N,NA,NA,NA,NA,NA,NA,NA,NA,NA,N,4,0,1,2,D,-,00,NA,NA,N,D,C,A,B,H,-,A,A,0,NA,NA,NA,NA,Y,NA,-,-,0,0,1,0,0,0,0,0,0,-,-,NA,NA,SAN DIEGO,CHULA VISTA,-117.03883361816406,32.614723205566406
9792150,2024,2025-03-17,3700,2024-07-15,1530,SH0634,NA,1,5,5,3782,0,0,0,NA,0,211,HERMES AV,ALEXANDER CT,110,N,N,A,-,N,NA,NA,NA,NA,NA,NA,NA,NA,NA,N,3,0,1,2,A,-,08,22107,NA,N,C,E,A,A,H,-,A,D,0,NA,Y,NA,NA,Y,NA,L,04,0,1,0,0,0,0,1,0,0,-,-,NA,NA,SAN DIEGO,ENCINITAS,-117.3009796142578,33.067440032958984
9792203,2024,2025-03-13,3700,2024-08-02,353,SH4496,NA,5,5,2,3704,0,0,0,NA,0,295,4TH ST,STRATFORD CT,0,NA,Y,A,-,N,NA,NA,NA,NA,NA,NA,NA,NA,NA,Y,4,0,1,4,A,-,01,23152,A,M,B,E,A,A,H,-,C,D,0,NA,NA,NA,NA,Y,NA,A,01,0,0,1,0,0,0,0,0,0,-,-,NA,NA,SAN DIEGO,DEL MAR,-117.26236724853516,32.94768524169922
9792434,2025,2025-04-04,3711,2025-03-01,213,SD1606,NA,6,5,7,3711,0,0,0,NA,0,446,SOLOLA AV,48TH ST,193,W,N,A,-,N,NA,NA,NA,NA,NA,NA,NA,NA,NA,Y,4,0,1,7,A,-,03,22350,NA,M,B,E,A,A,H,-,C,D,0,NA,NA,Y,NA,Y,NA,A,01,0,0,1,0,0,0,0,0,0,-,-,NA,NA,SAN DIEGO,SAN DIEGO,-117.09174346923828,32.693580627441406
9792641,2024,2025-03-13,3705,2024-11-29,1618,EC0431,NA,5,5,5,3705,0,0,0,NA,0,003,E WAHINGTON AV,WATERLOO AV,0,NA,Y,A,-,N,NA,NA,NA,NA,NA,NA,NA,NA,NA,N,3,0,1,2,A,-,09,21802,A,N,D,C,A,A,H,-,A,A,0,NA,NA,NA,NA,Y,NA,A,07,0,1,0,0,0,0,0,0,0,-,-,NA,NA,SAN DIEGO,EL CAJON,-116.9221420288086,32.78718948364258
9792894,2025,2025-03-27,3711,2025-03-04,842,SD1952,NA,2,5,7,3711,0,0,0,NA,0,327,MONTEZUMA RD,CATOCTIN DR,0,NA,Y,A,-,N,NA,NA,NA,NA,NA,NA,NA,NA,NA,Y,3,0,2,2,A,-,08,22100,B,N,D,C,A,A,H,-,A,A,0,NA,NA,NA,NA,Y,NA,A,01,0,2,0,0,0,0,0,0,0,-,-,NA,NA,SAN DIEGO,SAN DIEGO,-117.05840301513672,32.76934051513672
9792958,2025,2025-03-18,3711,2025-03-07,1713,SD1611,NA,5,5,7,3711,0,0,0,NA,0,451,COLLEGE GROVE DR,COLLEGE GROVE DR 6400,0,NA,-,A,-,N,NA,NA,NA,NA,NA,NA,NA,NA,NA,N,3,0,1,2,A,-,03,22350,NA,N,G,C,A,A,H,-,A,A,0,NA,NA,NA,NA,Y,NA,A,01,0,1,0,0,0,0,0,0,0,-,-,NA,NA,SAN DIEGO,SAN DIEGO,-117.05831909179688,32.73819351196289
9792960,2025,2025-03-18,3711,2025-03-07,1640,SD1705,NA,5,5,7,3711,0,0,0,NA,0,114,CLAIREMONT DR,LAKEHURST AV,0,NA,Y,A,-,N,NA,NA,NA,NA,NA,NA,NA,NA,NA,N,3,0,2,2,A,-,12,21453,A,N,D,C,A,A,H,-,A,A,0,NA,NA,NA,NA,Y,NA,D,22,0,1,1,0,0,0,0,0,0,-,-,NA,NA,SAN DIEGO,SAN DIEGO,-117.20590972900392,32.83082962036133
9793106,2024,2026-03-03,3700,2024-08-14,2115,SH0361,NA,3,5,5,3782,0,0,0,NA,0,222,ENCINITAS AV,SAXONY RD,0,NA,N,A,-,N,NA,NA,NA,NA,NA,NA,NA,NA,NA,Y,4,0,1,3,A,-,03,22350,NA,N,D,C,A,A,H,-,C,A,0,NA,NA,NA,NA,Y,NA,-,NA,0,0,1,0,0,0,0,0,0,-,-,NA,NA,SAN DIEGO,ENCINITAS,-117.28553771972656,33.04825210571289
9793843,2025,2025-04-01,3700,2025-02-08,1201,SH3197,NA,6,5,5,3712,0,0,0,NA,0,352,BORDEN RD,W BORDEN RD,660,E,N,A,-,N,NA,NA,NA,NA,NA,NA,NA,NA,NA,N,2,0,1,1,A,-,03,22350,NA,N,H,G,A,A,H,-,A,D,0,NA,Y,NA,NA,Y,NA,L,04,1,0,0,0,0,0,1,0,0,-,-,NA,NA,SAN DIEGO,SAN MARCOS,-117.15731048583984,33.15104675292969
9794097,2025,2025-04-04,3711,2025-03-05,2100,SD1800,NA,3,5,7,3711,0,0,0,NA,0,241,POMERADO RD,CHABAD WY,0,NA,N,C,-,N,NA,NA,NA,NA,NA,NA,NA,NA,NA,Y,4,0,1,1,D,-,00,NA,NA,N,E,I,A,B,H,-,C,D,0,NA,NA,NA,NA,Y,NA,-,-,0,0,1,0,0,0,0,0,0,-,-,NA,NA,SAN DIEGO,SAN DIEGO,NA,NA
9794098,2025,2025-04-01,3711,2025-03-12,2149,SD1506,NA,3,5,7,3711,0,0,0,NA,0,432,IMPERIAL AV,IMPERIAL AV 5300,0,NA,N,A,-,N,NA,NA,NA,NA,NA,NA,NA,NA,NA,Y,3,0,2,2,A,-,08,22107,NA,M,B,C,A,A,H,-,E,D,0,NA,NA,NA,NA,Y,NA,A,01,0,2,0,0,0,0,0,0,0,-,-,NA,NA,SAN DIEGO,SAN DIEGO,NA,NA
9794101,2025,2025-04-04,3711,2025-03-11,1432,SD1494,NA,2,5,7,3711,0,0,0,NA,0,831,EL CAJON BL,CHAMOUNE AV,0,NA,Y,B,C,N,NA,NA,NA,NA,NA,NA,NA,NA,NA,N,3,0,1,2,A,-,10,21950,A,M,G,B,D,B,H,-,A,A,0,Y,NA,NA,NA,Y,NA,-,NA,0,1,0,0,1,0,0,0,0,-,-,NA,NA,SAN DIEGO,SAN DIEGO,-117.09693145751952,32.755401611328125
9794718,2025,2025-03-26,3711,2025-03-14,959,SD1484,NA,5,5,7,3711,0,0,0,NA,0,827,WINONA AV,WINONA AV 3800,0,NA,N,A,-,N,NA,NA,NA,NA,NA,NA,NA,NA,NA,Y,3,0,1,3,A,-,03,22350,NA,N,C,C,A,A,H,-,A,A,0,NA,NA,NA,NA,Y,NA,A,01,0,1,0,0,0,0,0,0,0,-,-,NA,NA,SAN DIEGO,SAN DIEGO,NA,NA
9795337,2025,2025-04-02,3711,2025-03-09,1405,SD1549,NA,7,5,7,3711,0,0,0,NA,0,813,OREGON ST,HOWARD AV,187,S,N,A,-,N,NA,NA,NA,NA,NA,NA,NA,NA,NA,N,3,0,1,1,B,-,22,NA,NA,N,H,-,A,A,H,-,A,-,0,NA,NA,NA,NA,Y,NA,-,NA,0,1,0,0,0,0,0,0,0,-,-,NA,NA,SAN DIEGO,SAN DIEGO,-117.13512420654295,32.7535285949707
9795719,2025,2025-04-24,3711,2025-03-12,1728,SD1783,NA,3,5,7,3711,0,0,0,NA,0,628,WEST WASHINGTON ST,SAN DIEGO AV,50,W,N,B,-,N,NA,NA,NA,NA,NA,NA,NA,NA,NA,N,3,0,1,1,A,-,03,22350,NA,N,H,A,A,A,A,-,A,A,0,NA,NA,Y,NA,Y,NA,C,02,0,1,0,0,0,0,0,0,1,-,-,NA,NA,SAN DIEGO,SAN DIEGO,-117.18205261230467,32.74271011352539
9795946,2025,2025-03-28,3709,2025-02-27,1817,NC0571,NA,4,5,5,3709,0,0,0,NA,0,021,EAST 8TH ST,PALM AV,0,NA,Y,A,-,N,NA,NA,NA,NA,NA,NA,NA,NA,NA,N,4,0,1,2,A,-,08,22107,NA,N,C,C,A,A,H,-,D,D,0,NA,NA,NA,NA,Y,NA,A,01,0,0,1,0,0,0,0,0,0,-,-,NA,NA,SAN DIEGO,NATIONAL CITY,-117.09054565429688,32.6804313659668
9796986,2025,2025-04-10,3710,2025-03-26,1110,OC1535,NA,3,5,6,3710,0,0,0,NA,0,011,DIVISION ST,BROOKS ST,90,W,N,A,-,N,NA,NA,NA,NA,NA,NA,NA,NA,NA,N,3,0,1,2,A,-,05,21650,1,N,A,G,A,A,H,-,A,D,0,NA,Y,NA,NA,Y,NA,M,91,0,1,0,0,0,0,1,0,0,-,-,NA,NA,SAN DIEGO,OCEANSIDE,-117.36824035644533,33.19618606567383
9800151,2024,2025-04-08,3705,2024-12-13,1420,EC0431,NA,5,5,5,3705,0,0,0,NA,0,001,CUYAMACA ST,VERNON WY,0,NA,Y,A,-,N,NA,NA,NA,NA,NA,NA,NA,NA,NA,Y,2,0,5,4,A,-,12,21453,A,N,D,B,F,A,H,-,A,A,0,Y,NA,NA,NA,Y,NA,-,NA,1,0,4,0,2,0,0,0,0,-,-,NA,NA,SAN DIEGO,EL CAJON,-116.97962951660156,32.81201171875
9800152,2024,2025-04-11,3705,2024-12-30,2110,EC0404,NA,1,5,5,3705,0,0,0,NA,0,001,W WASHINGTON AV,EL CAJON BL,26,E,N,A,-,N,NA,NA,NA,NA,NA,NA,NA,NA,NA,N,4,0,1,2,A,-,09,21802,B,N,C,C,A,A,H,-,C,A,0,NA,NA,NA,NA,Y,NA,A,07,0,0,1,0,0,0,0,0,0,-,-,NA,NA,SAN DIEGO,EL CAJON,-116.97467041015624,32.7877197265625
9800395,2025,2025-04-30,3711,2025-03-30,1245,SD7238,NA,7,5,7,3711,0,0,0,NA,0,826,52ND ST,EL CAJON BL,100,S,N,A,-,N,NA,NA,NA,NA,NA,NA,NA,NA,NA,N,3,0,1,2,A,-,11,21954,A,N,G,B,D,A,H,-,A,A,0,Y,NA,NA,NA,Y,NA,N,60,0,1,0,0,1,0,0,0,0,-,-,NA,NA,SAN DIEGO,SAN DIEGO,-117.08360290527344,32.75696563720703
9800401,2025,2025-04-25,3711,2025-03-27,2008,SD1847,NA,4,5,7,3711,0,0,0,NA,0,112,MOUNT ACADIA BL,SNEAD AV,800,S,N,A,-,N,NA,NA,NA,NA,NA,NA,NA,NA,NA,N,3,0,1,2,A,-,09,21801,A,N,G,B,E,A,H,-,D,D,0,Y,NA,NA,NA,Y,NA,N,60,0,1,0,0,1,0,0,0,0,-,-,NA,NA,SAN DIEGO,SAN DIEGO,-117.18991088867188,32.79634094238281
9800764,2025,2025-05-29,3703,2025-04-25,1639,1016,PORT3,5,5,3,3703,0,0,0,NA,0,003,SILVER STRAND BL,RT 75,0,NA,Y,A,-,Y,SD,11,75,-,-,16.009,I,6,N,N,3,0,1,2,A,-,00,23123,5,N,D,C,A,A,H,-,A,A,0,NA,Y,NA,NA,Y,NA,L,04,0,1,0,0,0,0,1,0,0,-,-,NA,NA,SAN DIEGO,CORONADO,-117.15098571777344,32.652122497558594
9801118,2025,2025-04-24,3710,2025-04-06,1457,OC1588,NA,7,5,6,3710,0,0,0,NA,0,017,DOUGLAS DR,WESTPORT DR,0,NA,Y,A,-,N,NA,NA,NA,NA,NA,NA,NA,NA,NA,Y,3,0,2,2,A,-,03,22350,NA,N,A,C,A,A,H,-,A,D,0,NA,NA,NA,NA,Y,NA,A,01,0,2,0,0,0,0,0,0,0,-,-,NA,NA,SAN DIEGO,OCEANSIDE,-117.32268524169922,33.247459411621094
9801205,2025,2025-04-24,3711,2025-04-07,1325,SD1536,NA,1,5,7,3711,0,0,0,NA,0,931,MIRAMAR RD,NOBEL DR,0,NA,Y,A,-,N,NA,NA,NA,NA,NA,NA,NA,NA,NA,Y,4,0,1,2,A,-,12,21453,A,N,D,C,A,A,H,-,A,A,0,NA,NA,NA,NA,Y,NA,A,07,0,0,1,0,0,0,0,0,0,-,-,NA,NA,SAN DIEGO,SAN DIEGO,-117.19115447998048,32.87651443481445
9801420,2025,2025-05-08,3711,2025-04-11,936,SD8323,NA,5,5,7,3711,0,0,0,NA,0,811,EL CAJON BL,RT 805,57,E,N,A,-,Y,SD,11,805,-,-,16.549,R,4,N,Y,4,0,1,2,A,-,03,22350,NA,N,C,C,A,A,H,-,A,A,0,NA,NA,NA,NA,Y,NA,A,01,0,0,1,0,0,0,0,0,0,-,NF,NA,NA,SAN DIEGO,SAN DIEGO,-117.12541961669922,32.757041931152344
9801430,2025,2025-04-24,3711,2025-04-07,902,SD7326,NA,1,5,7,3711,0,0,0,NA,0,826,51ST ST,TROJAN AV,0,NA,Y,A,-,N,NA,NA,NA,NA,NA,NA,NA,NA,NA,N,3,0,1,3,A,-,03,22350,NA,M,B,C,A,A,H,-,A,D,0,NA,NA,NA,NA,Y,NA,A,01,0,1,0,0,0,0,0,0,0,-,-,NA,NA,SAN DIEGO,SAN DIEGO,-117.08467864990234,32.754886627197266
9801433,2025,2025-04-25,3711,2025-04-13,1250,SD1941,NA,7,5,7,3711,0,0,0,NA,0,838,UNIVERSITY AV,SWIFT AV,135,W,N,A,-,N,NA,NA,NA,NA,NA,NA,NA,NA,NA,Y,4,0,1,2,A,-,08,22107,NA,N,A,C,A,A,H,-,A,D,0,NA,NA,NA,NA,Y,NA,A,01,0,0,1,0,0,0,0,0,0,-,-,NA,NA,SAN DIEGO,SAN DIEGO,-117.11972045898438,32.749778747558594
9801503,2025,2025-04-28,3702,2025-04-01,1133,CV1133,NA,2,5,6,3702,0,0,0,NA,0,032,EASTLAKE PKWY,LAKES RD,15,N,N,B,-,N,NA,NA,NA,NA,NA,NA,NA,NA,NA,Y,3,0,1,1,A,-,08,22107,NA,N,E,I,A,A,H,-,A,A,0,NA,NA,NA,NA,Y,NA,A,01,0,1,0,0,0,0,0,0,0,-,-,NA,NA,SAN DIEGO,CHULA VISTA,-116.96853637695313,32.652671813964844
9801829,2025,2025-04-18,3708,2025-03-15,1800,LM1259,NA,6,5,5,3708,0,0,0,NA,0,003,LAKE MURRAY BL,PARKWAY DR,95,S,N,A,-,N,NA,NA,NA,NA,NA,NA,NA,NA,NA,N,4,0,1,2,A,-,08,22107,NA,F,D,C,A,A,H,-,A,D,0,NA,NA,NA,NA,Y,NA,A,01,0,0,1,0,0,0,0,0,0,-,-,NA,NA,SAN DIEGO,LA MESA,-117.04551696777344,32.77483367919922