CASE_ID,ACCIDENT_YEAR,PROC_DATE,JURIS,COLLISION_DATE,COLLISION_TIME,OFFICER_ID,REPORTING_DISTRICT,DAY_OF_WEEK,CHP_SHIFT,POPULATION,CNTY_CITY_LOC,SPECIAL_COND,BEAT_TYPE,CHP_BEAT_TYPE,CITY_DIVISION_LAPD,CHP_BEAT_CLASS,BEAT_NUMBER,PRIMARY_RD,SECONDARY_RD,DISTANCE,DIRECTION,INTERSECTION,WEATHER_1,WEATHER_2,STATE_HWY_IND,CALTRANS_COUNTY,CALTRANS_DISTRICT,STATE_ROUTE,ROUTE_SUFFIX,POSTMILE_PREFIX,POSTMILE,LOCATION_TYPE,RAMP_INTERSECTION,SIDE_OF_HWY,TOW_AWAY,COLLISION_SEVERITY,NUMBER_KILLED,NUMBER_INJURED,PARTY_COUNT,PRIMARY_COLL_FACTOR,PCF_CODE_OF_VIOL,PCF_VIOL_CATEGORY,PCF_VIOLATION,PCF_VIOL_SUBSECTION,HIT_AND_RUN,TYPE_OF_COLLISION,MVIW,PED_ACTION,ROAD_SURFACE,ROAD_COND_1,ROAD_COND_2,LIGHTING,CONTROL_DEVICE,CHP_ROAD_TYPE,PEDESTRIAN_ACCIDENT,BICYCLE_ACCIDENT,MOTORCYCLE_ACCIDENT,TRUCK_ACCIDENT,NOT_PRIVATE_PROPERTY,ALCOHOL_INVOLVED,STWD_VEHTYPE_AT_FAULT,CHP_VEHTYPE_AT_FAULT,COUNT_SEVERE_INJ,COUNT_VISIBLE_INJ,COUNT_COMPLAINT_PAIN,COUNT_PED_KILLED,COUNT_PED_INJURED,COUNT_BICYCLIST_KILLED,COUNT_BICYCLIST_INJURED,COUNT_MC_KILLED,COUNT_MC_INJURED,PRIMARY_RAMP,SECONDARY_RAMP,LATITUDE,LONGITUDE,COUNTY,CITY,POINT_X,POINT_Y
6731017,2014,2015-01-29,3706,2014-12-02,1425,ES0374,NA,2,5,6,3706,0,0,0,NA,0,043,EL NORTE PKWY,RT 15,35,W,N,C,-,Y,NA,NA,NA,NA,NA,NA,NA,NA,NA,N,4,0,2,2,A,-,03,22350,NA,N,C,C,A,B,H,-,A,A,0,NA,NA,NA,NA,Y,NA,A,01,0,0,2,0,0,0,0,0,0,-,-,NA,NA,SAN DIEGO,ESCONDIDO,-117.10474087,33.14672217
6731053,2014,2015-01-29,3710,2014-12-01,1710,OC1410,NA,1,5,6,3710,0,0,0,NA,0,014,RT 76,BENET RD,467,E,N,A,-,Y,NA,NA,NA,NA,NA,NA,NA,NA,NA,Y,4,0,4,3,A,-,03,22350,NA,N,C,C,A,A,H,-,C,A,0,NA,NA,NA,NA,Y,NA,A,01,0,0,4,0,0,0,0,0,0,-,-,NA,NA,SAN DIEGO,OCEANSIDE,-117.35582682,33.215201
6731741,2014,2015-01-30,3711,2014-12-04,0837,6692,NA,4,5,7,3711,0,0,0,NA,0,833,MENLO AV,46TH ST,30,W,N,B,-,N,NA,NA,NA,NA,NA,NA,NA,NA,NA,N,4,0,1,3,A,-,-,NA,NA,N,C,C,A,B,H,-,A,A,0,NA,NA,NA,NA,Y,NA,-,NA,0,0,1,0,0,0,0,0,0,-,-,NA,NA,SAN DIEGO,SAN DIEGO,-117.09546,32.73514
6736380,2014,2015-01-28,9650,2014-12-01,0235,17655,NA,1,3,6,3706,0,1,1,NA,2,023,RT 15,CITRACADO PKWY,3168,S,N,A,-,Y,NA,NA,NA,NA,NA,NA,NA,NA,NA,Y,3,0,2,1,A,-,08,22107,NA,N,F,A,A,A,H,-,D,D,0,NA,NA,NA,NA,Y,NA,A,08,0,1,1,0,0,0,0,0,0,-,-,33.08444,-117.07495,SAN DIEGO,ESCONDIDO,-117.07613554,33.08603531
6738353,2014,2016-06-16,9680,2014-11-13,1330,018356,NA,4,1,9,3700,0,1,1,NA,2,081,RT 8,EL CAJON BL,1056,W,N,A,-,Y,SD,11,8,-,-,13.46,H,-,E,N,4,0,1,2,A,-,07,21658,A,N,B,C,A,A,H,-,A,D,1,NA,NA,NA,NA,Y,NA,A,01,0,0,1,0,0,0,0,0,0,-,-,32.77895,-116.98527,SAN DIEGO,UNINCORPORATED,-116.98319105,32.7798381
6739021,2014,2015-01-20,3711,2014-11-21,1614,7118,CENTR,5,5,7,3711,0,0,0,NA,0,521,K ST,K ST1400,0,NA,N,A,-,N,NA,NA,NA,NA,NA,NA,NA,NA,NA,Y,4,0,1,2,A,-,-,NA,NA,N,D,D,A,A,H,-,A,A,0,NA,NA,NA,NA,Y,NA,-,NA,0,0,1,0,0,0,0,0,0,-,-,NA,NA,SAN DIEGO,SAN DIEGO,-117.15190262,32.70836249
6745236,2014,2014-12-29,9680,2014-10-24,1735,17621,NA,5,2,9,3700,0,3,5,NA,2,002,JAMACHA RD,ELKELTON BL,245,E,N,A,-,N,NA,NA,NA,NA,NA,NA,NA,NA,NA,Y,4,0,1,2,A,-,06,21755,NA,N,D,C,A,A,H,-,A,D,0,NA,NA,Y,NA,Y,NA,C,02,0,0,1,0,0,0,0,0,1,-,-,32.71464,-117.01648,SAN DIEGO,UNINCORPORATED,-117.01684512,32.71477282
6745243,2014,2014-12-30,3700,2014-10-19,0958,SH2784,NA,7,5,5,3782,0,0,0,NA,0,224,MANCHESTER AV,MIRA COSTA COLLEGE RD,6,E,N,A,-,N,NA,NA,NA,NA,NA,NA,NA,NA,NA,Y,2,0,1,2,A,-,-,NA,NA,N,C,G,A,A,H,-,A,A,0,NA,Y,NA,NA,Y,NA,A,01,1,0,0,0,0,0,1,0,0,-,-,NA,NA,SAN DIEGO,ENCINITAS,-117.25713351,33.01618879
6745250,2014,2014-12-30,3700,2014-10-04,0814,SH4791,NA,6,5,5,3782,0,0,0,NA,0,230,EL CAMINO DEL NORTE,VAL SERENO DR,0,NA,Y,A,-,N,NA,NA,NA,NA,NA,NA,NA,NA,NA,N,4,0,1,2,A,-,09,21801,A,N,A,G,A,A,H,-,A,D,0,NA,Y,NA,NA,Y,NA,A,01,0,0,1,0,0,0,1,0,0,-,-,NA,NA,SAN DIEGO,ENCINITAS,-117.22366011,33.04761003
6745277,2014,2014-12-30,3708,2014-10-21,1800,LM1255,NA,2,5,5,3708,0,0,0,NA,0,001,WAITE DR,KING ST,342,E,N,A,-,N,NA,NA,NA,NA,NA,NA,NA,NA,NA,Y,4,0,1,2,A,-,08,22107,NA,F,D,C,A,A,H,-,B,D,0,NA,NA,NA,NA,Y,NA,A,01,0,0,1,0,0,0,0,0,0,-,-,NA,NA,SAN DIEGO,LA MESA,-117.04703155,32.74620001
6745491,2014,2015-01-20,9645,2014-11-22,0343,019496,NA,6,3,7,3711,0,1,1,NA,2,019,RT 15,CARMEL MOUNTAIN RD,2820,N,N,A,-,Y,NA,NA,15,NA,NA,NA,NA,NA,NA,Y,3,0,1,1,A,-,08,22107,NA,N,E,I,A,A,H,-,D,D,0,NA,NA,NA,NA,Y,Y,A,01,0,1,0,0,0,0,0,0,0,-,-,32.9859,-117.08266,SAN DIEGO,SAN DIEGO,-117.08265724,32.98589958
6746825,2014,2015-01-26,9645,2014-11-30,1625,20541,NA,7,2,7,3711,0,1,1,NA,2,010,RT 8,MISSION CENTER RD,1584,E,N,A,-,Y,NA,NA,8,NA,NA,NA,NA,NA,NA,Y,3,0,2,3,A,-,03,22350,NA,N,C,C,A,A,H,-,A,D,0,NA,NA,NA,NA,Y,NA,A,07,0,2,0,0,0,0,0,0,0,-,-,32.76804,-117.14525,SAN DIEGO,SAN DIEGO,-117.14520775,32.76795454
6747835,2014,2015-02-04,3706,2014-12-05,0750,ES1603,NA,5,5,6,3706,0,0,0,NA,0,045,WASHINGTON AV,QUINCE ST,0,NA,Y,A,-,N,NA,NA,NA,NA,NA,NA,NA,NA,NA,Y,4,0,2,2,A,-,17,21451,A,N,D,C,A,A,H,-,A,A,0,NA,NA,NA,NA,Y,NA,A,07,0,0,2,0,0,0,0,0,0,-,-,NA,NA,SAN DIEGO,ESCONDIDO,-117.09196004,33.12444006
6747992,2014,2015-01-26,3711,2014-11-30,1225,7171,NA,7,5,7,3711,0,0,0,NA,0,123,INGRAHAM ST,BRIDGE SEAM,339,N,N,A,-,N,NA,NA,NA,NA,NA,NA,NA,NA,NA,Y,4,0,4,3,A,-,03,22350,NA,N,C,C,A,A,H,-,A,D,0,NA,NA,NA,NA,Y,NA,A,01,0,0,4,0,0,0,0,0,0,-,-,NA,NA,SAN DIEGO,SAN DIEGO,NA,NA
6749071,2014,2015-01-29,3711,2014-12-15,0055,4835,SD,1,5,7,3711,0,0,0,NA,0,934,CARMEL MOUNTAIN RD,3800 CARMEL MOUNTAIN RD,110,S,N,A,-,N,NA,NA,NA,NA,NA,NA,NA,NA,NA,Y,4,0,1,1,A,-,08,22107,NA,N,E,I,A,A,H,-,C,D,0,NA,NA,NA,NA,Y,NA,-,NA,0,0,1,0,0,0,0,0,0,-,-,NA,NA,SAN DIEGO,SAN DIEGO,NA,NA
6749456,2014,2015-02-02,3700,2014-11-25,1714,KSH1706,NA,2,5,5,3782,0,0,0,NA,0,221,D ST,2ND ST,0,NA,Y,A,-,N,NA,NA,NA,NA,NA,NA,NA,NA,NA,N,3,0,1,2,A,-,10,21950,A,N,G,B,B,A,H,-,C,D,0,Y,NA,NA,NA,Y,NA,A,01,0,1,0,0,1,0,0,0,0,-,-,NA,NA,SAN DIEGO,ENCINITAS,-117.29480004,33.04590004
6749462,2014,2015-02-02,3700,2014-11-05,1407,SH9371,NA,3,5,5,3782,0,0,0,NA,0,242,SANTA FE DR,LAKE DR,0,NA,Y,A,-,N,NA,NA,NA,NA,NA,NA,NA,NA,NA,Y,4,0,1,2,A,-,09,21801,A,N,D,C,A,A,H,-,A,A,0,NA,NA,NA,NA,Y,NA,A,01,0,0,1,0,0,0,0,0,0,-,-,NA,NA,SAN DIEGO,ENCINITAS,-117.2663501,33.03623004
6749477,2014,2015-01-30,3702,2014-11-08,2235,CV1053,NA,6,5,6,3702,0,0,0,NA,0,024,BEYER WAY,4TH AV,75,N,N,B,-,N,NA,NA,NA,NA,NA,NA,NA,NA,NA,Y,3,0,4,2,A,-,01,23153,B,N,D,C,A,A,H,-,C,D,0,NA,NA,NA,NA,Y,Y,A,01,0,3,1,0,0,0,0,0,0,-,-,NA,NA,SAN DIEGO,CHULA VISTA,-117.06378840000001,32.59294024
6750374,2014,2016-02-23,3711,2014-12-19,1155,4300,NA,5,5,7,3711,0,0,0,NA,0,516,L ST,30TH ST,0,NA,Y,A,-,N,NA,NA,NA,NA,NA,NA,NA,NA,NA,N,4,0,1,2,A,-,12,22450,A,N,D,C,A,A,H,-,A,A,0,NA,NA,NA,NA,Y,NA,-,NA,0,0,1,0,0,0,0,0,0,-,-,NA,NA,SAN DIEGO,SAN DIEGO,-117.12952012,32.70744002
6750468,2014,2015-02-11,9645,2014-12-25,1022,17270,NA,4,1,7,3711,0,1,1,NA,2,007,RT 5,CARMEL MOUNTAIN RD,200,S,N,B,-,Y,NA,NA,5,NA,NA,NA,NA,NA,NA,Y,4,0,1,4,A,-,08,22107,NA,N,C,C,A,A,H,-,A,D,0,NA,NA,NA,NA,Y,NA,D,22,0,0,1,0,0,0,0,0,0,-,-,32.9168,-117.233,SAN DIEGO,SAN DIEGO,-117.23293299,32.9168962
6750668,2014,2015-02-06,3711,2014-12-21,1740,7173,N2,7,5,7,3711,0,0,0,NA,0,122,GARNET AV,LAMONT ST,0,NA,Y,A,-,N,NA,NA,NA,NA,NA,NA,NA,NA,NA,N,3,0,1,3,A,-,09,21801,A,M,D,C,A,A,H,-,C,A,0,NA,NA,NA,NA,Y,NA,A,01,0,1,0,0,0,0,0,0,0,-,-,NA,NA,SAN DIEGO,SAN DIEGO,-117.2353201,32.80102012
6750751,2014,2015-02-09,9650,2014-12-19,2055,018321,NA,5,2,9,3700,0,2,4,NA,2,063,RECHE RD,GIRD RD,1146,E,N,A,-,N,NA,NA,NA,NA,NA,NA,NA,NA,NA,Y,3,0,1,1,A,-,01,23152,A,N,E,I,A,A,H,-,D,D,0,NA,NA,NA,NA,Y,Y,D,22,0,1,0,0,0,0,0,0,0,-,-,33.36133,-117.20016,SAN DIEGO,UNINCORPORATED,-117.20017947,33.36134895
6751597,2014,2015-02-10,3706,2014-12-23,0625,ES0346,NA,2,5,6,3706,0,0,0,NA,0,052,IVY ST,VALLEY PKWY,0,NA,Y,A,-,N,NA,NA,NA,NA,NA,NA,NA,NA,NA,Y,4,0,1,2,A,-,09,21801,A,N,A,C,A,A,H,-,B,A,0,NA,NA,NA,NA,Y,NA,A,01,0,0,1,0,0,0,0,0,0,-,-,NA,NA,SAN DIEGO,ESCONDIDO,-117.07808003,33.12461001
6752077,2014,2015-07-20,9650,2014-12-16,1530,16026,NA,2,2,9,3700,0,3,5,NA,2,190,BUENA CREEK RD,SUNSHINE MOUNTAIN RD,15,E,N,B,-,N,NA,NA,NA,NA,NA,NA,NA,NA,NA,Y,4,0,1,2,A,-,09,21804,A,F,D,C,A,B,H,-,A,D,0,NA,NA,NA,NA,Y,NA,D,22,0,0,1,0,0,0,0,0,0,-,-,33.18352,-117.16508,SAN DIEGO,UNINCORPORATED,-117.16389114,33.18303069
6754224,2014,2015-02-05,9680,2014-12-28,1715,19519,NA,7,2,9,3700,0,3,5,NA,2,002,FUERTE DR,SIERRA VISTA AV,0,NA,Y,A,-,N,NA,NA,NA,NA,NA,NA,NA,NA,NA,Y,3,0,1,2,A,-,03,22350,NA,N,C,C,A,A,H,-,D,D,0,NA,NA,NA,NA,Y,NA,A,01,0,1,0,0,0,0,0,0,0,-,-,32.77734,-116.9927,SAN DIEGO,UNINCORPORATED,-116.99240013,32.7773101
6755521,2014,2015-02-06,9645,2014-12-22,0845,16156,NA,1,1,7,3711,0,1,1,NA,2,015,RT 805,CLAIREMONT MESA BL,750,N,N,A,-,Y,NA,NA,805,NA,NA,NA,NA,NA,NA,Y,4,0,2,2,A,-,03,22350,NA,N,C,C,A,A,H,-,A,D,0,NA,NA,NA,NA,Y,NA,A,01,0,0,2,0,0,0,0,0,0,-,-,32.83551,-117.17077,SAN DIEGO,SAN DIEGO,-117.17070032,32.83555181
6755549,2014,2015-02-06,9645,2014-12-18,0745,16542,NA,4,1,7,3711,0,1,1,NA,2,015,RT 805,RT 52 U/C,200,S,N,B,-,Y,NA,NA,805,NA,NA,NA,NA,NA,NA,N,3,0,1,2,A,-,03,22350,NA,N,B,C,A,A,H,-,A,D,0,NA,NA,Y,NA,Y,NA,C,02,0,1,0,0,0,0,0,0,1,-,-,32.81515,-117.15827,SAN DIEGO,SAN DIEGO,-117.1583898,32.81506248
6755728,2014,2015-02-04,3710,2014-12-19,2155,OC1185,NA,5,5,6,3710,0,0,0,NA,0,011,GREENBRIAR,APPLE,150,N,N,A,-,N,NA,NA,NA,NA,NA,NA,NA,NA,NA,N,2,0,1,2,A,-,03,22350,NA,N,G,G,A,A,H,-,C,D,0,NA,Y,NA,NA,Y,NA,L,04,1,0,0,0,0,0,1,0,0,-,-,NA,NA,SAN DIEGO,OCEANSIDE,-117.35617792,33.1957687
6757442,2014,2015-01-22,3700,2014-11-25,1737,SH2560,NA,2,5,5,3713,0,0,0,NA,0,308,GRAPEVINE RD,DATE ST,411,S,N,A,-,N,NA,NA,NA,NA,NA,NA,NA,NA,NA,N,3,0,1,2,A,-,11,21954,A,N,G,B,D,A,H,-,C,D,0,Y,NA,NA,NA,Y,NA,N,60,0,1,0,0,1,0,0,0,0,-,-,NA,NA,SAN DIEGO,VISTA,-117.27508826,33.19201425
6759046,2014,2015-02-03,9680,2014-12-08,2010,016622,NA,1,2,9,3700,0,2,4,NA,1,010,WOODSIDE AV,WINTER GARDENS BL,528,E,N,A,-,N,NA,NA,NA,NA,NA,NA,NA,NA,NA,Y,4,0,1,2,A,-,09,21804,A,N,D,C,A,A,H,-,C,D,0,NA,NA,NA,NA,Y,NA,D,22,0,0,1,0,0,0,0,0,0,-,-,32.85632,-116.92906,SAN DIEGO,UNINCORPORATED,-116.92944901,32.85629178
6765132,2014,2015-02-02,9645,2014-12-16,0040,15698,NA,2,3,7,3711,0,1,3,NA,2,012,RT 52,RT 5,1056,E,N,B,-,Y,NA,NA,52,NA,NA,NA,NA,NA,NA,Y,3,0,1,1,A,-,01,23152,A,N,E,I,A,A,H,-,D,D,0,NA,NA,NA,NA,Y,Y,A,07,0,1,0,0,0,0,0,0,0,-,-,32.83875,-117.23004,SAN DIEGO,SAN DIEGO,-117.23003001,32.83869429
6765273,2014,2015-02-02,9680,2014-12-10,2205,19384,NA,3,3,9,3700,0,3,5,NA,2,001,PEPPER DR,2ND ST,164,E,N,A,-,N,NA,NA,NA,NA,NA,NA,NA,NA,NA,Y,4,0,2,1,A,-,08,22107,NA,N,E,I,A,A,H,-,C,D,0,NA,NA,NA,NA,Y,NA,A,01,0,0,2,0,0,0,0,0,0,-,-,32.82075,-116.934,SAN DIEGO,UNINCORPORATED,-116.93402812,32.82080497
6765318,2014,2015-02-02,3700,2014-12-01,1340,SH2619,NA,1,5,5,3712,0,0,0,NA,0,355,LINDA VISTA DR,S LAS POSAS RD,0,NA,Y,A,-,N,NA,NA,NA,NA,NA,NA,NA,NA,NA,Y,4,0,1,2,A,-,05,21651,A,N,D,C,A,A,D,E,A,A,0,NA,NA,NA,NA,Y,NA,A,01,0,0,1,0,0,0,0,0,0,-,-,NA,NA,SAN DIEGO,SAN MARCOS,-117.1945401,33.13725009
6765432,2014,2015-02-02,9680,2014-12-14,0855,017996,NA,7,1,9,3700,0,3,5,NA,2,002,WORTHINGTON ST,PARADISE VALLEY RD,149,S,N,A,-,N,NA,NA,NA,NA,NA,NA,NA,NA,NA,N,3,0,3,2,A,-,03,22350,NA,N,C,C,A,A,H,-,A,D,0,NA,NA,NA,NA,Y,NA,A,07,0,3,0,0,0,0,0,0,0,-,-,32.69712,-117.01846,SAN DIEGO,UNINCORPORATED,-117.01835329,32.69693122
6767099,2014,2015-02-19,3711,2014-12-05,2240,6549,NA,5,5,7,3711,0,0,0,NA,0,122,MISSION BL,THOMAS AV,0,NA,Y,A,-,N,NA,NA,NA,NA,NA,NA,NA,NA,NA,N,3,0,1,2,D,-,00,NA,NA,N,D,B,D,A,H,-,C,D,0,Y,NA,NA,NA,Y,Y,-,-,0,1,0,0,1,0,0,0,0,-,-,NA,NA,SAN DIEGO,SAN DIEGO,-117.25459003,32.79363005
6767442,2014,2015-02-04,3710,2014-12-25,0059,OC1408,NA,4,5,6,3710,0,0,0,NA,0,032,RT 76 E,RANCHO DEL ORO,0,NA,Y,A,-,Y,NA,NA,NA,NA,NA,NA,NA,NA,NA,Y,4,0,2,2,A,-,01,23152,A,N,C,C,A,A,H,-,C,A,0,NA,NA,NA,NA,Y,Y,A,01,0,0,2,0,0,0,0,0,0,-,-,NA,NA,SAN DIEGO,OCEANSIDE,-117.31836011,33.22775007
6770016,2014,2015-02-05,9645,2014-12-23,1920,17529,NA,2,2,7,3711,0,1,3,NA,2,006,RT 94,30TH ST,400,E,N,A,-,Y,NA,NA,94,NA,NA,NA,NA,NA,NA,Y,4,0,1,2,A,-,03,22350,NA,N,C,C,A,A,H,-,C,D,0,NA,NA,NA,NA,Y,NA,A,01,0,0,1,0,0,0,0,0,0,-,-,32.71632,-117.12154,SAN DIEGO,SAN DIEGO,-117.12150718,32.71621287
6770022,2014,2015-02-05,9645,2014-12-24,0250,019393,NA,3,3,7,3711,0,1,1,NA,2,011,RT 805,BOUNDARY ST,4,E,N,A,-,Y,NA,NA,805,NA,NA,NA,NA,NA,NA,Y,3,0,1,1,A,-,01,23152,A,N,E,I,A,A,H,-,C,D,0,NA,NA,NA,NA,Y,Y,A,01,0,1,0,0,0,0,0,0,0,TO,-,32.74767,-117.12276,SAN DIEGO,SAN DIEGO,-117.12217058,32.74808028
6770539,2014,2015-02-06,9680,2014-12-28,1430,17621,NA,7,2,9,3700,0,3,5,NA,2,009,CEDAR ST,SUMMER GLEN RD,780,E,N,A,-,N,NA,NA,NA,NA,NA,NA,NA,NA,NA,Y,3,0,1,2,A,-,08,22107,NA,N,B,C,A,A,H,-,A,D,0,NA,NA,Y,NA,Y,NA,D,22,0,1,0,0,0,0,0,0,1,-,-,33.05476,-116.89459,SAN DIEGO,UNINCORPORATED,-116.89476447,33.05476183
6771017,2014,2015-02-10,9645,2014-12-28,0506,1900,NA,7,3,7,3711,0,1,1,NA,2,007,RT 5,GILMAN DR,1500,N,N,A,-,Y,NA,NA,5,NA,NA,NA,NA,NA,NA,Y,4,0,1,1,A,-,08,22107,NA,N,E,I,A,A,H,-,D,D,0,NA,NA,NA,NA,Y,NA,A,01,0,0,1,0,0,0,0,0,0,-,-,32.86325,-117.22988,SAN DIEGO,SAN DIEGO,-117.22993277,32.86325507
6771046,2014,2015-02-10,3711,2014-12-29,0820,6986,NA,1,5,7,3711,0,0,0,NA,0,242,CARROLL CANYON RD,MAYA LINDA RD,0,NA,Y,A,-,N,NA,NA,NA,NA,NA,NA,NA,NA,NA,NA,4,0,1,2,A,-,10,21950,A,N,G,B,B,A,H,-,A,A,0,Y,NA,NA,NA,Y,NA,-,NA,0,0,1,0,1,0,0,0,0,-,-,NA,NA,SAN DIEGO,SAN DIEGO,-117.11797999,32.90337011
6773315,2014,2015-01-28,9645,2014-11-19,1723,015580,NA,3,2,7,3711,0,1,1,NA,2,007,RT 5,DEL MAR HEIGHTS RD,1540,N,N,A,-,Y,NA,NA,5,NA,NA,NA,NA,NA,NA,Y,4,0,2,3,A,-,03,22350,NA,N,C,C,A,A,H,-,D,D,0,NA,NA,NA,NA,Y,NA,A,07,0,0,2,0,0,0,0,0,0,-,-,32.95545,-117.24494,SAN DIEGO,SAN DIEGO,-117.24485833,32.95546543
6773339,2014,2015-01-28,9650,2014-11-26,1415,015830,NA,3,2,6,3710,0,1,3,NA,2,015,RT 78,RT 5,50,E,N,A,-,Y,NA,NA,78,NA,NA,NA,NA,NA,NA,N,4,0,1,2,A,-,03,22350,NA,N,C,C,A,A,H,-,A,D,0,NA,NA,Y,NA,Y,NA,C,02,0,0,1,0,0,0,0,0,1,-,-,33.17681,-117.35139,SAN DIEGO,OCEANSIDE,-117.35128167,33.1769536
6774682,2015,2015-02-19,3711,2015-01-04,1800,6193,NA,7,5,7,3711,0,0,0,NA,0,999,OTAY LAKES RD,MILE POST 4,195,E,N,A,-,N,NA,NA,NA,NA,NA,NA,NA,NA,NA,Y,3,0,1,1,A,-,08,22107,NA,N,F,I,A,A,H,-,D,D,0,NA,NA,NA,NA,Y,NA,-,NA,0,1,0,0,0,0,0,0,0,-,-,NA,NA,SAN DIEGO,SAN DIEGO,NA,NA
6775010,2015,2015-02-19,3711,2015-01-05,1221,5313,NA,1,5,7,3711,0,0,0,NA,0,712,CAMINO DE LA PLAZA,VIA NACIONAL,338,E,N,A,-,N,NA,NA,NA,NA,NA,NA,NA,NA,NA,Y,4,0,1,2,A,-,09,21804,A,N,D,C,A,A,H,-,A,D,0,NA,NA,NA,NA,Y,NA,A,01,0,0,1,0,0,0,0,0,0,-,-,NA,NA,SAN DIEGO,SAN DIEGO,-117.03792295,32.5451453
6775129,2015,2016-10-07,9645,2015-01-05,1635,019054,NA,1,2,7,3711,0,1,1,NA,2,005,RT 5,CLAIREMONT DR,1647,S,N,A,-,Y,SD,11,5,-,R,21.96,H,-,S,Y,4,0,1,3,A,-,03,22350,NA,N,C,C,A,A,H,-,A,D,1,NA,NA,NA,NA,Y,NA,A,01,0,0,1,0,0,0,0,0,0,-,-,32.78176,-117.20032,SAN DIEGO,SAN DIEGO,-117.20741667,32.78625758
6777100,2014,2015-01-26,3705,2014-11-19,0809,EC5258,NA,3,5,5,3705,0,0,0,NA,0,008,ESTES ST,CHASE AV,107,N,N,A,-,N,NA,NA,NA,NA,NA,NA,NA,NA,NA,Y,3,0,1,1,A,-,03,22350,NA,N,E,I,A,A,H,-,A,D,0,NA,NA,Y,NA,Y,NA,C,02,0,1,0,0,0,0,0,0,1,-,-,NA,NA,SAN DIEGO,EL CAJON,-116.96661,32.78069304
6780851,2014,2015-01-28,3702,2014-07-24,0118,CV1031,NA,4,5,6,3702,0,0,0,NA,0,024,OLYMPIC PKWY,HERITAGE RD,4224,W,N,A,-,N,NA,NA,NA,NA,NA,NA,NA,NA,NA,Y,2,0,1,1,A,-,03,22350,NA,N,E,I,A,A,H,-,C,D,0,NA,NA,NA,NA,Y,NA,A,01,1,0,0,0,0,0,0,0,0,-,-,NA,NA,SAN DIEGO,CHULA VISTA,-117.01354434,32.61090662
6781343,2015,2015-02-18,3711,2015-01-14,1300,6361,NA,3,5,7,3711,0,0,0,NA,0,813,MADISON AV,TEXAS ST,150,E,N,A,-,N,NA,NA,NA,NA,NA,NA,NA,NA,NA,N,3,0,1,3,A,-,21,22106,NA,N,B,C,A,A,H,-,A,D,0,NA,NA,NA,NA,Y,NA,A,01,0,1,0,0,0,0,0,0,0,-,-,NA,NA,SAN DIEGO,SAN DIEGO,-117.1383737,32.76099
6782339,2015,2015-02-18,3711,2015-01-03,1900,4505,NA,6,5,7,3711,0,0,0,NA,0,937,CAMINO DEL SUR,FOUR GEE RD,0,NA,Y,A,-,N,NA,NA,NA,NA,NA,NA,NA,NA,NA,Y,3,0,2,2,A,-,03,22350,NA,N,C,C,A,A,H,-,C,A,0,NA,NA,NA,NA,Y,NA,A,01,0,1,1,0,0,0,0,0,0,-,-,NA,NA,SAN DIEGO,SAN DIEGO,-117.12351003,33.02124007
6782724,2015,2016-09-12,9650,2015-01-07,1825,15446,NA,3,2,6,3710,0,1,3,NA,2,015,RT 78,COLLEGE BL,2640,W,N,A,-,Y,SD,11,78,-,-,2.82,H,-,E,N,4,0,1,2,A,-,03,22350,NA,N,C,C,A,A,H,-,C,D,1,NA,NA,NA,NA,Y,NA,A,07,0,0,1,0,0,0,0,0,0,-,-,33.18265,-117.30496,SAN DIEGO,OCEANSIDE,-117.30478012,33.18092207
6782782,2015,2015-02-27,3711,2015-01-03,1155,6403,SD,6,5,7,3711,0,0,0,NA,0,242,CAMINO RUIZ,CARROLL CANYON,528,N,N,A,-,N,NA,NA,NA,NA,NA,NA,NA,NA,NA,N,3,0,1,1,A,-,08,22107,NA,N,F,-,A,A,H,-,A,D,0,NA,Y,NA,NA,Y,NA,-,-,0,1,0,0,0,0,1,0,0,-,-,NA,NA,SAN DIEGO,SAN DIEGO,-117.14202952,32.89931976
6783140,2014,2015-02-17,9650,2014-12-23,1730,17905,NA,2,2,6,3710,0,1,3,NA,2,015,RT 78,RT 5,300,E,N,A,-,Y,NA,NA,NA,NA,NA,NA,NA,NA,NA,Y,4,0,1,1,A,-,08,22107,NA,N,E,I,A,A,H,-,C,D,0,NA,NA,NA,NA,Y,NA,A,07,0,0,1,0,0,0,0,0,0,-,-,NA,NA,SAN DIEGO,OCEANSIDE,-117.35064586,33.17746942
6783363,2015,2015-03-18,3711,2015-02-12,1213,6702,NA,4,5,7,3711,0,0,0,NA,0,712,BEYER BL,WEST PARK,0,NA,Y,A,F,N,NA,NA,NA,NA,NA,NA,NA,NA,NA,N,2,0,1,2,A,-,11,21954,A,N,G,B,E,A,H,-,A,A,0,Y,NA,NA,NA,Y,NA,N,60,1,0,0,0,1,0,0,0,0,-,-,NA,NA,SAN DIEGO,SAN DIEGO,-117.04454,32.55832002
6783857,2016,2016-07-15,3711,2016-07-05,1540,4884,SDPD,2,5,7,3711,0,0,0,NA,0,233,MOUNTAIN RD,MOUNTAIN RD 13100,10,W,N,A,-,N,NA,NA,NA,NA,NA,NA,NA,NA,NA,N,4,0,1,2,A,-,04,21703,NA,N,C,C,A,A,H,-,A,A,0,NA,NA,NA,NA,Y,NA,A,01,0,0,1,0,0,0,0,0,0,-,-,NA,NA,SAN DIEGO,SAN DIEGO,NA,NA
6784124,2015,2015-02-18,3711,2015-01-07,1157,5572,NA,3,5,7,3711,0,0,0,NA,0,325,JACKSON DR,BIRCHCREEK,154,S,N,A,-,N,NA,NA,NA,NA,NA,NA,NA,NA,NA,Y,4,0,1,2,A,-,08,22107,A,N,C,J,A,A,H,-,A,D,0,NA,NA,NA,NA,Y,NA,-,NA,0,0,1,0,0,0,0,0,0,-,-,NA,NA,SAN DIEGO,SAN DIEGO,-117.0470652,32.80479312
6784132,2015,2015-02-18,3711,2015-01-07,2150,5051,NA,3,5,7,3711,0,0,0,NA,0,613,WEST POINT LOMA BL,NIMITZ BL,0,NA,Y,A,-,N,NA,NA,NA,NA,NA,NA,NA,NA,NA,N,3,0,1,1,A,-,03,22350,NA,N,E,-,A,A,A,-,C,A,0,NA,Y,NA,NA,Y,Y,L,04,0,1,0,0,0,0,1,0,0,-,-,NA,NA,SAN DIEGO,SAN DIEGO,-117.23612006,32.75124001