CASE_ID,ACCIDENT_YEAR,PROC_DATE,JURIS,COLLISION_DATE,COLLISION_TIME,OFFICER_ID,REPORTING_DISTRICT,DAY_OF_WEEK,CHP_SHIFT,POPULATION,CNTY_CITY_LOC,SPECIAL_COND,BEAT_TYPE,CHP_BEAT_TYPE,CITY_DIVISION_LAPD,CHP_BEAT_CLASS,BEAT_NUMBER,PRIMARY_RD,SECONDARY_RD,DISTANCE,DIRECTION,INTERSECTION,WEATHER_1,WEATHER_2,STATE_HWY_IND,CALTRANS_COUNTY,CALTRANS_DISTRICT,STATE_ROUTE,ROUTE_SUFFIX,POSTMILE_PREFIX,POSTMILE,LOCATION_TYPE,RAMP_INTERSECTION,SIDE_OF_HWY,TOW_AWAY,COLLISION_SEVERITY,NUMBER_KILLED,NUMBER_INJURED,PARTY_COUNT,PRIMARY_COLL_FACTOR,PCF_CODE_OF_VIOL,PCF_VIOL_CATEGORY,PCF_VIOLATION,PCF_VIOL_SUBSECTION,HIT_AND_RUN,TYPE_OF_COLLISION,MVIW,PED_ACTION,ROAD_SURFACE,ROAD_COND_1,ROAD_COND_2,LIGHTING,CONTROL_DEVICE,CHP_ROAD_TYPE,PEDESTRIAN_ACCIDENT,BICYCLE_ACCIDENT,MOTORCYCLE_ACCIDENT,TRUCK_ACCIDENT,NOT_PRIVATE_PROPERTY,ALCOHOL_INVOLVED,STWD_VEHTYPE_AT_FAULT,CHP_VEHTYPE_AT_FAULT,COUNT_SEVERE_INJ,COUNT_VISIBLE_INJ,COUNT_COMPLAINT_PAIN,COUNT_PED_KILLED,COUNT_PED_INJURED,COUNT_BICYCLIST_KILLED,COUNT_BICYCLIST_INJURED,COUNT_MC_KILLED,COUNT_MC_INJURED,PRIMARY_RAMP,SECONDARY_RAMP,LATITUDE,LONGITUDE,COUNTY,CITY,POINT_X,POINT_Y
6917694,2015,2015-05-21,3705,2015-03-25,2002,EC0344,NA,3,5,5,3705,0,0,0,NA,0,006,W MAIN,TRAVELODGE,124,E,N,A,-,N,NA,NA,NA,NA,NA,NA,NA,NA,NA,Y,4,0,1,1,A,-,08,22107,NA,N,E,I,A,A,H,-,C,D,0,NA,NA,NA,NA,Y,NA,A,07,0,0,1,0,0,0,0,0,0,-,-,NA,NA,SAN DIEGO,EL CAJON,-116.97981792,32.79497
6917798,2015,2015-05-26,3700,2015-03-25,1339,SH1654,NA,3,5,2,3704,0,0,0,NA,0,292,CAMINO DEL MAR,24TH ST,0,NA,Y,A,-,N,NA,NA,NA,NA,NA,NA,NA,NA,NA,N,4,0,1,2,A,-,08,22100,A,N,D,G,A,A,H,-,A,D,0,NA,Y,NA,NA,Y,NA,A,01,0,0,1,0,0,0,1,0,0,-,-,NA,NA,SAN DIEGO,DEL MAR,-117.26785004,32.96893002
6917927,2015,2015-05-20,3710,2015-04-09,0413,OC1397,NA,4,5,6,3710,0,0,0,NA,0,009,KELLY ST,S MORENO ST,270,E,N,A,-,N,NA,NA,NA,NA,NA,NA,NA,NA,NA,Y,4,0,1,1,A,-,03,22350,NA,N,E,I,A,A,H,-,C,D,0,NA,NA,NA,NA,Y,NA,A,01,0,0,1,0,0,0,0,0,0,-,-,NA,NA,SAN DIEGO,OCEANSIDE,-117.35307591,33.17838165
6920440,2015,2016-11-19,9645,2015-05-08,1817,18678,NA,5,2,7,3711,0,1,3,NA,2,006,RT 94,EUCLID AV,1100,E,N,B,-,Y,SD,11,94,-,-,5.35,H,-,E,Y,4,0,2,2,A,-,03,22350,NA,N,E,I,A,B,H,-,A,D,1,NA,NA,NA,NA,Y,NA,A,01,0,0,2,0,0,0,0,0,0,-,-,32.71964,-117.08143,SAN DIEGO,SAN DIEGO,-117.08193761,32.71919881
6921400,2015,2015-06-02,3711,2015-05-05,1000,6930,NA,2,5,7,3711,0,0,0,NA,0,511,MAIN ST,SOUTH 32ND ST,125,W,N,A,-,N,NA,NA,NA,NA,NA,NA,NA,NA,NA,N,3,0,1,2,B,-,22,NA,NA,M,B,C,A,A,H,-,A,D,0,NA,NA,NA,NA,Y,NA,-,NA,0,1,0,0,0,0,0,0,0,-,-,NA,NA,SAN DIEGO,SAN DIEGO,-117.12564488,32.69259535
6921408,2015,2015-06-02,3711,2015-05-07,0122,5690,SDPD,4,5,7,3711,0,0,0,NA,0,233,PENASQUITOS DR,PENASQUITOS CT,270,S,N,B,-,N,NA,NA,NA,NA,NA,NA,NA,NA,NA,N,3,0,1,1,A,-,08,22107,NA,N,E,I,A,A,H,-,C,D,0,NA,NA,NA,NA,Y,NA,A,01,0,1,0,0,0,0,0,0,0,-,-,NA,NA,SAN DIEGO,SAN DIEGO,-117.09318535,32.98165394
6922477,2015,2015-06-03,3700,2015-05-01,0310,SH2560,NA,5,5,5,3713,0,0,0,NA,0,304,NORTH MELROSE DR,NORTH AV,1680,N,N,A,-,N,NA,NA,NA,NA,NA,NA,NA,NA,NA,Y,3,0,1,1,A,-,01,23152,A,M,E,I,A,A,H,-,C,A,0,NA,NA,NA,NA,Y,Y,A,01,0,1,0,0,0,0,0,0,0,-,-,NA,NA,SAN DIEGO,VISTA,-117.25828488,33.21971786
6923547,2015,2017-01-24,9645,2015-09-08,1745,17401,NA,2,2,7,3711,0,1,1,NA,2,015,RT 805,RT 52,528,N,N,A,-,Y,SD,11,805,-,-,23.82,H,-,S,N,4,0,1,3,A,-,03,22350,NA,N,C,C,A,A,H,-,A,A,1,NA,NA,NA,NA,Y,NA,A,01,0,0,1,0,0,0,0,0,0,-,-,32.85908,-117.18518,SAN DIEGO,SAN DIEGO,-117.17956729,32.84966115
6923655,2015,2015-06-02,3708,2015-04-29,1040,LM1217,NA,3,5,5,3708,0,0,0,NA,0,001,ROSARITA DR,CINTHIA ST,212,S,N,A,-,N,NA,NA,NA,NA,NA,NA,NA,NA,NA,Y,3,0,1,4,A,-,21,22106,NA,N,E,E,A,A,H,-,A,D,0,NA,NA,Y,NA,Y,NA,A,07,0,1,0,0,0,0,0,0,0,-,-,NA,NA,SAN DIEGO,LA MESA,-117.02757085,32.75260241
6924001,2015,2016-12-19,9650,2015-05-04,2250,19126,NA,1,3,9,3700,0,1,3,NA,1,028,RT 76,PALA MISSION RD,0,NA,Y,A,-,Y,SD,11,76,-,-,24.13,I,5,W,Y,4,0,1,2,A,-,09,21802,A,N,B,C,A,A,H,-,D,A,0,NA,NA,NA,Y,Y,NA,G,25,0,0,1,0,0,0,0,0,0,-,-,33.36443,-117.06676,SAN DIEGO,UNINCORPORATED,-117.06613581,33.36425858
6924037,2015,2015-06-02,9650,2015-05-08,0145,14676,NA,5,3,9,3700,0,3,5,NA,2,190,BUENA CREEK RD,BLUE BIRD CANYON RD,528,N,N,B,C,N,NA,NA,NA,NA,NA,NA,NA,NA,NA,Y,2,0,2,1,A,-,01,23152,A,N,E,I,A,B,H,-,C,D,0,NA,NA,NA,NA,Y,Y,D,22,1,1,0,0,0,0,0,0,0,-,-,33.18253,-117.17548,SAN DIEGO,UNINCORPORATED,-117.17917073,33.18343477
6924851,2015,2015-06-03,3702,2015-05-06,1613,CV0923,NA,3,5,6,3702,0,0,0,NA,0,032,OTAY LAKES RD,ELMHURST ST,420,N,N,A,-,N,NA,NA,NA,NA,NA,NA,NA,NA,NA,Y,4,0,1,1,A,-,03,22350,NA,N,H,J,A,A,H,-,A,D,0,NA,NA,Y,NA,Y,NA,C,02,0,0,1,0,0,0,0,0,1,-,-,NA,NA,SAN DIEGO,CHULA VISTA,-116.99689393,32.64364466
6926123,2015,2016-11-10,9645,2015-05-02,2115,019257,NA,6,2,7,3711,0,1,1,NA,2,003,RT 5,RT 94,100,N,N,A,-,Y,SD,11,5,-,R,15.64,R,2,S,Y,4,0,1,1,A,-,08,22107,NA,N,E,I,A,A,H,-,D,D,1,NA,NA,NA,NA,Y,NA,A,01,0,0,1,0,0,0,0,0,0,-,-,32.71364,-117.14676,SAN DIEGO,SAN DIEGO,-117.14920858,32.7221397
6927833,2015,2016-06-06,3708,2015-05-07,1916,LM1158,NA,4,5,5,3708,0,0,0,NA,0,001,RIVIERA DR,BELVUE DR,20,W,N,B,-,N,NA,NA,NA,NA,NA,NA,NA,NA,NA,Y,4,0,1,1,A,-,08,22107,NA,N,E,I,A,A,H,-,C,D,0,NA,NA,NA,NA,Y,NA,A,01,0,0,1,0,0,0,0,0,0,-,-,NA,NA,SAN DIEGO,LA MESA,-117.02165446,32.74736425
6928419,2015,2015-06-10,3706,2015-05-23,2054,ES0487,NA,6,5,6,3706,0,0,0,NA,0,042,CENTRE CITY PKWY,MISSION AV,0,NA,Y,A,-,N,NA,NA,NA,NA,NA,NA,NA,NA,NA,Y,4,0,4,3,A,-,01,23153,A,N,C,C,A,A,H,-,D,A,0,NA,NA,NA,NA,Y,Y,A,07,0,0,4,0,0,0,0,0,0,-,-,NA,NA,SAN DIEGO,ESCONDIDO,-117.09168004,33.12836006
6928439,2015,2015-06-10,9680,2015-05-09,1231,017460,NA,6,1,9,3700,0,2,4,NA,1,061,OLD HWY 80,BUCKMAN SPRINGS RD,0,NA,Y,B,-,N,NA,NA,NA,NA,NA,NA,NA,NA,NA,N,4,0,1,2,A,-,12,22450,A,N,D,G,A,A,H,-,A,A,0,NA,Y,NA,NA,Y,NA,L,04,0,0,1,0,0,0,1,0,0,-,-,32.75966,-116.48755,SAN DIEGO,UNINCORPORATED,-116.48759003,32.75961005
6928447,2015,2015-06-10,9680,2015-05-09,1230,017460,NA,6,1,9,3700,0,2,4,NA,1,061,OLD HWY 80,BUCKMAN SPRINGS RD,0,NA,Y,B,-,N,NA,NA,NA,NA,NA,NA,NA,NA,NA,N,4,0,1,2,A,-,12,22450,A,N,D,G,A,A,H,-,A,A,0,NA,Y,NA,NA,Y,NA,A,01,0,0,1,0,0,0,1,0,0,-,-,32.75966,-116.48755,SAN DIEGO,UNINCORPORATED,-116.48759003,32.75961005
6928467,2015,2015-06-10,9680,2015-05-13,1240,015877,NA,3,1,9,3700,0,3,5,NA,2,003,SUNRISE HWY,LOS HUECOS RD,16368,N,N,A,-,N,NA,NA,NA,NA,NA,NA,NA,NA,NA,Y,2,0,1,1,A,-,03,22350,NA,N,F,A,A,A,H,-,A,D,0,NA,NA,Y,NA,Y,NA,C,02,1,0,0,0,0,0,0,0,1,-,-,32.8977,-116.45016,SAN DIEGO,UNINCORPORATED,-116.46545654,32.91406877
6928592,2015,2016-12-20,9680,2015-05-09,1225,18166,NA,6,1,5,3705,0,1,3,NA,2,016,RT 67,FLETCHER PKWY,528,N,N,A,-,Y,SD,11,67,-,R,0.44,H,-,S,Y,4,0,1,2,A,-,07,21658,A,F,F,A,A,A,H,-,A,D,1,NA,NA,NA,NA,Y,NA,A,07,0,0,1,0,0,0,0,0,0,-,-,32.80909,-116.96203,SAN DIEGO,EL CAJON,-116.96207975,32.80947974
6928660,2015,2016-11-21,9650,2015-05-08,1545,015788,NA,5,2,5,3701,0,1,1,NA,2,005,RT 5,PALOMAR AIRPORT RD,3696,S,N,B,-,Y,SD,11,5,-,R,46.33,H,-,N,Y,3,0,1,2,A,-,07,21658,A,N,B,C,A,A,H,-,A,D,1,NA,NA,Y,NA,Y,NA,A,01,0,1,0,0,0,0,0,0,1,-,-,33.11315,-117.31662,SAN DIEGO,CARLSBAD,-117.31653194,33.11313405
6928931,2015,2015-06-16,3711,2015-05-04,1208,7314,NA,1,5,7,3711,0,0,0,NA,0,111,GENESEE AV,BALBOA AV,52,N,N,A,-,N,NA,NA,NA,NA,NA,NA,NA,NA,NA,Y,4,0,1,3,A,-,08,22107,NA,N,B,C,A,A,H,-,A,A,0,NA,NA,NA,NA,Y,NA,-,NA,0,0,1,0,0,0,0,0,0,-,-,NA,NA,SAN DIEGO,SAN DIEGO,-117.1820952,32.81949752
6931852,2015,2015-06-09,3702,2015-04-18,1750,CV0928,NA,6,5,6,3702,0,0,0,NA,0,032,PASEO VERA CRUZ,CALLE LA QUINTA,9,E,N,A,-,N,NA,NA,NA,NA,NA,NA,NA,NA,NA,N,3,0,1,2,A,-,11,21954,A,N,G,B,D,A,H,-,A,D,0,Y,NA,NA,NA,Y,NA,N,60,0,1,0,0,1,0,0,0,0,-,-,NA,NA,SAN DIEGO,CHULA VISTA,-116.97230066,32.67122335
6934318,2015,2015-06-10,3711,2015-05-17,0640,6781,SANDI,7,5,7,3711,0,0,0,NA,0,331,FAIRMONT AV,EL CAJON BL,42,N,N,A,-,N,NA,NA,NA,NA,NA,NA,NA,NA,NA,Y,4,0,1,2,A,-,12,21453,A,N,D,C,A,A,H,-,A,A,0,NA,NA,NA,NA,Y,NA,-,NA,0,0,1,0,0,0,0,0,0,-,-,NA,NA,SAN DIEGO,SAN DIEGO,-117.10082878,32.75531504
6935289,2015,2015-07-15,9680,2015-06-21,1530,15733,NA,7,2,9,3700,0,2,4,NA,1,092,SAN VICENTE RD,VISTA VICENTE DR,240,W,N,A,-,N,NA,NA,NA,NA,NA,NA,NA,NA,NA,Y,4,0,1,1,A,-,08,22107,NA,N,E,I,A,A,H,-,A,D,0,NA,NA,NA,NA,Y,NA,A,01,0,0,1,0,0,0,0,0,0,-,-,33.00346,-116.82941,SAN DIEGO,UNINCORPORATED,-116.81999855,33.00561108
6935306,2015,2015-07-15,3711,2015-06-24,2259,6796,NA,3,5,7,3711,0,0,0,NA,0,NA,WINCHESTER ST,RANCHO DR,63,E,N,A,-,N,NA,NA,NA,NA,NA,NA,NA,NA,NA,Y,3,0,1,2,A,-,08,22107,NA,N,B,E,A,A,H,-,D,D,0,NA,NA,NA,NA,Y,NA,-,NA,0,1,0,0,0,0,0,0,0,-,-,NA,NA,SAN DIEGO,SAN DIEGO,-117.06171485,32.67415036
6936706,2015,2016-12-13,9650,2015-05-01,1530,018741,NA,5,2,9,3700,0,1,1,NA,2,022,RT 15,RAINBOW VALLEY BL,3168,S,N,A,-,Y,SD,11,15,-,R,52.68,H,-,N,Y,4,0,1,1,A,-,08,22107,NA,N,-,I,A,A,H,-,A,D,1,NA,NA,NA,NA,Y,NA,A,01,0,0,1,0,0,0,0,0,0,-,-,33.44509,-117.15864,SAN DIEGO,UNINCORPORATED,-117.15909297,33.41419676
6937836,2015,2017-01-17,9645,2015-09-01,1530,17498,NA,2,2,7,3711,0,1,1,NA,2,015,RT 805,RT 52,20,S,N,A,-,Y,SD,11,805,-,-,23.58,H,-,S,Y,4,0,1,2,D,-,00,NA,NA,N,C,C,A,A,H,-,A,D,1,NA,NA,Y,NA,Y,NA,-,-,0,0,1,0,0,0,0,0,1,-,-,32.84635,-117.1774,SAN DIEGO,SAN DIEGO,-117.17769358,32.84656168
6937840,2015,2017-01-17,9645,2015-09-01,1750,17953,NA,2,2,7,3711,0,1,1,NA,2,011,RT 805,LANDIS ST,300,S,N,A,-,Y,SD,11,805,-,-,15.66,H,-,S,N,3,0,1,2,A,-,07,21658,A,N,B,C,A,A,H,-,A,D,1,NA,NA,Y,NA,Y,NA,A,01,0,1,0,0,0,0,0,0,1,-,-,32.74525,-117.11991,SAN DIEGO,SAN DIEGO,-117.11978232,32.74513322
6938172,2015,2017-01-11,3711,2015-09-18,1933,6648,NA,5,5,7,3711,0,0,0,NA,0,933,DEL MAR HEIGHTS RD,RT 5,0,NA,Y,A,-,Y,SD,11,5,-,R,33.891,R,4,S,N,4,0,1,2,A,-,04,21703,NA,N,C,C,A,A,H,-,C,A,0,NA,NA,NA,NA,Y,NA,-,NA,0,0,1,0,0,0,0,0,0,-,SF,NA,NA,SAN DIEGO,SAN DIEGO,-117.24320449,32.94644542
6938485,2015,2015-07-15,9680,2015-05-16,2330,019936,NA,6,3,9,3700,0,3,5,NA,2,002,LYONS VALLEY RD,HONEY SPRINGS RD,289,W,N,A,-,N,NA,NA,NA,NA,NA,NA,NA,NA,NA,Y,3,0,1,1,A,-,01,23152,A,N,E,I,A,A,H,-,D,D,0,NA,NA,NA,NA,Y,Y,D,22,0,1,0,0,0,0,0,0,0,-,-,32.71194,-116.74757,SAN DIEGO,UNINCORPORATED,-116.74791068,32.71196251
6938638,2015,2015-07-10,3711,2015-05-12,1120,HB5721,NA,2,5,7,3711,0,0,0,NA,0,503,NORTH HARBOR DR,LIGHT POLE #165240,129.9,W,N,A,-,N,NA,NA,NA,NA,NA,NA,NA,NA,NA,Y,2,0,1,2,A,-,03,22350,NA,N,C,C,A,A,D,-,A,D,0,NA,NA,Y,NA,Y,NA,C,03,1,0,0,0,0,0,0,0,1,-,-,NA,NA,SAN DIEGO,SAN DIEGO,NA,NA
6938715,2015,2015-06-04,3702,2015-05-20,0150,CV1126,NA,3,5,6,3702,0,0,0,NA,0,012,G ST,4TH AV,1000,W,N,A,-,N,NA,NA,NA,NA,NA,NA,NA,NA,NA,Y,3,0,2,2,A,-,01,23152,A,N,C,E,A,A,H,-,C,D,0,NA,NA,NA,NA,Y,Y,A,01,0,1,1,0,0,0,0,0,0,-,-,NA,NA,SAN DIEGO,CHULA VISTA,-117.08570589,32.63581602
6938903,2015,2016-12-20,9645,2015-05-23,0920,18936,NA,6,1,6,3702,0,1,1,NA,2,009,RT 805,NAPLES ST,5,N,N,A,-,Y,SD,11,805,-,-,5.57,H,-,S,Y,4,0,1,2,A,-,03,22350,NA,N,C,C,A,A,D,-,A,D,1,NA,NA,NA,NA,Y,NA,A,01,0,0,1,0,0,0,0,0,0,-,-,32.62196,-117.04094,SAN DIEGO,CHULA VISTA,-117.04091986,32.62193585
6940524,2015,2015-06-01,3705,2015-04-13,1732,0344,NA,1,5,5,3705,0,0,0,NA,0,010,AVOCADO,LEXINGTON,178,N,N,A,-,N,NA,NA,NA,NA,NA,NA,NA,NA,NA,Y,3,0,1,2,A,-,09,21804,A,N,D,C,A,A,H,-,A,D,0,NA,NA,NA,NA,Y,NA,A,07,0,1,0,0,0,0,0,0,0,-,-,NA,NA,SAN DIEGO,EL CAJON,-116.95762536,32.79319746
6941200,2015,2015-07-25,3711,2015-06-12,0435,7310,SAN D,5,5,7,3711,0,0,0,NA,0,243,CAMINO SANTA FE,CARROLL RD,0,NA,Y,B,F,N,NA,NA,NA,NA,NA,NA,NA,NA,NA,Y,4,0,1,4,A,-,12,21453,A,N,D,C,A,B,H,-,B,A,0,NA,NA,NA,NA,Y,NA,-,NA,0,0,1,0,0,0,0,0,0,-,-,NA,NA,SAN DIEGO,SAN DIEGO,-117.16708012,32.88546006
6943703,2015,2016-11-17,9645,2015-05-31,1050,016542,NA,7,1,7,3711,0,1,1,NA,2,003,RT 5,ISLAND AV,30,S,N,B,-,Y,SD,11,5,-,R,14.8,H,-,S,Y,4,0,1,2,A,-,03,22350,NA,N,C,C,A,A,H,-,A,D,1,NA,NA,NA,NA,Y,NA,D,22,0,0,1,0,0,0,0,0,0,-,-,32.7095,-117.14779,SAN DIEGO,SAN DIEGO,-117.14775633000001,32.7102985
6944400,2015,2016-12-10,9650,2015-05-15,0215,015654,NA,5,3,6,3710,0,1,3,NA,2,015,RT 78,EL CAMINIO REAL,2100,W,N,B,-,Y,SD,11,78,-,-,1.07,H,-,W,Y,3,0,1,1,A,-,01,23152,A,N,E,I,A,B,H,-,D,D,1,NA,NA,NA,NA,Y,Y,I,11,0,1,0,0,0,0,0,0,0,-,-,33.18134,-117.3351,SAN DIEGO,OCEANSIDE,-117.33425392,33.18126564
6944641,2015,2015-06-27,3710,2015-05-21,0930,OC878,NA,4,5,6,3710,0,0,0,NA,0,030,COLLEGE BL,THUNDER DR,58,S,N,A,-,N,NA,NA,NA,NA,NA,NA,NA,NA,NA,N,4,0,2,3,A,-,04,21703,NA,M,C,C,A,A,H,-,A,A,0,NA,NA,NA,NA,Y,NA,-,99,0,0,2,0,0,0,0,0,0,-,-,NA,NA,SAN DIEGO,OCEANSIDE,-117.28860319,33.19924627
6946354,2015,2015-07-08,3700,2015-06-01,1814,SH0029,NA,1,5,5,3712,0,0,0,NA,0,359,WEST SAN MARCOS BL,SOUTH RANCHO SANTA FE RD,24,W,N,A,-,N,NA,NA,NA,NA,NA,NA,NA,NA,NA,Y,4,0,1,2,A,-,03,22350,NA,N,C,C,A,A,H,-,A,A,0,NA,NA,NA,NA,Y,NA,D,22,0,0,1,0,0,0,0,0,0,-,-,NA,NA,SAN DIEGO,SAN MARCOS,-117.20851038,33.13137856
6946793,2015,2015-06-29,3711,2015-05-21,1905,7005,SANDI,4,5,7,3711,0,0,0,NA,0,813,LINCOLN AV,LINCOLN AV 1800,30,N,N,A,-,N,NA,NA,NA,NA,NA,NA,NA,NA,NA,Y,4,0,1,2,A,-,12,21453,A,N,D,C,A,A,H,-,B,A,0,NA,NA,NA,NA,Y,NA,-,NA,0,0,1,0,0,0,0,0,0,-,-,NA,NA,SAN DIEGO,SAN DIEGO,NA,NA
6947517,2015,2015-06-27,3711,2015-05-31,0330,7157,NA,7,5,7,3711,0,0,0,NA,0,438,CUMBERLAND ST,POTOMAC ST,6,S,N,E,-,N,NA,NA,NA,NA,NA,NA,NA,NA,NA,Y,4,0,1,2,A,-,08,22107,NA,N,F,E,A,A,H,-,C,D,0,NA,NA,NA,NA,Y,Y,-,NA,0,0,1,0,0,0,0,0,0,-,-,NA,NA,SAN DIEGO,SAN DIEGO,-117.05639868,32.67941529
6947714,2015,2015-07-07,3711,2015-05-27,1656,5958,NA,3,5,7,3711,0,0,0,NA,0,243,ARJONS DR,CABOT DR,0,NA,Y,A,-,N,NA,NA,NA,NA,NA,NA,NA,NA,NA,N,4,0,1,2,A,-,08,22100,B,N,B,C,A,A,H,-,A,A,0,NA,NA,NA,NA,Y,NA,-,NA,0,0,1,0,0,0,0,0,0,-,-,NA,NA,SAN DIEGO,SAN DIEGO,-117.14392013,32.89445007
6951507,2015,2016-11-22,9645,2015-05-21,1200,13111,NA,4,1,7,3711,0,1,1,NA,2,007,RT 5,SAN DIEGUITO RIVER BR,594,S,N,A,-,Y,SD,11,5,-,-,35.55,H,-,N,Y,4,0,1,1,A,-,08,22107,NA,N,H,I,A,A,H,-,A,D,1,NA,NA,NA,NA,Y,NA,A,01,0,0,1,0,0,0,0,0,0,-,-,32.97136,-117.24937,SAN DIEGO,SAN DIEGO,-117.24894689,32.96926962
6952138,2015,2016-12-13,9645,2015-06-01,0830,73111,NA,1,1,7,3711,0,1,3,NA,2,016,RT 52,RT 15,1016,E,N,A,-,Y,SD,11,52,-,-,7.58,H,-,W,Y,4,0,2,2,A,-,03,22350,NA,N,C,C,A,A,H,-,A,D,1,NA,NA,NA,NA,Y,NA,A,01,0,0,2,0,0,0,0,0,0,-,-,32.84195,-117.11727,SAN DIEGO,SAN DIEGO,-117.11672506,32.842001
6952343,2015,2016-12-01,9645,2015-06-03,1720,017953,NA,3,2,7,3711,0,1,1,NA,2,010,RT 8,WARING RD,200,E,N,A,-,Y,SD,11,8,-,-,7.13,H,-,E,N,4,0,2,2,A,-,03,22350,NA,N,C,C,A,A,H,-,A,D,1,NA,NA,NA,NA,Y,NA,A,07,0,0,2,0,0,0,0,0,0,-,-,32.78054,-117.0879,SAN DIEGO,SAN DIEGO,-117.08698297,32.78064711
6953153,2015,2015-06-25,3711,2015-05-22,1525,6063,NA,5,5,7,3711,0,0,0,NA,0,124,VILLA LA JOLLA DR,NOBLE DR,0,NA,Y,B,-,N,NA,NA,NA,NA,NA,NA,NA,NA,NA,Y,4,0,1,2,D,-,00,NA,NA,N,D,C,A,A,H,-,A,A,0,NA,NA,NA,NA,Y,NA,-,-,0,0,1,0,0,0,0,0,0,-,-,NA,NA,SAN DIEGO,SAN DIEGO,-117.23332,32.86759
6954452,2015,2015-07-02,3700,2015-05-31,1337,SH1147,NA,7,5,2,3704,0,0,0,NA,0,292,CAMINO DEL MAR,BORDER AV,0,NA,Y,A,-,N,NA,NA,NA,NA,NA,NA,NA,NA,NA,N,2,0,1,2,A,-,10,21950,A,N,G,B,B,A,H,-,A,A,0,Y,Y,NA,NA,Y,NA,L,04,1,0,0,0,1,0,0,0,0,-,-,NA,NA,SAN DIEGO,DEL MAR,-117.26918006,32.98024011
6955830,2015,2016-11-19,9645,2015-06-08,1435,16173,NA,1,2,7,3711,0,1,3,NA,2,023,RT 163,CAMINO DE LA REINA,100,S,N,A,-,Y,SD,11,163,-,-,3.9,H,-,S,Y,4,0,5,3,A,-,03,22350,NA,N,C,C,A,A,H,-,A,D,1,NA,NA,NA,NA,Y,NA,A,01,0,0,5,0,0,0,0,0,0,-,-,32.765,-117.162,SAN DIEGO,SAN DIEGO,-117.16293909,32.76602717
6957108,2015,2015-06-25,9650,2015-05-29,2148,020254,NA,5,2,9,3700,0,3,5,NA,2,210,DEER SPRINGS RD,MESA ROCK RD,585,W,N,B,-,N,NA,NA,NA,NA,NA,NA,NA,NA,NA,Y,2,0,1,1,A,-,01,23152,A,N,E,I,A,A,H,-,D,D,0,NA,NA,Y,NA,Y,Y,C,02,1,0,0,0,0,0,0,0,1,-,-,33.19491,-117.12888,SAN DIEGO,UNINCORPORATED,-117.12884373,33.19492277
6957486,2015,2016-11-19,9680,2015-05-19,1800,19384,NA,2,2,9,3700,0,1,3,NA,1,024,RT 94,OLD CAMPO RD,986,W,N,A,-,Y,SD,11,94,-,-,16.276,I,5,W,Y,4,0,2,2,A,-,12,21453,A,N,A,C,A,A,H,-,A,A,0,NA,NA,NA,NA,Y,NA,A,01,0,0,2,0,0,0,0,0,0,-,-,32.72821,-116.92581,SAN DIEGO,UNINCORPORATED,-116.92584586,32.72799377
6957899,2015,2015-06-25,3701,2015-05-20,1600,5291,57,3,5,5,3701,0,0,0,NA,0,005,FARADAY AV,PRIESTLY DR,54,W,N,A,-,N,NA,NA,NA,NA,NA,NA,NA,NA,NA,N,3,0,1,2,A,-,17,21367,C,F,G,B,E,A,H,-,A,A,0,Y,NA,NA,NA,Y,NA,-,99,0,1,0,0,1,0,0,0,0,-,-,NA,NA,SAN DIEGO,CARLSBAD,-117.27623376,33.13511397
6958333,2015,2015-07-01,3700,2015-06-10,1810,SH0817,NA,3,5,5,3713,0,0,0,NA,0,306,MASSACHUSETTS AV,W CALIFORNIA AV,265,S,N,B,-,N,NA,NA,NA,NA,NA,NA,NA,NA,NA,N,3,0,1,2,A,-,11,21954,A,N,G,B,D,A,H,-,A,D,0,Y,NA,NA,NA,Y,NA,N,60,0,1,0,0,1,0,0,0,0,-,-,NA,NA,SAN DIEGO,VISTA,-117.24372567,33.20672403
6958382,2015,2015-07-07,3711,2015-06-13,0752,6252,TRAFF,6,5,7,3711,0,0,0,NA,0,626,HANCOCK ST,WITHERBY ST,345,S,N,B,-,N,NA,NA,NA,NA,NA,NA,NA,NA,NA,Y,4,0,1,1,C,-,18,NA,NA,N,E,I,A,A,H,-,A,D,0,NA,NA,NA,NA,Y,NA,-,-,0,0,1,0,0,0,0,0,0,-,-,NA,NA,SAN DIEGO,SAN DIEGO,-117.19116762,32.74565323
6960536,2015,2015-06-26,3700,2015-05-19,1857,SH0169,NA,2,5,5,3712,0,0,0,NA,0,349,MELROSE AV,SPARROW LN,237,W,N,A,-,N,NA,NA,NA,NA,NA,NA,NA,NA,NA,N,3,0,1,1,A,-,03,22350,NA,N,E,I,A,A,H,-,A,D,0,NA,NA,Y,NA,Y,NA,C,02,0,1,0,0,0,0,0,0,1,-,-,NA,NA,SAN DIEGO,SAN MARCOS,-117.22215074,33.10710519
6961313,2015,2015-06-25,3700,2015-05-24,0534,SH0029,NA,7,5,5,3713,0,0,0,NA,0,305,W CALIFORNIA AV,CALLE ELEGANTE,102,N,N,B,-,N,NA,NA,NA,NA,NA,NA,NA,NA,NA,N,3,0,1,2,A,-,03,22350,NA,N,G,B,E,B,H,-,B,D,0,Y,NA,NA,NA,Y,NA,A,01,0,1,0,0,1,0,0,0,0,-,-,NA,NA,SAN DIEGO,VISTA,-117.25098546,33.21087544
6962609,2015,2015-06-24,3705,2015-05-21,1556,EC0295,NA,4,5,5,3705,0,0,0,NA,0,010,E LEXINGTON,S MOLLISON,0,NA,Y,A,-,N,NA,NA,NA,NA,NA,NA,NA,NA,NA,N,4,0,1,2,A,-,09,21801,A,N,A,C,A,A,H,-,A,A,0,NA,NA,NA,NA,Y,NA,A,01,0,0,1,0,0,0,0,0,0,-,-,NA,NA,SAN DIEGO,EL CAJON,-116.95096012,32.79263007