CASE_ID,ACCIDENT_YEAR,PROC_DATE,JURIS,COLLISION_DATE,COLLISION_TIME,OFFICER_ID,REPORTING_DISTRICT,DAY_OF_WEEK,CHP_SHIFT,POPULATION,CNTY_CITY_LOC,SPECIAL_COND,BEAT_TYPE,CHP_BEAT_TYPE,CITY_DIVISION_LAPD,CHP_BEAT_CLASS,BEAT_NUMBER,PRIMARY_RD,SECONDARY_RD,DISTANCE,DIRECTION,INTERSECTION,WEATHER_1,WEATHER_2,STATE_HWY_IND,CALTRANS_COUNTY,CALTRANS_DISTRICT,STATE_ROUTE,ROUTE_SUFFIX,POSTMILE_PREFIX,POSTMILE,LOCATION_TYPE,RAMP_INTERSECTION,SIDE_OF_HWY,TOW_AWAY,COLLISION_SEVERITY,NUMBER_KILLED,NUMBER_INJURED,PARTY_COUNT,PRIMARY_COLL_FACTOR,PCF_CODE_OF_VIOL,PCF_VIOL_CATEGORY,PCF_VIOLATION,PCF_VIOL_SUBSECTION,HIT_AND_RUN,TYPE_OF_COLLISION,MVIW,PED_ACTION,ROAD_SURFACE,ROAD_COND_1,ROAD_COND_2,LIGHTING,CONTROL_DEVICE,CHP_ROAD_TYPE,PEDESTRIAN_ACCIDENT,BICYCLE_ACCIDENT,MOTORCYCLE_ACCIDENT,TRUCK_ACCIDENT,NOT_PRIVATE_PROPERTY,ALCOHOL_INVOLVED,STWD_VEHTYPE_AT_FAULT,CHP_VEHTYPE_AT_FAULT,COUNT_SEVERE_INJ,COUNT_VISIBLE_INJ,COUNT_COMPLAINT_PAIN,COUNT_PED_KILLED,COUNT_PED_INJURED,COUNT_BICYCLIST_KILLED,COUNT_BICYCLIST_INJURED,COUNT_MC_KILLED,COUNT_MC_INJURED,PRIMARY_RAMP,SECONDARY_RAMP,LATITUDE,LONGITUDE,COUNTY,CITY,POINT_X,POINT_Y
8316610,2017,2018-02-14,3710,2017-02-02,0856,OC1426,NA,4,5,6,3710,0,0,0,NA,0,010,RT 76,AIRPORT RD,815,W,N,A,-,Y,SD,11,76,-,R,2,H,-,W,Y,4,0,1,2,A,-,03,22350,NA,N,C,C,A,A,H,-,A,A,0,NA,NA,NA,NA,Y,NA,A,01,0,0,1,0,0,0,0,0,0,-,-,NA,NA,SAN DIEGO,OCEANSIDE,-117.35349775,33.21590768
8318812,2017,2017-03-02,3711,2017-02-18,2314,6372,NA,6,5,7,3711,0,0,0,NA,0,628,KETTNER BL,VINE ST,400,S,N,B,C,N,NA,NA,NA,NA,NA,NA,NA,NA,NA,Y,3,0,1,2,A,-,08,22107,NA,N,C,E,A,B,H,-,C,D,0,NA,NA,NA,NA,Y,NA,A,07,0,1,0,0,0,0,0,0,0,-,-,NA,NA,SAN DIEGO,SAN DIEGO,-117.17815082,32.7385284
8319422,2017,2017-03-14,3711,2017-02-16,1400,6772,SANDI,4,5,7,3711,0,0,0,NA,0,242,BLACK MOUNTAIN RD,MIRA MESA,75,S,N,A,-,N,NA,NA,NA,NA,NA,NA,NA,NA,NA,N,3,0,1,2,A,-,09,21801,NA,N,B,C,A,A,H,-,A,D,0,NA,NA,NA,NA,Y,NA,-,NA,0,1,0,0,0,0,0,0,0,-,-,NA,NA,SAN DIEGO,SAN DIEGO,-117.12486099,32.91702602
8319430,2017,2017-03-07,3711,2017-02-06,1934,7122,NA,1,5,7,3711,0,0,0,NA,0,627,6TH AV,PENNSYLVANIA AV,0,NA,Y,C,-,N,NA,NA,NA,NA,NA,NA,NA,NA,NA,N,3,0,1,2,A,-,11,21456,B,N,G,B,B,B,H,-,C,A,0,Y,NA,NA,NA,Y,Y,N,60,0,1,0,0,1,0,0,0,0,-,-,NA,NA,SAN DIEGO,SAN DIEGO,-117.15957,32.74513004
8322315,2016,2017-03-20,3700,2016-09-08,0832,SH7366,NA,4,5,4,3707,0,0,0,NA,0,701,3RD ST,CALLA AV,133,S,N,A,-,N,NA,NA,NA,NA,NA,NA,NA,NA,NA,N,4,0,1,2,A,-,-,NA,NA,N,D,C,A,A,H,-,A,D,0,NA,NA,NA,NA,Y,NA,A,01,0,0,1,0,0,0,0,0,0,-,-,NA,NA,SAN DIEGO,IMPERIAL BEACH,-117.12741,32.58544567
8323145,2017,2017-03-17,3706,2017-02-22,1125,412,ESCON,3,5,6,3706,0,0,0,NA,0,052,VALLEY PKWY,ESCONDIDO BL,0,NA,Y,A,-,N,NA,NA,NA,NA,NA,NA,NA,NA,NA,Y,4,0,1,3,A,-,08,22100,B,N,D,C,A,A,H,-,A,A,0,NA,NA,NA,NA,Y,NA,D,22,0,0,1,0,0,0,0,0,0,-,-,NA,NA,SAN DIEGO,ESCONDIDO,-117.08486008,33.12123008
8323647,2017,2017-03-23,3706,2017-02-28,1649,393,ESPD,2,5,6,3706,0,0,0,NA,0,041,BROADWAY,SHERIDAN AV,60,N,N,B,-,N,NA,NA,NA,NA,NA,NA,NA,NA,NA,Y,4,0,1,2,A,-,03,22350,NA,N,C,C,A,A,H,-,A,A,0,NA,NA,NA,NA,Y,NA,A,01,0,0,1,0,0,0,0,0,0,-,-,33.14354,-117.09007,SAN DIEGO,ESCONDIDO,-117.09008387,33.14355311
8325462,2017,2017-03-29,3705,2017-01-15,0300,EC0360,NA,7,5,5,3705,0,0,0,NA,0,008,W WASHINGTON AV,W WASHINGTON AV 899,0,NA,N,A,-,N,NA,NA,NA,NA,NA,NA,NA,NA,NA,Y,4,0,1,1,A,-,21,22106,NA,F,E,I,A,A,H,-,C,D,0,NA,NA,NA,NA,Y,NA,A,01,0,0,1,0,0,0,0,0,0,-,-,NA,NA,SAN DIEGO,EL CAJON,-116.97286069,32.78765861
8325470,2017,2017-03-21,3705,2017-01-04,1437,EC0292,NA,3,5,5,3705,0,0,0,NA,0,008,W WASHINGTON AV,S MAGNOLIA AV,105,W,N,A,-,N,NA,NA,NA,NA,NA,NA,NA,NA,NA,N,2,0,1,2,A,-,08,22107,NA,F,B,C,A,A,H,-,A,A,0,NA,NA,Y,NA,Y,NA,-,99,1,0,0,0,0,0,0,0,1,-,-,NA,NA,SAN DIEGO,EL CAJON,-116.96264043,32.78766
8326144,2017,2017-03-22,3711,2017-02-28,1552,7418,NA,2,5,7,3711,0,0,0,NA,0,115,LA JOLLA VILLAGE DR,REGENTS RD,100,E,N,A,-,N,NA,NA,NA,NA,NA,NA,NA,NA,NA,N,4,0,1,2,A,-,03,22350,NA,N,C,C,A,A,H,-,A,A,0,NA,NA,NA,NA,Y,NA,A,01,0,0,1,0,0,0,0,0,0,-,-,NA,NA,SAN DIEGO,SAN DIEGO,-117.21809028,32.87148323
8326683,2017,2017-04-29,3711,2017-03-02,1655,5968,NA,4,5,7,3711,0,0,0,NA,0,827,STREAMVIEW DR,STREAMVIEW DR 5100,0,NA,Y,A,-,N,NA,NA,NA,NA,NA,NA,NA,NA,NA,N,4,0,2,2,A,-,09,21800,A,N,B,C,A,A,H,-,A,D,0,NA,NA,NA,NA,Y,NA,-,NA,0,0,2,0,0,0,0,0,0,-,-,NA,NA,SAN DIEGO,SAN DIEGO,-117.08529174,32.74107622
8326695,2017,2017-04-25,3711,2017-03-05,1105,6469,NA,7,5,7,3711,0,0,0,NA,0,813,TEXAS ST,TEXAS ST 4600,39,N,N,B,-,N,NA,NA,NA,NA,NA,NA,NA,NA,NA,N,3,0,1,1,D,-,00,NA,NA,N,H,-,A,A,H,-,A,-,0,NA,Y,NA,NA,Y,NA,-,-,0,1,0,0,0,0,1,0,0,-,-,NA,NA,SAN DIEGO,SAN DIEGO,NA,NA
8326715,2017,2017-04-29,3711,2017-03-04,1824,4490,NA,6,5,7,3711,0,0,0,NA,0,327,MONTEZUMA RD,E FALLS VIEW,111,W,N,B,-,N,NA,NA,NA,NA,NA,NA,NA,NA,NA,Y,4,0,1,2,A,-,08,22107,NA,N,D,C,A,A,H,-,C,D,0,NA,NA,NA,NA,Y,NA,-,NA,0,0,1,0,0,0,0,0,0,-,-,NA,NA,SAN DIEGO,SAN DIEGO,-117.06543106,32.77065687
8326810,2017,2017-03-27,3706,2017-02-18,2143,479,ESCON,6,5,6,3706,0,0,0,NA,0,041,ESCONDIDO BL,DECATUR WY,70,N,N,A,-,N,NA,NA,NA,NA,NA,NA,NA,NA,NA,Y,4,0,1,2,A,-,01,23153,A,F,C,C,A,A,H,-,C,D,0,NA,NA,NA,NA,Y,Y,A,01,0,0,1,0,0,0,0,0,0,-,-,33.13559,-117.09222,SAN DIEGO,ESCONDIDO,-117.09227667,33.13566056
8327512,2017,2017-03-20,3706,2017-03-03,0525,499,ESCON,5,5,6,3706,0,0,0,NA,0,042,CENTRE CITY PKWY,WASHINGTON AV,0,NA,Y,A,-,N,NA,NA,NA,NA,NA,NA,NA,NA,NA,Y,4,0,1,2,A,-,12,21453,A,N,A,C,A,A,H,-,C,A,0,NA,NA,NA,NA,Y,NA,A,01,0,0,1,0,0,0,0,0,0,-,-,33.12515,-117.08983,SAN DIEGO,ESCONDIDO,-117.08998008,33.12507
8327826,2017,2017-03-24,3709,2017-03-08,1434,418,NA,3,5,5,3709,0,0,0,NA,0,021,EAST 16TH ST,N AV,0,NA,Y,A,-,N,NA,NA,NA,NA,NA,NA,NA,NA,NA,Y,4,0,1,4,A,-,09,21802,A,N,D,I,A,A,H,-,A,-,0,NA,NA,NA,NA,Y,NA,A,01,0,0,1,0,0,0,0,0,0,-,-,NA,NA,SAN DIEGO,NATIONAL CITY,-117.08989004,32.67293001
8328483,2017,2017-03-24,3700,2017-02-13,1213,SH5794,NA,1,5,5,3781,0,0,0,NA,0,516,MISSION GORGE RD,FANITA DR,249,W,N,A,-,N,NA,NA,NA,NA,NA,NA,NA,NA,NA,Y,3,0,2,2,A,-,09,21804,A,N,D,C,A,A,H,-,A,D,0,NA,NA,NA,NA,Y,NA,A,01,0,1,1,0,0,0,0,0,0,-,-,NA,NA,SAN DIEGO,SANTEE,-117.00153782,32.83865
8330565,2017,2017-04-07,3700,2017-02-13,1531,SH2292,NA,1,5,5,3782,0,0,0,NA,0,242,LAKE DR,WOODGROVE DR,0,NA,Y,A,-,N,NA,NA,NA,NA,NA,NA,NA,NA,NA,Y,4,0,1,2,A,-,01,23152,A,N,G,E,A,A,H,-,A,D,0,NA,NA,NA,NA,Y,NA,A,01,0,0,1,0,0,0,0,0,0,-,-,NA,NA,SAN DIEGO,ENCINITAS,-117.26644,33.03104009
8330981,2017,2017-04-05,3711,2017-03-26,1503,5958,NA,7,5,7,3711,0,0,0,NA,0,234,WEST BERNARDO 18000,AQUAMIEL 18000,0,NA,Y,A,-,N,NA,NA,NA,NA,NA,NA,NA,NA,NA,Y,4,0,1,2,A,-,00,22106,B,N,D,C,A,A,H,-,A,D,0,NA,NA,NA,NA,Y,NA,A,01,0,0,1,0,0,0,0,0,0,-,-,NA,NA,SAN DIEGO,SAN DIEGO,NA,NA
8334655,2017,2017-04-04,3711,2017-03-17,1440,4892,NA,5,5,7,3711,0,0,0,NA,0,613,NIAGARA AV,SANTA BARBARA ST,81,E,N,A,-,N,NA,NA,NA,NA,NA,NA,NA,NA,NA,N,3,0,1,2,A,-,11,21954,A,N,B,B,-,A,H,-,A,D,0,Y,NA,NA,NA,Y,NA,N,60,0,1,0,0,1,0,0,0,0,-,-,NA,NA,SAN DIEGO,SAN DIEGO,-117.2411688,32.73947815
8334766,2017,2017-04-12,3711,2017-02-04,0015,7057,SANDI,6,5,7,3711,0,0,0,NA,0,NA,WESTWOOD ST,ALBEMARLE ST,246,S,N,A,-,N,NA,NA,NA,NA,NA,NA,NA,NA,NA,Y,3,0,1,2,A,-,08,22107,NA,N,C,E,A,A,H,-,C,B,0,NA,NA,NA,NA,Y,Y,-,NA,0,1,0,0,0,0,0,0,0,-,-,NA,NA,SAN DIEGO,SAN DIEGO,-117.06880086,32.67409998
8335847,2017,2017-04-15,3710,2017-04-01,1041,OC1442,NA,6,5,6,3710,0,0,0,NA,0,025,RANCHO DEL ORO DR,SENIOR CENTER DR,0,NA,Y,A,-,N,NA,NA,NA,NA,NA,NA,NA,NA,NA,Y,3,0,2,2,A,-,12,21453,A,N,A,C,A,A,H,-,A,A,0,NA,NA,NA,NA,Y,NA,A,01,0,2,0,0,0,0,0,0,0,-,-,NA,NA,SAN DIEGO,OCEANSIDE,-117.31147001,33.20525004
8335969,2017,2018-04-19,3711,2017-04-07,1450,7331,NA,5,5,7,3711,0,0,0,NA,0,529,HAWTHORN ST,BRANT ST,0,NA,Y,A,-,Y,SD,11,5,-,R,16.618,R,4,N,Y,4,0,1,2,A,-,09,21802,A,N,D,C,A,A,H,-,A,A,0,NA,NA,NA,NA,Y,NA,-,NA,0,0,1,0,0,0,0,0,0,-,-,NA,NA,SAN DIEGO,SAN DIEGO,-117.16428103,32.72374634
8336149,2017,2017-06-26,3711,2017-03-30,1747,6033,NA,4,5,7,3711,0,0,0,NA,0,313,BALBOA AV,RUFFIN RD,528,W,N,A,-,N,NA,NA,NA,NA,NA,NA,NA,NA,NA,N,4,0,1,3,A,-,03,22350,NA,N,C,C,A,A,H,-,B,D,0,NA,NA,NA,NA,Y,NA,-,NA,0,0,1,0,0,0,0,0,0,-,-,NA,NA,SAN DIEGO,SAN DIEGO,-117.12919249,32.82236904
8336191,2017,2017-04-19,3711,2017-03-25,1715,5972,NA,6,5,7,3711,0,0,0,NA,0,521,COMMERCIAL ST,17TH ST,200,E,N,B,-,N,NA,NA,NA,NA,NA,NA,NA,NA,NA,N,4,0,1,2,A,-,21,22106,NA,N,H,C,A,A,H,-,A,D,0,NA,NA,NA,NA,Y,NA,J,48,0,0,1,0,0,0,0,0,0,-,-,NA,NA,SAN DIEGO,SAN DIEGO,-117.14787242,32.70524957
8336429,2017,2017-04-22,3702,2017-03-28,1105,CV1004,NA,2,5,6,3702,0,0,0,NA,0,031,EAST H ST,PASEO DEL REY,236,W,N,A,-,N,NA,NA,NA,NA,NA,NA,NA,NA,NA,Y,4,0,1,3,A,-,03,22350,NA,N,C,C,A,A,H,-,A,A,0,NA,NA,NA,NA,Y,NA,A,01,0,0,1,0,0,0,0,0,0,-,-,NA,NA,SAN DIEGO,CHULA VISTA,-117.03003975,32.63608752
8336867,2017,2017-05-05,3711,2017-04-08,1500,5755,NA,6,5,7,3711,0,0,0,NA,0,243,MIRAMAR RD,CARROLL RD,809,E,N,A,-,N,NA,NA,NA,NA,NA,NA,NA,NA,NA,Y,4,0,1,2,A,-,09,21804,A,N,D,C,A,A,H,-,A,D,0,NA,NA,NA,NA,Y,NA,-,NA,0,0,1,0,0,0,0,0,0,-,-,NA,NA,SAN DIEGO,SAN DIEGO,-117.15403956,32.88325962
8336879,2017,2018-03-20,3711,2017-04-07,2342,7204,SDF,5,5,7,3711,0,0,0,NA,0,122,GRAND AV,MISSION BAY,0,NA,N,A,-,N,NA,NA,NA,NA,NA,NA,NA,NA,NA,N,4,0,1,2,A,-,03,22350,NA,M,C,C,A,A,H,-,C,D,0,NA,NA,NA,NA,Y,NA,-,NA,0,0,1,0,0,0,0,0,0,-,-,NA,NA,SAN DIEGO,SAN DIEGO,-117.25492005,32.79471001
8340858,2017,2017-04-14,3710,2017-03-06,1403,OC1436,NA,1,5,6,3710,0,0,0,NA,0,037,THUNDER DR,TIBERON DR,0,NA,Y,A,-,N,NA,NA,NA,NA,NA,NA,NA,NA,NA,Y,4,0,2,3,A,-,09,21804,A,N,B,C,A,A,H,-,A,D,0,NA,NA,NA,Y,Y,NA,A,01,0,0,2,0,0,0,0,0,0,-,-,NA,NA,SAN DIEGO,OCEANSIDE,-117.28770003,33.18179008
8341020,2017,2017-04-12,3700,2017-03-30,1717,SH1725,NA,4,5,5,3712,0,0,0,NA,0,357,RANCHEROS DR,WOODLAND PKWY,93,W,N,B,-,N,NA,NA,NA,NA,NA,NA,NA,NA,NA,N,4,0,1,2,A,-,03,22350,NA,N,C,C,A,A,H,-,A,A,0,NA,NA,NA,NA,Y,NA,A,07,0,0,1,0,0,0,0,0,0,-,-,NA,NA,SAN DIEGO,SAN MARCOS,-117.14085756,33.1395767
8342284,2017,2017-12-26,3706,2017-03-11,1045,504,ESCON,6,5,6,3706,0,0,0,NA,0,045,9TH AV,VALLEY PKWY,73,W,N,A,-,N,NA,NA,NA,NA,NA,NA,NA,NA,NA,Y,3,0,2,4,A,-,03,22350,NA,F,H,G,A,A,H,-,A,A,0,NA,Y,NA,NA,Y,NA,A,01,0,1,1,0,0,0,1,0,0,-,-,33.11064,-117.10351,SAN DIEGO,ESCONDIDO,-117.10373194,33.11079039
8342530,2017,2018-02-14,3710,2017-03-24,1132,OC1426,NA,5,5,6,3710,0,0,0,NA,0,010,RT 76,CANYON DR,37,W,N,A,-,Y,SD,11,76,-,R,1.15,H,-,E,Y,4,0,2,2,A,-,03,22350,NA,N,C,C,A,A,H,-,A,A,0,NA,NA,NA,NA,Y,NA,A,01,0,0,2,0,0,0,0,0,0,-,-,NA,NA,SAN DIEGO,OCEANSIDE,-117.36754327,33.21237444
8343688,2017,2017-04-13,3711,2017-03-30,1148,6252,NA,4,5,7,3711,0,0,0,NA,0,437,SOUTH WOODMAN ST,ARROYO SECO WY,109,S,N,A,-,N,NA,NA,NA,NA,NA,NA,NA,NA,NA,Y,3,0,1,1,A,-,08,22107,NA,M,E,I,A,A,H,-,A,D,0,NA,NA,NA,NA,Y,Y,A,01,0,1,0,0,0,0,0,0,0,-,-,NA,NA,SAN DIEGO,SAN DIEGO,-117.05356674,32.69807712
8343699,2017,2017-04-14,3711,2017-03-28,2130,5278,NA,2,5,7,3711,0,0,0,NA,0,232,WORLD TRADE DR,CAMINO DEL NORTE,504,S,N,A,-,N,NA,NA,NA,NA,NA,NA,NA,NA,NA,Y,4,0,1,1,A,-,08,22107,NA,N,E,I,A,A,H,-,C,D,0,NA,NA,NA,NA,Y,NA,-,NA,0,0,1,0,0,0,0,0,0,-,-,NA,NA,SAN DIEGO,SAN DIEGO,-117.0687426,32.98719839
8343939,2017,2017-04-17,3711,2017-02-27,1103,6632,MC1,1,5,7,3711,0,0,0,NA,0,627,EL CAJON BL,TEXAS ST,81,W,N,B,C,N,NA,NA,NA,NA,NA,NA,NA,NA,NA,N,4,0,1,2,A,-,03,22350,A,N,G,B,F,B,H,-,A,D,0,Y,NA,NA,NA,Y,NA,-,NA,0,0,1,0,1,0,0,0,0,-,-,NA,NA,SAN DIEGO,SAN DIEGO,-117.13911257,32.75537785
8345010,2017,2017-04-21,3711,2017-04-05,0709,6252,NA,3,5,7,3711,0,0,0,NA,0,621,GENESEE AV,RICHLAND ST,6,W,N,A,-,N,NA,NA,NA,NA,NA,NA,NA,NA,NA,Y,4,0,1,2,A,-,03,22350,NA,M,C,C,A,A,H,-,A,A,0,NA,NA,Y,NA,Y,NA,A,01,0,0,1,0,0,0,0,0,1,-,-,NA,NA,SAN DIEGO,SAN DIEGO,-117.16304946,32.79121
8346152,2017,2017-04-18,3711,2017-04-06,1847,7390,NA,4,5,7,3711,0,0,0,NA,0,122,FANUEL ST,GRAND AV,0,NA,Y,A,-,N,NA,NA,NA,NA,NA,NA,NA,NA,NA,N,3,0,1,2,A,-,10,21950,A,N,G,B,D,A,H,-,A,A,0,Y,NA,NA,NA,Y,NA,-,NA,0,1,0,0,1,0,0,0,0,-,-,NA,NA,SAN DIEGO,SAN DIEGO,-117.24580012,32.79672012
8346233,2017,2017-04-19,3711,2017-04-09,1842,5106,NA,7,5,7,3711,0,0,0,NA,0,724,PALM AV,HOLLISTER ST,276,W,N,A,-,N,NA,NA,NA,NA,NA,NA,NA,NA,NA,Y,4,0,1,3,A,-,03,22350,NA,N,C,C,A,A,H,-,B,D,0,NA,NA,NA,NA,Y,NA,-,NA,0,0,1,0,0,0,0,0,0,-,-,NA,NA,SAN DIEGO,SAN DIEGO,-117.08496172,32.58378948
8346918,2017,2017-04-20,3709,2017-04-04,1034,480,3709,2,5,5,3709,0,0,0,NA,0,023,EUCLID AV,EAST 18TH ST,0,NA,Y,A,-,N,NA,NA,NA,NA,NA,NA,NA,NA,NA,Y,4,0,3,2,A,-,12,21453,A,N,D,C,A,A,H,-,A,A,0,NA,NA,NA,NA,Y,NA,D,22,0,0,3,0,0,0,0,0,0,-,-,NA,NA,SAN DIEGO,NATIONAL CITY,-117.07895006,32.67408006
8347204,2017,2017-04-17,3711,2017-04-05,1539,7378,NA,3,5,7,3711,0,0,0,NA,0,813,UNIVERSITY AV,ALABAMA ST,5,W,N,A,-,N,NA,NA,NA,NA,NA,NA,NA,NA,NA,Y,4,0,1,2,A,-,04,21703,NA,N,C,C,A,A,H,-,A,D,0,NA,NA,NA,NA,Y,NA,-,NA,0,0,1,0,0,0,0,0,0,-,-,NA,NA,SAN DIEGO,SAN DIEGO,-117.14252621,32.74844
8348050,2017,2017-04-26,3700,2017-03-23,1643,SH1725,NA,4,5,5,3712,0,0,0,NA,0,358,WEST SAN MARCOS BL,RANCHO SANTA FE RD,601,W,N,B,-,N,NA,NA,NA,NA,NA,NA,NA,NA,NA,N,4,0,1,2,A,-,09,21801,A,N,D,G,A,-,H,-,A,D,0,NA,Y,NA,NA,Y,NA,A,01,0,0,1,0,0,0,1,0,0,-,-,NA,NA,SAN DIEGO,SAN MARCOS,-117.21018651,33.13209193
8348188,2017,2018-03-20,3706,2017-04-20,1954,318,ESCON,4,5,6,3706,0,0,0,NA,0,051,CENTRE CITY PKWY,ESCONDIDO BL,0,NA,Y,A,-,N,NA,NA,NA,NA,NA,NA,NA,NA,NA,Y,4,0,2,3,A,-,09,21802,A,M,D,C,A,A,H,-,C,D,0,NA,NA,NA,NA,Y,NA,A,01,0,0,2,0,0,0,0,0,0,-,-,33.09719,-117.07163,SAN DIEGO,ESCONDIDO,-117.0713501,33.08671007
8350407,2017,2017-04-24,3711,2017-04-14,1643,4386,NA,5,5,7,3711,0,0,0,NA,0,621,LINDA VISTA RD,ULRIC ST,150,S,N,A,-,N,NA,NA,NA,NA,NA,NA,NA,NA,NA,Y,4,0,4,2,A,-,09,21804,A,N,D,C,A,A,-,-,A,D,0,NA,NA,NA,NA,Y,NA,-,NA,0,0,4,0,0,0,0,0,0,-,-,NA,NA,SAN DIEGO,SAN DIEGO,-117.1704667,32.78611715
8350454,2017,2017-04-25,3711,2017-04-15,1625,7431,SANDI,6,5,7,3711,0,0,0,NA,0,313,CONVOY ST,CONVOY ST 3800,0,NA,N,A,-,N,NA,NA,NA,NA,NA,NA,NA,NA,NA,N,3,0,2,2,A,-,12,21453,A,N,D,C,A,A,H,-,A,A,0,NA,NA,NA,NA,Y,NA,-,NA,0,1,1,0,0,0,0,0,0,-,-,32.8138,-117.1526,SAN DIEGO,SAN DIEGO,-117.1529299,32.81230563
8357228,2017,2018-04-19,3711,2017-04-25,1208,7449,NA,2,5,7,3711,0,0,0,NA,0,934,CARMEL COUNTRY RD,RT 56,0,NA,Y,A,-,Y,SD,11,56,-,-,2.007,R,4,E,Y,3,0,2,2,A,-,12,21453,A,N,D,C,A,A,H,-,A,A,0,NA,NA,NA,NA,Y,NA,-,NA,0,1,1,0,0,0,0,0,0,-,EO,NA,NA,SAN DIEGO,SAN DIEGO,-117.2111971,32.94519852
8357733,2017,2017-05-04,3700,2017-04-25,1635,SH7146,NA,2,5,5,3712,0,0,0,NA,0,373,SOUTH RANCHO SANTA FE RD,VIA ALLONDRA,500,S,N,A,-,N,NA,NA,NA,NA,NA,NA,NA,NA,NA,Y,3,0,1,1,A,-,08,22107,NA,N,F,I,A,A,H,-,A,D,0,NA,NA,NA,NA,Y,NA,A,07,0,1,0,0,0,0,0,0,0,-,-,NA,NA,SAN DIEGO,SAN MARCOS,-117.22495417,33.11747843
8361261,2017,2017-05-16,3710,2017-03-31,1546,OC1426,NA,5,5,6,3710,0,0,0,NA,0,011,OCEANSIDE BL,GOAT HILL DR,0,NA,Y,A,-,N,NA,NA,NA,NA,NA,NA,NA,NA,NA,Y,3,0,1,2,A,-,09,21801,A,N,D,C,A,A,H,-,A,A,0,NA,NA,NA,NA,Y,NA,A,01,0,1,0,0,0,0,0,0,0,-,-,NA,NA,SAN DIEGO,OCEANSIDE,-117.35685001,33.19327004
8361504,2017,2017-05-16,3703,2017-05-07,2302,1016,NA,7,5,3,3703,0,0,0,NA,0,002,10TH ST,I AV,145,W,N,B,C,N,NA,NA,NA,NA,NA,NA,NA,NA,NA,Y,4,0,1,3,A,-,03,22350,NA,N,C,E,A,B,H,-,C,C,0,NA,NA,NA,NA,Y,NA,A,07,0,0,1,0,0,0,0,0,0,-,-,NA,NA,SAN DIEGO,CORONADO,-117.18703009,32.68890773
8361585,2017,2017-05-17,3711,2017-05-06,0720,7643,NA,6,5,7,3711,0,0,0,NA,0,441,IMPERIAL AV,YMCA WY,30,E,N,B,-,N,NA,NA,NA,NA,NA,NA,NA,NA,NA,N,4,0,1,2,A,-,03,22350,NA,M,C,C,A,A,H,-,A,A,0,NA,NA,NA,NA,Y,NA,-,NA,0,0,1,0,0,0,0,0,0,-,-,NA,NA,SAN DIEGO,SAN DIEGO,-117.09786326,32.70414349
8361896,2016,2017-05-17,3700,2016-02-10,1830,SH2619,NA,3,5,5,3712,0,0,0,NA,0,353,EL NORTE PKWY,WOODLAND PKWY,0,NA,Y,A,-,N,NA,NA,NA,NA,NA,NA,NA,NA,NA,N,4,0,1,2,D,-,00,NA,NA,F,G,B,B,A,H,-,C,A,0,Y,NA,NA,NA,Y,NA,-,-,0,0,1,0,1,0,0,0,0,-,-,NA,NA,SAN DIEGO,SAN MARCOS,-117.12892007,33.15697001
8362341,2017,2018-04-19,3703,2017-04-18,2013,1289,NA,2,5,3,3703,0,0,0,NA,0,003,RT 75,MP 1250,729,N,N,A,-,Y,SD,11,75,-,-,12.64,R,2,S,N,2,0,3,2,A,-,01,23153,A,N,C,C,A,A,H,-,D,D,0,NA,NA,Y,NA,Y,Y,C,02,1,0,2,0,0,0,0,0,1,-,-,NA,NA,SAN DIEGO,CORONADO,-117.13057404,32.60684956
8363302,2017,2017-05-15,3711,2017-04-27,1455,7154,NA,4,5,7,3711,0,0,0,NA,0,008,POLK AV,MARLBOROUGH AV,17,E,N,A,-,N,NA,NA,NA,NA,NA,NA,NA,NA,NA,N,4,0,1,2,A,-,10,21950,A,M,G,B,B,A,H,-,A,D,0,Y,NA,NA,NA,Y,NA,-,99,0,0,1,0,1,0,0,0,0,-,-,NA,NA,SAN DIEGO,SAN DIEGO,-117.1056149,32.7514391
8364219,2017,2017-05-23,3700,2017-04-27,0919,SH7709,NA,4,5,4,3780,0,0,0,NA,0,406,MARTINCOIT RD,ESPOLA RD,274,S,N,B,-,N,NA,NA,NA,NA,NA,NA,NA,NA,NA,Y,3,0,1,2,A,-,08,22107,NA,N,C,E,A,A,H,-,A,D,0,NA,NA,NA,NA,Y,NA,A,01,0,1,0,0,0,0,0,0,0,-,-,NA,NA,SAN DIEGO,POWAY,-117.03976888,33.0178996
8366586,2017,2017-07-17,3700,2017-04-10,1115,SH9371,NA,1,5,4,3780,0,0,0,NA,0,415,POWAY RD,SILVER LAKE DR,0,NA,Y,A,-,N,NA,NA,NA,NA,NA,NA,NA,NA,NA,Y,4,0,1,2,D,-,00,NA,NA,N,D,E,A,A,H,-,A,A,0,NA,NA,NA,NA,Y,NA,-,-,0,0,1,0,0,0,0,0,0,-,-,NA,NA,SAN DIEGO,POWAY,-117.05612001,32.95498012
8367724,2017,2017-05-23,3701,2017-05-03,1620,CB5287,NA,3,5,5,3701,0,0,0,NA,0,005,FARADAY AV,EL CAMINIO REAL,0,NA,Y,A,-,N,NA,NA,NA,NA,NA,NA,NA,NA,NA,Y,3,0,1,1,A,-,03,22350,NA,N,E,I,A,A,H,-,A,A,0,NA,NA,NA,NA,Y,NA,A,01,0,1,0,0,0,0,0,0,0,-,-,NA,NA,SAN DIEGO,CARLSBAD,-117.27339003,33.13656004
8368336,2017,2018-03-20,3710,2017-04-14,1447,OC1018,NA,5,5,6,3710,0,0,0,NA,0,009,COAST HWY,CASSIDY ST,120,N,N,A,-,N,NA,NA,NA,NA,NA,NA,NA,NA,NA,N,4,0,1,2,A,-,03,22350,NA,M,C,C,A,A,H,-,A,A,0,NA,NA,NA,NA,Y,NA,A,01,0,0,1,0,0,0,0,0,0,-,-,NA,NA,SAN DIEGO,OCEANSIDE,-117.36242659,33.17548795
8369563,2017,2017-05-31,3705,2017-03-29,2129,EC0324,NA,3,5,5,3705,0,0,0,NA,0,006,PETREE,HILLSVIEW,165,W,N,A,-,N,NA,NA,NA,NA,NA,NA,NA,NA,NA,Y,2,0,2,2,A,-,06,21750,NA,N,D,C,A,A,H,-,C,D,0,NA,NA,Y,NA,Y,NA,C,02,1,1,0,0,0,0,0,0,1,-,-,NA,NA,SAN DIEGO,EL CAJON,-116.98101509,32.80584
8369567,2017,2017-05-31,3705,2017-03-28,2201,EC0309,NA,2,5,5,3705,0,0,0,NA,0,010,BROADWAY,MOLLISON,0,NA,Y,A,-,N,NA,NA,NA,NA,NA,NA,NA,NA,NA,N,4,0,1,2,A,-,09,21453,B,F,G,B,B,A,H,-,C,A,0,Y,NA,NA,NA,Y,NA,-,NA,0,0,1,0,1,0,0,0,0,-,-,NA,NA,SAN DIEGO,EL CAJON,-116.95097006,32.80770006