CASE_ID,ACCIDENT_YEAR,PROC_DATE,JURIS,COLLISION_DATE,COLLISION_TIME,OFFICER_ID,REPORTING_DISTRICT,DAY_OF_WEEK,CHP_SHIFT,POPULATION,CNTY_CITY_LOC,SPECIAL_COND,BEAT_TYPE,CHP_BEAT_TYPE,CITY_DIVISION_LAPD,CHP_BEAT_CLASS,BEAT_NUMBER,PRIMARY_RD,SECONDARY_RD,DISTANCE,DIRECTION,INTERSECTION,WEATHER_1,WEATHER_2,STATE_HWY_IND,CALTRANS_COUNTY,CALTRANS_DISTRICT,STATE_ROUTE,ROUTE_SUFFIX,POSTMILE_PREFIX,POSTMILE,LOCATION_TYPE,RAMP_INTERSECTION,SIDE_OF_HWY,TOW_AWAY,COLLISION_SEVERITY,NUMBER_KILLED,NUMBER_INJURED,PARTY_COUNT,PRIMARY_COLL_FACTOR,PCF_CODE_OF_VIOL,PCF_VIOL_CATEGORY,PCF_VIOLATION,PCF_VIOL_SUBSECTION,HIT_AND_RUN,TYPE_OF_COLLISION,MVIW,PED_ACTION,ROAD_SURFACE,ROAD_COND_1,ROAD_COND_2,LIGHTING,CONTROL_DEVICE,CHP_ROAD_TYPE,PEDESTRIAN_ACCIDENT,BICYCLE_ACCIDENT,MOTORCYCLE_ACCIDENT,TRUCK_ACCIDENT,NOT_PRIVATE_PROPERTY,ALCOHOL_INVOLVED,STWD_VEHTYPE_AT_FAULT,CHP_VEHTYPE_AT_FAULT,COUNT_SEVERE_INJ,COUNT_VISIBLE_INJ,COUNT_COMPLAINT_PAIN,COUNT_PED_KILLED,COUNT_PED_INJURED,COUNT_BICYCLIST_KILLED,COUNT_BICYCLIST_INJURED,COUNT_MC_KILLED,COUNT_MC_INJURED,PRIMARY_RAMP,SECONDARY_RAMP,LATITUDE,LONGITUDE,COUNTY,CITY,POINT_X,POINT_Y
8620805,2018,2018-05-31,3711,2018-05-03,1919,7620,NA,4,5,7,3711,0,0,0,NA,0,441,IMPERIAL AV,S 45TH ST,25,E,N,A,-,N,NA,NA,NA,NA,NA,NA,NA,NA,NA,Y,4,0,2,2,A,-,12,21453,A,N,A,C,A,A,H,-,C,A,0,NA,NA,NA,NA,Y,NA,A,01,0,0,2,0,0,0,0,0,0,-,-,NA,NA,SAN DIEGO,SAN DIEGO,-117.09789276123048,32.70415115356445
8621344,2018,2018-08-21,3711,2018-05-12,0903,7614,NA,6,5,7,3711,0,0,0,NA,0,627,WASHINGTON ST,RT 163,0,NA,-,A,-,Y,SD,11,163,-,-,2.89,R,4,N,N,3,0,1,2,A,-,12,21453,A,F,D,C,A,A,H,-,A,A,0,NA,NA,NA,NA,Y,NA,-,NA,0,1,0,0,0,0,0,0,0,-,-,32.75130081176758,-117.15119934082033,SAN DIEGO,SAN DIEGO,-117.15648651123048,32.75224685668945
8621356,2018,2018-06-04,3711,2018-05-12,1654,6621,NA,6,5,7,3711,0,0,0,NA,0,016,MORENA BL,AVATI DR,471,N,N,-,-,N,NA,NA,NA,NA,NA,NA,NA,NA,NA,Y,4,0,1,1,A,-,08,22107,NA,N,E,I,A,A,G,-,A,D,0,NA,NA,NA,NA,Y,NA,-,NA,0,0,1,0,0,0,0,0,0,-,-,NA,NA,SAN DIEGO,SAN DIEGO,-117.21846771240234,32.81478500366211
8624771,2018,2018-06-12,3711,2018-05-12,1700,6947,NA,6,5,7,3711,0,0,0,NA,0,721,THERMAL AV,CORONADO AV,0,NA,Y,B,-,N,NA,NA,NA,NA,NA,NA,NA,NA,NA,Y,4,0,1,2,A,-,12,21453,A,N,B,C,A,A,H,-,A,A,0,NA,NA,NA,NA,Y,Y,-,-,0,0,1,0,0,0,0,0,0,-,-,32.576568603515625,-117.09707641601563,SAN DIEGO,SAN DIEGO,-117.09705352783205,32.57651138305664
8624896,2018,2018-07-19,3711,2018-06-05,0736,7589,SD,2,5,7,3711,0,0,0,NA,0,528,WEST GRAPE ST,STATE ST,0,NA,Y,B,-,N,NA,NA,NA,NA,NA,NA,NA,NA,NA,Y,2,0,1,1,A,-,03,22350,NA,N,F,A,A,A,H,-,A,A,0,NA,NA,NA,NA,Y,NA,-,-,1,0,0,0,0,0,0,0,0,-,-,NA,NA,SAN DIEGO,SAN DIEGO,-117.1673583984375,32.7259407043457
8625532,2018,2018-05-31,3706,2018-05-15,1606,455,ESCON,2,5,6,3706,0,0,0,NA,0,044,ROSE ST,VALLEY PKWY,220,S,N,A,-,N,NA,NA,NA,NA,NA,NA,NA,NA,NA,Y,3,0,1,2,A,-,05,21460,C,N,D,C,A,A,H,-,A,D,0,NA,NA,NA,NA,Y,NA,A,01,0,1,0,0,0,0,0,0,0,-,-,33.1338996887207,-117.0595474243164,SAN DIEGO,ESCONDIDO,-117.05914306640624,33.13343811035156
8625586,2018,2018-06-18,3711,2018-05-11,1640,7449,NA,5,5,7,3711,0,0,0,NA,0,122,CASS ST,FELSPAR ST,100,S,N,C,-,N,NA,NA,NA,NA,NA,NA,NA,NA,NA,Y,4,0,1,2,A,-,09,21804,NA,N,D,C,A,B,H,-,A,D,0,NA,NA,NA,NA,Y,Y,-,NA,0,0,1,0,0,0,0,0,0,-,-,NA,NA,SAN DIEGO,SAN DIEGO,-117.25203704833984,32.798004150390625
8626085,2018,2018-06-06,3711,2018-05-21,1100,7261,NA,1,5,7,3711,0,0,0,NA,0,441,LOGAN AV,DOMINION ST,112,W,N,A,-,N,NA,NA,NA,NA,NA,NA,NA,NA,NA,N,4,0,1,2,A,-,05,21650,NA,M,A,C,A,A,H,-,A,D,0,NA,NA,NA,NA,Y,NA,-,NA,0,0,1,0,0,0,0,0,0,-,-,NA,NA,SAN DIEGO,SAN DIEGO,-117.10162353515624,32.69682693481445
8626118,2018,2018-06-04,3711,2018-05-19,1426,4617,NA,6,5,7,3711,0,0,0,NA,0,246,CYPRESS CANYON RD,CYPRESS VALLEY RD,291,N,N,A,-,N,NA,NA,NA,NA,NA,NA,NA,NA,NA,Y,4,0,1,1,A,-,03,22349,NA,N,E,I,A,A,H,-,A,D,0,NA,NA,NA,NA,Y,NA,-,NA,0,0,1,0,0,0,0,0,0,-,-,NA,NA,SAN DIEGO,SAN DIEGO,-117.07676696777344,32.92818832397461
8626886,2018,2018-05-31,3702,2018-05-14,1930,CV1133,NA,1,5,6,3702,0,0,0,NA,0,022,MOSS ST,4TH AV,0,NA,Y,A,-,N,NA,NA,NA,NA,NA,NA,NA,NA,NA,Y,4,0,3,3,A,-,12,21453,A,N,D,C,A,A,H,-,C,A,0,NA,NA,NA,NA,Y,NA,A,01,0,0,3,0,0,0,0,0,0,-,-,NA,NA,SAN DIEGO,CHULA VISTA,-117.07453918457033,32.6159782409668
8627583,2018,2018-06-11,3708,2018-04-12,1208,LM1225,NA,4,5,5,3708,0,0,0,NA,0,001,UNIVERSITY AV,HARBINSON AV,0,NA,Y,A,-,N,NA,NA,NA,NA,NA,NA,NA,NA,NA,Y,4,0,1,2,A,-,12,21453,A,N,D,C,A,A,H,-,A,A,0,NA,NA,NA,NA,Y,NA,A,01,0,0,1,0,0,0,0,0,0,-,-,NA,NA,SAN DIEGO,LA MESA,-117.04656982421876,32.754878997802734
8629822,2018,2018-06-07,3711,2018-05-16,0001,7701,SD,3,5,7,3711,0,0,0,NA,0,313,RUFFIN RD,AERO DR,720,N,N,A,-,N,NA,NA,NA,NA,NA,NA,NA,NA,NA,N,3,0,1,1,A,-,03,22350,NA,N,F,G,A,A,H,-,C,D,0,NA,Y,NA,NA,Y,NA,L,04,0,1,0,0,0,0,1,0,0,-,-,NA,NA,SAN DIEGO,SAN DIEGO,-117.12973785400392,32.809879302978516
8631620,2018,2018-06-11,3700,2018-03-12,1056,SH2558,NA,1,5,5,3712,0,0,0,NA,0,360,CRAVEN RD,FOXHALL DR,0,NA,Y,A,-,N,NA,NA,NA,NA,NA,NA,NA,NA,NA,N,2,0,1,2,A,-,17,21208,B,N,C,G,A,A,D,-,A,D,0,NA,Y,NA,NA,Y,NA,L,04,1,0,0,0,0,0,1,0,0,-,-,NA,NA,SAN DIEGO,SAN MARCOS,-117.17659759521484,33.127769470214844
8633328,2018,2018-06-20,3706,2018-06-04,1229,322,ESCO,1,5,6,3706,0,0,0,NA,0,052,MAPLE ST,2ND AV,0,NA,Y,A,-,N,NA,NA,NA,NA,NA,NA,NA,NA,NA,N,4,0,1,2,A,-,09,21802,A,N,D,C,A,A,H,-,-,A,0,NA,NA,NA,NA,Y,NA,A,01,0,0,1,0,0,0,0,0,0,-,-,NA,NA,SAN DIEGO,ESCONDIDO,-117.08222198486328,33.120059967041016
8633627,2018,2018-06-15,3710,2018-03-29,1520,OC1169,011,4,5,6,3710,0,0,0,NA,0,004,GRACE ST,DIXIE ST,6,N,N,A,-,N,NA,NA,NA,NA,NA,NA,NA,NA,NA,Y,4,0,1,2,A,-,03,22350,NA,N,C,C,A,A,H,-,A,A,0,NA,NA,NA,NA,Y,NA,A,01,0,0,1,0,0,0,0,0,0,-,-,33.20071029663086,-117.36173248291016,SAN DIEGO,OCEANSIDE,-117.36171722412108,33.200706481933594
8633665,2018,2018-06-19,3711,2018-05-31,1714,7201,NA,4,5,7,3711,0,0,0,NA,0,312,CLAIREMONT MESA BL,ANTIGUA BL,390,W,N,A,-,N,NA,NA,NA,NA,NA,NA,NA,NA,NA,Y,4,0,1,3,A,-,03,22350,NA,N,C,C,A,A,H,-,A,A,0,NA,NA,NA,NA,Y,NA,A,01,0,0,1,0,0,0,0,0,0,-,-,NA,NA,SAN DIEGO,SAN DIEGO,-117.11040496826172,32.83177185058594
8634962,2018,2018-06-18,3711,2018-05-27,1000,6781,NA,7,5,7,3711,0,0,0,NA,0,813,HOWARD AV,OREGON ST,60,E,N,A,-,N,NA,NA,NA,NA,NA,NA,NA,NA,NA,N,4,0,1,2,A,-,08,22107,NA,N,B,G,A,A,H,-,A,D,0,NA,Y,NA,NA,Y,NA,-,NA,0,0,1,0,0,0,1,0,0,-,-,NA,NA,SAN DIEGO,SAN DIEGO,-117.13493347167967,32.7540397644043
8635847,2018,2018-06-26,3709,2018-06-07,2347,NC0490,NA,4,5,5,3709,0,0,0,NA,0,020,D AV,EAST 16TH ST,29,N,N,A,-,N,NA,NA,NA,NA,NA,NA,NA,NA,NA,Y,3,0,1,1,A,-,03,22350,NA,N,F,I,A,A,H,-,C,A,0,NA,NA,NA,NA,Y,NA,A,07,0,1,0,0,0,0,0,0,0,-,-,NA,NA,SAN DIEGO,NATIONAL CITY,-117.10012817382813,32.67014694213867
8638200,2018,2018-07-16,3711,2018-06-05,1810,7187,NA,2,5,7,3711,0,0,0,NA,0,839,WIGHTMAN ST,36TH ST,50,E,N,A,-,N,NA,NA,NA,NA,NA,NA,NA,NA,NA,Y,4,0,1,2,A,-,09,21802,A,N,D,D,A,A,H,-,A,D,0,NA,NA,NA,NA,Y,NA,-,NA,0,0,1,0,0,0,0,0,0,-,-,NA,NA,SAN DIEGO,SAN DIEGO,-117.11544799804688,32.74787139892578
8638400,2018,2018-06-19,3711,2018-05-29,0757,7579,NA,2,5,7,3711,0,0,0,NA,0,935,EL CAMINIO REAL,EL CAMINIO REAL 14500,0,NA,N,B,-,N,NA,NA,NA,NA,NA,NA,NA,NA,NA,Y,4,0,1,3,A,-,03,22350,NA,N,C,C,A,A,H,-,A,D,0,NA,NA,NA,NA,Y,NA,-,NA,0,0,1,0,0,0,0,0,0,-,-,NA,NA,SAN DIEGO,SAN DIEGO,-117.23110288,32.9757123
8641486,2018,2018-07-11,3711,2018-06-22,2057,7616,NA,5,5,7,3711,0,0,0,NA,0,612,ROSECRANS ST,LYTTON,100,S,N,A,-,N,NA,NA,NA,NA,NA,NA,NA,NA,NA,Y,3,0,3,2,A,-,04,21703,NA,N,C,C,A,A,H,-,C,D,0,NA,NA,NA,NA,Y,NA,A,01,0,3,0,0,0,0,0,0,0,-,-,NA,NA,SAN DIEGO,SAN DIEGO,-117.2127685546875,32.744083404541016
8641503,2018,2018-07-11,3702,2018-05-26,2140,CV1120,NA,6,5,6,3702,0,0,0,NA,0,014,H ST,2ND AV,0,NA,Y,A,-,N,NA,NA,NA,NA,NA,NA,NA,NA,NA,N,4,0,2,2,A,-,09,21801,A,N,D,C,A,A,H,-,C,A,0,NA,NA,NA,NA,Y,NA,A,08,0,0,2,0,0,0,0,0,0,-,-,NA,NA,SAN DIEGO,CHULA VISTA,-117.0731201171875,32.63555908203125
8641660,2018,2018-06-22,3711,2018-06-08,1730,7576,NA,5,5,7,3711,0,0,0,NA,0,934,CARMEL COUNTRY RD,DEL MAR MESA RD,0,NA,Y,A,-,N,NA,NA,NA,NA,NA,NA,NA,NA,NA,Y,3,0,2,3,A,-,03,22350,NA,N,C,C,A,A,H,-,A,A,0,NA,NA,NA,NA,Y,NA,-,NA,0,1,1,0,0,0,0,0,0,-,-,NA,NA,SAN DIEGO,SAN DIEGO,-117.21159362792967,32.93817901611328
8642512,2018,2018-07-03,3711,2018-06-13,1809,HB5963,NA,3,5,7,3711,0,0,0,NA,0,504,KETTNER BL,SEWER COVER CM1,46,N,N,A,-,N,NA,NA,NA,NA,NA,NA,NA,NA,NA,N,4,0,2,2,C,-,18,NA,NA,N,A,C,A,A,H,-,A,D,0,NA,NA,NA,NA,Y,NA,-,-,0,0,2,0,0,0,0,0,0,-,-,NA,NA,SAN DIEGO,SAN DIEGO,NA,NA
8642862,2018,2018-06-29,3700,2018-04-27,0733,SH7236,NA,5,5,5,3712,0,0,0,NA,0,355,GRAND AV,S LAS POSAS RD,8,E,N,A,-,N,NA,NA,NA,NA,NA,NA,NA,NA,NA,N,4,0,1,2,A,-,05,21651,B,N,D,G,A,A,H,-,A,A,0,NA,Y,NA,NA,Y,NA,L,04,0,0,1,0,0,0,1,0,0,-,-,NA,NA,SAN DIEGO,SAN MARCOS,-117.1916275024414,33.1429328918457
8643589,2018,2018-06-29,3705,2018-04-02,0113,EC0362,NA,1,5,5,3705,0,0,0,NA,0,002,EAST MAIN ST,ANZA,285,E,N,A,-,N,NA,NA,NA,NA,NA,NA,NA,NA,NA,Y,3,0,1,2,A,-,08,22107,NA,M,C,E,A,A,H,-,C,A,0,NA,NA,NA,Y,Y,NA,A,01,0,1,0,0,0,0,0,0,0,-,-,NA,NA,SAN DIEGO,EL CAJON,-116.947265625,32.79494857788086
8643759,2018,2018-06-29,3705,2018-06-02,1234,EC0337,NA,6,5,5,3705,0,0,0,NA,0,001,EL CAJON BL,S JOHNSON,0,NA,Y,A,-,N,NA,NA,NA,NA,NA,NA,NA,NA,NA,Y,3,0,3,2,A,-,12,21453,A,N,D,C,A,A,H,-,A,A,0,NA,NA,NA,NA,Y,NA,A,01,0,3,0,0,0,0,0,0,0,-,-,NA,NA,SAN DIEGO,EL CAJON,-116.97104644775392,32.79172134399414
8643796,2018,2018-06-29,3711,2018-06-11,0855,7367,NA,1,5,7,3711,0,0,0,NA,0,451,COLLEGE GROVE WY,COLLEGE GROVE DR,25,N,N,A,-,N,NA,NA,NA,NA,NA,NA,NA,NA,NA,Y,4,0,2,2,A,-,12,21453,A,N,D,C,A,A,H,-,A,A,0,NA,NA,NA,NA,Y,NA,A,01,0,0,2,0,0,0,0,0,0,-,-,NA,NA,SAN DIEGO,SAN DIEGO,-117.05838775634766,32.73822784423828
8644135,2018,2018-06-25,3706,2018-04-17,1009,342,ESCON,2,5,6,3706,0,0,0,NA,0,052,JUNIPER ST,3RD AV,0,NA,Y,A,-,N,NA,NA,NA,NA,NA,NA,NA,NA,NA,Y,2,0,1,2,A,-,09,21801,A,N,A,C,A,A,H,-,C,D,0,NA,NA,Y,NA,Y,NA,A,01,1,0,0,0,0,0,0,0,1,-,-,33.12118911743164,-117.07742309570313,SAN DIEGO,ESCONDIDO,-117.07746124267578,33.12120819091797
8645325,2018,2018-07-03,3705,2018-05-21,1630,EC0324,NA,1,5,5,3705,0,0,0,NA,0,004,WASHINGTON,ORANGE,0,NA,Y,B,-,N,NA,NA,NA,NA,NA,NA,NA,NA,NA,N,3,0,1,2,A,-,09,21801,A,N,D,G,A,A,H,-,A,A,0,NA,Y,NA,NA,Y,NA,A,01,0,1,0,0,0,0,1,0,0,-,-,NA,NA,SAN DIEGO,EL CAJON,-116.96354675292967,32.78765869140625
8645924,2018,2018-07-19,3709,2018-06-24,1344,NC0506,NA,7,5,5,3709,0,0,0,NA,0,021,FIG CT,GILBERT LN,192,W,N,A,-,N,NA,NA,NA,NA,NA,NA,NA,NA,NA,N,3,0,1,2,A,-,11,21954,A,N,G,B,D,A,H,-,A,D,0,Y,NA,NA,NA,Y,Y,N,60,0,1,0,0,1,0,0,0,0,-,-,NA,NA,SAN DIEGO,NATIONAL CITY,-117.09573364257813,32.68738555908203
8646704,2018,2018-07-03,3709,2018-06-11,2030,NC0497,NA,1,5,5,3709,0,0,0,NA,0,021,EAST 4TH ST,EUCLID AV,0,NA,Y,A,-,N,NA,NA,NA,NA,NA,NA,NA,NA,NA,N,4,0,1,2,A,-,03,22350,NA,M,D,C,A,A,H,-,C,A,0,NA,NA,NA,NA,Y,NA,-,99,0,0,1,0,0,0,0,0,0,-,-,NA,NA,SAN DIEGO,NATIONAL CITY,-117.08368682861328,32.68619155883789
8647017,2018,2018-07-11,3700,2018-05-01,0922,7236,NA,2,5,5,3712,0,0,0,NA,0,351,S LAS POSAS RD,AVENIDA AZUL,10,S,N,A,-,N,NA,NA,NA,NA,NA,NA,NA,NA,NA,N,4,0,1,2,A,-,09,21453,B,N,D,G,A,A,H,-,A,A,0,NA,Y,NA,NA,Y,NA,A,01,0,0,1,0,0,0,1,0,0,-,-,NA,NA,SAN DIEGO,SAN MARCOS,-117.1894989013672,33.15324401855469
8647069,2018,2018-07-10,3711,2018-06-16,0606,7698,NA,6,5,7,3711,0,0,0,NA,0,521,G ST,16TH ST,26,W,N,A,-,N,NA,NA,NA,NA,NA,NA,NA,NA,NA,Y,4,0,1,2,A,-,03,22350,NA,N,C,C,A,A,H,-,A,A,0,NA,NA,NA,NA,Y,NA,A,01,0,0,1,0,0,0,0,0,0,-,-,NA,NA,SAN DIEGO,SAN DIEGO,-117.14957427978516,32.71261215209961
8648984,2018,2018-07-11,3711,2018-06-12,0720,6146,NA,2,5,7,3711,0,0,0,NA,0,934,TORREY RIDGE DR,DEL MAR HEIGHTS RD,0,NA,Y,A,-,N,NA,NA,NA,NA,NA,NA,NA,NA,NA,N,3,0,1,2,A,-,10,21950,A,N,G,B,B,A,H,-,A,A,0,Y,NA,NA,NA,Y,NA,A,01,0,1,0,0,1,0,0,0,0,-,-,NA,NA,SAN DIEGO,SAN DIEGO,-117.2259521484375,32.95640182495117
8649026,2018,2018-07-20,3701,2018-06-14,2117,CB5504,NA,4,5,5,3701,0,0,0,NA,0,001,STATE ST,GRAND AV,0,NA,Y,A,-,N,NA,NA,NA,NA,NA,NA,NA,NA,NA,N,3,0,1,2,A,-,03,22350,NA,N,G,B,E,A,H,-,C,D,0,Y,NA,NA,NA,Y,NA,A,01,0,1,0,0,1,0,0,0,0,-,-,NA,NA,SAN DIEGO,CARLSBAD,-117.34961700439452,33.16067886352539
8649263,2018,2018-08-17,3711,2018-06-22,2035,7576,NA,5,5,7,3711,0,0,0,NA,0,934,EL CAMINO REAL,RT 56,0,NA,Y,A,-,Y,SD,11,56,-,-,0.422,R,4,E,Y,4,0,4,2,A,-,08,21460,5,N,A,C,A,A,H,-,C,A,0,NA,NA,NA,NA,Y,NA,-,NA,0,0,4,0,0,0,0,0,0,-,WO,NA,NA,SAN DIEGO,SAN DIEGO,-117.23528289794922,32.934757232666016
8649541,2018,2018-08-22,3711,2018-06-30,0720,7707,SANDI,6,5,7,3711,0,0,0,NA,0,511,NORMAN SCOTT RD,SOUTH 32ND ST,15,W,N,B,-,N,NA,NA,NA,NA,NA,NA,NA,NA,NA,Y,4,0,2,2,A,-,12,21453,A,N,B,C,A,A,H,-,B,A,0,NA,NA,NA,NA,Y,NA,-,-,0,0,2,0,0,0,0,0,0,-,-,NA,NA,SAN DIEGO,SAN DIEGO,-117.12543487548828,32.687618255615234
8650503,2018,2018-10-24,3711,2018-08-18,1731,7605,SD,6,5,7,3711,0,0,0,NA,0,611,PACIFIC HWY,ENTERPRISE ST,0,NA,Y,A,-,N,NA,NA,NA,NA,NA,NA,NA,NA,NA,NA,4,0,1,2,A,-,09,21801,NA,N,D,C,A,A,H,-,A,A,0,NA,NA,NA,NA,Y,NA,A,07,0,0,1,0,0,0,0,0,0,-,-,NA,NA,SAN DIEGO,SAN DIEGO,-117.19766998291016,32.7470817565918
8651830,2018,2018-10-08,3711,2018-09-12,1813,7260,NA,3,5,7,3711,0,0,0,NA,0,326,MONTEZUMA RD,MONTEZUMA RD 5600,0,NA,-,A,-,N,NA,NA,NA,NA,NA,NA,NA,NA,NA,Y,4,0,2,3,A,-,08,22107,NA,N,F,C,A,A,H,-,A,D,0,NA,NA,NA,NA,Y,NA,-,NA,0,0,2,0,0,0,0,0,0,-,-,NA,NA,SAN DIEGO,SAN DIEGO,-117.07464159,32.77070399
8651887,2018,2018-10-09,3711,2018-09-14,0740,7470,NA,5,5,7,3711,0,0,0,NA,0,122,GARNET AV,FANUEL ST,0,NA,Y,A,-,N,NA,NA,NA,NA,NA,NA,NA,NA,NA,Y,3,0,1,2,A,-,08,22100,B,N,B,C,A,A,H,-,A,A,0,NA,NA,NA,NA,Y,NA,-,NA,0,1,0,0,0,0,0,0,0,-,-,NA,NA,SAN DIEGO,SAN DIEGO,-117.24635314941406,32.79853057861328
8653458,2018,2018-07-09,3711,2018-06-12,0838,7469,SD,2,5,7,3711,0,0,0,NA,0,528,KETTNER BL,WEST ASH ST,0,NA,Y,A,-,N,NA,NA,NA,NA,NA,NA,NA,NA,NA,Y,4,0,2,2,A,-,-,NA,NA,N,D,C,A,A,H,-,A,A,0,NA,NA,NA,NA,Y,NA,-,NA,0,0,2,0,0,0,0,0,0,-,-,NA,NA,SAN DIEGO,SAN DIEGO,-117.1692123413086,32.7198600769043
8654451,2018,2018-07-17,3711,2018-06-25,1355,6774,NA,1,5,7,3711,0,0,0,NA,0,313,KEARNY VILLA RD,BALBOA AV,6,S,N,A,-,N,NA,NA,NA,NA,NA,NA,NA,NA,NA,N,4,0,1,2,A,-,21,22106,NA,N,C,C,A,A,H,-,A,A,0,NA,NA,NA,NA,Y,NA,A,01,0,0,1,0,0,0,0,0,0,-,-,NA,NA,SAN DIEGO,SAN DIEGO,-117.1443328857422,32.82169723510742
8659848,2018,2019-01-14,3711,2018-06-21,1345,6303,NA,4,5,7,3711,0,0,0,NA,0,111,BALBOA AV,RT 805,25,E,N,A,-,Y,SD,11,805,-,-,21.815,R,4,S,N,4,0,1,2,A,-,03,22350,NA,N,C,C,A,A,H,-,A,A,0,NA,NA,NA,NA,Y,NA,A,01,0,0,1,0,0,0,0,0,0,-,-,NA,NA,SAN DIEGO,SAN DIEGO,-117.163818359375,32.82379913330078
8659923,2018,2018-07-19,3711,2018-07-01,2145,7233,NA,7,5,7,3711,0,0,0,NA,0,832,EL CAJON BL,FAIRMOUNT AV,0,NA,Y,A,-,N,NA,NA,NA,NA,NA,NA,NA,NA,NA,Y,4,0,1,2,A,-,12,21453,A,N,D,C,A,A,H,-,C,A,0,NA,NA,NA,NA,Y,NA,A,08,0,0,1,0,0,0,0,0,0,-,-,NA,NA,SAN DIEGO,SAN DIEGO,-117.100830078125,32.75519943237305
8660719,2018,2018-10-24,3703,2018-07-04,0206,1120,NA,3,5,3,3703,0,0,0,NA,0,001,3RD ST,E AV,71,E,N,A,-,Y,SD,11,282,-,-,0.14,H,-,W,Y,4,0,1,3,A,-,01,23152,A,N,C,E,A,A,H,-,E,D,0,NA,NA,NA,NA,Y,Y,A,01,0,0,1,0,0,0,0,0,0,-,-,NA,NA,SAN DIEGO,CORONADO,-117.17611694335938,32.69679641723633
8661234,2018,2018-07-19,3705,2018-04-09,0640,EC0368,NA,1,5,5,3705,0,0,0,NA,0,001,VERNON,N JOHNSON,39,E,N,A,-,N,NA,NA,NA,NA,NA,NA,NA,NA,NA,N,4,0,1,2,A,-,21,22106,NA,N,C,C,A,A,H,-,A,A,0,NA,NA,NA,Y,Y,NA,-,NA,0,0,1,0,0,0,0,0,0,-,-,NA,NA,SAN DIEGO,EL CAJON,-116.97088623046876,32.812278747558594
8661283,2018,2018-07-20,3706,2018-06-28,2206,449,ESCON,4,5,6,3706,0,0,0,NA,0,045,WILLOWBROOK ST,VALLEY PKWY,365,N,N,A,-,N,NA,NA,NA,NA,NA,NA,NA,NA,NA,Y,3,0,1,1,A,-,01,23152,A,N,E,I,A,A,H,-,C,A,0,NA,NA,NA,NA,Y,Y,A,01,0,1,0,0,0,0,0,0,0,-,-,33.09172058105469,-117.11477661132813,SAN DIEGO,ESCONDIDO,-117.11469268798828,33.09172058105469
8663133,2018,2018-07-18,3711,2018-06-30,2318,7747,NA,6,5,7,3711,0,0,0,NA,0,625,TAYLOR ST,SUNSET ST,15,W,N,A,-,N,NA,NA,NA,NA,NA,NA,NA,NA,NA,N,4,0,1,2,A,-,03,22350,NA,M,C,C,A,A,H,-,C,A,0,NA,NA,NA,NA,Y,NA,A,01,0,0,1,0,0,0,0,0,0,-,-,NA,NA,SAN DIEGO,SAN DIEGO,-117.19799041748048,32.75748825073242
8664413,2018,2018-08-03,3701,2018-07-07,1320,CB5501,NA,6,5,5,3701,0,0,0,NA,0,005,MELROSE DR,LIONSHEAD AV,0,NA,Y,A,-,N,NA,NA,NA,NA,NA,NA,NA,NA,NA,Y,4,0,3,2,A,-,03,22350,NA,N,D,D,A,A,H,-,A,A,0,NA,NA,NA,NA,Y,NA,A,01,0,0,3,0,0,0,0,0,0,-,-,NA,NA,SAN DIEGO,CARLSBAD,-117.24430084228516,33.13370132446289
8664701,2018,2018-07-31,3711,2018-07-10,1555,5672,NA,2,5,7,3711,0,0,0,NA,0,313,CONVOY ST,KEARNY MESA RD,30,S,N,B,-,N,NA,NA,NA,NA,NA,NA,NA,NA,NA,N,3,0,1,1,A,-,03,22350,NA,N,H,A,A,B,B,-,A,A,0,NA,NA,Y,NA,Y,NA,C,03,0,1,0,0,0,0,0,0,1,-,-,NA,NA,SAN DIEGO,SAN DIEGO,-117.15264892578124,32.81342697143555
8664742,2018,2018-07-30,3711,2018-07-10,2011,7473,NA,2,5,7,3711,0,0,0,NA,0,712,VISTA LN,VISTA LN 3400,0,NA,Y,A,-,N,NA,NA,NA,NA,NA,NA,NA,NA,NA,N,4,0,1,2,A,-,09,21801,A,N,D,C,A,A,H,-,B,D,0,NA,NA,Y,NA,Y,NA,A,01,0,0,1,0,0,0,0,0,1,-,-,32.56182098388672,-117.05912017822266,SAN DIEGO,SAN DIEGO,-117.05912018,32.56182098
8664754,2018,2018-08-27,3711,2018-07-09,0655,7772,NA,1,5,7,3711,0,0,0,NA,0,114,CLAIREMONT MESA BL,DOLIVA DR,792,E,N,A,-,N,NA,NA,NA,NA,NA,NA,NA,NA,NA,N,3,0,1,2,A,-,08,22107,NA,N,B,G,A,A,H,-,A,D,0,NA,Y,NA,NA,Y,NA,L,04,0,1,0,0,0,0,1,0,0,-,-,NA,NA,SAN DIEGO,SAN DIEGO,-117.17311096191406,32.83408737182617
8666402,2018,2018-07-30,3701,2018-07-03,1013,CB5342,NA,2,5,5,3701,0,0,0,NA,0,004,EL CAMINIO REAL,PLAZA DR,129,S,N,A,-,N,NA,NA,NA,NA,NA,NA,NA,NA,NA,N,4,0,1,2,A,-,11,21954,A,N,G,B,D,A,H,-,A,A,0,Y,NA,NA,NA,Y,Y,N,60,0,0,1,0,1,0,0,0,0,-,-,NA,NA,SAN DIEGO,CARLSBAD,-117.32681274414063,33.178958892822266
8666436,2018,2018-08-01,3711,2018-07-08,1020,7122,NA,7,5,7,3711,0,0,0,NA,0,621,LINDA VISTA RD,TAIT ST,0,NA,Y,A,-,N,NA,NA,NA,NA,NA,NA,NA,NA,NA,Y,3,0,2,2,A,-,09,21800,A,N,D,C,A,A,H,-,A,A,0,NA,NA,NA,NA,Y,NA,D,22,0,2,0,0,0,0,0,0,0,-,-,NA,NA,SAN DIEGO,SAN DIEGO,-117.17278289794922,32.7807502746582