CASE_ID,ACCIDENT_YEAR,PROC_DATE,JURIS,COLLISION_DATE,COLLISION_TIME,OFFICER_ID,REPORTING_DISTRICT,DAY_OF_WEEK,CHP_SHIFT,POPULATION,CNTY_CITY_LOC,SPECIAL_COND,BEAT_TYPE,CHP_BEAT_TYPE,CITY_DIVISION_LAPD,CHP_BEAT_CLASS,BEAT_NUMBER,PRIMARY_RD,SECONDARY_RD,DISTANCE,DIRECTION,INTERSECTION,WEATHER_1,WEATHER_2,STATE_HWY_IND,CALTRANS_COUNTY,CALTRANS_DISTRICT,STATE_ROUTE,ROUTE_SUFFIX,POSTMILE_PREFIX,POSTMILE,LOCATION_TYPE,RAMP_INTERSECTION,SIDE_OF_HWY,TOW_AWAY,COLLISION_SEVERITY,NUMBER_KILLED,NUMBER_INJURED,PARTY_COUNT,PRIMARY_COLL_FACTOR,PCF_CODE_OF_VIOL,PCF_VIOL_CATEGORY,PCF_VIOLATION,PCF_VIOL_SUBSECTION,HIT_AND_RUN,TYPE_OF_COLLISION,MVIW,PED_ACTION,ROAD_SURFACE,ROAD_COND_1,ROAD_COND_2,LIGHTING,CONTROL_DEVICE,CHP_ROAD_TYPE,PEDESTRIAN_ACCIDENT,BICYCLE_ACCIDENT,MOTORCYCLE_ACCIDENT,TRUCK_ACCIDENT,NOT_PRIVATE_PROPERTY,ALCOHOL_INVOLVED,STWD_VEHTYPE_AT_FAULT,CHP_VEHTYPE_AT_FAULT,COUNT_SEVERE_INJ,COUNT_VISIBLE_INJ,COUNT_COMPLAINT_PAIN,COUNT_PED_KILLED,COUNT_PED_INJURED,COUNT_BICYCLIST_KILLED,COUNT_BICYCLIST_INJURED,COUNT_MC_KILLED,COUNT_MC_INJURED,PRIMARY_RAMP,SECONDARY_RAMP,LATITUDE,LONGITUDE,COUNTY,CITY,POINT_X,POINT_Y
8707897,2018,2018-12-18,3706,2018-09-06,0705,522,ESCON,4,5,6,3706,0,0,0,NA,0,043,CENTRE CITY PKWY,RT 78,0,NA,Y,B,-,Y,SD,11,78,-,R,17.173,R,4,E,Y,4,0,1,1,A,-,03,22350,NA,N,E,I,A,A,H,-,A,A,0,NA,NA,NA,NA,Y,NA,A,07,0,0,1,0,0,0,0,0,0,-,-,33.13090896606445,-117.09268188476563,SAN DIEGO,ESCONDIDO,-117.09452056884766,33.130104064941406
8708134,2018,2018-10-09,3711,2018-09-03,1911,7180,NA,1,5,7,3711,0,0,0,NA,0,627,UNIVERSITY AV,8TH AV,10,W,N,A,-,N,NA,NA,NA,NA,NA,NA,NA,NA,NA,N,3,0,1,3,A,-,08,22107,NA,N,D,C,A,A,H,-,C,A,0,NA,NA,Y,NA,Y,NA,A,01,0,1,0,0,0,0,0,0,1,-,-,NA,NA,SAN DIEGO,SAN DIEGO,-117.15745544433594,32.748390197753906
8710294,2018,2018-10-16,3711,2018-09-26,1638,6891,NA,3,5,7,3711,0,0,0,NA,0,122,GARNET AV,MISSION BL,93,E,N,B,-,N,NA,NA,NA,NA,NA,NA,NA,NA,NA,N,3,0,1,2,A,-,08,22107,NA,N,B,D,A,A,H,-,A,D,0,NA,NA,NA,NA,Y,NA,-,NA,0,1,0,0,0,0,0,0,0,-,-,NA,NA,SAN DIEGO,SAN DIEGO,-117.25520324707033,32.79664993286133
8711320,2018,2018-10-31,3711,2018-09-15,1714,5923,SAN D,6,5,7,3711,0,0,0,NA,0,627,ROBINSON AV,RICHMOND ST,0,NA,Y,A,-,N,NA,NA,NA,NA,NA,NA,NA,NA,NA,Y,3,0,2,3,A,-,12,21453,A,N,D,B,F,A,H,-,A,A,0,Y,NA,NA,NA,Y,NA,A,01,0,1,1,0,1,0,0,0,0,-,-,32.74639892578125,-117.15119934082033,SAN DIEGO,SAN DIEGO,-117.15122222900392,32.746421813964844
8713592,2018,2018-10-16,3711,2018-09-28,1725,7647,NA,5,5,7,3711,0,0,0,NA,0,521,14TH ST,F ST,4,S,N,A,-,N,NA,NA,NA,NA,NA,NA,NA,NA,NA,N,4,0,1,2,A,-,10,21950,A,N,G,B,B,-,H,-,A,A,0,Y,NA,NA,NA,Y,NA,-,NA,0,0,1,0,1,0,0,0,0,-,-,NA,NA,SAN DIEGO,SAN DIEGO,-117.15191650390624,32.71364974975586
8713677,2018,2018-10-17,3711,2018-09-29,1710,5813,CLAIR,6,5,7,3711,0,0,0,NA,0,111,TRIANA ST,LIMERICK AV,0,NA,Y,A,-,N,NA,NA,NA,NA,NA,NA,NA,NA,NA,Y,4,0,1,2,A,-,09,21802,A,N,D,C,A,A,H,-,A,A,0,NA,NA,NA,NA,Y,NA,A,01,0,0,1,0,0,0,0,0,0,-,-,NA,NA,SAN DIEGO,SAN DIEGO,-117.17887878417967,32.829429626464844
8713824,2018,2018-10-19,3711,2018-09-30,1330,7680,NA,7,5,7,3711,0,0,0,NA,0,123,WEST MISSION BAY DR,SEA WORLD DR,30,N,N,A,-,N,NA,NA,NA,NA,NA,NA,NA,NA,NA,Y,3,0,1,1,A,-,03,22350,NA,N,H,A,A,A,H,-,A,D,0,NA,NA,Y,NA,Y,NA,C,02,0,1,0,0,0,0,0,0,1,-,-,32.76179885864258,-117.23062896728516,SAN DIEGO,SAN DIEGO,-117.23038482666016,32.76142120361328
8714536,2018,2019-01-23,3711,2018-10-04,1140,SD6702,NA,4,5,7,3711,0,0,0,NA,0,613,CAMINITO UMBRAL,FAMOSA BL,0,NA,Y,A,-,N,NA,NA,NA,NA,NA,NA,NA,NA,NA,N,3,0,1,2,A,-,09,21802,A,N,F,A,A,A,H,-,A,A,0,NA,NA,Y,NA,Y,NA,A,01,0,1,0,0,0,0,0,0,1,-,-,NA,NA,SAN DIEGO,SAN DIEGO,-117.22975158691406,32.7464714050293
8714548,2018,2018-11-06,3711,2018-10-03,1310,5654,NA,3,5,7,3711,0,0,0,NA,0,627,WASHINGTON ST,1ST ST,26,S,N,A,-,N,NA,NA,NA,NA,NA,NA,NA,NA,NA,Y,4,0,2,2,A,-,03,22350,NA,N,C,C,A,A,H,-,A,A,0,NA,NA,NA,NA,Y,Y,A,01,0,0,2,0,0,0,0,0,0,-,-,NA,NA,SAN DIEGO,SAN DIEGO,-117.16393280029295,32.749969482421875
8715471,2018,2019-01-10,3706,2018-11-01,1425,318,ESCON,4,5,6,3706,0,0,0,NA,0,052,ESCONDIDO BL,7TH AV,86,S,N,A,-,N,NA,NA,NA,NA,NA,NA,NA,NA,NA,N,4,0,1,2,A,-,17,22517,NA,N,H,G,A,A,H,-,A,D,0,NA,Y,NA,NA,Y,NA,D,22,0,0,1,0,0,0,1,0,0,-,-,33.114898681640625,-117.08038330078124,SAN DIEGO,ESCONDIDO,-117.08021545410156,33.114688873291016
8715535,2018,2018-11-27,3710,2018-09-21,1644,OC1351,001,5,5,6,3710,0,0,0,NA,0,001,NORTH COAST HWY,WINDWARD WY,31,S,N,A,-,N,NA,NA,NA,NA,NA,NA,NA,NA,NA,N,2,0,1,2,A,-,11,21954,A,N,G,B,D,A,H,-,A,D,0,Y,NA,NA,NA,Y,NA,N,60,1,0,0,0,1,0,0,0,0,-,-,NA,NA,SAN DIEGO,OCEANSIDE,-117.38306427001952,33.20009231567383
8716872,2018,2019-01-08,3711,2018-09-19,0555,6810,NA,3,5,7,3711,0,0,0,NA,0,241,POMERADO RD,RT 15,0,NA,Y,A,-,Y,SD,11,15,-,M,14.016,R,4,N,Y,4,0,1,3,A,-,12,21453,A,N,A,C,A,A,H,-,B,A,0,NA,NA,NA,NA,Y,Y,A,01,0,0,1,0,0,0,0,0,0,-,NF,NA,NA,SAN DIEGO,SAN DIEGO,-117.1131591796875,32.88932418823242
8717721,2018,2018-10-17,3702,2018-09-09,0235,CV1218,NA,7,5,6,3702,0,0,0,NA,0,031,EAST H ST,E H ST 800,90,S,N,A,-,N,NA,NA,NA,NA,NA,NA,NA,NA,NA,Y,3,0,1,1,A,-,08,22107,NA,N,A,I,A,A,H,-,C,D,0,NA,NA,NA,NA,Y,NA,A,01,0,1,0,0,0,0,0,0,0,-,-,NA,NA,SAN DIEGO,CHULA VISTA,NA,NA
8717725,2018,2018-10-17,3702,2018-09-05,0430,CV1077,NA,3,5,6,3702,0,0,0,NA,0,042,LA MEDIA,E PALOMAR,396,N,N,A,-,N,NA,NA,NA,NA,NA,NA,NA,NA,NA,Y,3,0,2,1,A,-,03,22350,NA,N,E,I,A,A,H,-,C,D,0,NA,NA,NA,NA,Y,NA,A,01,0,1,1,0,0,0,0,0,0,-,-,NA,NA,SAN DIEGO,CHULA VISTA,-116.9880142211914,32.63334274291992
8717921,2018,2018-10-19,3708,2018-09-09,1018,LM1278,NA,7,5,5,3708,0,0,0,NA,0,001,CINNABAR DR,LAVA CT,225,S,N,A,-,N,NA,NA,NA,NA,NA,NA,NA,NA,NA,N,4,0,1,2,A,-,03,22350,NA,N,C,E,A,A,H,-,A,A,0,NA,NA,NA,NA,Y,NA,A,01,0,0,1,0,0,0,0,0,0,-,-,NA,NA,SAN DIEGO,LA MESA,-117.02542114257813,32.755313873291016
8718330,2018,2019-01-07,3703,2018-09-13,0555,1270,NA,4,5,3,3703,0,0,0,NA,0,NA,SILVER STRAND BL,AVENIDA DEL SOL,82,N,N,A,-,Y,SD,11,75,-,-,18.043,H,-,N,Y,4,0,1,1,A,-,03,22350,NA,N,A,I,A,A,H,-,B,D,0,NA,NA,Y,NA,Y,NA,C,02,0,0,1,0,0,0,0,0,1,-,-,NA,NA,SAN DIEGO,CORONADO,-117.17097473144533,32.67604064941406
8718611,2018,2018-11-20,3711,2018-10-05,1912,6432,SAN D,5,5,7,3711,0,0,0,NA,0,832,UNIVERSITY AV,MARLBOROUGH,42,W,N,A,-,N,NA,NA,NA,NA,NA,NA,NA,NA,NA,N,4,0,1,2,A,-,09,21802,A,N,D,C,A,A,H,-,C,D,0,NA,NA,Y,NA,Y,NA,-,-,0,0,1,0,0,0,0,0,1,-,-,NA,NA,SAN DIEGO,SAN DIEGO,-117.10582733154295,32.74967956542969
8718792,2018,2018-11-09,3705,2018-09-10,1456,EC0324,NA,1,5,5,3705,0,0,0,NA,0,003,MADISON,TERRA LN,0,NA,Y,A,-,N,NA,NA,NA,NA,NA,NA,NA,NA,NA,N,4,0,1,2,A,-,09,21801,A,N,D,C,A,A,H,-,A,D,0,NA,NA,NA,NA,Y,NA,D,22,0,0,1,0,0,0,0,0,0,-,-,NA,NA,SAN DIEGO,EL CAJON,-116.9199676513672,32.80018997192383
8719100,2018,2018-10-23,3709,2018-08-09,1604,NC0367,NA,4,5,5,3709,0,0,0,NA,0,020,ROOSEVELT AV,EAST 8TH ST,92,N,N,A,-,N,NA,NA,NA,NA,NA,NA,NA,NA,NA,N,4,0,1,2,A,-,03,22350,NA,N,C,C,A,A,H,-,A,A,0,NA,NA,NA,NA,Y,NA,A,01,0,0,1,0,0,0,0,0,0,-,-,NA,NA,SAN DIEGO,NATIONAL CITY,-117.10806274414063,32.67578887939453
8719240,2018,2018-10-19,3705,2018-09-25,1220,EC0324,NA,2,5,5,3705,0,0,0,NA,0,002,PIONEER,VERNON,265,S,N,A,-,N,NA,NA,NA,NA,NA,NA,NA,NA,NA,Y,3,0,2,2,A,-,08,22107,NA,N,C,E,A,A,H,-,A,D,0,NA,NA,NA,NA,Y,NA,A,01,0,1,1,0,0,0,0,0,0,-,-,NA,NA,SAN DIEGO,EL CAJON,-116.96771240234376,32.811553955078125
8719791,2018,2018-10-29,3711,2018-10-10,0739,6193,NA,3,5,7,3711,0,0,0,NA,0,723,MONTEREY PINE DR,IRIS AV,7,S,N,A,-,N,NA,NA,NA,NA,NA,NA,NA,NA,NA,N,4,0,2,3,A,-,10,21950,A,N,G,B,B,A,H,-,A,D,0,Y,NA,NA,NA,Y,NA,D,22,0,0,2,0,2,0,0,0,0,-,-,NA,NA,SAN DIEGO,SAN DIEGO,-117.07218170166016,32.569129943847656
8722648,2018,2018-11-02,3711,2018-09-30,2120,6967,NA,7,5,7,3711,0,0,0,NA,0,112,GENESEE AV,BOYD AV,44,S,N,A,-,N,NA,NA,NA,NA,NA,NA,NA,NA,NA,N,3,0,1,2,A,-,08,22100,A,N,B,C,A,A,H,-,C,A,0,NA,NA,Y,NA,Y,NA,C,02,0,1,0,0,0,0,0,0,1,-,-,NA,NA,SAN DIEGO,SAN DIEGO,-117.17767333984376,32.81064987182617
8722773,2018,2018-11-02,3711,2018-10-20,1950,7806,NA,6,5,7,3711,0,0,0,NA,0,114,GENESEE AV,CONRAD AV,27,N,N,A,-,N,NA,NA,NA,NA,NA,NA,NA,NA,NA,Y,2,0,1,2,A,-,08,22107,NA,N,C,E,A,A,H,-,C,D,0,NA,NA,Y,NA,Y,NA,C,02,1,0,0,0,0,0,0,0,1,-,-,NA,NA,SAN DIEGO,SAN DIEGO,-117.19493103027344,32.83538055419922
8722785,2018,2018-11-02,3711,2018-10-19,0845,7788,NA,5,5,7,3711,0,0,0,NA,0,838,UNIVERSITY AV,WABASH AV,150,E,N,A,-,N,NA,NA,NA,NA,NA,NA,NA,NA,NA,N,3,0,1,1,A,-,03,22350,NA,N,-,A,A,A,H,-,A,D,0,NA,NA,Y,NA,Y,NA,C,03,0,1,0,0,0,0,0,0,1,-,-,NA,NA,SAN DIEGO,SAN DIEGO,-117.12049102783205,32.749515533447266
8724810,2018,2018-11-08,3701,2018-10-09,1843,BV5497,NA,2,5,5,3701,0,0,0,NA,0,002,OAK AV,JEFFERSON ST,0,NA,Y,A,-,N,NA,NA,NA,NA,NA,NA,NA,NA,NA,N,3,0,1,2,A,-,08,22107,NA,N,E,E,A,A,H,-,D,D,0,NA,NA,NA,NA,Y,NA,A,01,0,1,0,0,0,0,0,0,0,-,-,NA,NA,SAN DIEGO,CARLSBAD,-117.34471130371094,33.16025161743164
8726397,2018,2018-12-03,3711,2018-10-21,0143,7468,NA,7,5,7,3711,0,0,0,NA,0,122,GARNET,DAWES,39,W,N,A,-,N,NA,NA,NA,NA,NA,NA,NA,NA,NA,N,3,0,1,1,A,-,08,22107,NA,N,E,-,A,A,H,-,D,D,0,NA,NA,NA,NA,Y,NA,-,NA,0,1,0,0,0,0,0,0,0,-,-,NA,NA,SAN DIEGO,SAN DIEGO,-117.25012969970705,32.79770278930664
8727384,2018,2018-11-06,3711,2018-09-10,1207,SD6702,NA,1,5,7,3711,0,0,0,NA,0,722,PALM AV,SATURN BL,120,E,N,A,-,N,NA,NA,NA,NA,NA,NA,NA,NA,NA,Y,4,0,1,3,A,-,03,22350,NA,N,C,C,A,A,H,-,A,A,0,NA,NA,NA,NA,Y,Y,A,07,0,0,1,0,0,0,0,0,0,-,-,NA,NA,SAN DIEGO,SAN DIEGO,-117.0922393798828,32.58374786376953
8728438,2018,2018-11-09,3702,2018-10-05,0703,CV1242,NA,5,5,6,3702,0,0,0,NA,0,012,BROADWAY AV,F ST,18,S,N,A,-,N,NA,NA,NA,NA,NA,NA,NA,NA,NA,N,4,0,1,2,A,-,10,21950,A,N,G,B,B,A,H,-,C,A,0,Y,NA,NA,NA,Y,NA,A,01,0,0,1,0,1,0,0,0,0,-,-,NA,NA,SAN DIEGO,CHULA VISTA,-117.09214782714844,32.637794494628906
8728479,2018,2018-11-19,3702,2018-10-06,2230,CV1238,NA,6,5,6,3702,0,0,0,NA,0,031,SMOKY CIR,BAY LEAF DR,144,N,N,A,-,N,NA,NA,NA,NA,NA,NA,NA,NA,NA,Y,3,0,1,2,A,-,08,22107,NA,N,C,E,A,A,H,-,C,D,0,NA,NA,NA,NA,Y,NA,A,01,0,1,0,0,0,0,0,0,0,-,-,NA,NA,SAN DIEGO,CHULA VISTA,-117.048828125,32.64423751831055
8730180,2018,2018-11-21,3711,2018-11-06,1726,7579,NA,2,5,7,3711,0,0,0,NA,0,321,MISSION GORGE,GLACIER AV,0,NA,Y,A,-,N,NA,NA,NA,NA,NA,NA,NA,NA,NA,Y,4,0,1,3,A,-,03,22350,NA,N,C,C,A,A,H,-,C,A,0,NA,NA,NA,NA,Y,NA,-,NA,0,0,1,0,0,0,0,0,0,-,-,NA,NA,SAN DIEGO,SAN DIEGO,-117.09771728515624,32.78874969482422
8731573,2018,2018-11-14,3711,2018-07-29,0843,4653,NA,7,5,7,3711,0,0,0,NA,0,618,SUNSET CLIFFS BL,ADAIR ST,8,N,N,A,-,N,NA,NA,NA,NA,NA,NA,NA,NA,NA,Y,4,0,2,2,A,-,03,22350,NA,N,C,C,A,A,H,-,A,D,0,NA,NA,NA,NA,Y,NA,J,48,0,0,2,0,0,0,0,0,0,-,-,NA,NA,SAN DIEGO,SAN DIEGO,-117.25540924072266,32.73563003540039
8731574,2018,2018-11-15,3711,2018-10-11,1015,4283,NA,4,5,7,3711,0,0,0,NA,0,115,EASTGATE MALL,GENESEE,0,NA,Y,B,-,N,NA,NA,NA,NA,NA,NA,NA,NA,NA,Y,3,0,2,2,A,-,-,NA,NA,N,D,C,A,A,D,-,A,A,0,NA,NA,NA,NA,Y,NA,J,43,0,1,1,0,0,0,0,0,0,-,-,NA,NA,SAN DIEGO,SAN DIEGO,-117.21411895751952,32.87752914428711
8731958,2018,2018-11-14,3711,2018-10-26,1232,5522,NA,5,5,7,3711,0,0,0,NA,0,315,CAMINO DEL RIO N,CAMINO DEL RIO N 1600,0,NA,Y,A,-,N,NA,NA,NA,NA,NA,NA,NA,NA,NA,Y,4,0,2,2,A,-,09,21804,A,N,D,C,A,A,H,-,A,D,0,NA,NA,NA,NA,Y,NA,-,NA,0,0,2,0,0,0,0,0,0,-,-,NA,NA,SAN DIEGO,SAN DIEGO,-117.14890569,32.76701798
8732138,2018,2018-12-13,3711,2018-09-13,1739,6000,NA,4,5,7,3711,0,0,0,NA,0,436,SKYLINE DR,69TH ST,63,W,N,A,-,N,NA,NA,NA,NA,NA,NA,NA,NA,NA,Y,4,0,4,2,B,-,22,NA,NA,N,D,C,A,A,H,-,A,D,0,NA,NA,NA,NA,Y,NA,J,48,0,0,4,0,0,0,0,0,0,-,-,NA,NA,SAN DIEGO,SAN DIEGO,-117.04906463623048,32.70267105102539
8732367,2018,2018-11-16,3711,2018-10-31,0830,4691,NA,3,5,7,3711,0,0,0,NA,0,246,SPRING CANYON RD,SEMILLON BL,0,NA,Y,A,-,N,NA,NA,NA,NA,NA,NA,NA,NA,NA,Y,3,0,2,2,A,-,09,21804,A,N,D,C,A,-,H,-,A,D,0,NA,NA,NA,NA,Y,NA,A,01,0,2,0,0,0,0,0,0,0,-,-,NA,NA,SAN DIEGO,SAN DIEGO,-117.07621002197266,32.92313003540039
8732819,2018,2019-01-14,3711,2018-11-03,2244,8334,NA,6,5,7,3711,0,0,0,NA,0,438,REO DR,RT 54,0,NA,Y,A,-,Y,SD,11,54,-,-,3.123,R,4,W,Y,4,0,1,2,A,-,12,21453,A,M,D,C,A,A,H,-,C,A,0,NA,NA,NA,NA,Y,Y,A,01,0,0,1,0,0,0,0,0,0,-,WO,NA,NA,SAN DIEGO,SAN DIEGO,-117.0551986694336,32.6649284362793
8733802,2018,2019-01-02,3711,2018-10-27,0440,6799,NA,6,5,7,3711,0,0,0,NA,0,115,LA JOLLA COLONY DR,PORTE LA PAZ,0,NA,Y,E,-,N,NA,NA,NA,NA,NA,NA,NA,NA,NA,Y,4,0,1,1,A,-,08,22107,NA,N,E,I,A,A,H,-,C,D,0,NA,NA,NA,NA,Y,NA,-,NA,0,0,1,0,0,0,0,0,0,-,-,NA,NA,SAN DIEGO,SAN DIEGO,-117.22821807861328,32.855491638183594
8733825,2018,2019-01-09,3711,2018-10-28,1835,7820,NA,7,5,7,3711,0,0,0,NA,0,825,ADAMS AV,TERRACE DR,120,E,N,A,-,N,NA,NA,NA,NA,NA,NA,NA,NA,NA,N,3,0,1,3,A,-,10,21950,A,N,G,B,B,A,H,-,C,A,0,Y,NA,NA,NA,Y,NA,-,NA,0,1,0,0,1,0,0,0,0,-,-,NA,NA,SAN DIEGO,SAN DIEGO,-117.10796356201172,32.763267517089844
8734123,2018,2018-11-19,3710,2018-10-17,1605,OC1443,028,3,5,6,3710,0,0,0,NA,0,009,AZTEC ST,COLLEGE BL,2,E,N,A,-,N,NA,NA,NA,NA,NA,NA,NA,NA,NA,N,3,0,1,2,A,-,09,21800,A,N,H,G,A,A,H,-,A,A,0,NA,Y,NA,NA,Y,NA,D,22,0,1,0,0,0,0,1,0,0,-,-,33.21100997924805,-117.2851791381836,SAN DIEGO,OCEANSIDE,-117.28528594970705,33.21095275878906
8734444,2018,2018-11-13,3711,2018-10-30,0724,6620,NA,2,5,7,3711,0,0,0,NA,0,934,HALF MILE,TIVERTON,58,W,N,B,-,N,NA,NA,NA,NA,NA,NA,NA,NA,NA,Y,3,0,1,2,A,-,08,22107,NA,N,A,E,A,A,H,-,A,D,0,NA,NA,NA,NA,Y,NA,A,07,0,1,0,0,0,0,0,0,0,-,-,NA,NA,SAN DIEGO,SAN DIEGO,-117.23622131347656,32.961273193359375
8734475,2018,2018-11-13,3710,2018-09-16,2019,OC1435,010,7,5,6,3710,0,0,0,NA,0,004,LAUREL ST,LAUREL ST 1400,27,N,N,A,-,N,NA,NA,NA,NA,NA,NA,NA,NA,NA,Y,3,0,1,1,A,-,01,23152,A,N,E,I,A,A,H,-,C,D,0,NA,NA,NA,NA,Y,Y,A,07,0,1,0,0,0,0,0,0,0,-,-,NA,NA,SAN DIEGO,OCEANSIDE,NA,NA
8734753,2018,2018-12-13,3705,2018-10-10,0036,EC0309,NA,3,5,5,3705,0,0,0,NA,0,002,MAIN ST,ORLANDO,0,NA,Y,A,-,N,NA,NA,NA,NA,NA,NA,NA,NA,NA,Y,4,0,1,2,A,-,12,22450,A,N,D,C,A,A,H,-,C,D,0,NA,NA,NA,Y,Y,NA,A,01,0,0,1,0,0,0,0,0,0,-,-,NA,NA,SAN DIEGO,EL CAJON,-116.94013214111328,32.79492950439453
8736331,2018,2018-11-27,3711,2018-11-04,1149,7605,SD,7,5,7,3711,0,0,0,NA,0,625,TAYLOR ST,CONGRESS ST,120,E,N,B,-,N,NA,NA,NA,NA,NA,NA,NA,NA,NA,NA,3,0,1,2,C,-,18,NA,NA,N,H,G,A,A,H,-,A,A,0,NA,Y,NA,NA,Y,NA,-,-,0,1,0,0,0,0,1,0,0,-,-,NA,NA,SAN DIEGO,SAN DIEGO,-117.19934844970705,32.75589370727539
8738318,2018,2018-12-31,3706,2018-11-13,1421,342,ESCON,2,5,6,3706,0,0,0,NA,0,051,JUNIPER ST,GREEN AV,7,N,N,A,-,N,NA,NA,NA,NA,NA,NA,NA,NA,NA,N,4,0,2,4,A,-,03,22350,NA,M,C,C,A,A,H,-,A,D,0,NA,NA,NA,NA,Y,NA,A,01,0,0,2,0,0,0,0,0,0,-,-,33.10456085205078,-117.06671905517578,SAN DIEGO,ESCONDIDO,-117.06674194335938,33.104618072509766
8738358,2018,2018-12-31,3711,2018-11-14,1255,5778,NA,3,5,7,3711,0,0,0,NA,0,242,HILLERY DR,BLACK MOUNTAIN RD,0,NA,Y,A,-,N,NA,NA,NA,NA,NA,NA,NA,NA,NA,N,3,0,1,2,A,-,10,21950,A,N,-,B,B,A,H,-,A,A,0,Y,NA,NA,NA,Y,NA,A,01,0,1,0,0,1,0,0,0,0,-,-,NA,NA,SAN DIEGO,SAN DIEGO,-117.12441253662108,32.91286849975586
8738386,2018,2019-05-09,3706,2018-11-08,1939,522,ESCON,4,5,6,3706,0,0,0,NA,0,055,9TH AV,RT 15,0,NA,Y,A,-,Y,SD,11,15,-,R,30.222,R,4,N,Y,3,0,4,2,A,-,12,21453,A,N,D,C,A,A,H,-,C,A,0,NA,NA,NA,NA,Y,NA,A,01,0,2,2,0,0,0,0,0,0,-,-,33.10853958129883,-117.09481811523438,SAN DIEGO,ESCONDIDO,-117.09571838378906,33.11013412475586
8739944,2018,2019-01-09,3701,2018-11-01,0101,CB5497,NA,4,5,5,3701,0,0,0,NA,0,004,CATALINA DR,CHESTNUT AV,210,S,N,A,-,N,NA,NA,NA,NA,NA,NA,NA,NA,NA,Y,3,0,1,2,A,-,01,23152,A,N,B,E,A,B,H,-,C,D,0,NA,NA,NA,NA,Y,Y,D,22,0,1,0,0,0,0,0,0,0,-,-,NA,NA,SAN DIEGO,CARLSBAD,-117.31900024414063,33.16381072998047
8741149,2018,2018-11-28,3711,2018-11-07,1835,4295,NA,3,5,7,3711,0,0,0,NA,0,123,SUNSET CLIFFS,QUIVIRA ACCESS RD,1056,S,N,A,-,N,NA,NA,NA,NA,NA,NA,NA,NA,NA,N,3,0,1,2,A,-,05,21650,1,N,A,G,A,A,H,-,D,D,0,NA,Y,NA,NA,Y,Y,L,04,0,1,0,0,0,0,1,0,0,-,-,NA,NA,SAN DIEGO,SAN DIEGO,NA,NA
8741951,2018,2019-01-03,3711,2018-11-08,1815,5623,NA,4,5,7,3711,0,0,0,NA,0,521,IMPERIAL AV,14TH ST,161,E,N,A,-,N,NA,NA,NA,NA,NA,NA,NA,NA,NA,N,4,0,1,2,A,-,10,21950,NA,N,G,B,D,A,H,-,C,D,0,Y,NA,NA,NA,Y,NA,N,60,0,0,1,0,1,0,0,0,0,-,-,NA,NA,SAN DIEGO,SAN DIEGO,-117.15135955810548,32.70628356933594
8741959,2018,2018-11-29,3711,2018-11-09,0745,6501,MC,5,5,7,3711,0,0,0,NA,0,811,MEADE AV,32ND ST,10,W,N,A,-,N,NA,NA,NA,NA,NA,NA,NA,NA,NA,N,3,0,1,1,A,-,17,22109,NA,N,E,I,A,A,H,-,A,D,0,NA,Y,NA,NA,Y,NA,L,04,0,1,0,0,0,0,1,0,0,-,-,NA,NA,SAN DIEGO,SAN DIEGO,-117.12506103515624,32.75722885131836
8741983,2018,2018-11-29,3711,2018-11-01,1920,7515,NA,4,5,7,3711,0,0,0,NA,0,524,FRONT ST,W C ST,105,N,N,A,-,N,NA,NA,NA,NA,NA,NA,NA,NA,NA,N,4,0,1,2,A,-,21,22106,NA,M,C,C,A,A,H,-,C,D,0,NA,NA,NA,NA,Y,NA,-,99,0,0,1,0,0,0,0,0,0,-,-,NA,NA,SAN DIEGO,SAN DIEGO,-117.16473388671876,32.717018127441406
8743329,2018,2019-01-28,3705,2018-11-18,1310,EC0366,NA,7,5,5,3705,0,0,0,NA,0,001,S JOHNSON AV,CHAMBERLAIN AV,0,NA,Y,A,-,N,NA,NA,NA,NA,NA,NA,NA,NA,NA,Y,4,0,1,2,A,-,09,21802,A,N,D,C,A,A,H,-,A,D,0,NA,NA,Y,NA,Y,NA,D,22,0,0,1,0,0,0,0,0,1,-,-,NA,NA,SAN DIEGO,EL CAJON,-116.97093200683594,32.78950119018555
8743337,2018,2018-12-27,3705,2018-11-17,0918,EC0384,NA,6,5,5,3705,0,0,0,NA,0,004,AVOCADO AV,HORIZON HILLS DR,0,NA,Y,A,-,N,NA,NA,NA,NA,NA,NA,NA,NA,NA,N,3,0,1,2,A,-,09,21802,A,N,D,C,A,A,H,-,A,A,0,NA,NA,NA,NA,Y,NA,D,22,0,1,0,0,0,0,0,0,0,-,-,NA,NA,SAN DIEGO,EL CAJON,-116.95813751220705,32.77022933959961
8743445,2018,2018-11-28,3709,2018-10-31,0545,NC0501,NA,3,5,5,3709,0,0,0,NA,0,021,EAST 8TH ST,BURDEN ST,2,W,N,A,-,N,NA,NA,NA,NA,NA,NA,NA,NA,NA,N,4,0,1,2,A,-,03,22350,NA,N,C,E,A,A,H,-,A,D,0,NA,NA,NA,NA,Y,NA,A,01,0,0,1,0,0,0,0,0,0,-,-,NA,NA,SAN DIEGO,NATIONAL CITY,-117.07884979248048,32.68370819091797
8743552,2018,2018-12-27,3711,2018-10-20,0541,6702,NA,6,5,7,3711,0,0,0,NA,0,527,PACIFIC HWY,WEST LAUREL ST,0,NA,Y,A,-,N,NA,NA,NA,NA,NA,NA,NA,NA,NA,N,2,0,1,2,A,-,12,21453,A,N,D,G,A,A,H,-,C,A,0,NA,Y,NA,NA,Y,NA,J,48,1,0,0,0,0,0,1,0,0,-,-,NA,NA,SAN DIEGO,SAN DIEGO,-117.17371368408205,32.72951126098633