CASE_ID,ACCIDENT_YEAR,PROC_DATE,JURIS,COLLISION_DATE,COLLISION_TIME,OFFICER_ID,REPORTING_DISTRICT,DAY_OF_WEEK,CHP_SHIFT,POPULATION,CNTY_CITY_LOC,SPECIAL_COND,BEAT_TYPE,CHP_BEAT_TYPE,CITY_DIVISION_LAPD,CHP_BEAT_CLASS,BEAT_NUMBER,PRIMARY_RD,SECONDARY_RD,DISTANCE,DIRECTION,INTERSECTION,WEATHER_1,WEATHER_2,STATE_HWY_IND,CALTRANS_COUNTY,CALTRANS_DISTRICT,STATE_ROUTE,ROUTE_SUFFIX,POSTMILE_PREFIX,POSTMILE,LOCATION_TYPE,RAMP_INTERSECTION,SIDE_OF_HWY,TOW_AWAY,COLLISION_SEVERITY,NUMBER_KILLED,NUMBER_INJURED,PARTY_COUNT,PRIMARY_COLL_FACTOR,PCF_CODE_OF_VIOL,PCF_VIOL_CATEGORY,PCF_VIOLATION,PCF_VIOL_SUBSECTION,HIT_AND_RUN,TYPE_OF_COLLISION,MVIW,PED_ACTION,ROAD_SURFACE,ROAD_COND_1,ROAD_COND_2,LIGHTING,CONTROL_DEVICE,CHP_ROAD_TYPE,PEDESTRIAN_ACCIDENT,BICYCLE_ACCIDENT,MOTORCYCLE_ACCIDENT,TRUCK_ACCIDENT,NOT_PRIVATE_PROPERTY,ALCOHOL_INVOLVED,STWD_VEHTYPE_AT_FAULT,CHP_VEHTYPE_AT_FAULT,COUNT_SEVERE_INJ,COUNT_VISIBLE_INJ,COUNT_COMPLAINT_PAIN,COUNT_PED_KILLED,COUNT_PED_INJURED,COUNT_BICYCLIST_KILLED,COUNT_BICYCLIST_INJURED,COUNT_MC_KILLED,COUNT_MC_INJURED,PRIMARY_RAMP,SECONDARY_RAMP,LATITUDE,LONGITUDE,COUNTY,CITY,POINT_X,POINT_Y
8863725,2019,2019-05-21,3701,2019-05-06,1733,CB5472,078,1,5,5,3701,0,0,0,NA,0,006,PALOMAR OAKS WY,PALOMAR AIRPORT RD,0,NA,Y,A,-,N,NA,NA,NA,NA,NA,NA,NA,NA,NA,NA,3,0,1,2,A,-,04,21703,NA,N,C,C,A,A,H,-,A,A,0,NA,NA,NA,NA,Y,NA,A,01,0,1,0,0,0,0,0,0,0,-,-,33.121009826660156,-117.28994750976563,SAN DIEGO,CARLSBAD,-117.29035949707033,33.12031173706055
8866174,2019,2019-05-23,3711,2019-04-28,2001,SD6366,NA,7,5,7,3711,0,0,0,NA,0,121,MISSION BL,SAN FERNANDO PL,51,S,N,A,-,N,NA,NA,NA,NA,NA,NA,NA,NA,NA,N,3,0,1,1,A,-,08,22107,NA,N,E,I,A,A,H,-,A,D,0,NA,NA,Y,NA,Y,Y,C,03,0,1,0,0,0,0,0,0,1,-,-,NA,NA,SAN DIEGO,SAN DIEGO,-117.25100708007813,32.767581939697266
8866187,2019,2019-05-23,3711,2019-05-13,1207,7120,NA,1,5,7,3711,0,0,0,NA,0,811,33RD ST,MONROE AV,394,N,N,A,-,N,NA,NA,NA,NA,NA,NA,NA,NA,NA,N,4,0,1,3,A,-,21,22106,NA,N,B,B,E,A,H,-,A,D,0,Y,NA,NA,NA,Y,NA,-,NA,0,0,1,0,1,0,0,0,0,-,-,NA,NA,SAN DIEGO,SAN DIEGO,-117.12288665771484,32.760128021240234
8866194,2019,2019-05-23,3711,2019-04-30,1736,SD8377,NA,2,5,7,3711,0,0,0,NA,0,516,MARKET ST,31ST ST,119,E,N,B,-,N,NA,NA,NA,NA,NA,NA,NA,NA,NA,N,4,0,1,2,A,-,09,21804,A,N,D,C,A,A,H,-,A,D,0,NA,NA,NA,NA,Y,NA,A,01,0,0,1,0,0,0,0,0,0,-,-,NA,NA,SAN DIEGO,SAN DIEGO,-117.12703704833984,32.711669921875
8866207,2019,2019-05-23,3711,2019-05-03,1437,7620,NA,5,5,7,3711,0,0,0,NA,0,443,S 40TH ST,BIRCH ST,0,NA,Y,A,-,N,NA,NA,NA,NA,NA,NA,NA,NA,NA,N,3,0,1,2,A,-,12,22450,A,N,D,G,A,A,H,-,A,A,0,NA,Y,NA,NA,Y,NA,L,04,0,1,0,0,0,0,1,0,0,-,-,NA,NA,SAN DIEGO,SAN DIEGO,-117.10777282714844,32.68606185913086
8866229,2019,2019-05-23,3711,2019-04-23,1433,SD5454,NA,2,5,7,3711,0,0,0,NA,0,822,VALE WY,SHARRON PL,0,NA,Y,A,-,N,NA,NA,NA,NA,NA,NA,NA,NA,NA,N,3,0,2,2,A,-,05,21202,A,N,D,G,A,A,H,-,A,D,0,NA,Y,NA,NA,Y,NA,L,04,0,1,1,0,0,0,2,0,0,-,-,NA,NA,SAN DIEGO,SAN DIEGO,-117.07666778564452,32.75389099121094
8867322,2019,2019-07-05,3706,2019-06-08,1617,486,ESCON,6,5,6,3706,0,0,0,NA,0,052,ESCONDIDO BL,5TH AV,0,NA,Y,A,-,N,NA,NA,NA,NA,NA,NA,NA,NA,NA,N,3,0,1,2,A,-,12,22450,A,N,D,C,A,A,H,-,A,A,0,NA,NA,NA,NA,Y,NA,A,01,0,1,0,0,0,0,0,0,0,-,-,33.11648178100586,-117.0820083618164,SAN DIEGO,ESCONDIDO,-117.08161926269533,33.116668701171875
8867345,2019,2019-07-05,3706,2019-06-09,0033,474,ESCOD,7,5,6,3706,0,0,0,NA,0,041,BALL AV,FIG ST,345,E,N,A,-,N,NA,NA,NA,NA,NA,NA,NA,NA,NA,N,3,0,1,2,A,-,01,23152,A,M,C,E,A,A,H,-,C,D,0,NA,NA,NA,NA,Y,Y,A,01,0,1,0,0,0,0,0,0,0,-,-,33.139461517333984,-117.0803680419922,SAN DIEGO,ESCONDIDO,-117.07923889160156,33.14014434814453
8867398,2019,2019-07-31,3711,2019-06-05,2312,SD7233,NA,3,5,7,3711,0,0,0,NA,0,122,GARNET AV,MISSION BAY DR,254,W,N,B,-,N,NA,NA,NA,NA,NA,NA,NA,NA,NA,Y,4,0,3,2,A,-,08,22102,NA,N,D,C,A,A,H,-,C,D,0,NA,NA,NA,NA,Y,NA,J,48,0,0,3,0,0,0,0,0,0,-,-,NA,NA,SAN DIEGO,SAN DIEGO,-117.2197723388672,32.80598068237305
8869742,2019,2019-06-11,3705,2019-04-25,2210,EC0365,NA,4,5,5,3705,0,0,0,NA,0,003,JAMACHA,WASHINGTON,25,S,N,A,-,N,NA,NA,NA,NA,NA,NA,NA,NA,NA,Y,4,0,1,1,A,-,08,22107,NA,N,A,I,A,A,H,-,C,A,0,NA,NA,NA,NA,Y,NA,A,01,0,0,1,0,0,0,0,0,0,-,-,NA,NA,SAN DIEGO,EL CAJON,-116.92813110351563,32.7876091003418
8871544,2019,2019-06-24,3702,2019-04-30,1101,CV0833,NA,2,5,6,3702,0,0,0,NA,0,031,PASEO RANCHERO,EAST J ST,0,NA,Y,C,-,N,NA,NA,NA,NA,NA,NA,NA,NA,NA,Y,4,0,2,2,A,-,12,21453,A,N,D,C,A,B,H,-,A,A,0,NA,NA,NA,NA,Y,NA,A,07,0,0,2,0,0,0,0,0,0,-,-,NA,NA,SAN DIEGO,CHULA VISTA,-117.01001739501952,32.63024139404297
8874580,2019,2019-06-18,3700,2019-04-12,1204,SH0084,NA,5,5,2,3704,0,0,0,NA,0,294,NOB AV,DEL MAR HEIGHTS RD,0,NA,Y,A,-,N,NA,NA,NA,NA,NA,NA,NA,NA,NA,N,4,0,1,2,D,-,00,NA,NA,N,C,C,A,A,H,-,A,A,0,NA,NA,NA,NA,Y,Y,-,-,0,0,1,0,0,0,0,0,0,-,-,NA,NA,SAN DIEGO,DEL MAR,-117.25969696044922,32.94847106933594
8876265,2019,2019-06-13,3711,2019-05-17,1745,SD8861,NA,5,5,7,3711,0,0,0,NA,0,529,ELM ST,3RD AV,3,W,N,A,-,N,NA,NA,NA,NA,NA,NA,NA,NA,NA,N,4,0,1,2,A,-,03,22350,NA,N,C,C,A,A,H,-,A,A,0,NA,NA,NA,NA,Y,NA,A,01,0,0,1,0,0,0,0,0,0,-,-,NA,NA,SAN DIEGO,SAN DIEGO,-117.1620864868164,32.72407913208008
8877014,2019,2019-06-17,3711,2019-05-26,0152,SD7563,NA,7,5,7,3711,0,0,0,NA,0,521,7TH AV,ISLAND AV,200,S,N,A,-,N,NA,NA,NA,NA,NA,NA,NA,NA,NA,N,4,0,1,2,A,-,11,21954,A,N,G,B,D,A,H,-,C,D,0,Y,NA,NA,NA,Y,Y,N,60,0,0,1,0,1,0,0,0,0,-,-,NA,NA,SAN DIEGO,SAN DIEGO,-117.15830993652344,32.70989227294922
8878211,2019,2019-06-24,3711,2019-06-07,0112,SD8382,NA,5,5,7,3711,0,0,0,NA,0,122,GARNET AV,BAYARD ST,250,E,N,B,-,N,NA,NA,NA,NA,NA,NA,NA,NA,NA,N,3,0,1,2,A,-,11,21954,A,N,G,B,D,A,H,-,C,D,0,Y,NA,NA,NA,Y,Y,N,60,0,1,0,0,1,0,0,0,0,-,-,NA,NA,SAN DIEGO,SAN DIEGO,-117.25289154052734,32.79712677001953
8878271,2019,2019-06-20,3711,2019-05-28,1850,6629,SDMUN,2,5,7,3711,0,0,0,NA,0,437,DORIANA ST,ALTA VIEW DR,300,E,N,A,-,N,NA,NA,NA,NA,NA,NA,NA,NA,NA,Y,3,0,1,6,A,-,09,21804,A,N,D,C,A,A,H,-,A,A,0,NA,NA,NA,NA,Y,NA,-,NA,0,1,0,0,0,0,0,0,0,-,-,32.68439865112305,-117.04889678955078,SAN DIEGO,SAN DIEGO,-117.04926300048828,32.68403244018555
8878766,2019,2019-06-20,3711,2019-06-02,2500,SD7891,NA,7,5,7,3711,0,0,0,NA,0,113,MONAIR DR,MORAGA AV,0,NA,Y,B,-,N,NA,NA,NA,NA,NA,NA,NA,NA,NA,N,3,0,3,2,A,-,09,21802,A,N,D,C,A,A,H,-,A,D,0,NA,NA,NA,NA,Y,NA,A,01,0,3,0,0,0,0,0,0,0,-,-,NA,NA,SAN DIEGO,SAN DIEGO,-117.21109008789063,32.80876159667969
8882778,2019,2019-07-10,3700,2019-05-13,1350,SH0404,NA,1,5,5,3782,0,0,0,NA,0,215,VIA MONTORO,NORTH EL CAMINO REAL,380,W,N,A,-,N,NA,NA,NA,NA,NA,NA,NA,NA,NA,N,4,0,1,3,A,-,09,21801,A,N,B,C,A,A,H,-,A,D,0,NA,NA,NA,NA,Y,NA,A,01,0,0,1,0,0,0,0,0,0,-,-,NA,NA,SAN DIEGO,ENCINITAS,-117.26251220703124,33.0526008605957
8884725,2019,2019-06-26,3711,2019-05-26,2033,SD6104,NA,7,5,7,3711,0,0,0,NA,0,613,WABASKA ST,WELLS DR,0,NA,Y,B,-,N,NA,NA,NA,NA,NA,NA,NA,NA,NA,Y,3,0,1,1,A,-,21,22106,NA,N,E,J,A,A,H,-,C,D,0,NA,NA,NA,NA,Y,Y,A,07,0,1,0,0,0,0,0,0,0,-,-,NA,NA,SAN DIEGO,SAN DIEGO,-117.23277282714844,32.7413215637207
8886696,2019,2019-07-18,3711,2019-06-13,1145,SD6104,NA,4,5,7,3711,0,0,0,NA,0,838,EL CAJON BL,33RD ST,0,NA,Y,A,-,N,NA,NA,NA,NA,NA,NA,NA,NA,NA,N,4,0,1,2,A,-,10,21950,A,N,G,B,B,A,H,-,A,A,0,Y,NA,NA,NA,Y,NA,A,01,0,0,1,0,1,0,0,0,0,-,-,NA,NA,SAN DIEGO,SAN DIEGO,-117.12223052978516,32.755210876464844
8887615,2019,2019-07-16,3711,2019-06-19,1945,SD6999,NA,3,5,7,3711,0,0,0,NA,0,123,INGRAHAM ST,WEST MISSION BAY DR,0,NA,Y,B,-,N,NA,NA,NA,NA,NA,NA,NA,NA,NA,N,3,0,1,1,A,-,03,22350,NA,N,F,I,A,A,H,-,C,D,0,NA,NA,NA,NA,Y,NA,A,01,0,1,0,0,0,0,0,0,0,-,-,NA,NA,SAN DIEGO,SAN DIEGO,-117.23281097412108,32.76414108276367
8887721,2019,2019-07-15,3711,2019-05-30,0755,SD5662,NA,4,5,7,3711,0,0,0,NA,0,934,VALLEY CENTER DR,CARMEL VIEW RD,0,NA,Y,B,-,N,NA,NA,NA,NA,NA,NA,NA,NA,NA,Y,3,0,2,2,A,-,09,21453,C,N,D,C,A,A,H,-,A,A,0,NA,NA,NA,NA,Y,NA,A,01,0,1,1,0,0,0,0,0,0,-,-,NA,NA,SAN DIEGO,SAN DIEGO,-117.23333740234376,32.93777084350586
8888219,2019,2019-07-05,3705,2019-05-10,2201,EC0365,NA,5,5,5,3705,0,0,0,NA,0,004,AVOCADO AV,CHASE AV,10,S,N,A,-,N,NA,NA,NA,NA,NA,NA,NA,NA,NA,Y,4,0,1,2,A,-,08,22107,NA,N,C,C,A,A,H,-,C,A,0,NA,NA,NA,NA,Y,NA,A,01,0,0,1,0,0,0,0,0,0,-,-,NA,NA,SAN DIEGO,EL CAJON,-116.95782470703124,32.780364990234375
8888333,2019,2019-07-09,3711,2019-03-26,1707,7048,NA,2,5,7,3711,0,0,0,NA,0,124,TORREY PINES RD,PRINCESS ST,0,NA,Y,A,-,N,NA,NA,NA,NA,NA,NA,NA,NA,NA,N,3,0,1,2,A,-,09,21801,A,N,D,G,A,A,H,-,A,D,0,NA,Y,NA,NA,Y,NA,-,NA,0,1,0,0,0,0,1,0,0,-,-,NA,NA,SAN DIEGO,SAN DIEGO,-117.26251220703124,32.848968505859375
8888926,2019,2019-07-15,3700,2019-06-17,2342,SH3183,NA,1,5,5,3713,0,0,0,NA,0,308,NORTH EMERALD DR,DATE ST,240,S,N,A,-,N,NA,NA,NA,NA,NA,NA,NA,NA,NA,Y,4,0,1,4,A,-,03,22350,NA,N,C,C,A,A,H,-,C,D,0,NA,NA,NA,NA,Y,NA,A,01,0,0,1,0,0,0,0,0,0,-,-,NA,NA,SAN DIEGO,VISTA,-117.27948760986328,33.192771911621094
8889314,2019,2019-07-15,3711,2019-06-18,0315,SD7526,NA,2,5,7,3711,0,0,0,NA,0,122,BALBOA AV,GRAND AV,0,NA,Y,A,-,N,NA,NA,NA,NA,NA,NA,NA,NA,NA,N,4,0,1,2,A,-,12,21453,A,M,D,C,A,A,H,-,C,A,0,NA,NA,NA,NA,Y,NA,-,NA,0,0,1,0,0,0,0,0,0,-,-,NA,NA,SAN DIEGO,SAN DIEGO,-117.23480224609376,32.799190521240234
8890079,2019,2019-07-03,3706,2019-04-24,0803,406,ESCON,3,5,6,3706,0,0,0,NA,0,043,ROCK SPRINGS RD,SEVEN OAKES RD,0,NA,Y,A,-,N,NA,NA,NA,NA,NA,NA,NA,NA,NA,Y,3,0,2,2,A,-,12,22450,A,N,D,C,A,A,H,-,A,D,0,NA,NA,NA,NA,Y,NA,A,07,0,1,1,0,0,0,0,0,0,-,-,33.133888244628906,-117.10501861572266,SAN DIEGO,ESCONDIDO,-117.1047592163086,33.1339111328125
8890126,2019,2019-07-16,3710,2019-04-13,1825,OC1443,026,6,5,6,3710,0,0,0,NA,0,006,SAN HELENA DR,SAN TOMAS DR,42,W,N,A,-,N,NA,NA,NA,NA,NA,NA,NA,NA,NA,N,3,0,1,2,A,-,11,21954,A,N,G,B,D,A,H,-,A,A,0,Y,NA,NA,NA,Y,NA,N,60,0,1,0,0,1,0,0,0,0,-,-,NA,NA,SAN DIEGO,OCEANSIDE,-117.312744140625,33.19868850708008
8891088,2019,2019-07-12,3710,2019-06-27,2055,OC1411,NA,4,5,6,3710,0,0,0,NA,0,013,VISTA WY,VIA ESMARCA,36,E,N,A,-,N,NA,NA,NA,NA,NA,NA,NA,NA,NA,N,4,0,1,2,A,-,03,22350,NA,N,C,C,A,A,H,-,C,A,0,NA,NA,NA,NA,Y,NA,-,NA,0,0,1,0,0,0,0,0,0,-,-,NA,NA,SAN DIEGO,OCEANSIDE,-117.33122253417967,33.18321990966797
8895540,2019,2019-07-16,3710,2019-05-18,2215,OC1200,NA,6,5,6,3710,0,0,0,NA,0,016,EL CAMINIO REAL,LOS ARBOLITOS BL,0,NA,Y,A,-,N,NA,NA,NA,NA,NA,NA,NA,NA,NA,Y,4,0,1,2,A,-,09,21453,C,N,D,C,A,A,H,-,C,A,0,NA,NA,NA,NA,Y,NA,A,01,0,0,1,0,0,0,0,0,0,-,-,NA,NA,SAN DIEGO,OCEANSIDE,-117.33106994628906,33.228118896484375
8898445,2019,2019-07-22,3711,2019-06-28,1025,SD7029,NA,5,5,7,3711,0,0,0,NA,0,623,S HOTEL CIR,N HOTEL CIR,0,NA,Y,A,-,N,NA,NA,NA,NA,NA,NA,NA,NA,NA,Y,4,0,2,2,A,-,12,21453,A,N,A,C,A,A,H,-,A,A,0,NA,NA,NA,NA,Y,NA,A,01,0,0,2,0,0,0,0,0,0,-,-,NA,NA,SAN DIEGO,SAN DIEGO,-117.19026947021484,32.75931167602539
8898487,2019,2019-07-17,3711,2019-06-22,1353,SD6366,NA,6,5,7,3711,0,0,0,NA,0,839,SWIFT AV,LANDIS ST,234,N,N,A,-,N,NA,NA,NA,NA,NA,NA,NA,NA,NA,N,2,0,1,3,A,-,08,22107,NA,N,B,C,A,A,H,-,A,D,0,NA,NA,NA,NA,Y,NA,A,01,1,0,0,0,0,0,0,0,0,-,-,NA,NA,SAN DIEGO,SAN DIEGO,-117.11929321289063,32.74726867675781
8898510,2019,2019-07-30,3711,2019-06-28,1355,SD5812,NA,5,5,7,3711,0,0,0,NA,0,126,WOODFORD DR,LA JOLLA SCENIC DR,0,NA,Y,A,-,N,NA,NA,NA,NA,NA,NA,NA,NA,NA,N,4,0,1,2,A,-,09,21802,A,N,B,C,A,A,H,-,A,D,0,NA,NA,NA,NA,Y,NA,A,01,0,0,1,0,0,0,0,0,0,-,-,NA,NA,SAN DIEGO,SAN DIEGO,-117.24091339111328,32.84960174560547
8898558,2019,2020-01-28,3711,2019-06-19,1804,SD6946,NA,3,5,7,3711,0,0,0,NA,0,241,MIRA MESA,RT 15,0,NA,Y,A,-,Y,SD,11,15,-,M,15.987,R,4,S,N,4,0,3,3,A,-,03,22350,NA,N,C,C,A,A,H,-,A,D,0,NA,NA,NA,NA,Y,NA,A,01,0,0,3,0,0,0,0,0,0,-,SF,NA,NA,SAN DIEGO,SAN DIEGO,-117.1161880493164,32.91789627075195
8899653,2019,2019-07-31,3709,2019-07-04,2130,NC0415,NA,4,5,5,3709,0,0,0,NA,0,023,HIGHLAND AV,24TH ST,0,NA,Y,A,-,N,NA,NA,NA,NA,NA,NA,NA,NA,NA,Y,3,0,2,3,A,-,09,21800,B,N,D,C,B,A,H,-,C,A,0,Y,NA,NA,NA,Y,NA,A,01,0,1,1,0,1,0,0,0,0,-,-,NA,NA,SAN DIEGO,NATIONAL CITY,-117.09336090087892,32.66436004638672
8900554,2019,2019-07-26,3711,2019-07-05,1607,SD6193,NA,5,5,7,3711,0,0,0,NA,0,122,SOLEDAD MOUNTAIN RD,PACIFICA DR,46,S,N,A,-,N,NA,NA,NA,NA,NA,NA,NA,NA,NA,Y,3,0,1,1,C,-,18,NA,NA,N,E,I,A,A,H,-,A,D,0,NA,NA,NA,NA,Y,NA,-,-,0,1,0,0,0,0,0,0,0,-,-,NA,NA,SAN DIEGO,SAN DIEGO,-117.23392486572266,32.820457458496094
8900892,2019,2019-08-07,3700,2019-07-14,1658,SH3183,NA,7,5,5,3713,0,0,0,NA,0,314,CIVIC CENTER DR,PALA VISTA DR,0,NA,Y,A,-,N,NA,NA,NA,NA,NA,NA,NA,NA,NA,Y,3,0,2,2,A,-,01,23152,A,F,D,C,A,A,H,-,A,A,0,NA,NA,NA,NA,Y,Y,A,01,0,1,1,0,0,0,0,0,0,-,-,NA,NA,SAN DIEGO,VISTA,-117.23674011230467,33.19144058227539
8901806,2019,2019-08-15,3702,2019-06-27,1830,CV1262,NA,4,5,6,3702,0,0,0,NA,0,011,WOODLAWN AV,F ST,50,N,N,A,-,N,NA,NA,NA,NA,NA,NA,NA,NA,NA,N,3,0,2,3,A,-,09,21804,A,M,B,C,A,A,H,-,A,A,0,NA,NA,NA,NA,Y,NA,A,01,0,1,1,0,0,0,0,0,0,-,-,NA,NA,SAN DIEGO,CHULA VISTA,-117.09626007080078,32.6368522644043
8902324,2019,2019-08-05,3711,2019-07-06,1445,SD7685,NA,6,5,7,3711,0,0,0,NA,0,122,MISSION BL,EMERALD CT,0,NA,Y,A,-,N,NA,NA,NA,NA,NA,NA,NA,NA,NA,N,3,0,1,2,A,-,09,21804,A,N,D,G,A,A,H,-,A,D,0,NA,Y,NA,NA,Y,NA,L,04,0,1,0,0,0,0,1,0,0,-,-,NA,NA,SAN DIEGO,SAN DIEGO,-117.25592041015624,32.79798126220703
8903291,2019,2019-08-07,3710,2019-07-09,1442,OC1177,NA,2,5,6,3710,0,0,0,NA,0,024,VISTA OCEANA,VISTA BELLA,19,S,N,A,-,N,NA,NA,NA,NA,NA,NA,NA,NA,NA,Y,3,0,1,2,A,-,10,21950,A,N,G,B,B,A,H,-,A,B,0,Y,NA,NA,NA,Y,NA,A,01,0,1,0,0,1,0,0,0,0,-,-,NA,NA,SAN DIEGO,OCEANSIDE,-117.33031463623048,33.21653366088867
8903443,2019,2019-07-31,3700,2019-06-29,1320,SH0315,NA,6,5,5,3782,0,0,0,NA,0,241,ABERDEEN DR,LIVERPOOL DR,162,S,N,A,-,N,NA,NA,NA,NA,NA,NA,NA,NA,NA,N,3,0,1,2,A,-,11,21954,A,N,G,B,E,A,H,-,A,D,0,Y,NA,NA,NA,Y,NA,N,60,0,1,0,0,1,0,0,0,0,-,-,NA,NA,SAN DIEGO,ENCINITAS,NA,NA
8905482,2019,2019-08-02,3700,2019-07-15,1140,SD7861,NA,1,5,2,3704,0,0,0,NA,0,935,VIA DE LA VALLE,SAN ANDRES DR,450,E,N,A,-,N,NA,NA,NA,NA,NA,NA,NA,NA,NA,Y,4,0,1,1,A,-,08,22107,NA,N,E,I,A,A,H,-,A,A,0,NA,NA,NA,NA,Y,NA,A,01,0,0,1,0,0,0,0,0,0,-,-,NA,NA,SAN DIEGO,DEL MAR,-117.24691009521484,32.98122787475586
8905501,2019,2019-08-06,3711,2019-07-14,1617,SD7044,NA,7,5,7,3711,0,0,0,NA,0,614,POINT LOMA BL,BACON ST,0,NA,Y,A,-,N,NA,NA,NA,NA,NA,NA,NA,NA,NA,N,3,0,2,2,A,-,06,21755,A,N,B,C,A,A,H,-,A,D,0,NA,NA,NA,NA,Y,NA,-,NA,0,2,0,0,0,0,0,0,0,-,-,NA,NA,SAN DIEGO,SAN DIEGO,-117.24550628662108,32.753299713134766
8905534,2019,2020-01-21,3711,2019-07-11,1858,SD5813,NA,4,5,7,3711,0,0,0,NA,0,115,LA JOLLA VILLAGE DR,RT 805,0,NA,Y,A,-,Y,SD,11,805,-,-,26.204,R,4,S,N,3,0,1,2,A,-,12,21453,A,N,D,C,A,A,H,-,A,A,0,NA,NA,NA,NA,Y,NA,A,01,0,1,0,0,0,0,0,0,0,-,SF,NA,NA,SAN DIEGO,SAN DIEGO,-117.20078277587892,32.8788948059082
8905570,2019,2019-08-06,3711,2019-07-18,0905,153,NA,4,5,7,3711,0,0,0,NA,0,511,CESAR E CHAVEZ PKWY,NEWTON AV,0,NA,Y,A,-,N,NA,NA,NA,NA,NA,NA,NA,NA,NA,Y,3,0,1,2,A,-,10,21950,A,N,G,B,B,A,H,-,A,A,0,Y,NA,NA,NA,Y,NA,-,NA,0,1,0,0,1,0,0,0,0,-,-,NA,NA,SAN DIEGO,SAN DIEGO,-117.14582061767578,32.6998405456543
8907409,2019,2019-08-13,3700,2019-07-20,0838,SH7085,NA,6,5,5,3713,0,0,0,NA,0,308,OLIVE AV,WINTER RD,0,NA,Y,A,-,N,NA,NA,NA,NA,NA,NA,NA,NA,NA,Y,2,0,2,2,A,-,09,21801,A,N,A,C,A,A,H,-,A,A,0,NA,NA,NA,NA,Y,NA,A,01,1,1,0,0,0,0,0,0,0,-,-,NA,NA,SAN DIEGO,VISTA,-117.27416229248048,33.20473861694336
8908492,2019,2019-08-06,3702,2019-06-27,1307,CV1275,NA,4,5,6,3702,0,0,0,NA,0,013,3RD AV,H ST,98,S,N,A,-,N,NA,NA,NA,NA,NA,NA,NA,NA,NA,N,3,0,1,2,A,-,11,21954,A,N,G,B,D,A,H,-,A,D,0,Y,NA,NA,NA,Y,NA,N,60,0,1,0,0,1,0,0,0,0,-,-,NA,NA,SAN DIEGO,CHULA VISTA,-117.07713317871094,32.6341438293457
8908511,2019,2019-08-06,3702,2019-06-03,1440,CV0986,NA,1,5,6,3702,0,0,0,NA,0,023,L ST,HILLTOP DR,70,W,N,B,-,N,NA,NA,NA,NA,NA,NA,NA,NA,NA,N,4,0,2,2,A,-,03,22350,NA,N,C,C,A,A,H,-,A,A,0,NA,NA,NA,NA,Y,NA,A,07,0,0,2,0,0,0,0,0,0,-,-,NA,NA,SAN DIEGO,CHULA VISTA,-117.05977630615234,32.62397384643555
8908551,2019,2020-01-21,3702,2019-06-24,2120,CV1289,NA,1,5,6,3702,0,0,0,NA,0,021,PALOMAR ST,RT 5,42,W,N,A,-,Y,SD,11,5,-,-,5.902,R,4,N,N,4,0,1,2,A,-,08,22107,NA,N,B,C,A,A,H,-,C,A,0,NA,NA,NA,NA,Y,NA,A,01,0,0,1,0,0,0,0,0,0,-,NF,NA,NA,SAN DIEGO,CHULA VISTA,-117.08960723876952,32.60213088989258
8908964,2019,2020-03-05,3711,2019-07-20,2132,8334,NA,6,5,7,3711,0,0,0,NA,0,447,FAIRMOUNT AV,RIDGEVIEW DR,0,NA,Y,A,-,N,NA,NA,NA,NA,NA,NA,NA,NA,NA,Y,4,0,3,2,A,-,12,21453,A,N,D,C,A,A,H,-,C,A,0,NA,NA,NA,NA,Y,NA,A,01,0,0,3,0,0,0,0,0,0,-,-,NA,NA,SAN DIEGO,SAN DIEGO,-117.09805297851563,32.7264404296875
8910993,2019,2021-05-28,3705,2019-07-24,1155,EC0324,NA,3,5,5,3705,0,0,0,NA,0,003,GREENFIELD DR,RT 8,0,E,N,A,-,Y,SD,11,8,-,R,18.963,R,4,E,NA,1,1,0,2,A,-,09,21453,C,N,D,C,A,A,H,-,A,A,0,NA,NA,Y,NA,Y,Y,D,22,0,0,0,0,0,0,0,1,0,-,EO,NA,NA,SAN DIEGO,EL CAJON,-116.91496276855467,32.814453125
8911040,2020,2022-06-18,3711,2020-03-05,0912,SD5600,NA,4,5,7,3711,0,0,0,NA,0,713,OTAY MESA RD,OTAY MESA CENTER RD,0,NA,Y,A,-,N,NA,NA,NA,NA,NA,NA,NA,NA,NA,N,1,1,0,2,A,-,12,21453,A,F,G,B,B,A,H,-,A,A,0,Y,NA,NA,NA,Y,NA,-,99,0,0,0,1,0,0,0,0,0,-,-,NA,NA,SAN DIEGO,SAN DIEGO,-116.96665191650392,32.56774139404297
8911059,2020,2022-06-18,3710,2020-02-08,1334,OC1185,NA,6,5,6,3710,0,0,0,NA,0,025,OCEANSIDE BL,EL CAMINIO REAL,1100,E,N,A,-,N,NA,NA,NA,NA,NA,NA,NA,NA,NA,Y,1,1,0,2,A,-,17,21461,A,N,D,C,A,-,H,-,A,A,0,NA,NA,Y,NA,Y,Y,D,22,0,0,0,0,0,0,0,1,0,-,-,NA,NA,SAN DIEGO,OCEANSIDE,-117.32884216308594,33.20172882080078
8911275,2020,2020-07-01,3711,2020-04-30,1644,SD6000,NA,4,5,7,3711,0,0,0,NA,0,234,POMERADO RD,CAMINITO VECINOS,7,S,N,A,-,N,NA,NA,NA,NA,NA,NA,NA,NA,NA,Y,1,1,0,2,A,-,09,21801,A,N,D,C,A,A,H,-,A,D,0,NA,NA,Y,NA,Y,NA,A,01,0,0,0,0,0,0,0,1,0,-,-,NA,NA,SAN DIEGO,SAN DIEGO,-117.05852508544922,33.01448440551758
8911662,2020,2022-06-18,3711,2020-08-12,1620,SD7322,NA,3,5,7,3711,0,0,0,NA,0,245,STONEBRIDGE PKWY,STOCKWOOD COVE,645,E,N,A,-,N,NA,NA,NA,NA,NA,NA,NA,NA,NA,Y,1,1,0,1,A,-,03,22350,NA,N,E,I,A,A,H,-,A,D,0,NA,NA,Y,NA,Y,Y,C,02,0,0,0,0,0,0,0,1,0,-,-,NA,NA,SAN DIEGO,SAN DIEGO,-117.0367431640625,32.92329025268555