CASE_ID,ACCIDENT_YEAR,PROC_DATE,JURIS,COLLISION_DATE,COLLISION_TIME,OFFICER_ID,REPORTING_DISTRICT,DAY_OF_WEEK,CHP_SHIFT,POPULATION,CNTY_CITY_LOC,SPECIAL_COND,BEAT_TYPE,CHP_BEAT_TYPE,CITY_DIVISION_LAPD,CHP_BEAT_CLASS,BEAT_NUMBER,PRIMARY_RD,SECONDARY_RD,DISTANCE,DIRECTION,INTERSECTION,WEATHER_1,WEATHER_2,STATE_HWY_IND,CALTRANS_COUNTY,CALTRANS_DISTRICT,STATE_ROUTE,ROUTE_SUFFIX,POSTMILE_PREFIX,POSTMILE,LOCATION_TYPE,RAMP_INTERSECTION,SIDE_OF_HWY,TOW_AWAY,COLLISION_SEVERITY,NUMBER_KILLED,NUMBER_INJURED,PARTY_COUNT,PRIMARY_COLL_FACTOR,PCF_CODE_OF_VIOL,PCF_VIOL_CATEGORY,PCF_VIOLATION,PCF_VIOL_SUBSECTION,HIT_AND_RUN,TYPE_OF_COLLISION,MVIW,PED_ACTION,ROAD_SURFACE,ROAD_COND_1,ROAD_COND_2,LIGHTING,CONTROL_DEVICE,CHP_ROAD_TYPE,PEDESTRIAN_ACCIDENT,BICYCLE_ACCIDENT,MOTORCYCLE_ACCIDENT,TRUCK_ACCIDENT,NOT_PRIVATE_PROPERTY,ALCOHOL_INVOLVED,STWD_VEHTYPE_AT_FAULT,CHP_VEHTYPE_AT_FAULT,COUNT_SEVERE_INJ,COUNT_VISIBLE_INJ,COUNT_COMPLAINT_PAIN,COUNT_PED_KILLED,COUNT_PED_INJURED,COUNT_BICYCLIST_KILLED,COUNT_BICYCLIST_INJURED,COUNT_MC_KILLED,COUNT_MC_INJURED,PRIMARY_RAMP,SECONDARY_RAMP,LATITUDE,LONGITUDE,COUNTY,CITY,POINT_X,POINT_Y
90504663,2017,2017-08-23,9650,2017-07-11,0530,019126,NA,2,3,9,3700,0,3,5,NA,1,212,OLD CASTLE RD,CHAMPAGNE BLVD,2640,E,N,A,-,N,NA,NA,NA,NA,NA,NA,NA,NA,NA,Y,3,0,2,1,A,-,01,23152,F,N,E,I,A,A,H,-,B,D,0,NA,NA,NA,NA,Y,NA,A,01,0,1,1,0,0,0,0,0,0,-,-,33.14579,-117.08449,SAN DIEGO,UNINCORPORATED,-117.14530099,33.24953523
9050488,2020,2020-03-10,3711,2020-01-18,1335,CV1193,NA,6,5,7,3711,0,0,0,NA,0,032,EAST H ST,CORRAL CANYON RD,0,NA,Y,A,-,N,NA,NA,NA,NA,NA,NA,NA,NA,NA,Y,3,0,3,2,A,-,12,21453,A,N,D,C,A,A,H,-,A,A,0,NA,NA,NA,NA,Y,NA,A,01,0,2,1,0,0,0,0,0,0,-,-,NA,NA,SAN DIEGO,SAN DIEGO,-116.9878387451172,32.64830017089844
90505013,2017,2017-07-20,9650,2017-07-18,1330,015580,NA,2,1,5,3701,0,1,1,NA,2,005,I-5 S/B,CANNON RD,1056,N,N,A,-,Y,NA,NA,5,NA,NA,NA,NA,NA,S,N,3,0,1,2,A,-,07,21658,A,F,F,A,A,A,H,-,A,D,0,NA,NA,Y,NA,Y,NA,A,01,0,1,0,0,0,0,0,0,1,-,-,33.13751,-117.33099,SAN DIEGO,CARLSBAD,-117.33103451,33.13748727
90506217,2017,2017-07-24,9680,2017-07-12,1430,020500,NA,3,2,9,3700,0,1,3,NA,1,052,SR-78 W/B,B ST,0,NA,Y,A,-,Y,NA,NA,78,NA,NA,NA,NA,NA,W,N,3,0,1,2,A,-,06,21750,NA,N,D,C,A,A,H,-,A,A,0,NA,NA,Y,NA,Y,NA,C,02,0,1,0,0,0,0,0,0,1,-,-,33.07785,-116.60147,SAN DIEGO,UNINCORPORATED,-116.60144738,33.07788104
90509901,2017,2017-07-27,9645,2017-07-13,2322,020515,NA,4,3,7,3711,0,1,1,NA,2,021,SR-15 S/B,NATIONAL AVE,350,N,N,A,-,Y,NA,NA,15,NA,NA,NA,NA,NA,S,Y,3,0,1,1,A,-,01,23152,A,N,E,I,A,A,H,-,D,D,0,NA,NA,NA,NA,Y,Y,A,01,0,1,0,0,0,0,0,0,0,-,-,32.69753,-117.1208,SAN DIEGO,SAN DIEGO,-117.12094247,32.69754259
90510116,2017,2017-07-27,9650,2017-07-14,1623,017743,NA,5,2,5,3712,0,1,3,NA,2,019,SR-78 E/B,NORDAHL RD,800,E,N,A,-,Y,NA,NA,78,NA,NA,NA,NA,NA,E,Y,4,0,1,3,A,-,03,22350,NA,N,C,C,A,A,H,-,A,D,0,NA,NA,NA,NA,Y,NA,D,22,0,0,1,0,0,0,0,0,0,-,-,33.13065,-117.11851,SAN DIEGO,SAN MARCOS,-117.11849795,33.13067792
9051329,2020,2020-03-23,3706,2020-01-31,1621,1852,ESCON,5,5,6,3706,0,0,0,NA,0,054,VALLEY PKWY,ROSE ST,526,E,N,A,-,N,NA,NA,NA,NA,NA,NA,NA,NA,NA,N,4,0,2,3,A,-,03,22350,NA,N,C,C,A,A,H,-,A,A,0,NA,NA,NA,NA,Y,NA,A,01,0,0,2,0,0,0,0,0,0,-,-,33.1338996887207,-117.0595474243164,SAN DIEGO,ESCONDIDO,-117.0579833984375,33.134666442871094
90513700,2017,2017-08-01,9645,2017-07-12,0905,016061,NA,3,1,7,3711,0,1,1,NA,2,019,I-15 S/B,TED WILLIAMS PARKWAY,2336,N,N,A,-,Y,NA,NA,15,NA,NA,NA,NA,NA,S,Y,2,0,3,3,A,-,03,22350,NA,N,C,C,A,A,H,-,A,D,0,NA,NA,NA,NA,Y,NA,A,08,1,0,2,0,0,0,0,0,0,-,-,32.97466,-117.08867,SAN DIEGO,SAN DIEGO,-117.08914234,32.97495433
90516529,2017,2017-08-04,9645,2017-07-13,1800,017524,NA,4,2,7,3711,0,1,1,NA,2,011,I-805 S/B,HOME AVE U/C,2640,N,N,A,-,Y,NA,NA,805,NA,NA,NA,NA,NA,S,Y,4,0,3,2,A,-,03,22350,NA,N,C,C,A,A,H,-,A,D,0,NA,NA,NA,NA,Y,NA,A,01,0,0,3,0,0,0,0,0,0,-,-,32.73321,-117.11284,SAN DIEGO,SAN DIEGO,-117.11285998,32.73319381
90516678,2017,2017-08-04,9645,2017-07-20,1045,021731,NA,4,1,7,3711,0,1,1,NA,2,005,I-5 N/B,I-8 W/B FROM CAMINO DEL RIO WEST,250,S,N,A,-,Y,NA,NA,5,NA,NA,NA,NA,NA,N,Y,4,0,1,2,A,-,08,22107,NA,N,B,C,A,A,H,-,A,D,0,NA,NA,NA,NA,Y,NA,D,22,0,0,1,0,0,0,0,0,0,-,-,32.75714,-117.20331,SAN DIEGO,SAN DIEGO,-117.20321368,32.75717991
90516765,2017,2017-08-04,9680,2017-07-26,1035,017621,NA,3,1,9,3700,0,2,4,NA,1,092,GUNN STAGE RD.,WATT RD,50,S,N,A,-,N,NA,NA,NA,NA,NA,NA,NA,NA,NA,N,3,0,1,1,A,-,03,22350,NA,N,F,A,A,A,H,-,A,A,0,NA,NA,Y,NA,Y,NA,C,02,0,1,0,0,0,0,0,0,1,-,-,33.0107,-116.80967,SAN DIEGO,UNINCORPORATED,-116.80972142,33.01083902
90516949,2017,2017-08-04,9680,2017-07-27,1645,018427,NA,4,2,9,3700,0,2,4,NA,1,013,WILDCAT CANYON RD,FOUNDERS WAY,5280,N,N,A,-,N,NA,NA,NA,NA,NA,NA,NA,NA,NA,Y,4,0,1,2,A,-,03,22350,NA,N,A,C,A,A,H,-,A,D,0,NA,NA,Y,NA,Y,NA,C,02,0,0,1,0,0,0,0,0,1,-,-,32.94264,-116.8608,SAN DIEGO,UNINCORPORATED,-116.85745326,32.94127707
90517785,2017,2017-08-07,9645,2017-07-26,0620,019344,NA,3,1,7,3711,0,1,1,NA,2,001,I-5 N/B,"PALM AVE., O/C",600,N,N,A,B,Y,NA,NA,5,NA,NA,NA,NA,NA,N,Y,3,0,1,1,A,-,08,22107,NA,N,E,I,A,A,H,-,A,D,0,NA,NA,NA,NA,Y,NA,A,01,0,1,0,0,0,0,0,0,0,-,-,32.5895,-117.0878,SAN DIEGO,SAN DIEGO,-117.08782862,32.58949504
90518647,2017,2017-08-08,9645,2017-07-24,0649,021494,NA,1,1,7,3711,0,1,1,NA,2,015,I-805 N/B,SR-52,25,S,N,B,-,Y,NA,NA,805,NA,NA,NA,NA,NA,N,Y,3,0,2,3,A,-,07,21658,A,N,B,C,A,A,H,-,A,D,0,NA,NA,Y,NA,Y,NA,A,01,0,1,1,0,0,0,0,0,1,-,-,32.84689,-117.17751,SAN DIEGO,SAN DIEGO,-117.17749769,32.8468986
90520029,2017,2017-08-09,9645,2017-07-28,1550,017529,NA,5,2,7,3711,0,1,1,NA,2,003,I-5 SOUTHBOUND,IMPERIAL AVE,500,N,N,A,-,Y,NA,NA,5,NA,NA,NA,NA,NA,S,N,3,0,1,1,A,-,08,22107,NA,N,F,A,A,A,H,-,A,D,0,NA,NA,Y,NA,Y,NA,C,02,0,1,0,0,0,0,0,0,1,-,-,32.71565,-117.14788,SAN DIEGO,SAN DIEGO,-117.14777923,32.71565107
90520049,2017,2017-08-09,9645,2017-07-28,1714,021631,NA,5,2,5,3709,0,1,1,NA,2,009,I-805 N/B TO PLAZA BLVD,PLAZA BLVD,10,S,N,A,-,Y,NA,NA,805,NA,NA,NA,R,NA,N,N,4,0,1,2,A,-,03,22350,NA,N,C,C,A,A,H,-,A,D,0,NA,NA,NA,NA,Y,NA,A,01,0,0,1,0,0,0,0,0,0,-,-,32.67695,-117.08376,SAN DIEGO,NATIONAL CITY,-117.08376,32.67695
90521656,2017,2017-08-11,9645,2017-07-20,0800,018344,NA,4,1,7,3711,0,1,1,NA,2,011,I-805 NORTHBOUND,RALENE ST. O/C,1000,N,N,A,-,Y,NA,NA,805,NA,NA,NA,NA,NA,N,Y,4,0,1,3,A,-,03,22350,NA,N,C,C,A,A,H,-,A,D,0,NA,NA,NA,NA,Y,NA,D,22,0,0,1,0,0,0,0,0,0,-,-,32.7309,-117.10956,SAN DIEGO,SAN DIEGO,-117.10949732,32.73101412
90522257,2017,2017-08-14,9650,2017-07-14,1825,017743,NA,5,2,9,3700,0,3,5,NA,2,230,DEL DIOS HWY,RANCHO DR,2640,S,N,A,-,N,NA,NA,NA,NA,NA,NA,NA,NA,NA,Y,3,0,3,2,A,-,08,22107,NA,N,D,C,A,A,H,-,A,D,0,NA,NA,NA,NA,Y,NA,A,01,0,2,1,0,0,0,0,0,0,-,-,33.05525,-117.1224,SAN DIEGO,UNINCORPORATED,-117.1222531,33.05506302
90525109,2017,2017-08-17,9650,2017-08-10,1735,020966,NA,4,2,9,3700,0,3,5,NA,2,070,VIA DE SANTA FE,VIA DE LA VALLE,0,NA,Y,A,-,Y,NA,NA,NA,NA,NA,NA,NA,NA,NA,N,3,0,1,2,A,-,12,22450,A,N,H,G,A,A,H,-,A,D,0,NA,Y,NA,NA,Y,NA,L,04,0,1,0,0,0,0,1,0,0,-,-,33.01526,-117.19928,SAN DIEGO,UNINCORPORATED,-117.19927009,33.01531007
90525119,2017,2017-08-17,9650,2017-08-11,0335,018406,NA,5,3,5,3782,0,1,1,NA,2,007,I-5 N/B,SANTA FE DR,766,S,N,B,-,Y,NA,NA,5,NA,NA,NA,NA,NA,N,Y,2,0,1,1,A,-,01,23152,A,N,E,I,A,A,H,-,D,D,0,NA,NA,NA,NA,Y,Y,A,01,1,0,0,0,0,0,0,0,0,-,-,33.03429,-117.2801,SAN DIEGO,ENCINITAS,-117.28002872,33.03433701
90525287,2017,2017-08-17,9680,2017-08-10,1345,015008,NA,4,1,5,3781,0,1,3,NA,2,016,SR-67 N/B,PROSPECT AVE,289,N,N,A,-,Y,NA,NA,67,NA,NA,NA,NA,NA,N,Y,3,0,2,1,A,-,08,22107,NA,N,E,I,A,A,H,-,A,D,0,NA,NA,NA,NA,Y,NA,A,01,0,1,1,0,0,0,0,0,0,-,-,32.83114,-116.96194,SAN DIEGO,SANTEE,-116.96177169,32.83114422
90525632,2017,2017-08-17,9680,2017-08-11,2150,021501,NA,5,2,9,3700,0,3,5,NA,2,007,SAN FELIPE ROAD,MONTEZUMA VALLEY RD,604,S,N,A,-,N,NA,NA,NA,NA,NA,NA,NA,NA,NA,Y,3,0,1,1,C,-,18,NA,NA,N,H,H,A,A,H,-,D,D,0,NA,NA,NA,NA,Y,NA,-,-,0,1,0,0,0,0,0,0,0,-,-,33.21827,-116.60383,SAN DIEGO,UNINCORPORATED,-116.60380916,33.21832815
90525901,2017,2017-08-18,9650,2017-08-15,1200,013636,NA,2,1,5,3701,0,1,1,NA,2,005,I-5 S/B,LA COSTA AVE,1320,N,N,B,-,Y,NA,NA,NA,NA,NA,NA,NA,NA,NA,Y,4,0,1,3,A,-,03,22350,NA,N,C,C,A,A,H,-,A,D,0,NA,NA,NA,NA,Y,NA,D,22,0,0,1,0,0,0,0,0,0,-,-,NA,NA,SAN DIEGO,CARLSBAD,-117.30029837,33.08739875
90525971,2017,2017-08-18,9650,2017-08-11,1228,013388,NA,5,1,9,3700,0,1,1,NA,2,001,I-5 N/B,CRISTIANITOS ROAD,1000,S,N,A,-,Y,NA,NA,NA,NA,NA,NA,NA,NA,NA,Y,3,0,1,4,A,-,03,22350,NA,N,B,C,A,A,H,-,A,D,0,NA,NA,NA,NA,Y,NA,A,01,0,1,0,0,0,0,0,0,0,-,-,33.41605,-117.58068,SAN DIEGO,UNINCORPORATED,-117.59119538,33.39303281
9052764,2020,2020-03-06,3706,2020-02-14,0619,1833,ESCON,5,5,6,3706,0,0,0,NA,0,055,9TH AV,PINE ST,87,W,N,A,-,N,NA,NA,NA,NA,NA,NA,NA,NA,NA,NA,3,0,3,2,A,-,09,21801,A,N,D,C,A,A,H,-,A,D,0,NA,NA,NA,NA,Y,NA,A,01,0,1,2,0,0,0,0,0,0,-,-,33.111690521240234,-117.08199310302734,SAN DIEGO,ESCONDIDO,-117.08224487304688,33.111534118652344
90527649,2017,2017-08-21,9650,2017-08-16,1520,015531,NA,3,2,5,3782,0,1,1,NA,2,005,I-5 N/B FROM LA COSTA AVE,LA COSTA AVE,528,N,N,A,-,Y,NA,NA,NA,NA,NA,NA,NA,NA,NA,Y,3,0,1,2,A,-,03,22350,NA,N,C,C,A,A,H,-,A,A,0,NA,NA,NA,NA,Y,NA,A,01,0,1,0,0,0,0,0,0,0,-,-,33.57865,-117.17544,SAN DIEGO,ENCINITAS,-117.29876176,33.08553974
9052899,2020,2020-02-27,3711,2020-01-29,1850,SD7436,NA,3,5,7,3711,0,0,0,NA,0,326,MONTEZUMA RD,CAMPANILE DR,0,NA,Y,A,-,N,NA,NA,NA,NA,NA,NA,NA,NA,NA,N,3,0,1,2,A,-,11,21456,B,N,G,B,B,A,H,-,C,A,0,Y,NA,NA,NA,Y,NA,N,60,0,1,0,0,1,0,0,0,0,-,-,NA,NA,SAN DIEGO,SAN DIEGO,-117.07192230224608,32.77070999145508
90533779,2017,2017-10-09,9645,2017-07-27,2205,020561,NA,4,3,7,3711,0,1,1,NA,2,005,I-5 S/B,OLD TOWN AVE.,810,S,N,B,-,Y,NA,NA,5,NA,NA,NA,NA,NA,S,Y,4,0,1,3,A,-,03,22350,NA,N,C,C,F,A,H,-,C,D,0,Y,NA,NA,NA,Y,NA,A,01,0,0,1,0,1,0,0,0,0,-,-,32.74621,-117.19096,SAN DIEGO,SAN DIEGO,-117.19090877,32.74632229
90534029,2017,2017-08-25,9645,2017-08-15,0850,015847,NA,2,1,7,3711,0,1,1,NA,2,005,I-5 N/B,CLAIREMONT DR.,500,N,N,B,-,Y,NA,NA,5,NA,NA,NA,NA,NA,N,Y,4,0,1,3,A,-,03,22350,NA,N,C,C,A,A,H,-,A,D,0,NA,NA,NA,NA,Y,NA,A,01,0,0,1,0,0,0,0,0,0,-,-,32.79422,-117.20779,SAN DIEGO,SAN DIEGO,-117.20795324,32.79414806
90534278,2017,2017-08-25,9680,2017-08-19,0934,021501,NA,6,1,9,3700,0,1,3,NA,1,051,SR-79,AGUANGA RANCHOS ROAD,2640,S,N,A,-,Y,NA,NA,79,NA,NA,NA,NA,NA,NA,N,3,0,1,1,A,-,03,22350,NA,N,F,A,A,A,H,-,A,D,0,NA,NA,Y,NA,Y,NA,C,02,0,1,0,0,0,0,0,0,1,-,-,33.4236,-116.83511,SAN DIEGO,UNINCORPORATED,-116.83507881,33.42363487
90534356,2017,2017-08-25,9645,2017-07-19,1746,018678,NA,3,2,7,3711,0,1,1,NA,2,021,SR-15 S/B,MARKET STREET U/C,200,N,N,A,-,Y,NA,NA,15,NA,NA,NA,NA,NA,S,Y,4,0,1,2,A,-,03,22350,NA,N,C,C,A,A,H,-,A,D,0,NA,NA,NA,NA,Y,NA,A,01,0,0,1,0,0,0,0,0,0,-,-,32.71235,-117.11885,SAN DIEGO,SAN DIEGO,-117.11874746,32.71230387
90534514,2017,2017-08-28,9650,2017-08-21,1710,015531,NA,1,2,5,3701,0,1,1,NA,2,007,I-5 N/B,CANNON RD,528,S,N,A,-,Y,NA,NA,NA,NA,NA,NA,NA,NA,NA,Y,4,0,1,2,A,-,07,21658,A,N,F,A,A,A,H,-,A,D,0,NA,NA,Y,NA,Y,NA,A,01,0,0,1,0,0,0,0,0,1,-,-,33.81446,-117.19432,SAN DIEGO,CARLSBAD,-117.32856498,33.13329693
90534553,2017,2017-09-21,9645,2017-06-19,1615,021601,NA,1,2,7,3711,0,1,1,NA,2,010,I-8 E/B,I-805,1056,E,N,A,-,Y,NA,NA,8,NA,NA,NA,NA,NA,E,Y,3,0,1,4,A,-,03,22350,NA,N,B,C,A,A,H,-,A,D,0,NA,NA,Y,NA,Y,NA,O,05,0,1,0,0,0,0,0,0,1,-,-,32.77213,-117.13046,SAN DIEGO,SAN DIEGO,-117.1304437,32.77207212
90535090,2017,2017-08-28,9645,2017-07-06,0600,017723,NA,4,1,7,3711,0,1,1,NA,2,003,I-5 SB TO CESAR CHAVEZ PKWY,BEARDSLEY ST. PED O/C,325,N,N,A,-,Y,NA,NA,5,NA,NA,NA,R,NA,S,Y,4,0,1,1,A,-,08,22107,NA,N,F,A,A,A,H,-,A,D,0,NA,NA,Y,NA,Y,NA,C,02,0,0,1,0,0,0,0,0,1,-,-,32.7036,-117.1466,SAN DIEGO,SAN DIEGO,-117.1466,32.7036
90536980,2017,2017-08-30,9645,2017-07-19,1010,019496,NA,3,1,9,3700,0,3,5,NA,2,018,OTAY LAKES RD. E/B,WUESTE RD.,7920,E,N,A,-,N,NA,NA,NA,NA,NA,NA,NA,NA,NA,Y,4,0,1,1,A,-,08,22107,NA,N,F,A,A,A,H,-,A,D,0,NA,NA,NA,NA,Y,NA,A,07,0,0,1,0,0,0,0,0,0,-,-,32.63494,-116.92118,SAN DIEGO,UNINCORPORATED,-116.9225004,32.63624278
90537518,2017,2017-08-30,9680,2017-08-22,1510,017224,NA,2,2,9,3700,0,2,4,NA,1,014,WINTER GARDENS BLVD,WINTERCREST DR,0,NA,Y,A,-,N,NA,NA,NA,NA,NA,NA,NA,NA,NA,Y,4,0,1,2,A,-,12,21453,A,N,D,C,A,A,H,-,A,A,0,NA,NA,NA,NA,Y,NA,A,01,0,0,1,0,0,0,0,0,0,-,-,32.85221,-116.93142,SAN DIEGO,UNINCORPORATED,-116.93119001,32.85210001
90538762,2017,2017-09-01,9645,2017-08-19,1236,017025,NA,6,1,7,3711,0,1,3,NA,2,012,SR-52 W/B,I-5 U/C,400,E,N,A,-,Y,NA,NA,52,NA,NA,NA,NA,NA,W,Y,3,0,1,2,D,-,00,NA,NA,N,C,C,A,A,H,-,A,D,0,NA,NA,NA,NA,Y,NA,-,-,0,1,0,0,0,0,0,0,0,-,-,32.83892,-117.23031,SAN DIEGO,SAN DIEGO,-117.23031135,32.83895949
90539063,2017,2017-09-01,9680,2017-08-06,1820,020116,NA,7,2,9,3700,0,3,5,NA,2,004,SKYLINE TRUCK TRAIL,LAWSON VALLEY RD,359,E,N,A,-,N,NA,NA,NA,NA,NA,NA,NA,NA,NA,Y,3,0,1,1,C,-,18,NA,NA,N,E,J,A,A,H,-,A,D,0,NA,NA,NA,NA,Y,NA,-,-,0,1,0,0,0,0,0,0,0,-,-,32.73265,-116.81891,SAN DIEGO,UNINCORPORATED,-116.81972892,32.73273964
90539707,2017,2017-09-04,9645,2017-08-29,1705,021731,NA,2,2,7,3711,0,1,3,NA,2,025,SR-163 S/B,SR-52,1000,N,N,A,-,Y,NA,NA,163,NA,NA,NA,NA,NA,S,Y,4,0,1,2,A,-,03,22350,NA,N,C,C,A,A,H,-,A,D,0,NA,NA,NA,NA,Y,NA,A,01,0,0,1,0,0,0,0,0,0,-,-,32.84441,-117.13071,SAN DIEGO,SAN DIEGO,-117.13071599,32.84441531
90539867,2017,2017-09-04,9645,2017-08-05,1535,021639,NA,6,2,7,3711,0,1,1,NA,2,010,I-8 WESTBOUND FROM FAIRMOUNT AVE,I-8,200,S,N,A,-,Y,NA,NA,8,NA,NA,NA,R,NA,W,Y,3,0,2,3,A,-,03,22350,NA,N,C,C,A,A,H,-,A,D,0,NA,NA,NA,NA,Y,NA,A,01,0,1,1,0,0,0,0,0,0,-,-,32.77736,-117.10007,SAN DIEGO,SAN DIEGO,-117.10007,32.77736
90542680,2017,2017-09-07,9645,2017-08-03,1510,018428,NA,4,2,7,3711,0,1,1,NA,2,005,I-5 S/B,SEA WORLD DR. O/C,1300,N,N,A,-,Y,NA,NA,5,NA,NA,NA,NA,NA,S,Y,4,0,4,5,A,-,03,22350,NA,N,C,C,A,A,H,-,A,D,0,NA,NA,NA,NA,Y,NA,A,01,0,0,4,0,0,0,0,0,0,-,-,32.77503,-117.20811,SAN DIEGO,SAN DIEGO,-117.20806263,32.77504183
90542830,2017,2017-09-07,9645,2017-08-25,0103,019291,NA,5,3,7,3711,0,1,1,NA,2,003,I-5 S/B,SR-163,1584,N,N,A,-,Y,NA,NA,5,NA,NA,NA,NA,NA,S,N,4,0,1,2,A,-,07,21658,A,N,B,C,A,A,H,-,C,D,0,NA,NA,NA,NA,Y,NA,-,-,0,0,1,0,0,0,0,0,0,-,-,32.72278,-117.1598,SAN DIEGO,SAN DIEGO,-117.15980838,32.72280473
9054365,2020,2020-09-25,3711,2020-02-06,1145,SD6504,NA,4,5,7,3711,0,0,0,NA,0,234,BERNARDO CENTER DR,RT 15,0,NA,Y,A,-,Y,SD,11,15,-,M,23.13,R,4,S,Y,4,0,2,2,A,-,12,21453,A,N,D,C,A,A,B,-,A,A,0,NA,NA,NA,NA,Y,NA,A,01,0,0,2,0,0,0,0,0,0,-,SF,NA,NA,SAN DIEGO,SAN DIEGO,-117.07991790771484,33.0150032043457
90544692,2017,2017-09-11,9680,2017-09-01,2100,021764,NA,5,2,9,3700,0,1,1,NA,2,082,I-8 E/B,LAKE JENNINGS PARK ROAD,4752,W,N,A,-,Y,NA,NA,NA,NA,NA,NA,NA,NA,NA,Y,4,0,1,2,A,-,03,22350,NA,N,C,C,A,A,H,-,D,D,0,NA,NA,NA,NA,Y,NA,A,01,0,0,1,0,0,0,0,0,0,-,-,32.83436,-116.80344,SAN DIEGO,UNINCORPORATED,-116.89256608,32.83543355
90545175,2017,2017-09-12,9650,2017-06-26,2257,017743,NA,1,3,5,3712,0,1,3,NA,2,019,SR-78 W/B,LAS POSAS ROAD,898,W,N,B,-,Y,NA,NA,78,NA,NA,NA,NA,NA,W,Y,1,1,0,2,A,-,11,21954,A,N,G,B,E,A,H,-,D,D,0,Y,NA,NA,NA,Y,NA,N,60,0,0,0,1,0,0,0,0,0,-,-,33.14594,-117.19328,SAN DIEGO,SAN MARCOS,-117.19324994,33.14597473
90545180,2017,2017-09-12,9650,2017-09-06,1622,015446,NA,3,2,6,3706,0,1,1,NA,2,023,I-15 FWY NORTHBOUND,SR-78,50,N,N,A,-,Y,NA,NA,15,NA,NA,NA,NA,NA,N,Y,3,0,2,3,A,-,03,22350,NA,N,C,C,A,A,H,-,A,D,0,NA,NA,Y,NA,Y,NA,C,02,0,1,1,0,0,0,0,0,2,-,-,33.12796,-117.1051,SAN DIEGO,ESCONDIDO,-117.10480411,33.12801821
90546678,2017,2017-09-13,9680,2017-09-01,1540,020105,NA,5,2,9,3700,0,3,5,NA,2,002,APPLE ST,SAN MIGUEL AVE,50,W,N,A,-,N,NA,NA,NA,NA,NA,NA,NA,NA,NA,N,4,0,1,2,A,-,06,21755,NA,N,B,C,A,A,H,-,A,D,0,NA,NA,Y,NA,Y,NA,C,02,0,0,1,0,0,0,0,0,1,-,-,32.71481,-116.99137,SAN DIEGO,UNINCORPORATED,-116.99150188,32.71483496
9054712,2019,2020-03-10,3710,2019-10-03,1257,OC1456,NA,4,5,6,3710,0,0,0,NA,0,021,COLLEGE BL,VIA CUPENO,0,NA,Y,A,-,N,NA,NA,NA,NA,NA,NA,NA,NA,NA,N,4,0,1,2,A,-,10,21950,A,N,G,B,B,A,H,-,A,A,0,Y,NA,NA,NA,Y,NA,A,01,0,0,1,0,1,0,0,0,0,-,-,NA,NA,SAN DIEGO,OCEANSIDE,-117.29122161865234,33.24687194824219
90548275,2017,2017-09-15,9645,2017-09-06,1705,016864,NA,3,2,7,3711,0,1,1,NA,2,015,I-805 S/B FROM E/B CLAIREMONT MESA BLVD,CLAIREMONT MESA BLVD,900,S,N,A,-,Y,NA,NA,805,NA,NA,NA,R,NA,S,N,4,0,1,2,A,-,02,22400,A,N,C,C,A,A,H,-,A,A,0,NA,NA,NA,NA,Y,NA,A,01,0,0,1,0,0,0,0,0,0,-,-,32.83205,-117.1694,SAN DIEGO,SAN DIEGO,-117.1694,32.83205
90548279,2017,2017-09-15,9645,2017-09-05,1500,017133,NA,2,2,5,3709,0,1,1,NA,2,001,I-5 S/B,W. 19TH STREET U/C,59,N,N,A,-,Y,NA,NA,5,NA,NA,NA,NA,NA,S,Y,3,0,2,1,A,-,08,22107,NA,N,E,I,A,A,H,-,A,D,0,NA,NA,NA,NA,Y,NA,A,01,0,1,1,0,0,0,0,0,0,-,-,32.66488,-117.10966,SAN DIEGO,NATIONAL CITY,-117.11008163,32.66470903
90549236,2017,2017-09-18,9645,2017-08-28,0845,020020,NA,1,1,7,3711,0,1,1,NA,2,001,I-5 N/B,CAMINO DE LA PLAZA,180,S,N,A,-,Y,NA,NA,5,NA,NA,NA,NA,NA,N,Y,4,0,1,1,C,-,18,NA,NA,N,F,I,A,D,H,-,A,D,0,NA,NA,Y,NA,Y,NA,-,-,0,0,1,0,0,0,0,0,1,-,-,32.54438,-117.03169,SAN DIEGO,SAN DIEGO,-117.03244785,32.54448912
90549593,2017,2017-09-18,9645,2017-09-10,0945,017139,NA,7,1,9,3700,0,3,5,NA,2,018,OTAY LAKES RD E/B,WUESTE RD,9504,E,N,A,-,Y,NA,NA,NA,NA,NA,NA,NA,NA,NA,N,3,0,1,1,A,-,08,22107,NA,N,F,A,A,A,H,-,A,D,0,NA,NA,Y,NA,Y,NA,C,02,0,1,0,0,0,0,0,0,1,-,-,32.63546,-116.92216,SAN DIEGO,UNINCORPORATED,-116.91831588,32.63425765
90549661,2017,2017-09-18,9645,2017-08-19,2233,021494,NA,6,3,7,3711,0,3,5,NA,2,111,I-5 N/B,CAMINO DE LA PLAZA,355,S,N,A,-,Y,NA,NA,NA,NA,NA,NA,NA,NA,NA,Y,2,0,1,2,A,-,09,21801,A,N,D,C,A,A,H,-,C,A,0,NA,NA,Y,NA,Y,NA,A,01,1,0,0,0,0,0,0,0,1,-,-,32.54374,-117.0315,SAN DIEGO,SAN DIEGO,-117.03155861,32.5438574