CASE_ID,ACCIDENT_YEAR,PROC_DATE,JURIS,COLLISION_DATE,COLLISION_TIME,OFFICER_ID,REPORTING_DISTRICT,DAY_OF_WEEK,CHP_SHIFT,POPULATION,CNTY_CITY_LOC,SPECIAL_COND,BEAT_TYPE,CHP_BEAT_TYPE,CITY_DIVISION_LAPD,CHP_BEAT_CLASS,BEAT_NUMBER,PRIMARY_RD,SECONDARY_RD,DISTANCE,DIRECTION,INTERSECTION,WEATHER_1,WEATHER_2,STATE_HWY_IND,CALTRANS_COUNTY,CALTRANS_DISTRICT,STATE_ROUTE,ROUTE_SUFFIX,POSTMILE_PREFIX,POSTMILE,LOCATION_TYPE,RAMP_INTERSECTION,SIDE_OF_HWY,TOW_AWAY,COLLISION_SEVERITY,NUMBER_KILLED,NUMBER_INJURED,PARTY_COUNT,PRIMARY_COLL_FACTOR,PCF_CODE_OF_VIOL,PCF_VIOL_CATEGORY,PCF_VIOLATION,PCF_VIOL_SUBSECTION,HIT_AND_RUN,TYPE_OF_COLLISION,MVIW,PED_ACTION,ROAD_SURFACE,ROAD_COND_1,ROAD_COND_2,LIGHTING,CONTROL_DEVICE,CHP_ROAD_TYPE,PEDESTRIAN_ACCIDENT,BICYCLE_ACCIDENT,MOTORCYCLE_ACCIDENT,TRUCK_ACCIDENT,NOT_PRIVATE_PROPERTY,ALCOHOL_INVOLVED,STWD_VEHTYPE_AT_FAULT,CHP_VEHTYPE_AT_FAULT,COUNT_SEVERE_INJ,COUNT_VISIBLE_INJ,COUNT_COMPLAINT_PAIN,COUNT_PED_KILLED,COUNT_PED_INJURED,COUNT_BICYCLIST_KILLED,COUNT_BICYCLIST_INJURED,COUNT_MC_KILLED,COUNT_MC_INJURED,PRIMARY_RAMP,SECONDARY_RAMP,LATITUDE,LONGITUDE,COUNTY,CITY,POINT_X,POINT_Y
90550116,2017,2017-09-18,9645,2017-09-07,0825,017723,NA,4,1,7,3711,0,1,3,NA,2,006,SR-94 W/B,KELTON RD.,440,W,N,A,-,Y,NA,NA,94,NA,NA,NA,NA,NA,W,Y,4,0,2,4,A,-,03,22350,NA,N,C,C,A,A,H,-,A,D,0,NA,NA,NA,NA,Y,NA,A,01,0,0,2,0,0,0,0,0,0,-,-,32.7229,-117.0774,SAN DIEGO,SAN DIEGO,-117.07740913,32.72291206
90550297,2017,2017-09-18,9645,2017-06-29,2147,020867,NA,4,2,7,3711,0,1,1,NA,2,007,I-5 S/B,CARMEL VALLEY RD.,1320,S,N,A,-,Y,NA,NA,5,NA,NA,NA,NA,NA,S,Y,4,0,1,2,A,-,03,22350,NA,N,C,C,A,A,H,-,C,D,0,NA,NA,NA,NA,Y,NA,A,01,0,0,1,0,0,0,0,0,0,-,-,32.92718,-117.23978,SAN DIEGO,SAN DIEGO,-117.2401193,32.92706697
90553120,2017,2017-09-21,9645,2017-07-19,1535,018095,NA,3,2,7,3711,0,1,3,NA,2,016,SR-52 E/B,MAST BLVD U.C,5350,W,N,A,-,Y,NA,NA,52,NA,NA,NA,NA,NA,E,Y,3,0,1,3,A,-,03,22350,NA,N,B,C,A,A,H,-,A,D,0,NA,NA,Y,NA,Y,NA,C,02,0,1,0,0,0,0,0,0,1,-,-,32.85176,-117.04204,SAN DIEGO,SAN DIEGO,-117.04203537,32.85179081
90553905,2017,2017-09-22,9645,2017-09-14,1502,018250,NA,4,2,7,3711,0,1,3,NA,2,023,SR-163 S/B,I-8,200,N,N,A,-,Y,NA,NA,163,NA,NA,NA,NA,NA,S,Y,4,0,2,5,A,-,03,22350,NA,F,C,C,A,A,H,-,A,D,0,NA,NA,NA,NA,Y,NA,A,01,0,0,2,0,0,0,0,0,0,-,-,32.76657,-117.16275,SAN DIEGO,SAN DIEGO,-117.16280975,32.76658261
90554039,2017,2017-09-22,9650,2017-09-22,0855,013636,NA,5,1,5,3701,0,1,1,NA,2,005,I-5 S/B,LA COSTA AVE,1584,N,N,A,-,Y,NA,NA,NA,NA,NA,NA,NA,NA,NA,N,4,0,2,4,A,-,03,22350,NA,N,C,C,A,A,H,-,A,D,0,NA,NA,NA,NA,Y,NA,A,07,0,0,2,0,0,0,0,0,0,-,-,NA,NA,SAN DIEGO,CARLSBAD,-117.30071307,33.08803222
90554801,2017,2017-09-25,9645,2017-08-13,2150,021494,NA,7,2,6,3702,0,1,1,NA,2,001,I-5 N/B,L ST,100,S,N,A,-,Y,NA,NA,5,NA,NA,NA,NA,NA,N,Y,4,0,1,2,A,-,08,22107,NA,N,C,E,A,A,H,-,C,D,0,NA,NA,NA,NA,Y,NA,D,22,0,0,1,0,0,0,0,0,0,-,-,32.61421,-117.09086,SAN DIEGO,CHULA VISTA,-117.09101892,32.61419088
90554928,2017,2017-09-25,9645,2017-07-29,0235,021107,NA,6,3,7,3711,0,1,1,NA,2,003,I-5 S/B,SAMPSON STREET O/C,500,N,N,A,-,Y,NA,NA,5,NA,NA,NA,NA,NA,S,N,4,0,1,2,A,-,07,21658,A,N,B,C,A,A,H,-,C,D,0,NA,NA,NA,NA,Y,NA,A,07,0,0,1,0,0,0,0,0,0,-,-,32.69857,-117.13906,SAN DIEGO,SAN DIEGO,-117.13905399,32.69857854
90555054,2017,2017-09-25,9645,2017-09-15,0705,017139,NA,5,1,5,3709,0,1,1,NA,2,001,I-5 N/B,MILE OF CARS WAY U/C,550,S,N,A,-,Y,NA,NA,5,NA,NA,NA,NA,NA,N,Y,4,0,1,2,A,-,03,22350,NA,N,B,C,A,A,H,-,A,D,0,NA,NA,Y,NA,Y,NA,C,02,0,0,1,0,0,0,0,0,1,-,-,32.65603,-117.10609,SAN DIEGO,NATIONAL CITY,-117.10616021,32.65599974
90556392,2017,2017-09-26,9645,2017-09-18,1400,018250,NA,1,2,7,3711,0,1,1,NA,2,027,I-15 S/B,I-8,1000,N,N,A,-,Y,NA,NA,15,NA,NA,NA,NA,NA,S,Y,3,0,1,3,A,-,03,22350,NA,N,F,C,A,A,H,-,A,D,0,NA,NA,Y,NA,Y,NA,C,02,0,1,0,0,0,0,0,0,1,-,-,32.73267,-117.11108,SAN DIEGO,SAN DIEGO,-117.11187341,32.73250513
90557298,2017,2017-09-27,9645,2017-08-13,2110,021617,NA,7,2,9,3700,0,3,5,NA,2,024,DOVE CANYON ROAD,BERNARDO CENTER DR,14,N,N,A,-,Y,NA,NA,NA,NA,NA,NA,NA,NA,NA,Y,4,0,1,2,A,-,03,22350,NA,N,C,C,A,A,H,-,C,A,0,NA,NA,NA,NA,Y,Y,A,01,0,0,1,0,0,0,0,0,0,-,-,33.0021,-117.10614,SAN DIEGO,UNINCORPORATED,-117.10601431,33.00201242
90557578,2017,2017-09-27,9680,2017-09-22,1810,020116,NA,5,2,9,3700,0,3,5,NA,2,002,LEMON AVE,ALTO DR,110,W,N,A,-,N,NA,NA,NA,NA,NA,NA,NA,NA,NA,Y,2,0,2,1,A,-,01,23152,A,N,E,I,A,A,H,-,A,A,0,NA,NA,NA,NA,Y,Y,A,07,1,0,1,0,0,0,0,0,0,-,-,32.76885,-116.99386,SAN DIEGO,UNINCORPORATED,-116.99411678,32.7687408
90559645,2017,2017-09-29,9645,2017-08-07,1355,020997,NA,1,1,7,3711,0,1,3,NA,2,006,SR-94 W/B,EUCLID AVE,500,E,N,A,-,Y,NA,NA,94,NA,NA,NA,NA,NA,W,Y,4,0,1,2,A,-,03,22350,NA,N,C,C,A,A,H,-,A,D,0,NA,NA,NA,NA,Y,NA,A,01,0,0,1,0,0,0,0,0,0,-,-,32.71927,-117.08233,SAN DIEGO,SAN DIEGO,-117.08229254,32.71919938
90559964,2017,2017-09-29,9645,2017-09-20,1705,017480,NA,3,2,7,3711,0,1,3,NA,2,023,STATE ROUTE 163 NORTHBOUND,KEARNY PEDESTRIAN O/C,175,N,N,A,-,Y,NA,NA,163,NA,NA,NA,NA,NA,N,Y,4,0,5,2,A,-,07,21658,A,N,C,C,A,A,H,-,A,D,0,NA,NA,NA,NA,Y,NA,A,01,0,0,5,0,0,0,0,0,0,-,-,32.78925,-117.1597,SAN DIEGO,SAN DIEGO,-117.15975541,32.78927157
90560189,2017,2017-09-29,9645,2017-08-13,2010,018095,NA,7,2,7,3711,0,1,1,NA,2,019,I-15 S/B,SR-56 O/C,630,S,N,A,-,Y,NA,NA,15,NA,NA,NA,NA,NA,S,Y,4,0,2,2,A,-,08,22107,NA,N,B,C,A,A,H,-,C,D,0,NA,NA,NA,NA,Y,NA,D,22,0,0,2,0,0,0,0,0,0,-,-,32.9584,-117.09994,SAN DIEGO,SAN DIEGO,-117.09987143,32.9583526
90560275,2017,2017-09-29,9645,2017-07-14,0630,018950,NA,5,1,7,3711,0,1,1,NA,2,030,I-15 S/B (HIGH OCCUPANCY VEHICLE),SABRE SPRINGS DAR O/C,528,N,N,A,-,Y,NA,NA,15,NA,NA,NA,NA,NA,S,Y,4,0,1,2,A,-,08,22107,NA,N,B,C,A,A,H,-,A,D,0,NA,NA,NA,NA,Y,NA,A,01,0,0,1,0,0,0,0,0,0,-,-,32.96293,-117.09654,SAN DIEGO,SAN DIEGO,-117.09666569,32.96301963
90560452,2017,2017-10-02,9650,2017-09-15,1705,017328,NA,5,2,9,3700,0,1,1,NA,2,021,I-15 N/B,DULIN RD. U/C,2000,S,N,A,-,Y,NA,NA,15,NA,NA,NA,NA,NA,N,Y,4,0,1,3,A,-,03,22350,NA,N,C,C,A,A,H,-,A,D,0,NA,NA,Y,NA,Y,NA,C,02,0,0,1,0,0,0,0,0,1,-,-,33.31832,-117.15502,SAN DIEGO,UNINCORPORATED,-117.15502538,33.31831658
90560958,2017,2017-10-02,9645,2017-08-13,2115,021600,NA,7,2,7,3711,0,1,1,NA,2,021,SR-15 N/B,OCEAN VIEW BLVD.,800,S,N,A,-,Y,NA,NA,15,NA,NA,NA,NA,NA,N,Y,3,0,1,1,C,-,18,NA,NA,N,E,I,A,A,H,-,D,D,0,NA,NA,NA,NA,Y,NA,-,-,0,1,0,0,0,0,0,0,0,-,-,32.69885,-117.12058,SAN DIEGO,SAN DIEGO,-117.12063968,32.69885048
90561776,2017,2017-10-03,9645,2017-09-16,0145,021097,NA,6,3,7,3711,0,1,1,NA,2,021,STATE ROUTE 15 SOUTHBOUND,STATE ROUTE 94,1750,N,N,A,-,Y,NA,NA,15,NA,NA,NA,NA,NA,S,Y,4,0,2,2,A,-,03,22350,NA,N,C,D,A,A,H,-,C,D,0,NA,NA,NA,NA,Y,NA,D,22,0,0,2,0,0,0,0,0,0,-,-,32.72201,-117.11654,SAN DIEGO,SAN DIEGO,-117.11642793,32.72193219
90565094,2017,2017-10-06,9650,2017-09-30,0145,021747,NA,6,3,6,3706,0,1,1,NA,2,023,I-15 NB,SR-78,1584,S,N,A,-,Y,NA,NA,15,NA,NA,NA,NA,NA,N,Y,4,0,1,2,A,-,01,23152,A,N,C,C,A,A,H,-,C,D,0,NA,NA,NA,NA,Y,Y,A,01,0,0,1,0,0,0,0,0,0,-,-,33.10246,-117.0913,SAN DIEGO,ESCONDIDO,-117.09124941,33.10249064
9056510,2020,2020-05-14,3708,2020-02-27,1706,LM1269,NA,4,5,5,3708,0,0,0,NA,0,003,JACKSON DR,DALLAS ST,13,N,N,A,-,N,NA,NA,NA,NA,NA,NA,NA,NA,NA,N,4,0,1,2,A,-,09,21800,A,N,D,C,A,A,H,-,A,D,0,NA,NA,NA,NA,Y,NA,A,01,0,0,1,0,0,0,0,0,0,-,-,NA,NA,SAN DIEGO,LA MESA,-117.01786041259766,32.79093551635742
90567243,2017,2017-10-11,9645,2017-09-28,1250,016474,NA,4,1,7,3711,0,1,3,NA,2,023,SR-163 SOUTHBOUND,FRIARS ROAD,2640,N,N,A,-,Y,NA,NA,163,NA,NA,NA,NA,NA,S,Y,3,0,2,2,A,-,08,22107,NA,N,B,C,A,A,H,-,A,D,0,NA,NA,NA,NA,Y,NA,A,01,0,1,1,0,0,0,0,0,0,-,-,32.77554,-117.16193,SAN DIEGO,SAN DIEGO,-117.16182906,32.77558669
90568754,2017,2017-10-12,9645,2017-10-02,0550,019563,NA,1,3,7,3711,0,1,1,NA,2,009,I-805 N/B,IMPERIAL AVE,300,S,N,A,-,Y,NA,NA,805,NA,NA,NA,NA,NA,N,Y,4,0,2,3,A,-,03,22350,NA,N,C,C,A,A,H,-,D,D,0,NA,NA,NA,NA,Y,NA,A,01,0,0,2,0,0,0,0,0,0,-,-,32.70361,-117.09468,SAN DIEGO,SAN DIEGO,-117.09482317,32.70359689
90568798,2017,2017-10-12,9680,2017-10-04,0645,015578,NA,3,1,4,3720,0,1,3,NA,2,027,SR-94 WESTBOUND,MASSACHUSETTS AVE.,528,E,N,A,-,Y,NA,NA,94,NA,NA,NA,NA,NA,W,N,4,0,1,2,A,-,07,21658,A,N,B,C,A,A,H,-,A,D,0,NA,NA,Y,NA,Y,NA,A,01,0,0,1,0,0,0,0,0,1,-,-,32.74488,-117.04142,SAN DIEGO,LEMON GROVE,-117.04141974,32.74489124
90572103,2017,2017-10-18,9645,2017-10-05,1710,021268,NA,4,2,7,3711,0,1,1,NA,2,010,I-8 W/B,MISSION CENTER RD,528,E,N,A,-,Y,NA,NA,8,NA,NA,NA,NA,NA,W,Y,3,0,2,5,A,-,03,22350,NA,N,C,C,A,A,H,-,A,D,0,NA,NA,NA,NA,Y,NA,A,01,0,2,0,0,0,0,0,0,0,-,-,32.7673,-117.1469,SAN DIEGO,SAN DIEGO,-117.1468772,32.76723628
90573351,2017,2017-10-18,9650,2017-10-11,1630,015788,NA,3,2,9,3700,0,3,5,NA,2,070,CAMINO DEL NORTE,VIA ROSWITHA,528,W,N,A,-,N,NA,NA,NA,NA,NA,NA,NA,NA,NA,Y,4,0,1,1,A,-,08,22107,NA,N,E,I,A,A,H,-,A,D,0,NA,NA,NA,NA,Y,NA,A,01,0,0,1,0,0,0,0,0,0,-,-,33.04332,-117.19937,SAN DIEGO,UNINCORPORATED,-117.20353,33.043968
90573911,2017,2017-12-27,9645,2017-10-06,0620,019410,NA,5,1,7,3711,0,1,1,NA,2,009,I-805 N/B,MARKET ST. O/C,700,S,N,A,-,Y,NA,NA,805,NA,NA,NA,NA,NA,N,Y,3,0,5,4,A,-,03,22350,NA,F,C,C,A,A,H,-,A,D,0,NA,NA,NA,NA,Y,NA,D,22,0,1,4,0,0,0,0,0,0,-,-,32.70969,-117.09878,SAN DIEGO,SAN DIEGO,-117.09879716,32.7096737
90575652,2017,2017-10-23,9650,2017-10-10,0747,016485,NA,2,1,6,3706,0,1,1,NA,2,023,I-15 S/B,WASHINGTON AVE,52,N,N,A,-,Y,NA,NA,NA,NA,NA,NA,NA,NA,NA,Y,2,0,1,3,A,-,07,21658,A,N,B,C,A,A,H,-,A,D,0,NA,NA,Y,NA,Y,NA,A,01,1,0,0,0,0,0,0,0,1,-,-,33.72306,-117.61271,SAN DIEGO,ESCONDIDO,-117.10355224,33.12305246
90576252,2017,2017-10-23,9650,2017-10-15,1642,020747,NA,7,2,9,3700,0,1,1,NA,2,001,I-5 S/B,LAS PULGAS RD,25344,N,N,A,-,Y,NA,NA,5,NA,NA,NA,NA,NA,S,Y,4,0,1,2,A,-,08,22107,NA,N,D,C,A,A,H,-,A,D,0,NA,NA,NA,NA,Y,Y,A,01,0,0,1,0,0,0,0,0,0,-,-,33.34455,-117.51425,SAN DIEGO,UNINCORPORATED,-117.51426124,33.34453452
9057854,2020,2020-07-29,3705,2020-01-31,1505,EC0328,NA,5,5,5,3705,0,0,0,NA,0,004,MAIN ST,MOLLISON,10,N,N,A,-,N,NA,NA,NA,NA,NA,NA,NA,NA,NA,N,4,0,2,2,A,-,03,22350,NA,M,C,C,A,A,H,-,A,A,0,NA,NA,NA,NA,Y,Y,D,22,0,0,2,0,0,0,0,0,0,-,-,NA,NA,SAN DIEGO,EL CAJON,-116.95098114013672,32.79494857788086
90581277,2017,2017-10-27,9650,2017-10-21,1912,019352,NA,6,2,9,3700,0,3,5,NA,2,230,CLARENCE LN.,FELICITA RD.,0,NA,Y,A,-,N,NA,NA,NA,NA,NA,NA,NA,NA,NA,Y,4,0,3,4,A,-,12,22450,A,N,D,C,A,A,H,-,A,A,0,NA,NA,NA,NA,Y,NA,D,22,0,0,3,0,0,0,0,0,0,-,-,33.08077,-117.08291,SAN DIEGO,UNINCORPORATED,-117.08292013,33.08077008
9058353,2020,2021-08-03,3705,2020-02-19,1210,EC0410,NA,3,5,5,3705,0,0,0,NA,0,001,FLETCHER PKWY,N MAGNOLIA,63,E,N,A,-,N,NA,NA,NA,NA,NA,NA,NA,NA,NA,NA,4,0,1,2,A,-,08,22100,A,N,B,C,A,A,H,-,A,A,0,NA,NA,NA,NA,Y,NA,A,07,0,0,1,0,0,0,0,0,0,-,-,NA,NA,SAN DIEGO,EL CAJON,-116.9641571044922,32.80779266357422
90586439,2017,2017-11-03,9645,2017-10-14,1545,020997,NA,6,2,6,3702,0,1,1,NA,2,009,I-805 N/B,BONITA ROAD,1000,S,N,A,-,Y,NA,NA,805,NA,NA,NA,NA,NA,N,Y,3,0,1,1,A,-,08,22107,NA,N,F,A,A,A,H,-,A,D,0,NA,NA,Y,NA,Y,NA,C,02,0,1,0,0,0,0,0,0,1,-,-,32.64223,-117.05662,SAN DIEGO,CHULA VISTA,-117.05654071,32.64227613
9058756,2020,2020-05-19,3711,2020-02-06,0830,SD6252,NA,4,5,7,3711,0,0,0,NA,0,437,BRIARWOOD RD,GOODE ST,0,NA,Y,A,-,N,NA,NA,NA,NA,NA,NA,NA,NA,NA,N,4,0,3,3,A,-,12,22450,A,M,D,C,A,A,H,-,A,A,0,NA,NA,NA,NA,Y,NA,D,22,0,0,3,0,0,0,0,0,0,-,-,NA,NA,SAN DIEGO,SAN DIEGO,-117.03346252441406,32.68408966064453
90589025,2017,2017-11-07,9645,2017-08-23,0024,020867,NA,3,3,7,3711,0,1,1,NA,2,009,I-805 S/B,PALM AVE.,100,S,N,A,-,Y,NA,NA,805,NA,NA,NA,NA,NA,S,Y,3,0,1,2,A,-,01,23152,A,N,C,C,A,A,H,-,C,D,0,NA,NA,NA,NA,Y,Y,A,01,0,1,0,0,0,0,0,0,0,-,-,32.58363,-117.0369,SAN DIEGO,SAN DIEGO,-117.0371779,32.58369611
9058982,2020,2020-05-22,3710,2020-02-13,0309,OC1465,NA,4,5,6,3710,0,0,0,NA,0,010,MISSION AV,CANYON DR,17,E,N,A,-,N,NA,NA,NA,NA,NA,NA,NA,NA,NA,Y,4,0,2,2,A,-,12,21453,A,N,A,C,A,A,H,-,A,A,0,NA,NA,NA,NA,Y,NA,A,01,0,0,2,0,0,0,0,0,0,-,-,NA,NA,SAN DIEGO,OCEANSIDE,-117.36427307128906,33.204307556152344
9059089,2020,2020-05-21,3711,2020-02-18,1534,SD7211,NA,2,5,7,3711,0,0,0,NA,0,615,NARRAGANSETT AV,CHATSWORTH BL,0,NA,Y,A,-,N,NA,NA,NA,NA,NA,NA,NA,NA,NA,Y,3,0,1,2,A,-,08,22107,NA,N,B,C,A,A,H,-,A,A,0,NA,NA,Y,NA,Y,NA,C,02,0,1,0,0,0,0,0,0,1,-,-,NA,NA,SAN DIEGO,SAN DIEGO,-117.2335968017578,32.733829498291016
90591398,2017,2017-11-09,9645,2017-10-30,1040,014625,NA,1,1,7,3711,0,1,1,NA,2,030,I-15 S/B (HOV LANES),MIRAMAR ROAD O/C,1600,N,N,B,-,Y,NA,NA,15,NA,NA,NA,NA,NA,S,Y,3,0,1,1,A,-,08,22107,NA,N,E,J,A,A,H,-,A,D,0,NA,NA,NA,NA,Y,NA,A,01,0,1,0,0,0,0,0,0,0,-,-,32.89737,-117.1162,SAN DIEGO,SAN DIEGO,-117.11645291,32.89734227
90591817,2017,2017-11-09,9680,2017-11-01,1655,017717,NA,3,2,5,3708,0,1,3,NA,2,028,SR-125 S/B,MURRAY DR,265,S,N,B,-,Y,NA,NA,125,NA,NA,NA,NA,NA,S,Y,4,0,1,2,A,-,03,22350,NA,N,C,C,A,A,H,-,A,A,0,NA,NA,NA,NA,Y,NA,A,07,0,0,1,0,0,0,0,0,0,-,-,32.77893,-117.00415,SAN DIEGO,LA MESA,-117.00427136,32.77889247
90592285,2017,2017-11-13,9650,2017-11-05,1835,021805,NA,7,2,5,3701,0,1,1,NA,2,005,I-5 N/B,LAS FLORES DR,1584,S,N,A,-,Y,NA,NA,5,NA,NA,NA,NA,NA,N,N,3,0,1,2,A,-,03,22350,NA,N,C,C,A,A,H,-,D,D,0,NA,NA,NA,NA,Y,NA,A,01,0,1,0,0,0,0,0,0,0,-,-,33.167,-117.34398,SAN DIEGO,CARLSBAD,-117.3440251,33.16697693
90592348,2017,2017-11-13,9650,2017-10-30,2245,019191,NA,1,3,5,3712,0,1,3,NA,2,019,SR-78 E/B,RANCHO SANTA FE RD,446,W,N,A,-,Y,NA,NA,78,NA,NA,NA,NA,NA,E,Y,3,0,2,2,A,-,03,22350,NA,N,C,C,A,A,H,-,D,D,0,NA,NA,NA,NA,Y,NA,A,01,0,1,1,0,0,0,0,0,0,-,-,33.15145,-117.19995,SAN DIEGO,SAN MARCOS,-117.19997005,33.1514262
90592428,2017,2017-11-13,9650,2017-10-24,1015,016275,NA,2,1,9,3700,0,1,1,NA,2,021,I-15 N/B,SR-76,105,S,N,A,-,Y,NA,NA,15,NA,NA,NA,NA,NA,N,Y,4,0,2,1,A,-,08,22107,NA,N,E,I,A,A,H,-,A,D,0,NA,NA,NA,NA,Y,NA,A,01,0,0,2,0,0,0,0,0,0,-,-,33.33049,-117.15921,SAN DIEGO,UNINCORPORATED,-117.1591461,33.33048779
90592683,2017,2017-11-13,9645,2017-10-28,0248,021631,NA,6,3,6,3702,0,1,1,NA,2,009,I-805 S/B,ORANGE AVE,2640,N,N,A,-,Y,NA,NA,805,NA,NA,NA,NA,NA,S,Y,3,0,1,3,A,-,01,23152,A,N,C,C,A,A,H,-,C,D,0,NA,NA,NA,NA,Y,Y,A,01,0,1,0,0,0,0,0,0,0,-,-,32.61233,-117.03732,SAN DIEGO,CHULA VISTA,-117.03724019,32.61235293
9059485,2020,2020-05-15,3700,2020-02-14,0159,7085,NA,5,5,5,3712,0,0,0,NA,0,359,WEST SAN MARCOS BL,SOUTH RANCHO SANTA FE RD,77,E,N,A,-,N,NA,NA,NA,NA,NA,NA,NA,NA,NA,Y,3,0,1,1,A,-,01,23152,A,N,E,I,A,A,H,-,C,A,0,NA,NA,NA,NA,Y,Y,A,01,0,1,0,0,0,0,0,0,0,-,-,NA,NA,SAN DIEGO,SAN MARCOS,-117.20819854736328,33.13129806518555
90595413,2017,2017-11-16,9645,2017-11-03,2120,021731,NA,5,2,6,3702,0,1,1,NA,2,009,I-805 N/B,H ST,800,N,N,A,-,Y,NA,NA,805,NA,NA,NA,NA,NA,N,N,4,0,1,3,A,-,08,22107,NA,F,B,C,A,A,H,-,C,D,0,NA,NA,NA,NA,Y,NA,-,99,0,0,1,0,0,0,0,0,0,-,-,32.64248,-117.05691,SAN DIEGO,CHULA VISTA,-117.05672898,32.64259023
90597397,2017,2017-11-20,9650,2017-11-15,1805,015531,NA,3,2,6,3710,0,1,1,NA,2,007,N/B I-5 FROM LEUCADIA BLVD,LEUCADIA BLVD,528,N,N,A,-,Y,NA,NA,NA,NA,NA,NA,NA,NA,NA,Y,4,0,1,2,A,-,03,22350,NA,N,C,C,A,A,H,-,C,D,0,NA,NA,NA,NA,Y,NA,A,01,0,0,1,0,0,0,0,0,0,-,-,33.3594,-117.17322,SAN DIEGO,OCEANSIDE,NA,NA
9059864,2020,2020-03-04,3701,2020-01-23,1538,CB5536,104,4,5,5,3701,0,0,0,NA,0,008,EL CAMINIO REAL,ARENAL RD,500,S,N,A,-,N,NA,NA,NA,NA,NA,NA,NA,NA,NA,NA,4,0,1,2,A,-,07,21658,A,N,H,G,A,A,H,-,A,A,0,NA,Y,NA,NA,Y,NA,L,04,0,0,1,0,0,0,1,0,0,-,-,NA,NA,SAN DIEGO,CARLSBAD,-117.26840209960938,33.0932731628418
90599877,2017,2017-11-21,9680,2017-10-17,1215,015070,NA,2,1,9,3700,0,1,3,NA,1,040,SR-94,CAMPBELL RANCH RD.,1584,E,N,A,-,Y,NA,NA,94,NA,NA,NA,NA,NA,NA,Y,1,1,0,2,A,-,05,21460,A,N,B,C,A,A,H,-,A,D,0,NA,NA,Y,Y,Y,NA,C,02,0,0,0,0,0,0,0,1,0,-,-,32.63974,-116.77035,SAN DIEGO,UNINCORPORATED,-116.77036757,32.63971744
90601846,2017,2017-11-27,9650,2017-11-20,1540,015788,NA,1,2,5,3713,0,1,3,NA,2,017,SR-78 E/B TO MELROSE DR.,MELROSE DR,250,W,N,A,-,Y,NA,NA,78,NA,NA,NA,R,NA,E,N,4,0,1,2,A,-,03,22350,NA,F,C,C,A,A,H,-,A,A,0,NA,NA,NA,NA,Y,NA,A,01,0,0,1,0,0,0,0,0,0,-,-,33.19417,-117.25456,SAN DIEGO,VISTA,-117.25456,33.19417
90602192,2017,2017-11-27,9650,2017-11-04,1525,017994,NA,6,2,9,3700,0,1,3,NA,1,028,SR-76,BODIE BLVD,20,W,N,A,-,Y,NA,NA,76,NA,NA,NA,NA,NA,NA,Y,4,0,2,5,A,-,03,22350,NA,N,C,C,A,A,H,-,A,D,0,NA,NA,Y,NA,Y,NA,D,22,0,0,2,0,0,0,0,0,1,-,-,33.34634,-117.02391,SAN DIEGO,UNINCORPORATED,-117.02383842,33.34640299
90603605,2017,2017-11-28,9645,2017-11-14,1825,016864,NA,2,2,7,3711,0,1,1,NA,2,007,I-5 N/B BYPASS,CARMEL MOUNTAIN ROAD,2640,N,N,B,-,Y,NA,NA,5,NA,NA,NA,NA,NA,N,Y,3,0,2,3,A,-,03,22350,NA,N,C,C,A,A,H,-,C,D,0,NA,NA,NA,NA,Y,NA,A,01,0,2,0,0,0,0,0,0,0,-,-,32.92491,-117.23875,SAN DIEGO,SAN DIEGO,-117.23904275,32.92480851
90604009,2017,2018-01-11,9645,2017-10-12,1510,018344,NA,4,2,7,3711,0,1,1,NA,2,030,I-15 NORTHBOUND,MIRA MESA BLVD,500,N,N,A,-,Y,NA,NA,15,NA,NA,NA,NA,NA,N,Y,4,0,3,3,A,-,03,22350,NA,N,C,C,A,A,H,-,A,D,0,NA,NA,NA,NA,Y,NA,A,07,0,0,3,0,0,0,0,0,0,-,-,32.91882,-117.11579,SAN DIEGO,SAN DIEGO,-117.11562723,32.91879451
90604740,2017,2017-11-29,9680,2017-11-22,1806,021813,NA,3,2,5,3705,0,1,3,NA,2,016,SR-67 S/B,GREENFIELD DR,528,S,N,A,-,Y,NA,NA,67,NA,NA,NA,NA,NA,S,Y,3,0,3,2,A,-,01,23152,A,N,C,C,A,A,H,-,C,D,0,NA,NA,NA,NA,Y,Y,A,01,0,1,2,0,0,0,0,0,0,-,-,32.81195,-116.9621,SAN DIEGO,EL CAJON,-116.96194955,32.81194377
90605411,2017,2017-11-29,9645,2017-09-27,0150,017270,NA,3,3,7,3711,0,1,1,NA,2,030,I-15 N/B,TED WILLIAMS PARKWAY,520,S,N,A,-,Y,NA,NA,15,NA,NA,NA,NA,NA,N,Y,3,0,1,1,A,-,01,23152,A,M,E,I,A,A,H,-,C,D,0,NA,NA,NA,NA,Y,Y,A,07,0,1,0,0,0,0,0,0,0,-,-,32.9582,-117.0995,SAN DIEGO,SAN DIEGO,-117.09919858,32.95801676
90606307,2017,2017-11-30,9680,2017-11-18,1725,019910,NA,6,2,9,3700,0,2,4,NA,1,011,HIGHWAY 8 BUSINESS,PINKARD WAY,89,E,N,A,-,N,NA,NA,NA,NA,NA,NA,NA,NA,NA,Y,3,0,2,2,A,-,08,22107,NA,N,D,C,A,A,H,-,C,D,0,NA,NA,Y,NA,Y,NA,A,07,0,2,0,0,0,0,0,0,2,-,-,32.84226,-116.88687,SAN DIEGO,UNINCORPORATED,-116.88828682,32.84182195
9060967,2020,2020-05-21,3711,2020-02-06,1325,SD7255,NA,4,5,7,3711,0,0,0,NA,0,611,MIDWAY DR,FORDHAM ST,0,NA,Y,A,-,N,NA,NA,NA,NA,NA,NA,NA,NA,NA,Y,3,0,1,2,A,-,12,21453,A,N,H,C,A,A,H,-,A,A,0,NA,NA,NA,NA,Y,NA,I,11,0,1,0,0,0,0,0,0,0,-,-,NA,NA,SAN DIEGO,SAN DIEGO,-117.21343994140624,32.75109100341797