CASE_ID,ACCIDENT_YEAR,PROC_DATE,JURIS,COLLISION_DATE,COLLISION_TIME,OFFICER_ID,REPORTING_DISTRICT,DAY_OF_WEEK,CHP_SHIFT,POPULATION,CNTY_CITY_LOC,SPECIAL_COND,BEAT_TYPE,CHP_BEAT_TYPE,CITY_DIVISION_LAPD,CHP_BEAT_CLASS,BEAT_NUMBER,PRIMARY_RD,SECONDARY_RD,DISTANCE,DIRECTION,INTERSECTION,WEATHER_1,WEATHER_2,STATE_HWY_IND,CALTRANS_COUNTY,CALTRANS_DISTRICT,STATE_ROUTE,ROUTE_SUFFIX,POSTMILE_PREFIX,POSTMILE,LOCATION_TYPE,RAMP_INTERSECTION,SIDE_OF_HWY,TOW_AWAY,COLLISION_SEVERITY,NUMBER_KILLED,NUMBER_INJURED,PARTY_COUNT,PRIMARY_COLL_FACTOR,PCF_CODE_OF_VIOL,PCF_VIOL_CATEGORY,PCF_VIOLATION,PCF_VIOL_SUBSECTION,HIT_AND_RUN,TYPE_OF_COLLISION,MVIW,PED_ACTION,ROAD_SURFACE,ROAD_COND_1,ROAD_COND_2,LIGHTING,CONTROL_DEVICE,CHP_ROAD_TYPE,PEDESTRIAN_ACCIDENT,BICYCLE_ACCIDENT,MOTORCYCLE_ACCIDENT,TRUCK_ACCIDENT,NOT_PRIVATE_PROPERTY,ALCOHOL_INVOLVED,STWD_VEHTYPE_AT_FAULT,CHP_VEHTYPE_AT_FAULT,COUNT_SEVERE_INJ,COUNT_VISIBLE_INJ,COUNT_COMPLAINT_PAIN,COUNT_PED_KILLED,COUNT_PED_INJURED,COUNT_BICYCLIST_KILLED,COUNT_BICYCLIST_INJURED,COUNT_MC_KILLED,COUNT_MC_INJURED,PRIMARY_RAMP,SECONDARY_RAMP,LATITUDE,LONGITUDE,COUNTY,CITY,POINT_X,POINT_Y
90662254,2018,2018-02-15,9680,2018-02-05,1125,017996,NA,1,1,9,3700,0,3,5,NA,2,002,ELKELTON PLACE,PARADISE VALLEY ROAD,5,S,N,A,-,N,NA,NA,NA,NA,NA,NA,NA,NA,NA,N,4,0,1,2,A,-,10,21950,A,N,G,B,B,A,H,-,A,A,0,Y,NA,NA,NA,Y,NA,A,01,0,0,1,0,1,0,0,0,0,-,-,32.70240020751953,-117.0124969482422,SAN DIEGO,UNINCORPORATED,-117.01297760009766,32.70222091674805
90662982,2018,2018-02-16,9680,2018-02-09,0635,016181,NA,5,1,9,3700,0,1,3,NA,2,027,SR-94 E/B,KENWOOD DR,1584,W,N,A,-,Y,NA,NA,94,NA,NA,NA,NA,NA,E,Y,3,0,1,1,A,-,08,22107,NA,N,E,I,A,A,H,-,A,D,0,NA,NA,NA,NA,Y,NA,A,01,0,1,0,0,0,0,0,0,0,-,-,32.74856185913086,-116.99510955810548,SAN DIEGO,UNINCORPORATED,-116.99512481689452,32.74848937988281
90663295,2018,2018-02-16,9680,2018-02-07,0823,021996,NA,3,1,5,3781,0,1,3,NA,2,015,SR-52 W/B,MISSION GORGE RD,2112,W,N,A,-,Y,NA,NA,52,NA,NA,NA,NA,NA,W,Y,3,0,1,2,A,-,07,21658,A,N,B,C,A,A,H,-,A,D,0,NA,NA,Y,NA,Y,NA,A,08,0,1,0,0,0,0,0,0,1,-,-,32.8359489440918,-117.01172637939452,SAN DIEGO,SANTEE,-117.01174926757813,32.83612060546875
90663457,2018,2018-02-16,9650,2018-02-09,1255,019126,NA,5,1,9,3700,0,2,4,NA,1,027,VALLEY CENTER ROAD,PARADISE CREEK RD,3168,S,N,A,-,N,NA,NA,NA,NA,NA,NA,NA,NA,NA,N,3,0,1,1,A,-,08,22107,NA,N,F,A,A,A,H,-,A,D,0,NA,NA,Y,NA,Y,NA,C,02,0,1,0,0,0,0,0,0,1,-,-,33.236209869384766,-116.96569061279295,SAN DIEGO,UNINCORPORATED,-116.96590423583984,33.23646926879883
90663499,2018,2018-02-19,9650,2018-02-07,2145,018406,NA,3,2,5,3712,0,1,3,NA,2,019,SR-78 W/B,NORDAHL RD,607,W,N,A,-,Y,NA,NA,78,NA,NA,NA,NA,NA,W,Y,3,0,1,2,A,-,06,21755,NA,N,B,C,A,A,H,-,C,D,0,NA,NA,NA,Y,Y,Y,A,01,0,1,0,0,0,0,0,0,0,-,-,33.13309860229492,-117.1232681274414,SAN DIEGO,SAN MARCOS,-117.12329864501952,33.1330451965332
90663672,2018,2018-02-19,9650,2018-02-16,0655,019352,NA,5,1,5,3713,0,1,3,NA,2,017,SR-78 E/B TO SYCAMORE AVE.,SYCAMORE AVE,30,W,N,A,-,Y,NA,NA,78,NA,NA,NA,R,NA,E,N,4,0,1,2,A,-,03,22350,NA,N,C,C,A,A,H,-,A,D,0,NA,NA,NA,NA,Y,NA,A,01,0,0,1,0,0,0,0,0,0,-,-,33.16682815551758,-117.21502685546876,SAN DIEGO,VISTA,-117.21502685546876,33.16682815551758
90664253,2017,2018-02-20,9645,2017-11-27,0510,021680,NA,1,3,7,3711,0,1,1,NA,2,011,I-805 NORTHBOUND,HOME AVE UNDER CROSSING,575,N,N,A,-,Y,NA,NA,805,NA,NA,NA,NA,NA,N,Y,3,0,1,2,A,-,08,22107,NA,N,B,C,A,A,H,-,C,D,0,NA,NA,NA,NA,Y,NA,A,01,0,1,0,0,0,0,0,0,0,-,-,32.72743,-117.10432,SAN DIEGO,SAN DIEGO,-117.10431315,32.72743607
90664495,2018,2018-02-20,9680,2018-02-08,1830,018801,NA,4,2,9,3700,0,1,1,NA,2,084,I-8 E/B,SR-79,2112,W,N,A,-,Y,NA,NA,8,NA,NA,NA,NA,NA,E,Y,3,0,2,2,A,-,03,22350,NA,N,C,C,A,A,H,-,D,D,0,NA,NA,NA,Y,Y,NA,A,08,0,1,1,0,0,0,0,0,0,-,-,32.83171844482422,-116.62982177734376,SAN DIEGO,UNINCORPORATED,-116.62973785400392,32.83182907104492
9066617,2020,2020-08-07,3706,2020-04-20,1659,322,ESCON,1,5,6,3706,0,0,0,NA,0,042,WASHINGTON AV,ESCONDIDO BL,51,E,N,B,-,N,NA,NA,NA,NA,NA,NA,NA,NA,NA,Y,4,0,2,2,A,-,09,21453,B,N,C,C,A,A,H,-,A,A,0,NA,NA,NA,NA,Y,NA,A,01,0,0,2,0,0,0,0,0,0,-,-,33.125728607177734,-117.08789825439452,SAN DIEGO,ESCONDIDO,-117.08778381347656,33.12575912475586
90666384,2018,2018-02-22,9680,2018-02-11,1415,018979,NA,7,2,9,3700,0,3,5,NA,2,001,LAKE JENNINGS PARK RD,JACK OAK RD,913,N,N,A,-,N,NA,NA,NA,NA,NA,NA,NA,NA,NA,Y,3,0,1,1,A,-,08,22107,NA,N,F,A,A,A,H,-,A,D,0,NA,NA,Y,NA,Y,NA,C,02,0,1,0,0,0,0,0,0,1,-,-,32.85084915161133,-116.89280700683594,SAN DIEGO,UNINCORPORATED,-116.8927764892578,32.8507194519043
90666824,2018,2018-02-22,9650,2018-02-20,1340,015803,NA,2,1,5,3782,0,1,1,NA,2,007,I-5 N/B,LEUCADIA BLVD,200,N,N,A,-,Y,NA,NA,5,NA,NA,NA,NA,NA,N,Y,4,0,1,1,A,-,08,22107,NA,N,E,I,A,A,H,-,A,D,0,NA,NA,NA,NA,Y,NA,A,01,0,0,1,0,0,0,0,0,0,-,-,33.06755065917969,-117.29280853271484,SAN DIEGO,ENCINITAS,-117.29286193847656,33.06753158569336
90668192,2018,2018-02-23,9650,2018-02-20,0605,013636,NA,2,1,6,3710,0,1,1,NA,2,005,I-5 S/B,OCEANSIDE BLVD,300,S,N,A,-,Y,NA,NA,5,NA,NA,NA,NA,NA,S,Y,4,0,1,1,A,-,03,22350,NA,N,E,I,A,A,H,-,A,D,0,NA,NA,NA,NA,Y,NA,A,01,0,0,1,0,0,0,0,0,0,-,-,33.188438415527344,-117.36074829101563,SAN DIEGO,OCEANSIDE,-117.36085510253906,33.1883544921875
90668806,2018,2018-02-26,9650,2018-02-19,1835,021698,NA,1,2,6,3706,0,1,1,NA,2,023,I-15 N/B,EL NORTE PKY,3696,S,N,C,-,Y,NA,NA,15,NA,NA,NA,NA,NA,N,Y,4,0,1,2,A,-,03,22350,NA,N,C,C,A,B,H,-,D,D,0,NA,NA,NA,NA,Y,NA,A,01,0,0,1,0,0,0,0,0,0,-,-,33.13652038574219,-117.10481262207033,SAN DIEGO,ESCONDIDO,-117.10488891601563,33.13652420043945
90668808,2018,2018-02-26,9650,2018-02-23,1445,021805,NA,5,2,9,3700,0,2,4,NA,2,061,EAST MISSION ROAD,IOWA ST,200,W,N,A,-,N,NA,NA,NA,NA,NA,NA,NA,NA,NA,Y,4,0,1,2,A,-,09,21804,A,N,B,C,A,A,H,-,A,D,0,NA,NA,NA,NA,Y,NA,D,22,0,0,1,0,0,0,0,0,0,-,-,33.38460159301758,-117.24877166748048,SAN DIEGO,UNINCORPORATED,-117.2487335205078,33.38460159301758
90670902,2017,2018-02-27,9680,2017-12-08,2115,021639,NA,5,2,9,3700,0,1,3,NA,1,040,SR-94 (CAMPO ROAD),LITTLE TECATE ROAD,1056,E,N,A,-,N,NA,NA,94,NA,NA,NA,NA,NA,NA,Y,4,0,1,1,A,-,08,22107,NA,N,E,I,A,A,H,-,D,D,0,NA,NA,NA,NA,Y,NA,A,08,0,0,1,0,0,0,0,0,0,-,-,32.61705,-116.7335,SAN DIEGO,UNINCORPORATED,-116.7335062,32.61707741
9067122,2020,2020-03-17,3706,2020-01-29,1630,1861,ESCON,3,5,6,3706,0,0,0,NA,0,042,CENTRE CITY PKWY,WASHINGTON AV,20,S,N,A,-,N,NA,NA,NA,NA,NA,NA,NA,NA,NA,N,4,0,1,2,A,-,03,22350,NA,N,C,C,A,A,H,-,A,A,0,NA,NA,NA,NA,Y,NA,A,01,0,0,1,0,0,0,0,0,0,-,-,33.12514877319336,-117.08982849121094,SAN DIEGO,ESCONDIDO,-117.08995056152344,33.12501907348633
90672058,2018,2018-02-28,9680,2018-02-24,1750,020105,NA,6,2,9,3700,0,3,5,NA,2,003,WILLOWS RD,ROWNS RD,2500,W,N,A,-,N,NA,NA,NA,NA,NA,NA,NA,NA,NA,N,4,0,1,2,A,-,08,22107,NA,N,D,A,A,A,H,-,D,D,0,NA,NA,NA,NA,Y,NA,A,07,0,0,1,0,0,0,0,0,0,-,-,32.842159271240234,-116.70191955566406,SAN DIEGO,UNINCORPORATED,-116.70191955566406,32.842159271240234
90673383,2018,2018-03-02,9645,2018-02-19,0815,020479,NA,1,1,6,3702,0,1,1,NA,2,001,I-5 S/B,E ST,795,S,N,A,-,Y,NA,NA,5,NA,NA,NA,NA,NA,S,Y,4,0,2,2,A,-,08,22107,NA,N,C,C,A,A,H,-,A,D,0,NA,NA,NA,NA,Y,NA,A,01,0,0,2,0,0,0,0,0,0,-,-,32.6375617980957,-117.09941864013672,SAN DIEGO,CHULA VISTA,-117.09938049316406,32.637577056884766
90673848,2018,2018-03-02,9650,2018-02-22,1602,017392,NA,4,2,5,3782,0,1,1,NA,2,007,I-5 S/B,LEUCADIA BLVD,1320,N,N,A,-,Y,NA,NA,5,NA,NA,NA,NA,NA,S,Y,3,0,1,2,A,-,07,21658,A,N,B,C,A,A,H,-,A,D,0,NA,NA,Y,NA,Y,NA,A,01,0,1,0,0,0,0,0,0,1,-,-,33.06890869140625,-117.29364776611328,SAN DIEGO,ENCINITAS,-117.29356384277344,33.06893539428711
90673877,2018,2018-03-02,9680,2018-02-21,1825,018801,NA,3,2,9,3700,0,2,4,NA,1,054,SUNRISE HIGHWAY,KWAAYMII POINT,3696,S,N,A,-,N,NA,NA,NA,NA,NA,NA,NA,NA,NA,Y,3,0,2,1,A,-,01,23152,A,N,F,A,A,C,H,-,D,D,0,NA,NA,NA,NA,Y,Y,A,01,0,2,0,0,0,0,0,0,0,-,-,32.92517852783203,-116.48378753662108,SAN DIEGO,UNINCORPORATED,-116.48424530029295,32.92625045776367
90674073,2018,2018-03-05,9650,2018-02-24,0138,015868,NA,6,3,5,3782,0,1,1,NA,2,007,INTERSTATE 5 (S/B),LA COSTA AVE,50,S,N,A,-,Y,NA,NA,5,NA,NA,NA,NA,NA,NA,Y,4,0,1,1,A,-,01,23152,A,N,E,I,A,A,H,-,D,D,0,NA,NA,NA,NA,Y,Y,A,07,0,0,1,0,0,0,0,0,0,-,-,33.08396911621094,-117.29808044433594,SAN DIEGO,ENCINITAS,-117.29816436767578,33.08393096923828
90676154,2018,2018-03-06,9650,2018-03-01,1425,020966,NA,4,2,9,3700,0,3,5,NA,2,006,DE LUZ RD,SANDIA CREEK DR,1050,W,N,A,-,N,NA,NA,NA,NA,NA,NA,NA,NA,NA,Y,4,0,1,1,A,-,08,22107,NA,N,F,A,A,A,H,-,A,D,0,NA,NA,NA,NA,Y,NA,A,01,0,0,1,0,0,0,0,0,0,-,-,33.40222930908203,-117.2532196044922,SAN DIEGO,UNINCORPORATED,-117.25306701660156,33.402156829833984
90676733,2018,2018-03-07,9680,2018-02-24,0920,016181,NA,6,1,5,3781,0,1,3,NA,2,016,SR-67 S/B,WOODSIDE AVE,10,S,N,A,-,Y,NA,NA,67,NA,NA,NA,NA,NA,S,Y,4,0,1,2,A,-,03,22350,NA,N,C,C,A,A,H,-,A,D,0,NA,NA,NA,NA,Y,NA,D,22,0,0,1,0,0,0,0,0,0,-,-,32.841670989990234,-116.96150207519533,SAN DIEGO,SANTEE,-116.96144104003906,32.841644287109375
90678538,2018,2018-03-09,9650,2018-03-03,0040,015868,NA,6,3,5,3782,0,1,1,NA,2,007,INTERSTATE 5 (N/B),BIRMINGHAM DR,850,S,N,B,C,Y,NA,NA,5,NA,NA,NA,NA,NA,NA,Y,4,0,1,1,A,-,03,22350,NA,N,E,I,A,B,H,-,D,D,0,NA,NA,NA,NA,Y,NA,A,01,0,0,1,0,0,0,0,0,0,-,-,33.024169921875,-117.27362060546876,SAN DIEGO,ENCINITAS,-117.27373504638672,33.02413558959961
90679272,2018,2018-03-12,9650,2018-03-04,1706,020966,NA,7,2,5,3782,0,1,1,NA,2,007,I-5 S/B FROM ENCINITAS BLVD,ENCINITAS BLVD,5,S,N,A,-,Y,NA,NA,5,NA,NA,NA,R,NA,S,N,4,0,1,2,A,-,03,22350,NA,N,G,B,B,A,H,-,A,A,0,Y,NA,NA,NA,Y,NA,A,07,0,0,1,0,1,0,0,0,0,-,-,33.04835891723633,-117.28822326660156,SAN DIEGO,ENCINITAS,-117.28822326660156,33.04835891723633
90682431,2018,2018-03-15,9650,2018-03-08,1925,019270,NA,4,2,9,3700,0,1,1,NA,2,022,I-15 N/B,RAINBOW VALLEY BLVD,2112,S,N,A,-,Y,NA,NA,15,NA,NA,NA,NA,NA,N,Y,4,0,1,3,A,-,03,22350,NA,N,C,C,A,A,H,-,C,D,0,NA,NA,NA,NA,Y,NA,D,22,0,0,1,0,0,0,0,0,0,-,-,33.42573165893555,-117.15090942382813,SAN DIEGO,UNINCORPORATED,-117.1507568359375,33.425594329833984
90682825,2018,2018-03-15,9645,2018-01-31,2050,017529,NA,3,2,7,3711,0,1,1,NA,2,021,SR-15 SOUTHBOUND,UNIVERSITY AVE,300,N,N,A,-,Y,NA,NA,15,NA,NA,NA,NA,NA,S,Y,3,0,1,2,A,-,08,22107,NA,N,D,C,A,A,H,-,C,D,0,NA,NA,NA,NA,Y,NA,A,01,0,1,0,0,0,0,0,0,0,-,-,32.754539489746094,-117.10894775390624,SAN DIEGO,SAN DIEGO,-117.10897827148438,32.754539489746094
90683183,2018,2018-03-15,9645,2018-02-27,0521,016409,NA,2,3,7,3711,0,1,1,NA,2,003,I-5 S/B FROM E STREET,F STREET O/C,220,N,N,B,-,Y,NA,NA,5,NA,NA,NA,R,NA,S,Y,4,0,1,1,A,-,03,22350,NA,N,E,I,A,B,H,-,C,D,0,NA,NA,NA,NA,Y,NA,D,22,0,0,1,0,0,0,0,0,0,-,-,32.714351654052734,-117.1482162475586,SAN DIEGO,SAN DIEGO,-117.1482162475586,32.714351654052734
9068429,2020,2020-07-16,3711,2020-04-30,1545,SD7141,NA,4,5,7,3711,0,0,0,NA,0,115,CAMPUS POINT DR,CAMPUS POINT DR 10200,0,NA,Y,A,-,N,NA,NA,NA,NA,NA,NA,NA,NA,NA,Y,4,0,1,2,B,-,22,NA,NA,N,B,E,A,A,H,-,A,D,0,NA,NA,NA,NA,Y,NA,A,01,0,0,1,0,0,0,0,0,0,-,-,NA,NA,SAN DIEGO,SAN DIEGO,NA,NA
90684673,2018,2018-03-19,9680,2018-03-07,1940,020116,NA,3,2,9,3700,0,3,5,NA,2,002,HELIX ST,ROSEDALE DR,388,S,N,A,-,N,NA,NA,NA,NA,NA,NA,NA,NA,NA,N,2,0,1,1,C,-,18,NA,NA,N,H,A,A,A,H,-,D,D,0,NA,NA,NA,NA,Y,NA,-,-,1,0,0,0,0,0,0,0,0,-,-,32.73522186279297,-117.00090026855467,SAN DIEGO,UNINCORPORATED,-117.00079345703124,32.73540115356445
90684732,2018,2018-03-19,9645,2018-03-07,1430,016864,NA,3,2,7,3711,0,1,3,NA,2,012,SR-52 W/B,GENESEE AVENUE,900,E,N,A,-,Y,NA,NA,52,NA,NA,NA,NA,NA,W,Y,4,0,3,3,A,-,03,22350,NA,N,C,C,A,A,H,-,A,D,0,NA,NA,NA,NA,Y,NA,A,01,0,0,3,0,0,0,0,0,0,-,-,32.846561431884766,-117.19978332519533,SAN DIEGO,SAN DIEGO,-117.19979095458984,32.84649658203125
90685989,2018,2018-03-20,9645,2018-03-09,0018,020623,NA,5,3,7,3711,0,1,1,NA,2,005,I-5 SOUTHBOUND,ROSECRANS STREET,300,S,N,A,-,Y,NA,NA,5,NA,NA,NA,NA,NA,S,Y,3,0,3,2,A,-,08,22107,NA,N,E,I,A,A,H,-,D,D,0,NA,NA,NA,NA,Y,Y,A,01,0,3,0,0,0,0,0,0,0,-,-,32.75428009033203,-117.20099639892578,SAN DIEGO,SAN DIEGO,-117.20102691650392,32.754241943359375
90686374,2018,2018-03-21,9680,2018-03-14,0929,015061,NA,3,1,5,3705,0,1,1,NA,2,082,I-8 W/B,MOLLISON AVE.,155,E,N,B,C,Y,NA,NA,8,NA,NA,NA,NA,NA,W,Y,2,0,4,3,A,-,03,22350,NA,N,C,C,A,B,H,-,A,D,0,NA,NA,NA,NA,Y,NA,A,01,2,1,1,0,0,0,0,0,0,-,-,32.80324172973633,-116.95015716552734,SAN DIEGO,EL CAJON,-116.95015716552734,32.80316162109375
90686543,2018,2018-03-21,9645,2018-03-09,1300,016766,NA,5,1,7,3711,0,1,1,NA,2,017,I-15 S/B,MIRA MESA BLVD.,1320,N,N,A,-,Y,NA,NA,15,NA,NA,NA,NA,NA,S,Y,3,0,1,1,C,-,18,NA,NA,N,E,J,A,A,H,-,A,D,0,NA,NA,NA,NA,Y,NA,-,-,0,1,0,0,0,0,0,0,0,-,-,32.924591064453125,-117.11492156982422,SAN DIEGO,SAN DIEGO,-117.11499786376952,32.92460632324219
90687113,2018,2018-03-21,9645,2018-03-11,1500,020180,NA,7,2,7,3711,0,1,1,NA,2,017,I-15 N/B,AMMO RD,528,S,N,B,-,Y,NA,NA,15,NA,NA,NA,NA,NA,N,N,4,0,1,2,A,-,07,21658,A,F,B,C,A,A,H,-,A,D,0,NA,NA,NA,NA,Y,NA,-,99,0,0,1,0,0,0,0,0,0,-,-,32.87345886230469,-117.10678863525392,SAN DIEGO,SAN DIEGO,-117.10691833496094,32.87346649169922
90688471,2018,2018-03-23,9680,2018-03-16,1505,021859,NA,5,2,9,3700,0,1,3,NA,1,022,SR-54 (JAMACHA RD.),HILLSDALE RD.,5,S,N,A,-,N,NA,NA,54,NA,NA,NA,NA,NA,NA,N,4,0,1,2,A,-,09,21453,B,N,D,G,A,A,H,-,A,A,0,NA,Y,NA,NA,Y,NA,A,01,0,0,1,0,0,0,1,0,0,-,-,32.76197814941406,-116.92784881591795,SAN DIEGO,UNINCORPORATED,-116.92788696289063,32.76197814941406
90689022,2018,2018-03-26,9645,2018-03-13,0027,021231,NA,2,3,7,3711,0,1,1,NA,2,027,I-15 N/B,FRIARS RD.,1500,S,N,A,-,Y,NA,NA,15,NA,NA,NA,NA,NA,N,Y,4,0,1,1,A,-,08,22107,NA,N,E,I,A,A,H,-,C,D,0,NA,NA,NA,NA,Y,NA,A,01,0,0,1,0,0,0,0,0,0,-,-,32.782630920410156,-117.11360931396484,SAN DIEGO,SAN DIEGO,-117.11357879638672,32.78263854980469
90689125,2018,2018-03-26,9650,2018-03-22,2205,019549,NA,4,3,5,3701,0,1,1,NA,2,005,I-5 N/B,POINSETTIA LN,1000,S,N,C,-,Y,NA,NA,5,NA,NA,NA,NA,NA,N,Y,4,0,1,1,A,-,08,22107,NA,N,E,I,A,B,H,-,D,D,0,NA,NA,NA,NA,Y,NA,A,01,0,0,1,0,0,0,0,0,0,-,-,33.0977897644043,-117.3068389892578,SAN DIEGO,CARLSBAD,-117.30677795410156,33.09783172607422
90689127,2018,2018-03-26,9650,2018-03-23,1645,019270,NA,5,2,5,3782,0,1,1,NA,2,007,I-5 N/B,LA COSTA AVE,300,S,N,A,-,Y,NA,NA,5,NA,NA,NA,NA,NA,N,Y,4,0,1,2,A,-,03,22350,NA,N,C,C,A,A,H,-,A,D,0,NA,NA,NA,NA,Y,NA,A,01,0,0,1,0,0,0,0,0,0,-,-,33.08319854736328,-117.29769897460938,SAN DIEGO,ENCINITAS,-117.29759216308594,33.08323669433594
90695436,2018,2018-03-30,9645,2018-03-20,1027,016766,NA,2,1,7,3711,0,1,3,NA,2,023,I-5 N/B,I-805,1320,N,N,A,-,Y,NA,NA,5,NA,NA,NA,NA,NA,N,Y,4,0,1,1,A,-,01,23152,A,N,E,I,A,A,H,-,A,D,0,NA,NA,NA,NA,Y,NA,A,01,0,0,1,0,0,0,0,0,0,-,-,32.90837860107422,-117.22588348388672,SAN DIEGO,SAN DIEGO,-117.225830078125,32.908424377441406
90695476,2018,2018-03-30,9645,2018-03-20,1545,017270,NA,2,2,7,3711,0,1,1,NA,2,015,I-805 S/B FROM BALBOA AVE E/B,BALBOA AVE.,75,N,N,A,-,Y,NA,NA,NA,NA,NA,NA,NA,NA,NA,Y,4,0,1,2,A,-,03,22350,NA,N,C,C,A,A,H,-,A,A,0,NA,NA,NA,NA,Y,NA,A,01,0,0,1,0,0,0,0,0,0,-,-,32.76639938354492,-117.65830230712892,SAN DIEGO,SAN DIEGO,-117.16272735595705,32.82197189331055
9069566,2020,2020-07-03,3711,2020-03-21,2054,SD6967,NA,6,5,7,3711,0,0,0,NA,0,451,NUTMEG ST,AARON CT,24,N,N,A,-,N,NA,NA,NA,NA,NA,NA,NA,NA,NA,Y,2,0,1,2,A,-,05,21460,A,M,A,E,A,A,H,-,D,D,0,NA,NA,NA,NA,Y,NA,A,01,1,0,0,0,0,0,0,0,0,-,-,NA,NA,SAN DIEGO,SAN DIEGO,-117.08345794677734,32.73326110839844
90695803,2018,2018-03-30,9680,2018-03-21,1630,018427,NA,3,2,5,3708,0,1,1,NA,2,081,I-8 E/B FROM ALVARADO RD,ALVARADO RD,120,N,N,A,-,Y,NA,NA,8,NA,NA,NA,R,NA,E,N,4,0,1,2,A,-,03,22350,NA,N,C,C,A,A,H,-,A,A,0,NA,NA,NA,NA,Y,NA,A,07,0,0,1,0,0,0,0,0,0,-,-,32.772918701171875,-117.02974700927734,SAN DIEGO,LA MESA,-117.02974700927734,32.772918701171875
90695892,2018,2018-04-02,9650,2018-03-15,2235,016103,NA,4,3,9,3700,0,3,5,NA,2,170,BUENA CREEK RD,SUGARBUSH DR,0,NA,Y,A,-,N,NA,NA,NA,NA,NA,NA,NA,NA,NA,Y,4,0,1,2,A,-,08,22107,NA,N,B,C,A,A,H,-,C,D,0,NA,NA,NA,NA,Y,NA,D,22,0,0,1,0,0,0,0,0,0,-,-,33.19029998779297,-117.18894958496094,SAN DIEGO,UNINCORPORATED,-117.18890380859376,33.190269470214844
90696531,2018,2018-04-02,9650,2018-01-13,1927,017392,NA,6,2,9,3700,0,3,5,NA,2,006,VIA MONSERATE,LA CANADA RD,529,W,N,A,-,N,NA,NA,NA,NA,NA,NA,NA,NA,NA,Y,1,1,0,1,A,-,08,22107,NA,N,E,I,A,A,H,-,C,D,0,NA,NA,NA,NA,Y,NA,A,01,0,0,0,0,0,0,0,0,0,-,-,33.31760025024414,-117.21880340576172,SAN DIEGO,UNINCORPORATED,-117.2191925048828,33.31760025024414
90696704,2018,2018-04-02,9680,2018-03-22,2130,019555,NA,4,2,9,3700,0,2,4,NA,1,010,WOODSIDE AVE,CACTUS STREET,30,E,N,B,-,N,NA,NA,NA,NA,NA,NA,NA,NA,NA,Y,4,0,1,2,A,-,09,21804,A,N,D,C,A,B,H,-,C,D,0,NA,NA,NA,NA,Y,NA,A,01,0,0,1,0,0,0,0,0,0,-,-,32.85707092285156,-116.92292785644533,SAN DIEGO,UNINCORPORATED,-116.92290496826172,32.85715103149414
90698838,2018,2018-04-04,9680,2018-03-26,1530,017717,NA,1,2,9,3700,0,2,4,NA,1,010,WOODSIDE AVE,SHAMROCK LN,40,W,N,A,-,N,NA,NA,NA,NA,NA,NA,NA,NA,NA,N,4,0,1,2,A,-,09,21801,A,N,D,G,A,A,H,-,A,A,0,NA,Y,NA,NA,Y,NA,A,01,0,0,1,0,0,0,1,0,0,-,-,32.856231689453125,-116.92849731445313,SAN DIEGO,UNINCORPORATED,-116.92859649658205,32.85640335083008
90698898,2018,2018-04-04,9680,2018-03-26,1650,017717,NA,1,2,9,3700,0,2,4,NA,1,013,WILDCAT CANYON RD,FOUNDERS WAY,1637,N,N,C,-,N,NA,NA,NA,NA,NA,NA,NA,NA,NA,Y,3,0,2,1,A,-,03,22350,NA,N,E,I,A,B,H,-,A,A,0,NA,NA,NA,NA,Y,NA,A,01,0,1,1,0,0,0,0,0,0,-,-,32.938899993896484,-116.86734008789063,SAN DIEGO,UNINCORPORATED,-116.86725616455078,32.93907165527344
90701081,2018,2018-04-09,9645,2018-03-28,2218,020715,NA,3,3,7,3711,0,1,1,NA,2,009,I-805 SB TO PALM AVE,PALM AVE,50,N,N,A,-,Y,NA,NA,805,NA,NA,NA,R,NA,S,Y,4,0,1,2,A,-,03,22350,NA,N,C,C,A,A,H,-,C,A,0,NA,NA,NA,NA,Y,NA,A,01,0,0,1,0,0,0,0,0,0,-,-,32.58409881591797,-117.03790283203124,SAN DIEGO,SAN DIEGO,-117.03790283203124,32.58409881591797
90701282,2018,2018-04-09,9645,2018-03-10,2220,020867,NA,6,3,7,3711,0,1,1,NA,2,007,I-5 NB,VIA DE LA VALLE,1000,S,N,C,-,Y,NA,NA,NA,NA,NA,NA,NA,NA,NA,Y,4,0,1,2,A,-,03,22350,NA,N,C,C,A,A,H,-,C,D,0,NA,NA,NA,NA,Y,NA,A,07,0,0,1,0,0,0,0,0,0,-,-,37.98772048950195,-117.25521087646484,SAN DIEGO,SAN DIEGO,-117.25203704833984,32.977394104003906