CASE_ID,ACCIDENT_YEAR,PROC_DATE,JURIS,COLLISION_DATE,COLLISION_TIME,OFFICER_ID,REPORTING_DISTRICT,DAY_OF_WEEK,CHP_SHIFT,POPULATION,CNTY_CITY_LOC,SPECIAL_COND,BEAT_TYPE,CHP_BEAT_TYPE,CITY_DIVISION_LAPD,CHP_BEAT_CLASS,BEAT_NUMBER,PRIMARY_RD,SECONDARY_RD,DISTANCE,DIRECTION,INTERSECTION,WEATHER_1,WEATHER_2,STATE_HWY_IND,CALTRANS_COUNTY,CALTRANS_DISTRICT,STATE_ROUTE,ROUTE_SUFFIX,POSTMILE_PREFIX,POSTMILE,LOCATION_TYPE,RAMP_INTERSECTION,SIDE_OF_HWY,TOW_AWAY,COLLISION_SEVERITY,NUMBER_KILLED,NUMBER_INJURED,PARTY_COUNT,PRIMARY_COLL_FACTOR,PCF_CODE_OF_VIOL,PCF_VIOL_CATEGORY,PCF_VIOLATION,PCF_VIOL_SUBSECTION,HIT_AND_RUN,TYPE_OF_COLLISION,MVIW,PED_ACTION,ROAD_SURFACE,ROAD_COND_1,ROAD_COND_2,LIGHTING,CONTROL_DEVICE,CHP_ROAD_TYPE,PEDESTRIAN_ACCIDENT,BICYCLE_ACCIDENT,MOTORCYCLE_ACCIDENT,TRUCK_ACCIDENT,NOT_PRIVATE_PROPERTY,ALCOHOL_INVOLVED,STWD_VEHTYPE_AT_FAULT,CHP_VEHTYPE_AT_FAULT,COUNT_SEVERE_INJ,COUNT_VISIBLE_INJ,COUNT_COMPLAINT_PAIN,COUNT_PED_KILLED,COUNT_PED_INJURED,COUNT_BICYCLIST_KILLED,COUNT_BICYCLIST_INJURED,COUNT_MC_KILLED,COUNT_MC_INJURED,PRIMARY_RAMP,SECONDARY_RAMP,LATITUDE,LONGITUDE,COUNTY,CITY,POINT_X,POINT_Y
9113797,2020,2020-11-02,3710,2020-05-26,1435,OC1236,NA,2,5,6,3710,0,0,0,NA,0,021,COLLEGE BL,VIA CUPENO,14,S,N,A,-,N,NA,NA,NA,NA,NA,NA,NA,NA,NA,N,4,0,1,2,A,-,10,21950,A,N,G,B,B,A,H,-,A,A,0,Y,NA,NA,NA,Y,NA,A,07,0,0,1,0,1,0,0,0,0,-,-,NA,NA,SAN DIEGO,OCEANSIDE,-117.29119110107422,33.2468376159668
91138289,2019,2019-12-10,9650,2019-12-02,1640,021435,NA,1,2,9,3700,0,3,5,NA,2,070,LA NORIA,LA BAJADA,10,W,N,B,-,N,NA,NA,NA,NA,NA,NA,NA,NA,NA,Y,3,0,1,2,A,-,03,22350,NA,N,C,C,A,A,H,-,D,D,0,NA,NA,NA,NA,Y,NA,A,01,0,1,0,0,0,0,0,0,0,-,-,33.030189514160156,-117.23258209228516,SAN DIEGO,UNINCORPORATED,-117.23263549804688,33.03031539916992
91141423,2019,2019-12-11,9645,2019-12-01,1920,016779,NA,7,2,7,3711,0,1,1,NA,2,021,SR-15 (N/B) TO ADAMS AVE.,ADAMS AVE.,100,S,N,B,-,Y,NA,NA,15,NA,NA,NA,R,NA,NA,Y,4,0,1,3,A,-,03,22350,NA,N,C,C,A,A,H,-,C,A,0,NA,NA,NA,NA,Y,NA,D,22,0,0,1,0,0,0,0,0,0,-,-,32.76313018798828,-117.10870361328124,SAN DIEGO,SAN DIEGO,-117.10870361328124,32.76313018798828
91141486,2019,2019-12-11,9680,2019-12-01,1525,019936,NA,7,2,9,3700,0,1,3,NA,1,090,SR-67 (MAIN ST),13TH ST,0,NA,Y,A,-,Y,NA,NA,67,NA,NA,NA,NA,NA,NA,Y,4,0,1,2,A,-,09,21801,A,N,D,C,A,A,H,-,A,D,0,NA,NA,NA,NA,Y,NA,A,07,0,0,1,0,0,0,0,0,0,-,-,33.0394401550293,-116.87344360351563,SAN DIEGO,UNINCORPORATED,-116.87339782714844,33.03935623168945
91142315,2019,2019-12-12,9680,2019-12-02,0815,016102,NA,1,1,9,3700,0,1,1,NA,2,086,INTERSTATE 8 WESTBOUND,LA POSTA TRUCK TRAIL,5808,E,N,A,-,Y,NA,NA,8,NA,NA,NA,NA,NA,W,Y,2,0,2,1,A,-,08,22107,NA,N,F,A,A,A,H,-,A,D,0,NA,NA,NA,NA,Y,NA,A,07,2,0,0,0,0,0,0,0,0,-,-,32.72734832763672,-116.41261291503906,SAN DIEGO,UNINCORPORATED,-116.41259765625,32.7274284362793
91142392,2019,2020-01-14,9650,2019-10-19,0550,016103,NA,6,3,9,3700,0,1,3,NA,2,065,SR-76 W/B,VIA MONSERATE,1197,W,N,A,-,Y,NA,NA,76,NA,NA,NA,NA,NA,W,N,2,0,1,2,A,-,08,22107,NA,F,G,B,E,A,H,-,C,D,0,Y,NA,NA,NA,Y,NA,A,01,1,0,0,0,1,0,0,0,0,-,-,33.308231353759766,-117.20733642578124,SAN DIEGO,UNINCORPORATED,-117.20732879638672,33.3082160949707
9114257,2020,2020-09-14,3701,2020-06-17,1929,CB5547,001,3,5,5,3701,0,0,0,NA,0,001,CARLSBAD BL,CHRISTIANSEN WY,0,NA,Y,A,-,N,NA,NA,NA,NA,NA,NA,NA,NA,NA,NA,3,0,1,2,A,-,08,22107,NA,N,D,G,A,A,H,-,B,D,0,NA,Y,NA,NA,Y,Y,A,07,0,1,0,0,0,0,1,0,0,-,-,NA,NA,SAN DIEGO,CARLSBAD,-117.35250091552734,33.15999984741211
91142869,2019,2020-01-08,9645,2019-12-03,0650,016018,NA,2,1,7,3711,0,1,1,NA,2,017,I-15 SOUTHBOUND,TED WILLIAMS PARKWAY,3168,S,N,B,-,Y,NA,NA,15,NA,NA,NA,NA,NA,S,Y,4,0,1,3,A,-,08,22107,NA,N,D,C,A,A,H,-,A,D,0,NA,NA,NA,NA,Y,NA,A,07,0,0,1,0,0,0,0,0,0,-,-,32.95586013793945,-117.10115051269533,SAN DIEGO,SAN DIEGO,-117.10115051269533,32.95586013793945
91146010,2019,2019-12-18,9680,2019-12-06,1455,021805,NA,5,2,9,3700,0,1,3,NA,1,024,SR-94,OTAY LAKES RD,0,NA,Y,B,-,Y,NA,NA,94,NA,NA,NA,NA,NA,NA,Y,3,0,2,2,A,-,12,22450,A,N,D,C,A,A,H,-,A,A,0,NA,NA,NA,NA,Y,NA,A,01,0,1,1,0,0,0,0,0,0,-,-,32.6679801940918,-116.82343292236328,SAN DIEGO,UNINCORPORATED,-116.82341766357422,32.66801452636719
91146326,2019,2019-12-18,9680,2019-12-07,1040,016181,NA,6,1,9,3700,0,1,1,NA,2,085,I-8 W/B,CORTE MADERA RD,200,W,N,B,C,Y,NA,NA,8,NA,NA,NA,NA,NA,W,Y,4,0,1,1,A,-,03,22350,NA,N,F,A,A,B,H,-,A,D,0,NA,NA,NA,NA,Y,NA,A,01,0,0,1,0,0,0,0,0,0,-,-,32.818939208984375,-116.54051208496094,SAN DIEGO,UNINCORPORATED,-116.54049682617188,32.81877899169922
91147117,2019,2019-12-19,9645,2019-12-09,1553,019241,NA,1,2,7,3711,0,1,1,NA,2,021,SR-15 S/B TO I-805 S/B,WIGHTMAN STREET,4224,S,N,B,-,Y,NA,NA,15,NA,NA,NA,R,NA,S,N,4,0,1,3,A,-,03,22350,NA,N,C,C,A,A,H,-,A,D,0,NA,NA,NA,NA,Y,NA,A,01,0,0,1,0,0,0,0,0,0,-,-,32.73571014404297,-117.11459350585938,SAN DIEGO,SAN DIEGO,-117.11459350585938,32.73571014404297
91149199,2019,2019-12-20,9650,2019-12-16,1056,015446,NA,1,1,9,3700,0,3,5,NA,2,006,AMMUNITION ROAD,ALTURAS ROAD,145,W,N,A,-,N,NA,NA,NA,NA,NA,NA,NA,NA,NA,Y,3,0,1,5,A,-,08,22107,NA,N,B,E,A,A,H,-,A,D,0,NA,NA,NA,NA,Y,NA,A,07,0,1,0,0,0,0,0,0,0,-,-,33.37104034423828,-117.25852966308594,SAN DIEGO,UNINCORPORATED,-117.25836944580078,33.3709831237793
91150464,2019,2019-12-23,9645,2019-11-18,1721,020997,NA,1,2,7,3711,0,1,1,NA,2,001,I-5 N/B,DIVISION STREET,300,S,N,A,-,Y,NA,NA,5,NA,NA,NA,NA,NA,N,N,4,0,1,2,A,-,03,22350,NA,N,C,C,A,A,H,-,C,D,0,NA,NA,NA,NA,Y,NA,A,01,0,0,1,0,0,0,0,0,0,-,-,32.68169021606445,-117.1106414794922,SAN DIEGO,SAN DIEGO,-117.11072540283205,32.68165588378906
9115300,2020,2020-09-01,3701,2020-06-09,1128,CB5494,104,2,5,5,3701,0,0,0,NA,0,008,EL CAMINO CT,AVIARA PKWY,0,NA,Y,A,-,N,NA,NA,NA,NA,NA,NA,NA,NA,NA,Y,3,0,1,4,A,-,12,21453,A,N,D,D,A,A,H,-,A,A,0,NA,NA,NA,NA,Y,NA,A,01,0,1,0,0,0,0,0,0,0,-,-,NA,NA,SAN DIEGO,CARLSBAD,-117.2666,33.10234
91153217,2019,2019-12-26,9645,2019-12-10,2019,020180,NA,2,2,7,3711,0,1,1,NA,2,015,I-805 S/B FROM BALBOA AVENUE W/B,BALBOA AVE,644,S,N,A,-,Y,NA,NA,805,NA,NA,NA,R,NA,S,Y,3,0,1,3,A,-,01,23152,A,N,B,C,A,A,H,-,C,D,0,NA,NA,NA,NA,Y,Y,A,01,0,1,0,0,0,0,0,0,0,-,-,32.819950103759766,-117.16175079345705,SAN DIEGO,SAN DIEGO,-117.16175079345705,32.819950103759766
9115352,2020,2020-10-29,3711,2020-05-27,1358,SD7903,NA,3,5,7,3711,0,0,0,NA,0,438,REO DR,CUMBERLAND ST,30,S,N,A,-,N,NA,NA,NA,NA,NA,NA,NA,NA,NA,N,3,0,2,2,A,-,09,21800,C,N,B,C,A,A,H,-,A,D,0,NA,NA,NA,NA,Y,Y,-,NA,0,1,1,0,0,0,0,0,0,-,-,NA,NA,SAN DIEGO,SAN DIEGO,-117.06430816650392,32.67520523071289
91154157,2019,2019-12-27,9650,2019-12-17,1530,020673,NA,2,2,9,3700,1,1,3,NA,2,065,SR-76 EASTBOUND,I-15,275,W,N,A,-,Y,NA,NA,76,NA,NA,NA,NA,NA,E,Y,4,0,2,3,A,-,03,22350,NA,N,C,C,A,A,H,-,A,D,0,NA,NA,NA,NA,Y,NA,D,22,0,0,2,0,0,0,0,0,0,-,-,33.330078125,-117.1602020263672,SAN DIEGO,UNINCORPORATED,-117.16033935546876,33.330230712890625
91154443,2019,2019-12-30,9650,2019-12-20,1430,014886,NA,5,2,9,3700,0,1,1,NA,2,003,I-5 S/B,WIRE MOUNTAIN RD,100,N,N,A,-,Y,NA,NA,5,NA,NA,NA,NA,NA,S,Y,4,0,1,2,A,-,03,22350,NA,N,C,C,A,A,H,-,A,D,0,NA,NA,NA,NA,Y,NA,A,07,0,0,1,0,0,0,0,0,0,-,-,33.21641159057617,-117.39041137695313,SAN DIEGO,UNINCORPORATED,-117.39051055908205,33.21638107299805
91155505,2019,2019-12-30,9680,2019-12-18,1720,020951,NA,3,2,9,3700,0,2,4,NA,1,029,SWEETWATER SPRINGS BLVD,ROTHGARD RD,150,S,N,A,-,N,NA,NA,NA,NA,NA,NA,NA,NA,NA,Y,4,0,1,2,A,-,03,22350,NA,N,C,C,A,A,H,-,C,A,0,NA,NA,NA,NA,Y,NA,A,01,0,0,1,0,0,0,0,0,0,-,-,32.738609313964844,-116.97251129150392,SAN DIEGO,UNINCORPORATED,-116.9723892211914,32.738643646240234
91155699,2019,2019-12-30,9650,2019-12-23,0620,018840,NA,1,1,5,3782,0,1,1,NA,2,007,I-5 N/B,BIRMINGHAM DR,1320,S,N,B,C,Y,NA,NA,5,NA,NA,NA,NA,NA,N,N,4,0,1,1,A,-,08,22107,NA,N,E,I,A,B,D,-,D,D,0,NA,NA,NA,NA,Y,NA,A,01,0,0,1,0,0,0,0,0,0,-,-,33.0212516784668,-117.27311706542967,SAN DIEGO,ENCINITAS,-117.27310943603516,33.0212516784668
91155913,2019,2019-12-30,9680,2019-12-18,1510,020780,NA,3,2,9,3700,0,1,3,NA,1,040,SR-94,ROMO RD,930,W,N,A,-,Y,NA,NA,94,NA,NA,NA,NA,NA,NA,Y,3,0,1,1,A,-,08,22107,NA,N,E,I,A,A,H,-,A,D,0,NA,NA,NA,NA,Y,NA,A,01,0,1,0,0,0,0,0,0,0,-,-,32.62356948852539,-116.75019073486328,SAN DIEGO,UNINCORPORATED,-116.75017547607422,32.62362289428711
9115731,2020,2020-08-26,3703,2020-06-11,1909,1387,NA,4,5,3,3703,0,0,0,NA,0,NA,1ST ST,F AV,6,N,N,A,-,N,NA,NA,NA,NA,NA,NA,NA,NA,NA,N,3,0,1,2,A,-,09,21801,A,N,B,G,A,A,H,-,A,D,0,NA,Y,NA,NA,Y,NA,A,01,0,1,0,0,0,0,1,0,0,-,-,NA,NA,SAN DIEGO,CORONADO,-117.17572784423828,32.70018768310547
91158665,2019,2020-02-28,9680,2019-10-31,2317,020884,NA,4,3,5,3708,0,1,1,NA,2,081,INTERSTATE 8 W/B FROM SEVERIN DRIVE,SEVERIN DRIVE,1584,W,N,A,-,Y,NA,NA,8,NA,NA,NA,R,NA,W,Y,1,1,2,1,A,-,03,22350,NA,F,E,I,A,A,H,-,C,A,0,NA,NA,Y,NA,Y,Y,C,02,0,2,0,0,0,0,0,1,2,-,-,32.77920150756836,-117.0024185180664,SAN DIEGO,LA MESA,-117.0024185180664,32.77920150756836
91159902,2019,2020-01-06,9650,2019-12-30,1145,018840,NA,1,1,5,3782,0,1,1,NA,2,007,I-5 S/B,LEUCADIA BLVD,528,N,N,B,-,Y,NA,NA,5,NA,NA,NA,NA,NA,S,Y,4,0,2,4,A,-,03,22350,NA,F,C,C,A,A,D,-,A,D,0,NA,NA,NA,NA,Y,NA,A,01,0,0,2,0,0,0,0,0,0,-,-,33.06700134277344,-117.29293823242188,SAN DIEGO,ENCINITAS,-117.29297637939452,33.06698989868164
91160725,2019,2020-01-07,9645,2019-12-26,0515,021731,NA,4,3,7,3711,0,1,1,NA,2,015,I-805 S/B,BALBOA AVE,1500,S,N,C,-,Y,NA,NA,805,NA,NA,NA,NA,NA,S,Y,4,0,1,1,A,-,03,22350,NA,N,F,A,A,B,H,-,D,D,0,NA,NA,NA,NA,Y,NA,A,07,0,0,1,0,0,0,0,0,0,-,-,32.817588806152344,-117.16043090820313,SAN DIEGO,SAN DIEGO,-117.16027069091795,32.81767272949219
91160993,2019,2020-01-07,9645,2019-12-26,1700,016061,NA,4,2,9,3700,0,1,3,NA,2,031,SR-125 N/B,SR-54 E/B,2070,S,N,A,-,Y,NA,NA,NA,NA,NA,NA,NA,NA,NA,Y,2,0,1,1,A,-,08,22107,NA,N,E,I,A,A,H,-,D,D,0,NA,NA,NA,NA,Y,NA,A,01,1,0,0,0,0,0,0,0,0,-,-,32.68500900268555,-117.01447296142578,SAN DIEGO,UNINCORPORATED,NA,NA
91161025,2019,2020-01-07,9680,2019-12-26,0800,016535,NA,4,1,9,3700,0,1,3,NA,1,040,SR-94 W/B,RANCHO JAMUL DR,1056,W,N,C,-,Y,NA,NA,94,NA,NA,NA,NA,NA,W,N,4,0,3,2,A,-,03,22350,NA,N,C,C,A,B,F,-,A,D,0,NA,NA,NA,NA,Y,NA,A,07,0,0,3,0,0,0,0,0,0,-,-,32.697261810302734,-116.86116027832033,SAN DIEGO,UNINCORPORATED,-116.86118316650392,32.69723892211914
91164530,2020,2020-01-13,9645,2020-01-02,0948,020561,NA,4,1,7,3711,0,1,1,NA,2,001,SR-94 W/B TO SR-15 S/B,SR-15,485,W,N,A,-,Y,NA,NA,94,NA,NA,NA,R,NA,W,Y,4,0,2,2,A,-,03,22350,NA,N,B,C,A,A,H,-,A,D,0,NA,NA,NA,Y,Y,NA,G,25,0,0,2,0,0,0,0,0,0,-,-,32.7164306640625,-117.11959838867188,SAN DIEGO,SAN DIEGO,-117.11959838867188,32.7164306640625
91164583,2020,2020-01-13,9645,2020-01-02,1800,017498,NA,4,2,7,3711,0,1,3,NA,2,023,SR-163 SOUTHBOUND,QUINCE STREET OVER CROSS,1056,N,N,A,-,Y,NA,NA,163,NA,NA,NA,NA,NA,S,N,4,0,1,2,A,-,07,21658,A,N,C,C,A,A,H,-,D,D,0,NA,NA,NA,NA,Y,NA,A,07,0,0,1,0,0,0,0,0,0,-,-,32.73542022705078,-117.1560287475586,SAN DIEGO,SAN DIEGO,-117.1560287475586,32.73542022705078
91165061,2019,2020-01-14,9645,2019-12-24,0725,017723,NA,2,1,7,3711,0,1,3,NA,2,006,SR-94 WB FROM HOME AVE.,HOME AVE.,528,W,N,B,-,Y,NA,NA,94,NA,NA,NA,R,NA,W,Y,4,0,2,2,A,-,03,22350,NA,N,C,C,A,B,H,-,A,A,0,NA,NA,NA,Y,Y,NA,F,26,0,0,2,0,0,0,0,0,0,-,-,32.718299865722656,-117.11180114746094,SAN DIEGO,SAN DIEGO,-117.11180114746094,32.718299865722656
91167062,2019,2020-01-16,9645,2019-12-15,0355,021772,NA,7,3,7,3711,0,1,1,NA,2,017,SR-163 N/B,H AVENUE,3168,N,N,B,-,Y,NA,NA,163,NA,NA,NA,NA,NA,N,Y,3,0,2,2,A,-,01,23152,A,N,C,C,A,A,H,-,C,D,0,NA,NA,NA,NA,Y,Y,A,01,0,1,1,0,0,0,0,0,0,-,-,32.86314010620117,-117.11041259765624,SAN DIEGO,SAN DIEGO,-117.11032104492188,32.86309051513672
91167849,2020,2020-01-17,9645,2020-01-08,1510,017499,NA,3,2,7,3711,0,1,3,NA,2,006,SR-94 EASTBOUND,HOME AVE. O/C,100,W,N,A,-,Y,NA,NA,94,NA,NA,NA,NA,NA,E,Y,4,0,1,3,A,-,03,22350,NA,N,C,C,A,A,H,-,A,D,0,NA,NA,NA,NA,Y,NA,D,22,0,0,1,0,0,0,0,0,0,-,-,32.718101501464844,-117.1109619140625,SAN DIEGO,SAN DIEGO,-117.11094665527344,32.718055725097656
91168228,2020,2020-01-20,9650,2020-01-15,0619,018840,NA,3,1,5,3782,0,1,1,NA,2,007,I-5 S/B,MACKINNON AVE,500,S,N,A,-,Y,NA,NA,5,NA,NA,NA,NA,NA,S,Y,4,0,3,3,A,-,03,22350,NA,N,C,C,A,A,D,-,A,D,0,NA,NA,NA,NA,Y,NA,A,01,0,0,3,0,0,0,0,0,0,-,-,33.02722930908203,-117.2756576538086,SAN DIEGO,ENCINITAS,-117.2755889892578,33.027278900146484
91168609,2020,2020-01-21,9645,2020-01-10,2146,021077,NA,5,2,7,3711,0,1,1,NA,2,003,I-5 N/B,WEST GRAPE ST,75,S,N,A,-,Y,NA,NA,5,NA,NA,NA,NA,NA,N,Y,4,0,3,2,A,-,03,22350,NA,N,C,C,A,A,H,-,C,D,0,NA,NA,NA,NA,Y,NA,A,07,0,0,3,0,0,0,0,0,0,-,-,32.725860595703125,-117.16622924804688,SAN DIEGO,SAN DIEGO,-117.16629791259766,32.725799560546875
91169772,2020,2020-01-22,9650,2020-01-17,1330,021154,NA,5,1,9,3700,0,3,5,NA,2,170,S. SANTA FE AVE.,PALMYRA DR,0,NA,Y,A,-,N,NA,NA,NA,NA,NA,NA,NA,NA,NA,Y,4,0,1,2,A,-,12,21453,A,N,D,C,A,A,H,-,A,A,0,NA,NA,NA,NA,Y,NA,D,22,0,0,1,0,0,0,0,0,0,-,-,33.1708984375,-117.20697021484376,SAN DIEGO,UNINCORPORATED,-117.20702362060548,33.170841217041016
91170781,2020,2020-01-22,9645,2020-01-14,1223,016409,NA,2,1,7,3711,0,1,1,NA,2,007,I-5 S/B,GILMAN DRIVE NORTH O/C,200,N,N,A,-,Y,NA,NA,5,NA,NA,NA,NA,NA,S,Y,3,0,1,4,A,-,03,22350,NA,N,C,C,A,A,H,-,A,D,0,NA,NA,NA,NA,Y,NA,A,01,0,1,0,0,0,0,0,0,0,-,-,32.87670135498047,-117.2289581298828,SAN DIEGO,SAN DIEGO,-117.22889709472656,32.87669372558594
91173313,2020,2020-01-24,9645,2020-01-23,1220,017473,NA,4,1,7,3711,0,1,1,NA,2,010,I-8 E/B TO TEXAS ST.,TEXAS ST.,25,W,N,A,-,Y,NA,NA,8,NA,NA,NA,R,NA,E,Y,4,0,2,2,A,-,21,22106,NA,N,C,C,A,A,H,-,A,A,0,NA,NA,NA,NA,Y,NA,A,01,0,0,2,0,0,0,0,0,0,-,-,32.7684211730957,-117.13954925537108,SAN DIEGO,SAN DIEGO,-117.13954925537108,32.7684211730957
91174738,2020,2020-01-28,9645,2020-01-24,1815,020180,NA,5,2,7,3711,0,1,1,NA,2,010,I-8 E/B FROM SR-163,SR-163,1320,E,N,A,-,Y,NA,NA,8,NA,NA,NA,R,NA,E,Y,4,0,1,3,A,-,03,22350,NA,N,C,C,A,A,H,-,C,D,0,NA,NA,NA,NA,Y,NA,A,01,0,0,1,0,0,0,0,0,0,-,-,32.76390075683594,-117.15904998779295,SAN DIEGO,SAN DIEGO,-117.15904998779295,32.76390075683594
91175145,2020,2020-01-28,9650,2020-01-23,1750,017780,NA,4,2,9,3700,0,1,1,NA,2,003,I-5 N/B,SANTA MARGARITA RIVER,850,S,N,A,-,Y,NA,NA,5,NA,NA,NA,NA,NA,N,Y,3,0,3,2,A,-,03,22350,NA,N,B,C,A,A,H,-,D,D,0,NA,NA,NA,NA,Y,Y,A,01,0,1,2,0,0,0,0,0,0,-,-,33.23350143432617,-117.40315246582033,SAN DIEGO,UNINCORPORATED,-117.40315246582033,33.233497619628906
91176857,2020,2020-01-30,9645,2020-01-29,1420,020180,NA,3,2,7,3711,0,1,1,NA,2,009,I-805 S/B,EAST H ST,1954,N,N,A,-,Y,NA,NA,NA,NA,NA,NA,NA,NA,NA,Y,4,0,1,2,A,-,08,22107,NA,N,E,I,A,A,H,-,A,D,0,NA,NA,NA,Y,Y,NA,A,01,0,0,1,0,0,0,0,0,0,-,-,32.645240783691406,-117.058837890625,SAN DIEGO,SAN DIEGO,NA,NA
91177965,2020,2020-01-31,9650,2020-01-21,1703,016997,NA,2,2,5,3713,0,1,3,NA,2,017,SR-78 E/B FROM CIVIC CENTER DR.,CIVIC CENTER DR,170,W,N,A,-,Y,NA,NA,78,NA,NA,NA,R,NA,E,Y,4,0,1,2,A,-,03,22350,NA,N,C,C,A,A,H,-,A,A,0,NA,NA,NA,NA,Y,NA,A,01,0,0,1,0,0,0,0,0,0,-,-,33.18928146362305,-117.2402572631836,SAN DIEGO,VISTA,-117.2402572631836,33.18928146362305
91178004,2020,2020-01-31,9650,2020-01-30,1800,021154,NA,4,2,9,3700,0,3,5,NA,2,171,SUNSET DR,RIDGE RD,0,NA,Y,A,-,N,NA,NA,NA,NA,NA,NA,NA,NA,NA,Y,3,0,1,2,A,-,09,21802,A,N,D,C,A,A,H,-,B,A,0,NA,NA,NA,NA,Y,NA,A,07,0,1,0,0,0,0,0,0,0,-,-,33.18125915527344,-117.26251220703124,SAN DIEGO,UNINCORPORATED,-117.2626724243164,33.18109893798828
91180137,2020,2020-02-04,9650,2020-01-23,0548,016743,NA,4,3,6,3706,0,1,1,NA,2,023,I-15 S/B,9TH AVE,1056,S,N,A,-,Y,NA,NA,15,NA,NA,NA,NA,NA,S,Y,2,0,1,2,A,-,03,22350,NA,N,F,A,A,A,H,-,C,D,0,NA,NA,Y,NA,Y,NA,C,02,1,0,0,0,0,0,0,0,1,-,-,33.10221862792969,-117.0914306640625,SAN DIEGO,ESCONDIDO,-117.09142303466795,33.10222625732422
91183357,2020,2020-04-13,9645,2020-02-04,1505,017498,NA,2,2,7,3711,0,1,3,NA,2,023,SR-163 SOUTHBOUND,I-8,1056,N,N,A,-,Y,NA,NA,163,NA,NA,NA,NA,NA,S,Y,3,0,2,3,A,-,03,22350,NA,N,C,C,A,A,H,-,A,D,0,NA,NA,NA,NA,Y,NA,A,01,0,1,1,0,0,0,0,0,0,-,-,32.765220642089844,-117.1630630493164,SAN DIEGO,SAN DIEGO,-117.1631317138672,32.76523971557617
91184248,2020,2020-02-11,9645,2020-02-04,0950,019054,NA,2,1,7,3711,0,1,3,NA,2,006,SR-94 W/B,32ND STREET,414,E,N,A,-,Y,NA,NA,94,NA,NA,NA,NA,NA,W,Y,4,0,1,2,A,-,03,22350,NA,N,C,C,A,A,H,-,A,D,0,NA,NA,NA,NA,Y,NA,A,01,0,0,1,0,0,0,0,0,0,-,-,32.71508026123047,-117.12552642822266,SAN DIEGO,SAN DIEGO,-117.12550354003906,32.715003967285156
9118581,2020,2020-09-09,3711,2020-06-13,0650,SD7182,NA,6,5,7,3711,0,0,0,NA,0,438,PACIFIC MIST DR,ORISKANY RD,0,NA,Y,A,-,N,NA,NA,NA,NA,NA,NA,NA,NA,NA,N,4,0,1,3,B,-,22,NA,NA,N,D,E,A,A,H,-,A,D,0,NA,NA,Y,NA,Y,NA,C,02,0,0,1,0,0,0,0,0,1,-,-,NA,NA,SAN DIEGO,SAN DIEGO,-117.05953979492188,32.683712005615234
91186256,2020,2020-02-13,9680,2020-02-03,0729,015660,NA,1,1,9,3700,0,2,4,NA,1,012,MAPLEVIEW ST,PINO DR,0,NA,Y,B,-,N,NA,NA,NA,NA,NA,NA,NA,NA,NA,Y,3,0,2,2,A,-,12,21453,A,N,D,C,A,A,H,-,A,A,0,NA,NA,NA,NA,Y,NA,A,01,0,2,0,0,0,0,0,0,0,-,-,32.86410140991211,-116.90956878662108,SAN DIEGO,UNINCORPORATED,-116.90982818603516,32.864559173583984
91186895,2020,2020-02-14,9680,2020-02-04,0550,021584,NA,2,3,9,3700,0,1,3,NA,1,051,STATE ROUTE 79,K Q RANCH RD,350,N,N,A,-,Y,NA,NA,79,NA,NA,NA,NA,NA,NA,Y,3,0,1,1,A,-,08,22107,NA,N,E,I,A,A,H,-,B,D,0,NA,NA,NA,NA,Y,NA,A,01,0,1,0,0,0,0,0,0,0,-,-,33.033668518066406,-116.5623016357422,SAN DIEGO,UNINCORPORATED,-116.56232452392578,33.03361511230469
91187375,2020,2020-02-17,9650,2020-02-14,0245,019822,NA,5,3,9,3700,0,1,3,NA,1,028,SR-76,S. GRADE ROAD,528,W,N,A,-,Y,NA,NA,76,NA,NA,NA,NA,NA,NA,Y,4,0,1,1,A,-,08,22107,NA,N,F,A,A,A,H,-,D,D,0,NA,NA,NA,NA,Y,Y,D,22,0,0,1,0,0,0,0,0,0,-,-,33.29492950439453,-116.90493011474608,SAN DIEGO,UNINCORPORATED,-116.90495300292967,33.29486846923828
91187598,2020,2020-02-17,9650,2020-02-16,1027,019352,NA,7,1,5,3782,0,1,1,NA,2,007,I-5 N/B,SANTA FE DR,397,N,N,A,-,Y,NA,NA,5,NA,NA,NA,NA,NA,N,Y,4,0,1,2,A,-,03,22350,NA,N,C,C,A,A,H,-,A,D,0,NA,NA,NA,NA,Y,NA,A,01,0,0,1,0,0,0,0,0,0,-,-,33.03725051879883,-117.28196716308594,SAN DIEGO,ENCINITAS,-117.28196716308594,33.03725051879883