CASE_ID,ACCIDENT_YEAR,PROC_DATE,JURIS,COLLISION_DATE,COLLISION_TIME,OFFICER_ID,REPORTING_DISTRICT,DAY_OF_WEEK,CHP_SHIFT,POPULATION,CNTY_CITY_LOC,SPECIAL_COND,BEAT_TYPE,CHP_BEAT_TYPE,CITY_DIVISION_LAPD,CHP_BEAT_CLASS,BEAT_NUMBER,PRIMARY_RD,SECONDARY_RD,DISTANCE,DIRECTION,INTERSECTION,WEATHER_1,WEATHER_2,STATE_HWY_IND,CALTRANS_COUNTY,CALTRANS_DISTRICT,STATE_ROUTE,ROUTE_SUFFIX,POSTMILE_PREFIX,POSTMILE,LOCATION_TYPE,RAMP_INTERSECTION,SIDE_OF_HWY,TOW_AWAY,COLLISION_SEVERITY,NUMBER_KILLED,NUMBER_INJURED,PARTY_COUNT,PRIMARY_COLL_FACTOR,PCF_CODE_OF_VIOL,PCF_VIOL_CATEGORY,PCF_VIOLATION,PCF_VIOL_SUBSECTION,HIT_AND_RUN,TYPE_OF_COLLISION,MVIW,PED_ACTION,ROAD_SURFACE,ROAD_COND_1,ROAD_COND_2,LIGHTING,CONTROL_DEVICE,CHP_ROAD_TYPE,PEDESTRIAN_ACCIDENT,BICYCLE_ACCIDENT,MOTORCYCLE_ACCIDENT,TRUCK_ACCIDENT,NOT_PRIVATE_PROPERTY,ALCOHOL_INVOLVED,STWD_VEHTYPE_AT_FAULT,CHP_VEHTYPE_AT_FAULT,COUNT_SEVERE_INJ,COUNT_VISIBLE_INJ,COUNT_COMPLAINT_PAIN,COUNT_PED_KILLED,COUNT_PED_INJURED,COUNT_BICYCLIST_KILLED,COUNT_BICYCLIST_INJURED,COUNT_MC_KILLED,COUNT_MC_INJURED,PRIMARY_RAMP,SECONDARY_RAMP,LATITUDE,LONGITUDE,COUNTY,CITY,POINT_X,POINT_Y
91188289,2020,2020-02-18,9645,2020-02-06,0440,021077,NA,4,3,7,3711,0,1,1,NA,2,011,I-805 S/B TO SR-15 S/B,SR-15,565,N,N,A,-,Y,NA,NA,805,NA,NA,NA,R,NA,S,Y,3,0,1,1,A,-,01,23152,A,N,F,C,A,A,H,-,C,D,0,NA,NA,NA,NA,Y,Y,A,01,0,1,0,0,0,0,0,0,0,-,-,32.732391357421875,-117.11277770996094,SAN DIEGO,SAN DIEGO,-117.11277770996094,32.732391357421875
91190543,2020,2020-02-20,9680,2020-02-08,1855,021584,NA,6,2,9,3700,0,1,3,NA,1,052,STATE ROUTE 78,NEWMAN WAY,1056,E,N,A,-,Y,NA,NA,78,NA,NA,NA,NA,NA,NA,Y,2,0,1,3,C,-,18,NA,NA,N,E,J,A,A,C,-,C,D,0,NA,NA,Y,NA,Y,NA,-,-,1,0,0,0,0,0,0,0,1,-,-,33.078739166259766,-116.63127136230467,SAN DIEGO,UNINCORPORATED,-116.63126373291016,33.07875061035156
91191680,2020,2020-02-24,9650,2020-02-14,1355,021200,NA,5,1,6,3706,0,1,1,NA,2,023,I-15 S/B,DEL LAGO BLVD,300,N,N,A,-,Y,NA,NA,15,NA,NA,NA,NA,NA,S,Y,4,0,2,5,A,-,08,22107,NA,N,B,C,A,A,H,-,A,D,0,NA,NA,NA,NA,Y,NA,A,01,0,0,2,0,0,0,0,0,0,-,-,33.072601318359375,-117.07000732421876,SAN DIEGO,ESCONDIDO,-117.07009887695313,33.07258224487305
9119207,2020,2020-09-23,3711,2020-07-05,1541,SD6964,NA,7,5,7,3711,0,0,0,NA,0,831,EL CAJON BL,MENLO AV,30,E,N,A,-,N,NA,NA,NA,NA,NA,NA,NA,NA,NA,N,4,0,1,2,A,-,05,21202,A,N,D,G,A,-,H,-,A,D,0,NA,Y,NA,NA,Y,NA,L,04,0,0,1,0,0,0,1,0,0,-,-,NA,NA,SAN DIEGO,SAN DIEGO,-117.09424591064452,32.75576400756836
91192391,2020,2020-02-24,9645,2020-02-14,0930,017723,NA,5,1,7,3711,0,1,3,NA,2,006,SR-94 W/B TO SR-15 S/B,SR-15,75,W,N,A,-,Y,NA,NA,94,NA,NA,NA,R,NA,W,Y,4,0,1,1,A,-,01,23152,A,N,E,I,A,A,H,-,A,B,0,NA,NA,NA,NA,Y,Y,A,01,0,0,1,0,0,0,0,0,0,-,-,32.7151985168457,-117.11820220947266,SAN DIEGO,SAN DIEGO,-117.11820220947266,32.7151985168457
91193229,2020,2020-02-25,9645,2020-02-06,1130,019054,NA,4,1,7,3711,0,1,1,NA,2,010,I-8 E/B TO I-5 S/B,I-8,114,S,N,A,-,Y,NA,NA,8,NA,NA,NA,R,NA,E,Y,2,0,4,3,A,-,01,23152,A,N,E,I,A,A,H,-,A,D,0,NA,NA,NA,NA,Y,Y,A,01,2,0,2,0,0,0,0,0,0,-,-,32.75886154174805,-117.20462799072266,SAN DIEGO,SAN DIEGO,-117.20462799072266,32.75886154174805
91194318,2020,2020-02-26,9680,2020-02-14,1650,021813,NA,5,2,5,3708,0,1,3,NA,2,028,SR-125 S/B,WAKARUSA ST,528,S,N,A,-,Y,NA,NA,125,NA,NA,NA,NA,NA,S,Y,3,0,3,3,A,-,03,22350,NA,N,C,C,A,A,H,-,A,D,0,NA,NA,NA,NA,Y,NA,A,01,0,3,0,0,0,0,0,0,0,-,-,32.78104019165039,-117.00495147705078,SAN DIEGO,LA MESA,-117.00489044189452,32.78105545043945
91194510,2020,2020-02-27,9645,2020-01-22,0843,016838,NA,3,1,7,3711,0,1,1,NA,2,003,I-5 N/B,SAMPSON ST,100,N,N,A,-,Y,NA,NA,5,NA,NA,NA,NA,NA,N,N,4,0,1,2,A,-,03,22350,NA,F,C,C,A,A,H,-,A,D,0,NA,NA,NA,NA,Y,NA,A,07,0,0,1,0,0,0,0,0,0,-,-,32.69947052001953,-117.13973236083984,SAN DIEGO,SAN DIEGO,-117.13980865478516,32.69935607910156
91195121,2020,2020-02-27,9645,2020-02-13,1630,016137,NA,4,2,7,3711,1,1,1,NA,2,007,I-5 SOUTHBOUND,NOBEL DR O/C,200,S,N,A,-,Y,NA,NA,5,NA,NA,NA,NA,NA,S,Y,4,0,1,2,A,-,03,22350,NA,N,C,C,A,A,H,-,A,D,0,NA,NA,NA,NA,Y,NA,H,13,0,0,1,0,0,0,0,0,0,-,-,32.865699768066406,-117.22959899902344,SAN DIEGO,SAN DIEGO,-117.22997283935548,32.86573791503906
91198550,2020,2020-02-28,9680,2020-02-18,0950,016535,NA,2,1,9,3700,0,1,3,NA,1,024,SR-94 E/B (CAMPO RD),JAMACHA BLVD,130,E,N,A,-,Y,NA,NA,94,NA,NA,NA,NA,NA,E,Y,4,0,2,2,A,-,08,22107,NA,N,E,I,A,A,H,-,A,D,0,NA,NA,NA,NA,Y,NA,A,01,0,0,2,0,0,0,0,0,0,-,-,32.73965835571289,-116.9508819580078,SAN DIEGO,UNINCORPORATED,-116.95087432861328,32.73967361450195
91199586,2020,2020-03-02,9645,2020-02-27,0818,016138,NA,4,1,7,3711,0,1,1,NA,2,007,I-5 NB (LOCAL BYPASS) TO SR-56 EB,CARMEL VALLEY RD,880,S,N,A,-,Y,NA,NA,5,NA,NA,NA,R,NA,N,Y,3,0,1,1,A,-,08,22107,NA,N,E,I,A,A,H,-,A,D,0,NA,NA,NA,NA,Y,NA,A,01,0,1,0,0,0,0,0,0,0,-,-,32.93016815185547,-117.24019622802734,SAN DIEGO,SAN DIEGO,-117.24019622802734,32.93016815185547
91200444,2020,2020-03-03,9645,2020-02-24,1804,020265,NA,1,2,6,3702,0,1,1,NA,2,009,I-805 S/B,TELEGRAPH CANYON RD. U/C,100,N,N,A,-,Y,NA,NA,805,NA,NA,NA,NA,NA,S,Y,3,0,2,2,A,-,03,22350,NA,N,C,C,A,A,H,-,C,D,0,NA,NA,NA,NA,Y,NA,A,01,0,2,0,0,0,0,0,0,0,-,-,32.63370132446289,-117.04679870605467,SAN DIEGO,CHULA VISTA,-117.04663848876952,32.63383865356445
91200634,2020,2020-03-03,9650,2020-02-21,1815,021406,NA,5,2,9,3700,0,3,5,NA,1,160,GOPHER CANYON RD,FAIRVIEW DR,1320,E,N,A,-,N,NA,NA,NA,NA,NA,NA,NA,NA,NA,Y,3,0,3,3,A,-,01,23152,A,N,A,C,A,A,H,-,D,D,0,NA,NA,NA,NA,Y,Y,D,22,0,1,2,0,0,0,0,0,0,-,-,33.25109100341797,-117.21826171875,SAN DIEGO,UNINCORPORATED,-117.21810150146484,33.25114440917969
91200844,2020,2020-03-03,9650,2020-02-20,1550,021200,NA,4,2,6,3706,0,1,1,NA,2,023,I-15 NB,W. 9TH AVE,40,S,N,A,-,Y,NA,NA,15,NA,NA,NA,NA,NA,N,Y,2,0,3,2,A,-,03,22350,NA,N,C,C,A,A,H,-,A,D,0,NA,NA,Y,NA,Y,NA,C,02,1,1,1,0,0,0,0,0,1,-,-,33.10702133178711,-117.0940170288086,SAN DIEGO,ESCONDIDO,-117.0939483642578,33.10706329345703
91201744,2020,2020-03-04,9680,2020-02-22,1400,017460,NA,6,2,9,3700,0,1,1,NA,2,086,INTERSTATE 8 (EASTBOUND),CANEBRAKE ROAD,2640,E,N,B,C,Y,NA,NA,8,NA,NA,NA,NA,NA,NA,Y,3,0,5,2,A,-,03,22350,NA,N,B,C,A,B,H,-,A,D,0,NA,NA,NA,NA,Y,NA,D,22,0,1,4,0,0,0,0,0,0,-,-,32.69657897949219,-116.31656646728516,SAN DIEGO,UNINCORPORATED,-116.31654357910156,32.69660568237305
91202681,2020,2020-03-05,9645,2020-02-21,0713,016018,NA,5,1,7,3711,0,1,3,NA,2,016,SR-52 WESTBOUND,SANTO RD.,4224,E,N,A,-,Y,NA,NA,52,NA,NA,NA,NA,NA,W,Y,2,0,1,2,A,-,03,22350,NA,N,F,A,A,A,H,-,A,D,0,NA,NA,Y,NA,Y,NA,C,02,1,0,0,0,0,0,0,0,1,-,-,32.84416961669922,-117.08323669433594,SAN DIEGO,SAN DIEGO,-117.08322143554688,32.844112396240234
91205214,2020,2020-03-10,9645,2020-03-09,1245,020066,NA,1,1,7,3711,0,1,1,NA,2,010,I-8 E/B TO COLLEGE AVE,COLLEGE BLVD.,400,W,N,A,-,Y,NA,NA,8,NA,NA,NA,R,NA,E,Y,3,0,1,2,A,-,07,21658,A,N,B,C,A,A,H,-,A,D,0,NA,NA,NA,NA,Y,NA,A,01,0,1,0,0,0,0,0,0,0,-,-,32.779090881347656,-117.06983947753906,SAN DIEGO,SAN DIEGO,-117.06983947753906,32.779090881347656
91205223,2020,2020-03-10,9645,2020-03-09,1720,021601,NA,1,2,7,3711,0,1,1,NA,2,001,I-5 S/B TO CORONADO AVE,CORONADO AVE,403,N,N,A,-,Y,NA,NA,5,NA,NA,NA,R,NA,S,Y,3,0,2,3,A,-,03,22350,NA,N,C,C,A,A,H,-,A,D,0,NA,NA,NA,NA,Y,NA,D,22,0,2,0,0,0,0,0,0,0,-,-,32.57769012451172,-117.08439636230467,SAN DIEGO,SAN DIEGO,-117.08439636230467,32.57769012451172
91205303,2020,2020-03-10,9650,2020-03-03,0715,013636,NA,2,1,9,3700,0,3,5,NA,2,070,PASEO DELICIAS,CAMINITO CONEJOS,200,E,N,A,-,N,NA,NA,NA,NA,NA,NA,NA,NA,NA,N,2,0,1,2,A,-,08,22107,NA,N,B,G,A,A,H,-,A,D,0,NA,Y,NA,NA,Y,NA,L,04,1,0,0,0,0,0,1,0,0,-,-,33.03390121459961,-117.18720245361328,SAN DIEGO,UNINCORPORATED,-117.18704223632813,33.03386688232422
91205509,2020,2020-03-10,9650,2020-03-04,2031,016516,NA,3,2,9,3700,0,3,5,NA,2,006,ELDER ST,POTTER ST,0,NA,Y,A,-,N,NA,NA,NA,NA,NA,NA,NA,NA,NA,Y,4,0,1,2,A,-,09,21802,A,N,D,C,A,A,H,-,D,A,0,NA,NA,NA,NA,Y,NA,A,07,0,0,1,0,0,0,0,0,0,-,-,33.3801383972168,-117.24276733398438,SAN DIEGO,UNINCORPORATED,-117.24279022216795,33.38016891479492
91205673,2020,2020-03-10,9680,2020-02-28,2045,022050,NA,5,2,5,3708,0,1,3,NA,2,027,SR-94 W/B,COLLEGE AVE,1300,E,N,B,-,Y,NA,NA,94,NA,NA,NA,NA,NA,W,Y,2,0,1,2,A,-,01,23152,A,N,C,C,A,A,H,-,D,D,0,NA,NA,Y,NA,Y,Y,C,02,1,0,0,0,0,0,0,0,1,-,-,32.744449615478516,-117.0475616455078,SAN DIEGO,LA MESA,-117.04753112792967,32.74440383911133
9120574,2020,2020-07-13,3709,2020-03-09,1428,NC0515,NA,1,5,5,3709,0,0,0,NA,0,021,EUCLID AV,EAST 4TH ST,13,N,N,A,-,N,NA,NA,NA,NA,NA,NA,NA,NA,NA,N,4,0,1,3,A,-,03,22350,NA,N,C,C,A,A,H,-,A,A,0,NA,NA,NA,NA,Y,NA,A,01,0,0,1,0,0,0,0,0,0,-,-,NA,NA,SAN DIEGO,NATIONAL CITY,-117.08370208740234,32.686222076416016
91205935,2020,2020-03-11,9645,2020-03-10,1435,014692,NA,2,2,7,3711,0,1,1,NA,2,030,INTERSTATE 15 NORTHBOUND,DUENDA ROAD,1059,S,N,C,-,Y,NA,NA,15,NA,NA,NA,NA,NA,N,Y,4,0,1,1,A,-,03,22350,NA,N,E,I,A,B,H,-,A,D,0,NA,NA,NA,NA,Y,NA,A,07,0,0,1,0,0,0,0,0,0,-,-,33.03009033203125,-117.07839965820313,SAN DIEGO,SAN DIEGO,-117.07852935791016,33.03010177612305
91205958,2020,2020-03-11,9680,2020-02-28,1455,022050,NA,5,2,5,3708,0,1,3,NA,2,028,SR-125 S/B,SPRING ST,2112,N,N,B,-,Y,NA,NA,125,NA,NA,NA,NA,NA,S,Y,4,0,1,2,A,-,03,22350,NA,N,C,C,A,A,H,-,A,D,0,NA,NA,NA,Y,Y,NA,F,26,0,0,1,0,0,0,0,0,0,-,-,32.75783157348633,-117.0067901611328,SAN DIEGO,LA MESA,-117.00676727294922,32.75779724121094
91206725,2020,2020-03-12,9650,2020-03-08,1310,018386,NA,7,1,6,3710,0,1,3,NA,2,017,SR-78 W/B,EMERALD AVE,2640,E,N,A,-,Y,NA,NA,NA,NA,NA,NA,NA,NA,NA,N,4,0,1,2,A,-,08,22107,NA,N,B,C,A,A,H,-,A,D,0,NA,NA,NA,NA,Y,NA,D,22,0,0,1,0,0,0,0,0,0,-,-,33.11241912841797,-117.1628875732422,SAN DIEGO,OCEANSIDE,-117.27210235595705,33.19164276123047
91208001,2020,2020-03-13,9645,2020-03-12,1055,021772,NA,4,1,7,3711,0,1,1,NA,2,003,I-5 S/B FROM GRAPE STREET,GRAPE STREET,100,S,N,C,-,Y,NA,NA,5,NA,NA,NA,R,NA,S,Y,3,0,1,1,A,-,08,22107,NA,N,E,I,A,B,H,-,A,D,0,NA,NA,NA,NA,Y,NA,D,22,0,1,0,0,0,0,0,0,0,-,-,32.725730895996094,-117.1667709350586,SAN DIEGO,SAN DIEGO,-117.1667709350586,32.725730895996094
91208537,2020,2020-03-16,9645,2020-03-09,0638,015270,NA,1,1,7,3711,0,1,1,NA,2,007,I-5 NORTHBOUND,LA JOLLA VILLAGE DRIVE,596,S,N,A,-,Y,NA,NA,5,NA,NA,NA,NA,NA,N,Y,4,0,2,3,A,-,03,22350,NA,N,C,C,A,A,H,-,B,D,0,NA,NA,NA,NA,Y,NA,A,01,0,0,2,0,0,0,0,0,0,-,-,32.870269775390625,-117.22908782958984,SAN DIEGO,SAN DIEGO,-117.229248046875,32.87028503417969
91209389,2020,2020-03-16,9645,2020-03-14,0700,020066,NA,6,1,7,3711,0,1,1,NA,2,021,I-15 N/B,CAMINO DEL RIO N.,1000,S,N,B,C,Y,NA,NA,15,NA,NA,NA,NA,NA,N,Y,4,0,1,2,A,-,08,22107,NA,N,A,C,A,B,H,-,A,D,0,NA,NA,NA,NA,Y,NA,A,01,0,0,1,0,0,0,0,0,0,-,-,32.781429290771484,-117.11270904541016,SAN DIEGO,SAN DIEGO,-117.11313629150392,32.781280517578125
91209654,2020,2020-03-17,9645,2020-03-10,1250,015270,NA,2,1,7,3711,0,1,1,NA,2,007,I-5 SOUTHBOUND,CARMEL VALLEY ROAD,400,S,N,C,-,Y,NA,NA,5,NA,NA,NA,NA,NA,S,N,3,0,1,1,A,-,03,22350,NA,N,F,A,A,B,H,-,A,D,0,NA,NA,Y,NA,Y,NA,C,02,0,1,0,0,0,0,0,0,1,-,-,32.930938720703125,-117.24124145507813,SAN DIEGO,SAN DIEGO,-117.24114227294922,32.93095779418945
91210139,2020,2020-03-17,9680,2020-03-07,0615,016139,NA,6,1,5,3708,0,1,3,NA,2,028,SR-125 N/B TO I-8 E/B,GROSSMONT BLVD,528,N,N,B,-,Y,NA,NA,125,NA,NA,NA,R,NA,N,Y,3,0,1,1,A,-,08,22107,NA,N,E,J,A,A,D,H,A,D,0,NA,NA,NA,NA,Y,NA,A,01,0,1,0,0,0,0,0,0,0,-,-,32.77473068237305,-117.00232696533205,SAN DIEGO,LA MESA,-117.00232696533205,32.77473068237305
91210361,2020,2020-03-17,9645,2020-03-16,0615,015494,NA,1,1,7,3711,0,1,1,NA,2,011,I-805 N/B,UNIVERSITY AVE,320,S,N,A,-,Y,NA,NA,805,NA,NA,NA,NA,NA,N,Y,4,0,1,3,A,-,03,22350,NA,F,C,C,A,A,H,-,A,D,0,NA,NA,NA,NA,Y,Y,A,07,0,0,1,0,0,0,0,0,0,-,-,32.747718811035156,-117.1213607788086,SAN DIEGO,SAN DIEGO,-117.12152099609376,32.74760437011719
91211150,2020,2020-03-18,9645,2020-03-13,0750,016137,NA,5,1,7,3711,0,1,3,NA,2,008,SR-54 WESTBOUND,HIGHLAND AVE O/C,10,E,N,C,-,Y,NA,NA,NA,NA,NA,NA,NA,NA,NA,Y,4,0,1,1,A,-,08,22107,NA,N,E,I,A,B,H,-,A,D,0,NA,NA,NA,NA,Y,NA,A,01,0,0,1,0,0,0,0,0,0,-,-,32.65629959106445,-117.08999633789063,SAN DIEGO,SAN DIEGO,-117.09014129638672,32.656185150146484
91211656,2020,2020-03-19,9645,2020-03-18,1055,015494,NA,3,1,7,3711,0,1,1,NA,2,003,I-5 S/B FROM PACIFIC HIGHWAY,SASSAFRAS ST,200,N,N,C,-,Y,NA,NA,5,NA,NA,NA,R,NA,S,Y,4,0,1,1,A,-,03,22350,NA,N,E,I,A,B,H,-,A,D,0,NA,NA,NA,NA,Y,NA,A,01,0,0,1,0,0,0,0,0,0,-,-,32.736671447753906,-117.17812347412108,SAN DIEGO,SAN DIEGO,-117.17812347412108,32.736671447753906
91212297,2019,2020-03-19,9645,2019-10-15,0305,021631,NA,2,3,7,3711,0,1,1,NA,2,017,INTERSTATE 15 NORTHBOUND,AMMO ROAD,2595,S,N,A,-,Y,NA,NA,15,NA,NA,NA,NA,NA,N,Y,1,1,1,2,A,-,01,23152,A,N,B,C,A,A,H,-,C,D,0,NA,NA,NA,Y,Y,Y,A,01,1,0,0,0,0,0,0,0,0,-,-,32.868099212646484,-117.10769653320313,SAN DIEGO,SAN DIEGO,-117.10792541503906,32.8681755065918
91212850,2020,2020-03-20,9680,2020-03-12,1102,015410,NA,4,1,9,3700,0,1,3,NA,2,016,SR-67 N/B,RIVERFORD RD,2640,S,N,B,C,Y,NA,NA,67,NA,NA,NA,NA,NA,N,Y,4,0,1,2,A,-,03,22350,NA,N,C,C,A,B,H,-,A,D,0,NA,NA,NA,NA,Y,NA,A,01,0,0,1,0,0,0,0,0,0,-,-,32.850860595703125,-116.95149230957033,SAN DIEGO,UNINCORPORATED,-116.95150756835938,32.85087585449219
91213258,2020,2020-03-23,9650,2020-03-13,0945,018950,NA,5,1,6,3706,0,1,3,NA,2,019,SR-78 E/B,NORDAHL RD O/C,2396,E,N,B,C,Y,NA,NA,78,NA,NA,NA,NA,NA,E,Y,4,0,1,2,A,-,03,22350,NA,N,C,C,A,B,H,-,A,D,0,NA,NA,NA,NA,Y,NA,A,01,0,0,1,0,0,0,0,0,0,-,-,33.12828826904297,-117.11286926269533,SAN DIEGO,ESCONDIDO,-117.11289215087892,33.12824249267578
91213358,2020,2020-03-23,9650,2020-03-18,1550,019594,NA,3,2,6,3706,0,1,1,NA,2,021,I-15 N/B,N NUTMEG ST,157,S,N,B,C,Y,NA,NA,15,NA,NA,NA,NA,NA,N,Y,3,0,1,1,A,-,03,22350,NA,N,E,J,A,B,H,-,A,D,0,NA,NA,NA,NA,Y,NA,A,01,0,1,0,0,0,0,0,0,0,-,-,33.1655387878418,-117.10736846923828,SAN DIEGO,ESCONDIDO,-117.10728454589844,33.16558837890625
91214906,2020,2020-03-24,9680,2020-03-23,0230,014949,NA,1,3,9,3700,0,1,1,NA,2,086,I-8 W/B,LA POSTA RD,200,W,N,B,C,Y,NA,NA,8,NA,NA,NA,NA,NA,W,Y,4,0,1,2,A,-,03,22350,NA,N,E,I,A,B,H,-,D,D,0,NA,NA,NA,NA,Y,NA,A,01,0,0,1,0,0,0,0,0,0,-,-,32.72761154174805,-116.42723083496094,SAN DIEGO,UNINCORPORATED,-116.42723846435548,32.7276496887207
91215595,2020,2020-03-25,9680,2020-03-19,2120,017928,NA,4,2,9,3700,0,1,3,NA,1,090,SR-67 (MAIN ST.),MONTECITO RD.,0,NA,Y,B,-,Y,NA,NA,67,NA,NA,NA,NA,NA,NA,Y,4,0,2,2,A,-,12,21453,A,N,D,C,A,B,H,-,C,A,0,NA,NA,NA,NA,Y,NA,D,22,0,0,2,0,0,0,0,0,0,-,-,33.037628173828125,-116.87651824951172,SAN DIEGO,UNINCORPORATED,-116.87653350830078,33.03765106201172
91216192,2020,2020-03-26,9650,2020-03-18,0645,016743,NA,3,1,9,3700,0,1,1,NA,2,021,I-15 S/B,SR-76,5280,S,N,A,-,Y,NA,NA,15,NA,NA,NA,NA,NA,S,Y,4,0,1,2,A,-,03,22350,NA,N,C,C,A,A,H,-,A,D,0,NA,NA,NA,Y,Y,NA,A,01,0,0,1,0,0,0,0,0,0,-,-,33.31327819824219,-117.15241241455078,SAN DIEGO,UNINCORPORATED,-117.15239715576172,33.31328582763672
91217698,2020,2020-03-27,9645,2020-03-27,0630,020066,NA,5,1,7,3711,0,1,1,NA,2,021,SR-15 S/B,SR-94,400,S,N,C,-,Y,NA,NA,15,NA,NA,NA,NA,NA,S,Y,4,0,1,1,A,-,08,22107,NA,N,E,I,A,B,H,-,B,D,0,NA,NA,NA,NA,Y,NA,A,01,0,0,1,0,0,0,0,0,0,-,-,32.71417999267578,-117.11799621582033,SAN DIEGO,SAN DIEGO,-117.1179656982422,32.71417236328125
91217915,2020,2020-03-27,9645,2020-03-19,0720,017139,NA,4,1,7,3711,0,1,3,NA,2,002,SR-905 E/B,HERITAGE RD U/C,1584,W,N,B,C,Y,NA,NA,905,NA,NA,NA,NA,NA,E,Y,4,0,1,3,A,-,03,22350,NA,N,C,C,A,B,H,-,B,D,0,NA,NA,NA,NA,Y,NA,A,01,0,0,1,0,0,0,0,0,0,-,-,32.565208435058594,-116.99832153320313,SAN DIEGO,SAN DIEGO,-116.99854278564452,32.564430236816406
91218881,2020,2020-03-30,9680,2020-03-23,1328,021501,NA,1,1,9,3700,0,3,5,NA,2,007,RANGO WAY,BORREGO VALLEY RD,930,E,N,A,-,N,NA,NA,NA,NA,NA,NA,NA,NA,NA,Y,3,0,1,1,A,-,08,22107,NA,N,E,I,A,A,H,-,A,D,0,NA,NA,NA,NA,Y,NA,A,07,0,1,0,0,0,0,0,0,0,-,-,33.220741271972656,-116.34416198730467,SAN DIEGO,UNINCORPORATED,-116.34573364257813,33.22101974487305
91219287,2020,2020-04-01,9645,2020-03-26,1839,017953,NA,4,2,7,3711,0,1,1,NA,2,019,I-15 S/B,CARMEL MOUNTAIN RD,3274,N,N,B,-,Y,NA,NA,15,NA,NA,NA,NA,NA,S,Y,4,0,1,1,A,-,08,22107,NA,N,B,J,A,A,H,-,A,D,0,NA,NA,NA,NA,Y,NA,A,01,0,0,1,0,0,0,0,0,0,-,-,32.98754119873047,-117.08277130126952,SAN DIEGO,SAN DIEGO,-117.08293151855467,32.9875373840332
91219312,2020,2020-04-01,9645,2020-03-22,0830,016047,NA,7,1,7,3711,0,1,3,NA,2,023,SR-163 SOUTHBOUND TO HOTEL CIRCLE N,I-8,400,N,N,B,-,Y,NA,NA,163,NA,NA,NA,R,NA,S,Y,3,0,1,1,A,-,08,22107,NA,N,E,I,A,A,H,-,A,D,0,NA,NA,NA,NA,Y,NA,D,22,0,1,0,0,0,0,0,0,0,-,-,32.76362991333008,-117.16388702392578,SAN DIEGO,SAN DIEGO,-117.16388702392578,32.76362991333008
91221029,2020,2020-04-15,9680,2020-02-13,1329,019739,NA,4,1,9,3700,0,1,1,NA,2,084,INTERSTATE 8 WESTBOUND,WEST WILLOWS ROAD OVERCROSSING,2112,W,N,A,-,Y,NA,NA,8,NA,NA,NA,NA,NA,W,N,1,1,0,3,A,-,08,22107,NA,N,B,C,E,A,H,-,A,D,0,Y,NA,NA,NA,Y,NA,A,01,0,0,0,1,0,0,0,0,0,-,-,32.83509826660156,-116.73819732666016,SAN DIEGO,UNINCORPORATED,-116.73820495605467,32.83501434326172
91224771,2020,2020-04-13,9645,2020-04-10,0930,017139,NA,5,1,6,3702,0,1,1,NA,2,009,I-805 N/B,TELEGRAPH CANYON U/C,528,N,N,B,C,Y,NA,NA,805,NA,NA,NA,NA,NA,N,Y,4,0,1,2,A,-,08,22107,NA,N,D,C,A,B,H,-,A,D,0,NA,NA,NA,NA,Y,NA,A,01,0,0,1,0,0,0,0,0,0,-,-,32.6326789855957,-117.04541778564452,SAN DIEGO,CHULA VISTA,-117.04544830322266,32.63266372680664
91224772,2020,2020-04-13,9645,2020-04-10,1708,021523,NA,5,2,7,3711,0,1,1,NA,2,027,I-15 NORTHBOUND,FRIARS ROAD,1056,S,N,C,-,Y,NA,NA,15,NA,NA,NA,NA,NA,N,Y,3,0,2,1,A,-,03,22350,NA,N,E,I,A,B,H,-,A,D,0,NA,NA,NA,NA,Y,NA,A,07,0,1,1,0,0,0,0,0,0,-,-,32.78152847290039,-117.11327362060548,SAN DIEGO,SAN DIEGO,-117.11322784423828,32.78154373168945