CASE_ID,ACCIDENT_YEAR,PROC_DATE,JURIS,COLLISION_DATE,COLLISION_TIME,OFFICER_ID,REPORTING_DISTRICT,DAY_OF_WEEK,CHP_SHIFT,POPULATION,CNTY_CITY_LOC,SPECIAL_COND,BEAT_TYPE,CHP_BEAT_TYPE,CITY_DIVISION_LAPD,CHP_BEAT_CLASS,BEAT_NUMBER,PRIMARY_RD,SECONDARY_RD,DISTANCE,DIRECTION,INTERSECTION,WEATHER_1,WEATHER_2,STATE_HWY_IND,CALTRANS_COUNTY,CALTRANS_DISTRICT,STATE_ROUTE,ROUTE_SUFFIX,POSTMILE_PREFIX,POSTMILE,LOCATION_TYPE,RAMP_INTERSECTION,SIDE_OF_HWY,TOW_AWAY,COLLISION_SEVERITY,NUMBER_KILLED,NUMBER_INJURED,PARTY_COUNT,PRIMARY_COLL_FACTOR,PCF_CODE_OF_VIOL,PCF_VIOL_CATEGORY,PCF_VIOLATION,PCF_VIOL_SUBSECTION,HIT_AND_RUN,TYPE_OF_COLLISION,MVIW,PED_ACTION,ROAD_SURFACE,ROAD_COND_1,ROAD_COND_2,LIGHTING,CONTROL_DEVICE,CHP_ROAD_TYPE,PEDESTRIAN_ACCIDENT,BICYCLE_ACCIDENT,MOTORCYCLE_ACCIDENT,TRUCK_ACCIDENT,NOT_PRIVATE_PROPERTY,ALCOHOL_INVOLVED,STWD_VEHTYPE_AT_FAULT,CHP_VEHTYPE_AT_FAULT,COUNT_SEVERE_INJ,COUNT_VISIBLE_INJ,COUNT_COMPLAINT_PAIN,COUNT_PED_KILLED,COUNT_PED_INJURED,COUNT_BICYCLIST_KILLED,COUNT_BICYCLIST_INJURED,COUNT_MC_KILLED,COUNT_MC_INJURED,PRIMARY_RAMP,SECONDARY_RAMP,LATITUDE,LONGITUDE,COUNTY,CITY,POINT_X,POINT_Y
94586478,2024,2025-02-21,9645,2024-12-31,1610,023233,NA,2,2,7,3711,0,1,1,NA,2,010,INTERSTATE 8 WESTBOUND TO WARING ROAD,ALVARADO CANYON ROAD O/C,50,S,N,A,-,Y,NA,NA,NA,NA,NA,NA,NA,NA,NA,Y,4,0,1,2,A,-,01,23152,A,N,E,8,A,A,H,-,A,D,0,NA,NA,NA,NA,Y,Y,D,22,0,0,1,0,0,0,0,0,0,-,-,32.781681060791016,-117.0871810913086,SAN DIEGO,SAN DIEGO,-117.09588623046876,32.78021240234375
94586520,2025,2025-02-21,9645,2025-02-13,2200,024170,NA,4,3,7,3711,0,1,1,NA,2,015,I-805 NB,NOBEL,1162,S,N,C,-,Y,SD,NA,805,NA,NA,25.241,H,NA,R,Y,3,0,1,1,A,-,03,22350,NA,N,E,I,A,B,H,-,C,D,0,NA,NA,NA,NA,Y,NA,A,07,0,1,0,0,0,0,0,0,0,-,-,32.8672981262207,-117.19228363037108,SAN DIEGO,SAN DIEGO,-117.19236755371094,32.86723709106445
94588094,2025,2025-02-24,9645,2025-02-13,1505,022814,NA,4,2,7,3711,0,1,1,NA,2,003,I-5 SOUTHBOUND,WEST GRAPE STREET,475,S,N,C,-,Y,NA,NA,NA,NA,NA,NA,NA,NA,NA,Y,3,0,1,2,D,-,00,NA,NA,N,C,C,A,B,H,-,A,D,0,NA,NA,NA,Y,Y,NA,-,-,0,1,0,0,0,0,0,0,0,-,-,32.724918365478516,-117.16616821289063,SAN DIEGO,SAN DIEGO,-117.1658935546875,32.72506332397461
94589241,2025,2025-02-25,9650,2025-02-21,1200,021805,NA,5,1,9,3700,0,3,5,NA,2,070,LA VALLE PLATEADA,PASEO DELICIAS,0,NA,Y,A,-,N,NA,NA,NA,NA,NA,NA,NA,NA,NA,Y,4,0,1,2,A,-,09,21800,A,N,D,C,A,A,H,-,A,D,0,NA,NA,NA,NA,Y,NA,A,01,0,0,1,0,0,0,0,0,0,-,-,33.02450180053711,-117.19744110107422,SAN DIEGO,UNINCORPORATED,-117.19749450683594,33.02449035644531
94589534,2025,2025-02-25,9650,2025-02-23,1100,022480,NA,7,1,9,3700,0,1,3,NA,1,028,STATE ROUTE 76,RICE CANYON ROAD,2000,W,N,A,-,Y,SD,NA,76,NA,NA,19.103,H,NA,R,N,4,0,1,1,A,-,03,22350,NA,N,F,J,A,A,H,-,A,D,0,NA,NA,Y,NA,Y,NA,C,02,0,0,1,0,0,0,0,0,1,-,-,33.33906173706055,-117.13362884521484,SAN DIEGO,UNINCORPORATED,-117.13367462158205,33.33908462524414
94590510,2024,2025-02-26,9680,2024-09-15,2126,023240,NA,7,2,9,3700,0,3,5,NA,2,002,CAMPO RD,N BONITA RD,127,W,N,A,-,N,NA,NA,NA,NA,NA,NA,NA,NA,NA,N,4,0,1,2,A,-,08,22107,NA,N,H,G,A,A,H,-,C,D,0,NA,Y,NA,NA,Y,NA,A,01,0,0,1,0,0,0,1,0,0,-,-,32.74803924560547,-116.98387908935548,SAN DIEGO,UNINCORPORATED,-116.98381805419922,32.74797058105469
94591459,2025,2025-02-27,9650,2025-02-22,255,022583,NA,6,3,5,3701,0,1,1,NA,2,005,I-5 N/B,LA COSTA AVE,305,N,N,A,-,Y,SD,NA,5,NA,R,44.138,H,NA,R,Y,3,0,1,1,A,-,08,22107,NA,N,E,J,A,A,H,-,D,D,0,NA,NA,NA,NA,Y,NA,A,01,0,1,0,0,0,0,0,0,0,-,-,33.08517074584961,-117.29840850830078,SAN DIEGO,CARLSBAD,-117.29852294921876,33.085121154785156
94591605,2025,2025-02-27,9650,2025-02-21,1754,023467,NA,5,2,9,3700,0,3,5,NA,2,213,RICE CANYON RD,RANCHO TAZA RD,634,N,N,A,-,N,NA,NA,NA,NA,NA,NA,NA,NA,NA,Y,3,0,1,1,A,-,01,23152,A,N,F,J,A,A,H,-,B,D,0,NA,NA,NA,NA,Y,Y,A,07,0,1,0,0,0,0,0,0,0,-,-,33.398860931396484,-117.14607238769533,SAN DIEGO,UNINCORPORATED,-117.14602661132813,33.398780822753906
94594599,2025,2025-03-03,9650,2025-02-11,1535,019979,NA,2,2,5,3713,0,1,3,NA,2,019,SR-78 E/B,RANCHO SANTA FE RD.,300,W,N,A,-,Y,SD,NA,78,NA,NA,10.505,H,NA,R,N,2,0,4,5,A,-,06,21750,A,N,B,C,A,A,H,-,A,D,0,NA,NA,Y,NA,Y,NA,-,-,1,1,2,0,0,0,0,0,2,-,-,33.15113830566406,-117.19954681396484,SAN DIEGO,VISTA,-117.19959259033205,33.15110778808594
94594755,2025,2025-03-03,9645,2025-02-20,1551,017473,NA,4,2,7,3711,0,1,1,NA,2,030,I-15 N/B (H.O.V.) LANES,MIRA MESA BLVD,1000,N,N,A,-,Y,SD,NA,15,NA,M,16.423,H,NA,R,Y,3,0,1,3,A,-,03,22350,NA,N,C,C,A,A,H,-,A,D,0,NA,NA,Y,NA,Y,NA,C,02,0,1,0,0,0,0,0,0,1,-,-,32.92409896850586,-117.11492156982422,SAN DIEGO,SAN DIEGO,-117.11464691162108,32.9240608215332
94594944,2025,2025-03-03,9645,2025-02-21,1952,023922,NA,5,2,7,3711,0,1,3,NA,2,023,SR-163 SOUTHBOUND,I-8,581,S,N,A,-,Y,SD,NA,163,NA,NA,3.599,H,NA,L,N,4,0,1,2,A,-,07,21658,A,F,B,C,A,A,H,-,D,D,0,NA,NA,NA,NA,Y,Y,-,99,0,0,1,0,0,0,0,0,0,-,-,32.7606086730957,-117.162841796875,SAN DIEGO,SAN DIEGO,-117.16301727294922,32.76054382324219
94595235,2025,2025-03-03,9680,2025-02-19,1352,024178,NA,3,1,9,3700,0,1,3,NA,1,023,STATE ROUTE 94 EASTBOUND,BANCROFT DRIVE,660,W,N,A,-,Y,SD,NA,94,NA,R,10.972,H,NA,R,Y,2,0,2,3,A,-,08,22107,NA,N,B,C,A,A,H,-,A,D,0,NA,NA,Y,NA,Y,NA,C,02,1,0,1,0,0,0,0,0,1,-,-,32.75080108642578,-117.00359344482422,SAN DIEGO,UNINCORPORATED,-117.00358581542967,32.75080108642578
9459827,2022,2022-06-23,3711,2022-06-05,1103,SD1400,NA,7,5,7,3711,0,0,0,NA,0,813,ADAMS AV,ADAMS AV 3000,0,NA,-,A,-,N,NA,NA,NA,NA,NA,NA,NA,NA,NA,N,4,0,1,2,A,-,08,22102,NA,N,D,C,A,A,H,-,A,D,0,NA,NA,NA,NA,Y,NA,-,NA,0,0,1,0,0,0,0,0,0,-,-,NA,NA,SAN DIEGO,SAN DIEGO,NA,NA
9459836,2022,2022-06-22,3711,2022-06-09,1615,SD1362,NA,4,5,7,3711,0,0,0,NA,0,242,MIRA MESA BL,REAGAN RD,0,NA,Y,A,-,N,NA,NA,NA,NA,NA,NA,NA,NA,NA,N,3,0,1,2,B,-,22,NA,NA,N,A,C,A,A,H,-,A,D,0,NA,NA,NA,NA,Y,NA,A,01,0,1,0,0,0,0,0,0,0,-,-,NA,NA,SAN DIEGO,SAN DIEGO,-117.14920043945313,32.912513732910156
9459855,2022,2022-06-21,3708,2022-05-28,1816,LM1294,NA,6,5,5,3708,0,0,0,NA,0,001,UNIVERSITY AV,HARBINSON AV,254,E,N,A,-,N,NA,NA,NA,NA,NA,NA,NA,NA,NA,Y,2,0,1,1,A,-,03,22350,NA,N,F,A,A,A,H,-,A,D,0,NA,NA,Y,NA,Y,NA,C,02,1,0,0,0,0,0,0,0,1,-,-,NA,NA,SAN DIEGO,LA MESA,-117.04578399658205,32.75469207763672
94598807,2025,2025-03-12,9645,2025-02-28,1045,022243,NA,5,1,7,3711,0,1,3,NA,2,006,SR-94 W/B TO BROADWAY,BROADWAY,15,E,N,A,-,Y,NA,NA,NA,NA,NA,NA,NA,NA,NA,N,4,0,1,2,A,-,21,22106,NA,N,C,C,A,A,H,-,A,A,0,NA,NA,NA,NA,Y,NA,J,48,0,0,1,0,0,0,0,0,0,-,-,32.715248107910156,-117.1268310546875,SAN DIEGO,SAN DIEGO,-117.12615203857422,32.7147216796875
94601632,2025,2025-03-18,9645,2025-03-07,530,015494,NA,5,3,7,3711,0,1,3,NA,2,023,SR-163 S/B,EL PRADO OVER CROSSING,20,S,N,A,-,Y,SD,NA,163,NA,NA,1.411,H,NA,L,Y,4,0,3,2,A,-,03,22350,NA,N,C,C,A,D,H,-,D,D,0,NA,NA,NA,NA,Y,NA,A,07,0,0,3,0,0,0,0,0,0,-,-,32.731361389160156,-117.15467834472656,SAN DIEGO,SAN DIEGO,-117.1546630859375,32.731361389160156
94604369,2025,2025-03-18,9645,2025-03-06,1600,022765,NA,4,2,7,3711,0,1,1,NA,2,001,I-5 S/B,CORONADO AVENUE,590,N,N,B,-,Y,SD,NA,5,NA,NA,4.16,H,NA,L,N,3,0,2,2,A,-,03,22350,NA,N,C,C,A,A,H,-,A,D,0,NA,NA,NA,NA,Y,NA,A,07,0,2,0,0,0,0,0,0,0,-,-,32.5777702331543,-117.08394622802734,SAN DIEGO,SAN DIEGO,-117.08391571044922,32.57779312133789
94604455,2025,2025-03-18,9680,2025-02-28,1505,018672,NA,5,2,9,3700,0,1,3,NA,1,051,STATE ROUTE 79,SAN FELIPE ROAD,650,S,N,A,-,Y,SD,NA,79,NA,NA,31.559,H,NA,R,Y,3,0,1,1,A,-,08,22107,NA,N,E,8,A,A,H,-,A,D,0,NA,NA,NA,NA,Y,NA,D,22,0,1,0,0,0,0,0,0,0,-,-,33.248138427734375,-116.67591094970705,SAN DIEGO,UNINCORPORATED,-116.67593383789063,33.2481689453125
9460497,2022,2022-06-20,3702,2022-04-13,2036,CV1252,NA,3,5,6,3702,0,0,0,NA,0,031,EAST H ST,PASEO RANCHERO,0,NA,Y,A,-,N,NA,NA,NA,NA,NA,NA,NA,NA,NA,Y,3,0,2,3,A,-,09,21453,C,N,A,C,A,A,H,-,C,A,0,NA,NA,NA,NA,Y,NA,D,22,0,1,1,0,0,0,0,0,0,-,-,NA,NA,SAN DIEGO,CHULA VISTA,-117.01108551025392,32.63850784301758
94605142,2025,2025-03-18,9680,2025-03-02,2005,023240,NA,7,2,9,3700,0,2,4,NA,1,020,CHALLENGE BLVD,AVOCADO BLVD,0,NA,Y,B,C,N,NA,NA,NA,NA,NA,NA,NA,NA,NA,Y,4,0,3,2,A,-,01,23152,A,N,D,2,A,B,H,-,C,A,0,NA,NA,NA,NA,Y,Y,A,01,0,0,3,0,0,0,0,0,0,-,-,32.75550079345703,-116.96170806884766,SAN DIEGO,UNINCORPORATED,-116.96165466308594,32.75551986694336
94605297,2025,2025-03-18,9650,2025-03-05,1653,020747,NA,3,2,9,3700,0,1,1,NA,2,021,I-15 S/B OFF RAMP TO DEER SPRINGS RD.,DEER SPRINGS RD.,20,N,N,C,-,N,NA,NA,NA,NA,NA,NA,NA,NA,NA,N,4,0,1,1,A,-,03,22350,NA,N,E,I,A,B,H,-,C,D,0,NA,NA,NA,NA,Y,NA,A,07,0,0,1,0,0,0,0,0,0,-,-,33.19641876220703,-117.12750244140624,SAN DIEGO,UNINCORPORATED,NA,NA
9460595,2022,2022-07-01,3702,2022-05-09,1758,CV0968,NA,1,5,6,3702,0,0,0,NA,0,042,LA MEDIA RD,OLYMPIC PKWY,0,NA,Y,-,-,N,NA,NA,NA,NA,NA,NA,NA,NA,NA,Y,4,0,1,2,A,-,12,21453,A,N,D,C,A,A,H,-,A,A,0,NA,NA,NA,NA,Y,NA,-,NA,0,0,1,0,0,0,0,0,0,-,-,NA,NA,SAN DIEGO,CHULA VISTA,-116.98622131347656,32.62505340576172
94607423,2025,2025-03-18,9645,2025-03-12,1115,017678,NA,3,1,7,3711,0,1,1,NA,2,019,I-15 N/B,RANCHO BERNARDO ROAD,80,S,N,B,-,Y,SD,NA,15,NA,M,23.649,H,NA,R,N,4,0,1,2,A,-,03,22350,NA,N,B,C,A,B,H,-,A,D,0,NA,NA,NA,Y,Y,NA,D,22,0,0,1,0,0,0,0,0,0,-,-,33.022308349609375,-117.07849884033205,SAN DIEGO,SAN DIEGO,-117.0785675048828,33.022308349609375
94607441,2025,2025-03-18,9645,2025-02-13,2244,022898,NA,4,3,7,3711,0,1,1,NA,2,017,I-15 SOUTHBOUND,MIRAMAR WAY,460,N,N,C,-,Y,SD,NA,15,NA,M,13.043,H,NA,L,N,4,0,1,1,A,-,03,22350,NA,N,E,I,A,B,H,-,D,D,0,NA,NA,NA,NA,Y,NA,A,01,0,0,1,0,0,0,0,0,0,-,-,32.876529693603516,-117.10772705078124,SAN DIEGO,SAN DIEGO,-117.10791778564452,32.87649154663086
9460854,2022,2022-06-20,3702,2022-04-29,2102,CV1309,NA,5,5,6,3702,0,0,0,NA,0,042,SUMMERHILL AV,N GREENSVIEW DR,23,S,N,A,-,N,NA,NA,NA,NA,NA,NA,NA,NA,NA,Y,3,0,1,1,A,-,03,22350,NA,N,E,I,A,A,H,-,C,A,0,NA,NA,NA,NA,Y,NA,A,01,0,1,0,0,0,0,0,0,0,-,-,NA,NA,SAN DIEGO,CHULA VISTA,-116.96196746826172,32.645381927490234
94609097,2025,2025-04-04,9680,2025-03-06,900,021077,NA,4,1,9,3700,0,2,4,NA,1,032,MOUNTAIN VIEW RD,ALMYRA RD,1742,W,N,B,C,N,NA,NA,NA,NA,NA,NA,NA,NA,NA,Y,3,0,4,2,A,-,05,21460,A,N,A,C,A,B,H,-,A,D,0,NA,NA,NA,NA,Y,NA,D,22,0,3,1,0,0,0,0,0,0,-,-,32.827510833740234,-116.8363037109375,SAN DIEGO,UNINCORPORATED,-116.83615112304688,32.82745361328125
94612305,2025,2025-03-20,9645,2025-03-18,625,021617,NA,2,1,7,3711,0,1,1,NA,2,011,I-805 N/B,STATE ROUTE 94,150,N,N,A,-,Y,SD,NA,805,NA,NA,13.546,H,NA,R,Y,4,0,1,4,A,-,03,22350,NA,N,C,2,A,A,H,-,A,D,0,NA,NA,NA,Y,Y,NA,D,22,0,0,1,0,0,0,0,0,0,-,-,32.719688415527344,-117.10257720947266,SAN DIEGO,SAN DIEGO,-117.10265350341795,32.71969223022461
94613081,2025,2025-06-17,9680,2025-01-10,1915,024143,NA,5,2,9,3700,0,1,3,NA,1,024,SR-94,OLD CAMPO RD,95,W,N,A,-,Y,SD,NA,94,NA,R,16.454,H,NA,R,Y,3,0,1,3,A,-,05,21460,A,F,B,C,A,A,H,-,C,D,0,NA,NA,NA,NA,Y,NA,D,22,0,1,0,0,0,0,0,0,0,-,-,32.72724151611328,-116.92288208007813,SAN DIEGO,UNINCORPORATED,-116.9228973388672,32.72719955444336
94613111,2025,2025-03-24,9650,2025-03-15,1924,022892,NA,6,2,9,3700,0,3,5,NA,2,191,HARMONY GROVE RD,WILD WILLOW HOLLOW,1586,E,N,A,-,N,NA,NA,NA,NA,NA,NA,NA,NA,NA,N,4,0,1,1,A,-,08,22107,NA,N,F,A,A,A,H,-,D,D,0,NA,NA,Y,NA,Y,NA,C,02,0,0,1,0,0,0,0,0,1,-,-,33.08877182006836,-117.13877868652344,SAN DIEGO,UNINCORPORATED,-117.1390380859375,33.08891296386719
94613112,2025,2025-03-24,9650,2025-03-16,955,022031,NA,7,1,5,3701,0,1,1,NA,2,005,I-5 S/B,PALOMAR AIRPORT RD,1600,N,N,A,-,Y,SD,NA,5,NA,R,47.343,H,NA,L,N,3,0,2,2,A,-,17,23114,A,F,E,J,A,A,H,-,A,D,0,NA,NA,NA,NA,Y,NA,A,01,0,2,0,0,0,0,0,0,0,-,-,33.126220703125,-117.3246612548828,SAN DIEGO,CARLSBAD,-117.32466888427734,33.126216888427734
94613336,2025,2025-03-24,9650,2025-03-20,1720,020180,NA,4,2,9,3700,0,1,1,NA,2,022,I-15 N/B,RAINBOW VALLEY BLVD,3696,S,N,A,-,Y,SD,NA,15,NA,R,53.346,H,NA,R,N,4,0,1,2,A,-,03,22350,NA,N,C,C,A,A,H,-,A,D,0,NA,NA,NA,NA,Y,Y,A,01,0,0,1,0,0,0,0,0,0,-,-,33.422359466552734,-117.15306854248048,SAN DIEGO,UNINCORPORATED,-117.15310668945313,33.42237854003906
94613337,2025,2025-03-24,9650,2025-03-20,1202,017392,NA,4,1,5,3782,0,1,1,NA,2,007,I-5 S/B,SANTA FE DR,1056,N,N,A,-,Y,SD,NA,5,NA,R,40.892,H,NA,L,N,4,0,1,2,A,-,07,21658,A,N,B,C,A,A,H,-,A,D,0,NA,NA,NA,NA,Y,NA,A,01,0,0,1,0,0,0,0,0,0,-,-,33.039791107177734,-117.28394317626952,SAN DIEGO,ENCINITAS,-117.28398895263672,33.03976821899414
9461533,2022,2022-08-10,3711,2022-06-21,1555,SD7925,NA,2,5,7,3711,0,0,0,NA,0,122,ARCHER ST,ARCHER ST 1240,0,NA,N,A,-,N,NA,NA,NA,NA,NA,NA,NA,NA,NA,Y,4,0,1,3,A,-,09,21801,A,N,A,C,A,A,H,-,A,D,0,NA,NA,NA,NA,Y,NA,A,01,0,0,1,0,0,0,0,0,0,-,-,NA,NA,SAN DIEGO,SAN DIEGO,NA,NA
94624922,2025,2025-03-24,9650,2025-03-20,1805,020254,NA,4,2,9,3700,0,1,1,NA,2,003,I-5 S/B,COCKLEBURR RD,6800,S,N,A,-,Y,SD,NA,5,NA,R,56.781,H,NA,L,Y,4,0,3,3,A,-,03,22350,NA,N,C,C,A,A,H,-,A,D,0,NA,NA,NA,NA,Y,NA,A,01,0,0,3,0,0,0,0,0,0,-,-,33.238338470458984,-117.4101333618164,SAN DIEGO,UNINCORPORATED,-117.4102020263672,33.23825454711914
94626541,2025,2025-03-26,9680,2025-03-15,1510,023255,NA,6,2,9,3700,0,2,4,NA,1,026,BANCROFT DRIVE,CAMPO ROAD,91,S,N,A,-,N,NA,NA,NA,NA,NA,NA,NA,NA,NA,N,4,0,1,3,A,-,03,22350,NA,N,C,C,A,A,H,-,A,A,0,NA,NA,NA,NA,Y,NA,A,07,0,0,1,0,0,0,0,0,0,-,-,32.75107955932617,-117.00153350830078,SAN DIEGO,UNINCORPORATED,-117.00146484375,32.75114059448242
9462927,2022,2022-08-09,3710,2022-05-17,1050,OC1311,NA,2,5,6,3710,0,0,0,NA,0,022,RT 76,GUAJOME LAKE RD,1370,E,N,A,-,Y,SD,11,76,-,R,7.44,H,-,W,N,3,0,1,1,C,-,18,NA,NA,N,E,J,A,A,H,-,A,D,0,NA,Y,NA,NA,Y,NA,-,-,0,1,0,0,0,0,1,0,0,-,-,NA,NA,SAN DIEGO,OCEANSIDE,-117.27014923095705,33.249942779541016
9463011,2022,2022-07-19,3705,2022-06-06,0729,EC0419,NA,1,5,5,3705,0,0,0,NA,0,004,WASHINGTON AV,MOLLISON AV,0,NA,N,A,-,N,NA,NA,NA,NA,NA,NA,NA,NA,NA,N,4,0,1,2,A,-,04,21703,NA,N,C,C,A,A,H,-,A,A,0,NA,NA,NA,NA,Y,NA,D,22,0,0,1,0,0,0,0,0,0,-,-,NA,NA,SAN DIEGO,EL CAJON,-116.95095825195313,32.78763961791992
94632036,2025,2025-03-31,9680,2025-03-19,825,022622,NA,3,1,9,3700,0,2,4,NA,1,026,JAMACHA BLVD,SPRING GLEN LN,115,E,N,A,-,N,NA,NA,NA,NA,NA,NA,NA,NA,NA,N,4,0,1,2,A,-,03,22350,NA,N,C,C,A,A,H,-,A,D,0,NA,NA,NA,NA,Y,NA,A,01,0,0,1,0,0,0,0,0,0,-,-,32.72018051147461,-116.97299194335938,SAN DIEGO,UNINCORPORATED,-116.97322845458984,32.71998596191406
94632829,2025,2025-04-01,9680,2025-03-20,1500,024159,NA,4,2,9,3700,0,1,1,NA,2,082,I-8 EB TO LOS COCHES OFF RAMP,LOS COCHES RD,70,W,N,A,-,Y,NA,NA,NA,NA,NA,NA,NA,NA,NA,N,4,0,1,2,A,-,03,22350,NA,N,B,C,A,A,H,-,A,A,0,NA,NA,NA,NA,Y,NA,A,07,0,0,1,0,0,0,0,0,0,-,-,32.825958251953125,-116.9031219482422,SAN DIEGO,UNINCORPORATED,-116.90226745605467,32.827232360839844
94633219,2025,2025-04-01,9650,2025-04-01,700,020747,NA,2,1,6,3706,0,1,1,NA,2,023,I-15 S/B,W. 9TH AVE.,1584,N,N,B,-,Y,SD,NA,15,NA,R,30.383,H,NA,L,N,4,0,1,2,A,-,03,22350,NA,N,C,C,A,A,H,-,A,D,0,NA,NA,NA,NA,Y,NA,D,22,0,0,1,0,0,0,0,0,0,-,-,33.11191177368164,-117.09735870361328,SAN DIEGO,ESCONDIDO,-117.09729766845705,33.1119384765625
9463596,2022,2022-08-11,3710,2022-07-24,1026,OC1453,NA,7,5,6,3710,0,0,0,NA,0,019,NORTH RIVER RD,HOLLY LN,1012,N,N,A,-,N,NA,NA,NA,NA,NA,NA,NA,NA,NA,Y,3,0,1,4,A,-,09,21801,A,M,B,C,A,A,H,-,A,D,0,NA,NA,Y,NA,Y,NA,-,99,0,1,0,0,0,0,0,0,1,-,-,NA,NA,SAN DIEGO,OCEANSIDE,-117.24480438232422,33.26625442504883
94636334,2025,2025-04-03,9680,2025-03-10,1010,024181,NA,1,1,9,3700,0,3,5,NA,2,002,APPLE ST,SAN MIGUEL AVE,0,NA,Y,A,-,N,NA,NA,NA,NA,NA,NA,NA,NA,NA,Y,4,0,1,2,A,-,09,21802,A,N,D,C,A,A,H,-,A,A,0,NA,NA,NA,NA,Y,NA,-,-,0,0,1,0,0,0,0,0,0,-,-,32.71487045288086,-116.99137115478516,SAN DIEGO,UNINCORPORATED,-116.99134063720705,32.71482849121094
94636739,2025,2025-04-03,9645,2025-04-01,1210,022243,NA,2,1,7,3711,0,1,1,NA,2,021,SR-15 N/B FROM OCEANVIEW BLVD,OCEANVIEW BLVD,560,N,N,A,-,Y,SD,NA,15,NA,R,0.709,H,NA,R,Y,3,0,1,1,A,-,03,22350,NA,N,F,A,A,A,H,-,A,D,0,NA,NA,Y,NA,Y,NA,C,02,0,1,0,0,0,0,0,0,1,-,-,32.7029914855957,-117.12043762207033,SAN DIEGO,SAN DIEGO,-117.12062072753906,32.7029914855957
94636842,2025,2025-04-04,9650,2025-03-03,715,019270,NA,1,1,6,3710,0,1,3,NA,2,015,SR-78 W/B,EMERALD DRIVE,150,W,N,A,-,Y,SD,NA,78,NA,NA,4.338,H,NA,L,Y,2,0,1,2,A,-,01,23152,A,N,C,C,A,A,H,-,A,D,0,NA,NA,Y,NA,Y,Y,C,02,1,0,0,0,0,0,0,0,1,-,-,33.18769836425781,-117.2802276611328,SAN DIEGO,OCEANSIDE,-117.2802505493164,33.1877326965332
94638275,2025,2025-07-15,9680,2025-03-23,1935,023909,NA,7,2,9,3700,0,3,5,NA,2,004,WILLOW GLEN DR,OAK DR,800,W,N,A,-,N,NA,NA,NA,NA,NA,NA,NA,NA,NA,Y,4,0,1,1,A,-,03,22350,NA,N,E,8,A,A,H,-,D,D,0,NA,NA,NA,NA,Y,NA,A,01,0,0,1,0,0,0,0,0,0,-,-,32.75999069213867,-116.89716339111328,SAN DIEGO,UNINCORPORATED,-116.89581298828124,32.76034927368164
9463870,2022,2022-09-15,3710,2022-08-19,0642,OC1506,NA,5,5,6,3710,0,0,0,NA,0,010,RT 76,LORETTA ST,670,W,N,A,-,Y,SD,11,76,-,R,0.36,H,-,W,Y,3,0,3,2,A,-,04,21703,NA,N,C,C,A,A,H,-,A,D,0,NA,NA,NA,NA,Y,NA,A,01,0,1,2,0,0,0,0,0,0,-,-,NA,NA,SAN DIEGO,OCEANSIDE,-117.3798370361328,33.20908737182617
9463939,2022,2022-08-31,3711,2022-07-31,1240,SD1716,NA,7,5,7,3711,0,0,0,NA,0,624,WASHINGTON ST,LINCOLN AV,318,W,N,A,-,N,NA,NA,NA,NA,NA,NA,NA,NA,NA,N,4,0,1,1,A,-,03,22350,NA,N,E,J,A,A,A,-,A,D,0,NA,Y,NA,NA,Y,NA,L,04,0,0,1,0,0,0,1,0,0,-,-,NA,NA,SAN DIEGO,SAN DIEGO,-117.15137481689452,32.751373291015625
94639413,2025,2025-04-07,9645,2025-03-28,2030,024072,NA,5,2,7,3711,0,1,1,NA,2,009,I-805 NORTHBOUND,E H STREET O/C,1425,N,N,A,-,Y,SD,NA,805,NA,NA,7.436,H,NA,R,Y,3,0,1,1,A,-,08,22107,NA,N,F,A,A,A,H,-,D,D,0,NA,NA,Y,NA,Y,NA,C,02,0,1,0,0,0,0,0,0,1,-,-,32.64406967163086,-117.05747985839844,SAN DIEGO,SAN DIEGO,-117.05754852294922,32.64404296875
94641293,2025,2025-04-08,9645,2025-04-06,1220,022243,NA,7,1,7,3711,0,1,1,NA,2,010,I-8 W/B,MISSION CENTER DR,2500,E,N,A,-,Y,SD,NA,8,NA,NA,3.451,H,NA,L,N,4,0,1,2,A,-,08,22107,NA,N,B,C,A,A,H,-,A,D,0,NA,NA,NA,NA,Y,NA,-,-,0,0,1,0,0,0,0,0,0,-,-,32.76737976074219,-117.14685821533205,SAN DIEGO,SAN DIEGO,-117.14683532714844,32.7673225402832