CASE_ID,ACCIDENT_YEAR,PROC_DATE,JURIS,COLLISION_DATE,COLLISION_TIME,OFFICER_ID,REPORTING_DISTRICT,DAY_OF_WEEK,CHP_SHIFT,POPULATION,CNTY_CITY_LOC,SPECIAL_COND,BEAT_TYPE,CHP_BEAT_TYPE,CITY_DIVISION_LAPD,CHP_BEAT_CLASS,BEAT_NUMBER,PRIMARY_RD,SECONDARY_RD,DISTANCE,DIRECTION,INTERSECTION,WEATHER_1,WEATHER_2,STATE_HWY_IND,CALTRANS_COUNTY,CALTRANS_DISTRICT,STATE_ROUTE,ROUTE_SUFFIX,POSTMILE_PREFIX,POSTMILE,LOCATION_TYPE,RAMP_INTERSECTION,SIDE_OF_HWY,TOW_AWAY,COLLISION_SEVERITY,NUMBER_KILLED,NUMBER_INJURED,PARTY_COUNT,PRIMARY_COLL_FACTOR,PCF_CODE_OF_VIOL,PCF_VIOL_CATEGORY,PCF_VIOLATION,PCF_VIOL_SUBSECTION,HIT_AND_RUN,TYPE_OF_COLLISION,MVIW,PED_ACTION,ROAD_SURFACE,ROAD_COND_1,ROAD_COND_2,LIGHTING,CONTROL_DEVICE,CHP_ROAD_TYPE,PEDESTRIAN_ACCIDENT,BICYCLE_ACCIDENT,MOTORCYCLE_ACCIDENT,TRUCK_ACCIDENT,NOT_PRIVATE_PROPERTY,ALCOHOL_INVOLVED,STWD_VEHTYPE_AT_FAULT,CHP_VEHTYPE_AT_FAULT,COUNT_SEVERE_INJ,COUNT_VISIBLE_INJ,COUNT_COMPLAINT_PAIN,COUNT_PED_KILLED,COUNT_PED_INJURED,COUNT_BICYCLIST_KILLED,COUNT_BICYCLIST_INJURED,COUNT_MC_KILLED,COUNT_MC_INJURED,PRIMARY_RAMP,SECONDARY_RAMP,LATITUDE,LONGITUDE,COUNTY,CITY,POINT_X,POINT_Y
94644160,2025,2025-04-10,9650,2025-04-06,1548,021805,NA,7,2,9,3700,0,3,5,NA,2,070,LA BAJADA,LA NORIA,0,NA,Y,A,-,N,NA,NA,NA,NA,NA,NA,NA,NA,NA,Y,4,0,1,2,A,-,03,22350,NA,N,C,C,A,A,H,-,A,D,0,NA,NA,NA,NA,Y,NA,A,07,0,0,1,0,0,0,0,0,0,-,-,33.030250549316406,-117.23255157470705,SAN DIEGO,UNINCORPORATED,-117.23261260986328,33.03033447265625
94648185,2025,2025-04-14,9645,2025-04-05,1212,022183,NA,6,1,7,3711,0,1,1,NA,2,011,I-805 SB,SR-15,123,N,N,A,-,Y,SD,NA,805,NA,NA,14.705,H,NA,L,N,3,0,2,1,A,-,01,23152,A,N,E,I,A,A,H,-,A,D,0,NA,NA,NA,NA,Y,Y,A,01,0,2,0,0,0,0,0,0,0,-,-,32.73270034790039,-117.11224365234376,SAN DIEGO,SAN DIEGO,-117.11228942871094,32.732669830322266
94650479,2025,2025-04-15,9645,2025-04-08,1815,022484,NA,2,2,7,3711,0,1,1,NA,2,015,I-805 S/B,CARROLL CANYON ROAD,10,N,N,A,-,Y,SD,NA,805,NA,NA,26.895,H,NA,L,Y,4,0,2,2,A,-,07,21658,A,N,C,C,A,A,H,-,A,A,0,NA,NA,NA,NA,Y,NA,A,01,0,0,2,0,0,0,0,0,0,-,-,32.88848876953125,-117.20442199707033,SAN DIEGO,SAN DIEGO,-117.20430755615234,32.8885612487793
94650520,2025,2025-04-15,9645,2025-02-11,1735,022479,NA,2,2,7,3711,0,1,1,NA,2,027,I-15 S/B,FRIARS RD.,1945,N,N,B,-,Y,SD,NA,15,NA,R,7.193,H,NA,L,N,4,0,2,2,A,-,03,22350,NA,N,C,C,A,A,H,-,D,D,0,NA,NA,NA,NA,Y,NA,A,01,0,0,2,0,0,0,0,0,0,-,-,32.793548583984375,-117.11229705810548,SAN DIEGO,SAN DIEGO,-117.11221313476563,32.793540954589844
94651851,2025,2025-04-16,9650,2025-04-10,1307,015446,NA,4,1,9,3700,0,1,3,NA,1,028,SR-76,VALLEY CENTER ROAD,1320,E,N,A,-,Y,SD,NA,76,NA,NA,33.308,H,NA,R,Y,3,0,2,1,A,-,08,22107,NA,N,E,I,A,A,H,-,A,D,0,NA,NA,NA,NA,Y,NA,A,01,0,1,1,0,0,0,0,0,0,-,-,33.290550231933594,-116.95297241210938,SAN DIEGO,UNINCORPORATED,-116.95298004150392,33.290611267089844
94652007,2025,2025-04-16,9680,2025-04-06,1218,024202,NA,7,1,5,3705,0,1,1,NA,2,082,I-8 W/B,2ND ST,1109,W,N,A,-,Y,SD,NA,8,NA,NA,17.144,H,NA,L,Y,3,0,3,3,A,-,03,22350,NA,N,C,C,A,A,H,-,E,D,0,NA,NA,NA,NA,Y,NA,A,01,0,1,2,0,0,0,0,0,0,-,-,32.80323028564453,-116.9394989013672,SAN DIEGO,EL CAJON,-116.9394989013672,32.80318069458008
94653083,2025,2025-04-17,9650,2025-04-10,1650,022625,NA,4,2,9,3700,0,1,1,NA,2,003,I-5 N/B,HARBOR DR,528,N,N,A,-,Y,SD,NA,5,NA,R,54.524,H,NA,R,Y,4,0,2,2,A,-,07,21658,A,N,B,C,A,A,H,-,A,D,0,NA,NA,NA,NA,Y,NA,D,22,0,0,2,0,0,0,0,0,0,-,-,33.212181091308594,-117.38818359375,SAN DIEGO,UNINCORPORATED,-117.38819122314452,33.21217346191406
94653215,2025,2025-04-17,9650,2025-04-12,1300,022625,NA,6,1,9,3700,0,1,1,NA,2,003,I-5 S/B,HARBOR DR,2112,N,N,B,-,Y,SD,NA,5,NA,R,54.856,H,NA,L,N,4,0,2,3,A,-,03,22350,NA,N,C,C,A,A,H,-,A,D,0,NA,NA,NA,NA,Y,NA,A,01,0,0,2,0,0,0,0,0,0,-,-,33.21664047241211,-117.39064025878906,SAN DIEGO,UNINCORPORATED,-117.39058685302734,33.216651916503906
94653829,2025,2025-04-17,9650,2025-04-15,910,020180,NA,2,1,9,3700,0,3,5,NA,2,150,OSBORNE STREET,VISTA WAY,38,W,N,B,-,N,NA,NA,NA,NA,NA,NA,NA,NA,NA,N,4,0,1,2,C,-,18,NA,NA,N,E,J,A,A,H,-,A,D,0,NA,NA,NA,NA,Y,NA,-,-,0,0,1,0,0,0,0,0,0,-,-,33.2376708984375,-117.2265167236328,SAN DIEGO,UNINCORPORATED,-117.22639465332033,33.237640380859375
9465451,2022,2023-01-30,3711,2022-12-07,0439,SD1559,NA,3,5,7,3711,0,0,0,NA,0,441,NATIONAL AV,S 35TH ST,0,NA,Y,A,-,N,NA,NA,NA,NA,NA,NA,NA,NA,NA,N,4,0,2,2,A,-,09,21801,A,N,A,C,A,A,H,-,C,A,0,NA,NA,NA,NA,Y,NA,A,07,0,0,2,0,0,0,0,0,0,-,-,NA,NA,SAN DIEGO,SAN DIEGO,-117.11888885498048,32.69599914550781
94654662,2025,2025-04-18,9645,2025-04-11,1625,023922,NA,5,2,7,3711,0,1,1,NA,2,010,I-8 EASTBOUND,I-5 SOUTHBOUND,792,W,N,A,-,Y,SD,NA,8,NA,L,2.111,H,NA,R,Y,3,0,1,2,A,-,07,21658,A,N,B,C,A,A,H,-,A,D,0,NA,NA,Y,NA,Y,NA,A,07,0,1,0,0,0,0,0,0,1,-,-,32.75905990600586,-117.2086181640625,SAN DIEGO,SAN DIEGO,-117.2086181640625,32.75902557373047
94654722,2025,2025-04-18,9645,2025-04-15,2230,022426,NA,2,3,7,3711,0,1,1,NA,2,007,INTERSTATE 5 SOUTHBOUND,CARMEL MOUNTAIN ROAD,800,S,N,A,-,Y,SD,NA,5,NA,R,31.65,H,NA,L,Y,4,0,1,2,A,-,03,22350,NA,N,C,C,A,A,D,-,D,D,0,NA,NA,NA,NA,Y,NA,A,01,0,0,1,0,0,0,0,0,0,-,-,32.916221618652344,-117.23245239257813,SAN DIEGO,SAN DIEGO,-117.23247528076172,32.91619110107422
94655810,2025,2025-04-21,9650,2025-03-30,1300,022139,NA,7,1,9,3700,0,3,5,NA,1,212,LILAC RD,BETSWORTH RD,0,NA,Y,B,-,N,NA,NA,NA,NA,NA,NA,NA,NA,NA,N,4,0,1,2,A,-,12,22450,A,M,D,C,A,A,H,-,A,A,0,NA,NA,NA,NA,Y,NA,A,07,0,0,1,0,0,0,0,0,0,-,-,33.22283935546875,-117.04161834716795,SAN DIEGO,UNINCORPORATED,-117.04151153564452,33.222816467285156
94657177,2025,2025-04-21,9680,2025-04-11,1830,023113,NA,5,2,9,3700,0,2,4,NA,1,096,BANDY CANYON RD,ACADEMY RD,500,S,N,A,-,N,NA,NA,NA,NA,NA,NA,NA,NA,NA,Y,2,0,1,1,A,-,03,22350,NA,N,E,I,A,A,H,-,A,A,0,NA,NA,Y,NA,Y,NA,C,02,1,0,0,0,0,0,0,0,1,-,-,33.086368560791016,-116.9548568725586,SAN DIEGO,UNINCORPORATED,NA,NA
94658178,2025,2025-04-22,9645,2025-04-13,355,023309,NA,7,3,7,3711,0,1,1,NA,2,015,I-805 NORTHBOUND,GOVERNOR DRIVE,500,S,N,A,-,Y,SD,NA,805,NA,NA,24.118,H,NA,R,Y,3,0,5,2,A,-,01,23152,A,N,C,C,A,A,H,-,C,B,0,NA,NA,NA,NA,Y,NA,A,07,0,1,4,0,0,0,0,0,0,-,-,32.85367965698242,-117.1816864013672,SAN DIEGO,SAN DIEGO,-117.18177795410156,32.853641510009766
94658504,2025,2025-04-22,9645,2025-04-14,10,024081,NA,1,3,7,3711,0,1,1,NA,2,003,I-5 SOUTHBOUND,SAMPSON STREET OVERCROSSING,2270,N,N,A,-,Y,SD,NA,5,NA,R,14.196,H,NA,L,Y,2,0,5,1,A,-,08,22107,NA,N,E,I,A,A,H,-,C,D,0,NA,NA,NA,NA,Y,NA,A,01,3,2,0,0,0,0,0,0,0,-,-,32.70254135131836,-117.1445770263672,SAN DIEGO,SAN DIEGO,-117.1446533203125,32.70246887207031
94659719,2025,2025-04-23,9650,2025-04-13,642,022139,NA,7,1,9,3700,0,2,4,NA,2,061,EAST MISSION RD,VIA ZANCAS,45,W,N,A,-,N,NA,NA,NA,NA,NA,NA,NA,NA,NA,N,3,0,1,2,A,-,01,23152,A,N,B,C,A,A,H,-,A,D,0,NA,NA,NA,NA,Y,Y,A,01,0,1,0,0,0,0,0,0,0,-,-,33.39365005493164,-117.21016693115234,SAN DIEGO,UNINCORPORATED,-117.21016693115234,33.393611907958984
94662263,2025,2025-04-24,9645,2025-03-29,1525,021231,NA,6,2,7,3711,0,1,1,NA,2,027,INTERSTATE 15 N/B,BALBOA AVENUE,1000,S,N,A,-,Y,SD,NA,15,NA,R,8.785,H,NA,R,N,3,0,1,2,A,-,08,22107,NA,N,B,C,A,A,H,-,A,D,0,NA,NA,NA,NA,Y,NA,A,07,0,1,0,0,0,0,0,0,0,-,-,32.81652069091797,-117.11482238769533,SAN DIEGO,SAN DIEGO,-117.11489868164063,32.81650924682617
94664077,2025,2025-04-25,9645,2025-04-17,1735,022814,NA,4,2,7,3711,0,1,3,NA,2,023,SR-163 SOUTHBOUND,HAZARD CENTER DRIVE,145,N,N,B,-,Y,SD,NA,163,NA,NA,4.159,H,NA,L,Y,4,0,1,4,A,-,03,22350,NA,N,B,2,A,A,H,-,A,D,0,NA,NA,NA,NA,Y,NA,D,22,0,0,1,0,0,0,0,0,0,-,-,32.76853942871094,-117.16213989257813,SAN DIEGO,SAN DIEGO,-117.16222381591795,32.7685546875
94668439,2025,2025-04-29,9645,2025-04-23,1720,022484,NA,3,2,7,3711,0,1,3,NA,2,012,SR-52 E/B,REGENTS ROAD,2000,W,N,A,-,Y,SD,NA,52,NA,NA,0.977,H,NA,R,Y,3,0,1,2,A,-,03,22350,NA,N,C,C,A,A,H,-,A,A,0,NA,NA,NA,NA,Y,NA,A,01,0,1,0,0,0,0,0,0,0,-,-,32.8397216796875,-117.2236785888672,SAN DIEGO,SAN DIEGO,-117.22369384765624,32.83978271484375
9467501,2023,2023-02-09,3708,2023-01-03,1704,LM1206,NA,2,5,5,3708,0,0,0,NA,0,001,UNIVERSITY AV,YALE AV,0,NA,Y,C,-,N,NA,NA,NA,NA,NA,NA,NA,NA,NA,Y,3,0,3,3,A,-,09,21453,C,N,D,C,A,B,H,-,C,A,0,NA,NA,NA,NA,Y,NA,A,01,0,1,2,0,0,0,0,0,0,-,-,NA,NA,SAN DIEGO,LA MESA,-117.0400619506836,32.755985260009766
9467534,2023,2023-02-16,3711,2023-01-11,1940,SD8404,NA,3,5,7,3711,0,0,0,NA,0,627,UNIVERSITY AV,1ST AV,0,NA,Y,B,-,N,NA,NA,NA,NA,NA,NA,NA,NA,NA,N,4,0,1,2,A,-,09,21801,A,N,A,C,A,A,H,-,C,A,0,NA,NA,Y,NA,Y,NA,C,02,0,0,1,0,0,0,0,0,1,-,-,NA,NA,SAN DIEGO,SAN DIEGO,-117.16390228271484,32.74827194213867
9467600,2023,2023-02-23,3711,2023-01-10,1929,SD1810,NA,2,5,7,3711,0,0,0,NA,0,722,CORONADO AV,HOLLISTER ST,0,NA,Y,B,-,N,NA,NA,NA,NA,NA,NA,NA,NA,NA,Y,4,0,1,2,A,-,12,21453,A,N,D,C,A,B,H,-,C,A,0,NA,NA,NA,NA,Y,NA,A,07,0,0,1,0,0,0,0,0,0,-,-,NA,NA,SAN DIEGO,SAN DIEGO,-117.08407592773438,32.576480865478516
94679900,2025,2025-05-08,9645,2025-05-05,1210,016156,NA,1,1,7,3711,0,1,1,NA,2,010,I-8 W/B,I-805 N/B,1426,E,N,B,-,Y,SD,NA,8,NA,NA,4.666,H,NA,L,Y,4,0,1,1,A,-,08,22107,NA,N,E,I,A,A,H,-,A,D,0,NA,NA,NA,NA,Y,NA,A,07,0,0,1,0,0,0,0,0,0,-,-,32.77360916137695,-117.12750244140624,SAN DIEGO,SAN DIEGO,-117.12744140625,32.773536682128906
94679988,2025,2025-05-08,9650,2025-05-04,1252,015446,NA,7,1,9,3700,0,3,5,NA,2,213,EAST GRADE ROAD,PANORAMA TRAIL,2640,E,N,B,-,N,NA,NA,NA,NA,NA,NA,NA,NA,NA,Y,3,0,1,1,A,-,03,22350,NA,N,F,A,A,B,H,-,A,D,0,NA,NA,NA,NA,Y,NA,A,01,0,1,0,0,0,0,0,0,0,-,-,33.26329040527344,-116.76941680908205,SAN DIEGO,UNINCORPORATED,-116.77085876464844,33.26350784301758
9468013,2022,2023-01-13,3710,2022-12-17,0300,OC1500,NA,6,5,6,3710,0,0,0,NA,0,013,EL CAMINO REAL,RT 78,90,N,N,A,-,Y,SD,11,78,-,-,1.637,R,4,W,Y,3,0,1,1,A,-,01,23152,A,N,E,I,A,A,H,-,C,A,0,NA,NA,NA,NA,Y,Y,A,07,0,1,0,0,0,0,0,0,0,-,WO,NA,NA,SAN DIEGO,OCEANSIDE,-117.32460784912108,33.18225860595703
94680533,2025,2025-05-08,9645,2025-05-03,1455,023910,NA,6,2,7,3711,0,1,1,NA,2,011,I-805 N/B,ADAMS AVENUE,400,N,N,B,-,Y,SD,NA,805,NA,NA,17.061,H,NA,R,Y,4,0,3,3,A,-,03,22350,NA,N,C,C,A,A,H,-,A,D,0,NA,NA,NA,NA,Y,NA,A,01,0,0,3,0,0,0,0,0,0,-,-,32.7642707824707,-117.12758636474608,SAN DIEGO,SAN DIEGO,-117.12767791748048,32.76424789428711
94680800,2025,2025-05-08,9680,2025-04-26,1240,023556,NA,6,1,9,3700,0,3,5,NA,2,001,ASHWOOD STREET,MAPLEVIEW STREET,402.9,S,N,B,-,N,NA,NA,NA,NA,NA,NA,NA,NA,NA,Y,4,0,1,4,A,-,09,21804,A,N,D,C,A,A,H,-,A,D,0,NA,NA,NA,NA,Y,NA,A,01,0,0,1,0,0,0,0,0,0,-,-,32.86241912841797,-116.91757202148438,SAN DIEGO,UNINCORPORATED,-116.91758728027344,32.86250305175781
94680941,2025,2025-05-09,9680,2025-04-28,400,023932,NA,1,3,5,3705,0,1,1,NA,2,082,I-8 W/B,BROADWAY,570,W,N,A,-,Y,SD,NA,8,NA,R,18.295,H,NA,L,Y,3,0,1,2,A,-,16,24002,A,N,E,I,A,A,H,-,C,D,0,NA,NA,NA,NA,Y,NA,D,22,0,1,0,0,0,0,0,0,0,-,-,32.80622100830078,-116.9210205078125,SAN DIEGO,EL CAJON,-116.92095947265624,32.806182861328125
94689005,2025,2025-05-15,9680,2025-05-03,1251,023088,NA,6,1,9,3700,0,3,5,NA,2,001,JACKSON HILL DR,PEPPER DR,0,NA,Y,B,-,N,NA,NA,NA,NA,NA,NA,NA,NA,NA,Y,3,0,2,2,A,-,09,21802,A,N,D,2,A,A,H,-,A,A,0,NA,NA,NA,NA,Y,NA,A,01,0,2,0,0,0,0,0,0,0,-,-,32.82080841064453,-116.92201995849608,SAN DIEGO,UNINCORPORATED,-116.92201232910156,32.820804595947266
94690045,2025,2025-05-16,9650,2025-05-10,1147,021805,NA,6,1,3,3783,0,1,1,NA,2,007,I-5 N/B,VIA DE LA VALLE,1584,N,N,A,-,Y,SD,NA,5,NA,R,36.579,H,NA,R,Y,3,0,1,4,A,-,08,22107,NA,N,D,C,A,A,H,-,A,D,0,NA,NA,NA,NA,Y,NA,A,07,0,1,0,0,0,0,0,0,0,-,-,32.98414993286133,-117.25462341308594,SAN DIEGO,SOLANA BEACH,-117.25454711914063,32.984169006347656
94690082,2025,2025-05-16,9650,2025-04-26,105,023381,NA,6,3,5,3713,0,1,3,NA,2,017,RT 78,EMERALD AVE,5280,E,N,C,-,Y,SD,NA,78,NA,NA,5.414,H,NA,R,Y,3,0,1,1,A,-,01,23152,A,N,E,I,A,B,H,-,D,D,0,NA,NA,NA,NA,Y,Y,A,01,0,1,0,0,0,0,0,0,0,-,-,33.19430923461914,-117.26351165771484,SAN DIEGO,VISTA,-117.26351165771484,33.19418716430664
94692673,2025,2025-05-19,9650,2025-05-15,1428,019979,NA,4,2,5,3782,0,1,1,NA,2,007,I-5 S/B,MANCHESTER AVE,700,S,N,A,-,Y,SD,NA,5,NA,R,38.318,H,NA,L,N,4,0,4,2,A,-,03,22350,NA,N,C,C,A,A,H,-,A,D,0,NA,NA,NA,NA,Y,NA,A,07,0,0,4,0,0,0,0,0,0,-,-,33.0076789855957,-117.26174926757813,SAN DIEGO,ENCINITAS,-117.26172637939452,33.0077018737793
9469678,2023,2023-09-29,3700,2023-07-31,1151,SH0551,NA,1,5,4,3720,0,0,0,NA,0,602,MASSACHUSETTS AV,RT 94,0,NA,Y,A,-,Y,SD,11,94,-,-,8.299,R,4,E,N,4,0,1,2,A,-,03,22350,NA,F,B,C,A,A,H,-,A,A,0,NA,NA,NA,NA,Y,NA,-,NA,0,0,1,0,0,0,0,0,0,-,-,NA,NA,SAN DIEGO,LEMON GROVE,-117.04266357421876,32.74473190307617
94698755,2025,2025-05-23,9645,2025-05-09,2158,023617,NA,5,2,7,3711,0,1,1,NA,2,021,SR-15 SOUTHBOUND,I-805,900,N,N,A,-,Y,SD,NA,15,NA,M,4.07,H,NA,L,Y,4,0,1,1,A,-,08,22107,NA,N,E,I,A,A,H,-,C,D,0,NA,NA,NA,NA,Y,NA,A,01,0,0,1,0,0,0,0,0,0,-,-,32.742088317871094,-117.11251068115234,SAN DIEGO,SAN DIEGO,-117.11239624023438,32.74201202392578
9469983,2023,2024-04-26,3711,2023-09-03,2026,SD7619,NA,7,5,7,3711,0,0,0,NA,0,526,BEECH ST,7TH AV,0,NA,Y,A,-,N,NA,NA,NA,NA,NA,NA,NA,NA,NA,Y,4,0,1,4,A,-,08,22107,NA,N,D,E,A,A,H,-,C,A,0,NA,NA,NA,NA,Y,Y,A,01,0,0,1,0,0,0,0,0,0,-,-,NA,NA,SAN DIEGO,SAN DIEGO,-117.15839385986328,32.72093200683594
9470036,2023,2023-09-21,3711,2023-08-30,2040,SD7774,NA,3,5,7,3711,0,0,0,NA,0,432,IMPERIAL AV,54TH ST,130,W,N,A,-,N,NA,NA,NA,NA,NA,NA,NA,NA,NA,N,4,0,3,4,A,-,21,22106,NA,N,D,C,A,A,H,-,C,D,0,NA,NA,NA,NA,Y,NA,D,22,0,0,3,0,0,0,0,0,0,-,-,NA,NA,SAN DIEGO,SAN DIEGO,-117.07918548583984,32.70698928833008
9470118,2023,2023-09-13,3711,2023-08-30,945,SD7008,NA,3,5,7,3711,0,0,0,NA,0,241,POMERADO RD,WILLOW CREEK RD,1488,W,N,A,-,N,NA,NA,NA,NA,NA,NA,NA,NA,NA,Y,4,0,2,3,A,-,05,21651,A,N,B,C,A,A,H,-,A,A,0,NA,NA,NA,Y,Y,NA,F,26,0,0,2,0,0,0,0,0,0,-,-,NA,NA,SAN DIEGO,SAN DIEGO,-117.10710906982422,32.89597702026367
94702050,2025,2025-05-27,9645,2025-05-17,1340,023910,NA,6,1,7,3711,0,1,3,NA,2,022,SR-56 E/B FROM RANCHO PENSAQUITOS BLVD,RANCHO PENASQUITOS BOULEVARD,150,W,N,B,-,Y,NA,NA,NA,NA,NA,NA,NA,NA,NA,Y,4,0,3,2,A,-,08,22107,NA,N,A,C,A,A,H,-,A,D,0,NA,NA,NA,NA,Y,NA,A,01,0,0,3,0,0,0,0,0,0,-,-,32.95750045776367,-117.11298370361328,SAN DIEGO,SAN DIEGO,-117.11322021484376,32.95853805541992
94704877,2025,2025-05-29,9650,2025-05-21,2215,020340,NA,3,3,9,3700,0,3,5,NA,2,070,EL CAMINO REAL,LOS MORROS,1320,N,N,B,-,N,NA,NA,NA,NA,NA,NA,NA,NA,NA,N,4,0,1,1,A,-,08,22107,NA,N,H,I,A,A,H,-,D,D,0,NA,NA,NA,NA,Y,NA,A,01,0,0,1,0,0,0,0,0,0,-,-,33.01375961303711,-117.2390365600586,SAN DIEGO,UNINCORPORATED,-117.24095916748048,33.020118713378906
94705462,2025,2025-05-29,9645,2025-05-24,1032,022845,NA,6,1,7,3711,0,1,1,NA,2,010,I-8 W/B,W MISSION BAY DRIVE,3168,E,N,A,-,Y,SD,NA,8,NA,L,1.818,H,NA,L,Y,3,0,3,2,A,-,03,22350,NA,N,C,C,A,A,H,-,A,D,0,NA,NA,NA,NA,Y,NA,A,01,0,3,0,0,0,0,0,0,0,-,-,32.75876998901367,-117.21363067626952,SAN DIEGO,SAN DIEGO,-117.213623046875,32.75872039794922
9470602,2023,2023-10-23,3711,2023-09-24,1510,SD7141,NA,7,5,7,3711,0,0,0,NA,0,614,SUNSET CLIFFS BL,SUNSET CLIFFS BL 2400,0,NA,N,A,-,N,NA,NA,NA,NA,NA,NA,NA,NA,NA,N,4,0,3,2,A,-,04,21703,NA,M,C,C,A,A,H,-,A,D,0,NA,NA,NA,NA,Y,NA,A,01,0,0,3,0,0,0,0,0,0,-,-,NA,NA,SAN DIEGO,SAN DIEGO,-117.18875122070313,32.75170135498047
9471219,2023,2023-12-06,3711,2023-10-16,920,SD1914,NA,1,5,7,3711,0,0,0,NA,0,813,ADAMS AV,OREGON ST,0,NA,Y,A,-,N,NA,NA,NA,NA,NA,NA,NA,NA,NA,N,3,0,1,2,A,-,10,21950,A,N,G,B,B,A,H,-,A,D,0,Y,NA,NA,NA,Y,NA,A,07,0,1,0,0,1,0,0,0,0,-,-,NA,NA,SAN DIEGO,SAN DIEGO,-117.13516235351563,32.76284408569336
94714361,2025,2025-06-05,9645,2025-06-02,1700,024355,NA,1,2,7,3711,0,1,1,NA,2,003,I-5 SOUTHBOUND,SR-75 (CORONADO BRIDGE),528,N,N,B,-,Y,SD,NA,5,NA,R,14.247,H,NA,L,N,4,0,2,2,A,-,03,22350,NA,N,C,C,A,A,H,-,A,D,0,NA,NA,NA,NA,Y,NA,A,01,0,0,2,0,0,0,0,0,0,-,-,32.70289993286133,-117.14534759521484,SAN DIEGO,SAN DIEGO,-117.14531707763672,32.70293426513672
94716276,2025,2025-06-06,9645,2025-06-02,2225,023309,NA,1,3,7,3711,0,1,1,NA,2,015,I-805 SOUTHBOUND,GOVERNOR DRIVE,1500,N,N,A,-,Y,SD,NA,805,NA,NA,24.86,H,NA,L,Y,3,0,2,4,A,-,03,22350,NA,N,C,C,A,A,D,-,D,D,0,NA,NA,NA,NA,Y,NA,A,01,0,1,1,0,0,0,0,0,0,-,-,32.862770080566406,-117.18842315673828,SAN DIEGO,SAN DIEGO,-117.18842315673828,32.86276626586914
94720116,2025,2025-06-10,9650,2025-06-02,1423,019979,NA,1,2,6,3706,0,3,5,NA,2,211,CENTRE CITY PKWY NORTH,IVY DELL LN.,400,N,N,A,-,N,NA,NA,NA,NA,NA,NA,NA,NA,NA,N,4,0,3,2,A,-,09,21804,A,N,D,C,A,A,H,-,A,D,0,NA,NA,NA,NA,Y,NA,A,01,0,0,3,0,0,0,0,0,0,-,-,33.17169189453125,-117.10768127441406,SAN DIEGO,ESCONDIDO,-117.10748291015624,33.17155075073242
9472031,2022,2022-07-14,3700,2022-05-20,0835,SH2659,NA,5,5,5,3712,0,0,0,NA,0,357,SOUTH TWIN OAKS VALLEY RD,N CITY DR,0,NA,Y,A,-,N,NA,NA,NA,NA,NA,NA,NA,NA,NA,Y,4,0,1,2,A,-,12,21453,A,N,D,C,A,A,H,-,A,A,0,NA,NA,NA,NA,Y,NA,A,01,0,0,1,0,0,0,0,0,0,-,-,NA,NA,SAN DIEGO,SAN MARCOS,-117.16400146484376,33.13461685180664
94723779,2025,2025-06-12,9680,2025-06-01,520,023536,NA,7,3,9,3700,0,1,3,NA,1,022,SR-54 (JAMACHA ROAD),WILLOW GLEN DRIVE,0,NA,Y,B,-,Y,SD,NA,54,NA,T,11.848,H,NA,R,Y,4,0,2,2,A,-,12,21453,A,N,D,C,A,A,H,-,A,A,0,NA,NA,NA,NA,Y,NA,A,01,0,0,2,0,0,0,0,0,0,-,-,32.74491882324219,-116.92935180664063,SAN DIEGO,UNINCORPORATED,-116.92927551269533,32.74477767944336
9472491,2022,2022-07-25,3711,2022-07-05,0714,SD1365,NA,2,5,7,3711,0,0,0,NA,0,524,9TH AV,A ST,0,NA,Y,A,-,N,NA,NA,NA,NA,NA,NA,NA,NA,NA,N,3,0,1,1,A,-,03,22350,NA,N,F,A,A,A,H,-,A,A,0,NA,Y,NA,NA,Y,NA,L,04,0,1,0,0,0,0,1,0,0,-,-,NA,NA,SAN DIEGO,SAN DIEGO,-117.15656280517578,32.7188606262207
9472517,2022,2022-07-21,3711,2022-07-11,1647,SD1701,NA,1,5,7,3711,0,0,0,NA,0,627,WALNUT AV,3RD AV,0,NA,Y,A,-,N,NA,NA,NA,NA,NA,NA,NA,NA,NA,N,4,0,1,2,A,-,09,21804,A,N,D,C,A,A,H,-,A,D,0,NA,NA,NA,NA,Y,NA,A,01,0,0,1,0,0,0,0,0,0,-,-,NA,NA,SAN DIEGO,SAN DIEGO,-117.16268157958984,32.74147033691406
9472526,2022,2022-09-06,3711,2022-07-04,2230,SD1166,NA,1,5,7,3711,0,0,0,NA,0,122,GARNET AV,GARNET AVE 2900,0,NA,N,A,-,N,NA,NA,NA,NA,NA,NA,NA,NA,NA,N,3,0,1,1,C,-,18,NA,NA,N,H,J,A,A,G,-,C,D,0,NA,NA,Y,NA,Y,Y,-,-,0,1,0,0,0,0,0,0,1,-,-,NA,NA,SAN DIEGO,SAN DIEGO,-117.21725463867188,32.80641174316406