CASE_ID,ACCIDENT_YEAR,PROC_DATE,JURIS,COLLISION_DATE,COLLISION_TIME,OFFICER_ID,REPORTING_DISTRICT,DAY_OF_WEEK,CHP_SHIFT,POPULATION,CNTY_CITY_LOC,SPECIAL_COND,BEAT_TYPE,CHP_BEAT_TYPE,CITY_DIVISION_LAPD,CHP_BEAT_CLASS,BEAT_NUMBER,PRIMARY_RD,SECONDARY_RD,DISTANCE,DIRECTION,INTERSECTION,WEATHER_1,WEATHER_2,STATE_HWY_IND,CALTRANS_COUNTY,CALTRANS_DISTRICT,STATE_ROUTE,ROUTE_SUFFIX,POSTMILE_PREFIX,POSTMILE,LOCATION_TYPE,RAMP_INTERSECTION,SIDE_OF_HWY,TOW_AWAY,COLLISION_SEVERITY,NUMBER_KILLED,NUMBER_INJURED,PARTY_COUNT,PRIMARY_COLL_FACTOR,PCF_CODE_OF_VIOL,PCF_VIOL_CATEGORY,PCF_VIOLATION,PCF_VIOL_SUBSECTION,HIT_AND_RUN,TYPE_OF_COLLISION,MVIW,PED_ACTION,ROAD_SURFACE,ROAD_COND_1,ROAD_COND_2,LIGHTING,CONTROL_DEVICE,CHP_ROAD_TYPE,PEDESTRIAN_ACCIDENT,BICYCLE_ACCIDENT,MOTORCYCLE_ACCIDENT,TRUCK_ACCIDENT,NOT_PRIVATE_PROPERTY,ALCOHOL_INVOLVED,STWD_VEHTYPE_AT_FAULT,CHP_VEHTYPE_AT_FAULT,COUNT_SEVERE_INJ,COUNT_VISIBLE_INJ,COUNT_COMPLAINT_PAIN,COUNT_PED_KILLED,COUNT_PED_INJURED,COUNT_BICYCLIST_KILLED,COUNT_BICYCLIST_INJURED,COUNT_MC_KILLED,COUNT_MC_INJURED,PRIMARY_RAMP,SECONDARY_RAMP,LATITUDE,LONGITUDE,COUNTY,CITY,POINT_X,POINT_Y
9596096,2023,2023-07-21,3703,2023-06-24,154,1432,3,6,5,3,3703,0,0,0,NA,0,003,CORONADO CAYS BL,SILVER STRAND BL,0,NA,Y,A,-,Y,SD,11,75,-,-,14.109,R,4,NA,N,3,0,1,1,A,-,04,21703,NA,N,H,A,A,A,B,-,C,D,0,NA,Y,NA,NA,Y,Y,L,04,0,1,0,0,0,0,1,0,0,-,-,32.6251106262207,-117.13854217529295,SAN DIEGO,CORONADO,-117.13856506347656,32.62678527832031
9596639,2023,2023-07-31,3705,2023-06-03,852,EC0410,NA,6,5,5,3705,0,0,0,NA,0,003,E LEXINGTON AV,S GINA AV,293,W,N,A,-,N,NA,NA,NA,NA,NA,NA,NA,NA,NA,Y,4,0,2,2,A,-,09,21804,A,N,D,C,A,A,H,-,A,D,0,NA,NA,NA,NA,Y,NA,A,01,0,0,2,0,0,0,0,0,0,-,-,NA,NA,SAN DIEGO,EL CAJON,-116.9317626953125,32.792701721191406
9597186,2023,2023-08-01,3710,2023-05-09,1639,OC1443,NA,2,5,6,3710,0,0,0,NA,0,026,VISTA WAY,RANCHO DEL ORO DR,360,W,N,A,-,N,NA,NA,NA,NA,NA,NA,NA,NA,NA,Y,3,0,3,2,A,-,09,21804,A,N,D,C,A,A,H,-,A,A,0,NA,NA,Y,NA,Y,NA,A,01,0,2,1,0,0,0,0,0,2,-,-,NA,NA,SAN DIEGO,OCEANSIDE,-117.31241607666016,33.18147659301758
9597431,2023,2023-09-13,3705,2023-05-17,1510,EC0279,NA,3,5,5,3705,0,0,0,NA,0,002,2ND AV,MADISON AV,1000,S,N,A,-,N,NA,NA,NA,NA,NA,NA,NA,NA,NA,N,4,0,1,2,A,-,09,21801,A,F,D,C,A,A,H,-,A,-,0,NA,NA,NA,NA,Y,NA,A,01,0,0,1,0,0,0,0,0,0,-,-,NA,NA,SAN DIEGO,EL CAJON,-116.93586730957033,32.797420501708984
9597496,2023,2023-07-24,3700,2023-04-26,1714,SH0272,NA,3,5,5,3712,0,0,0,NA,0,355,SOUTH RANCHO SANTA FE RD,1ST ST,27,E,N,A,-,N,NA,NA,NA,NA,NA,NA,NA,NA,NA,Y,4,0,1,2,A,-,09,21802,B,N,D,C,A,A,H,-,A,A,0,NA,NA,NA,NA,Y,NA,A,01,0,0,1,0,0,0,0,0,0,-,-,NA,NA,SAN DIEGO,SAN MARCOS,-117.20464324951172,33.137447357177734
9598502,2023,2023-08-09,3711,2023-07-01,912,SD1638,NA,6,5,7,3711,0,0,0,NA,0,313,COPLEY DR,HICKMAN FIELD DR,1584,E,N,A,-,N,NA,NA,NA,NA,NA,NA,NA,NA,NA,Y,4,0,2,2,A,-,08,22107,NA,N,A,C,A,A,H,-,A,D,0,NA,NA,NA,NA,Y,NA,A,01,0,0,2,0,0,0,0,0,0,-,-,NA,NA,SAN DIEGO,SAN DIEGO,-117.16252899169922,32.83957290649414
9599427,2023,2023-08-01,3700,2023-06-09,1704,SH0876,NA,5,5,5,3713,0,0,0,NA,0,311,VISTA VILLAGE DR,N CITRUS AV,18,W,N,A,-,N,NA,NA,NA,NA,NA,NA,NA,NA,NA,N,4,0,1,2,A,-,08,22107,NA,F,D,G,A,A,H,-,A,A,0,NA,Y,NA,NA,Y,NA,A,01,0,0,1,0,0,0,1,0,0,-,-,NA,NA,SAN DIEGO,VISTA,-117.24088287353516,33.2037467956543
9599880,2023,2023-08-10,3711,2023-07-12,2100,SD1516,NA,3,5,7,3711,0,0,0,NA,0,243,MIRAMAR RD,MIRAMAR RD 7200,0,NA,Y,A,-,N,NA,NA,NA,NA,NA,NA,NA,NA,NA,Y,4,0,1,2,A,-,08,22107,NA,N,D,C,A,A,H,-,C,D,0,NA,NA,NA,NA,Y,NA,A,01,0,0,1,0,0,0,0,0,0,-,-,NA,NA,SAN DIEGO,SAN DIEGO,-117.19499969482422,32.875919342041016
9599884,2023,2023-08-10,3711,2023-07-14,1633,SD1799,NA,5,5,7,3711,0,0,0,NA,0,321,RANCHO MISSION RD,SAN DIEGO MISSION RD,660,S,N,A,-,N,NA,NA,NA,NA,NA,NA,NA,NA,NA,Y,4,0,1,3,A,-,08,22107,NA,N,D,C,A,A,H,-,A,D,0,NA,NA,NA,NA,Y,NA,A,01,0,0,1,0,0,0,0,0,0,-,-,NA,NA,SAN DIEGO,SAN DIEGO,-117.11042022705078,32.7830924987793
9599928,2023,2023-07-31,3711,2023-06-29,617,SD1113,NA,4,5,7,3711,0,0,0,NA,0,611,OLLIE ST,SPORTS ARENA BL,0,NA,Y,A,B,N,NA,NA,NA,NA,NA,NA,NA,NA,NA,N,3,0,2,2,A,-,08,22107,NA,N,D,C,A,A,H,-,A,D,0,NA,NA,NA,NA,Y,NA,A,01,0,1,1,0,0,0,0,0,0,-,-,NA,NA,SAN DIEGO,SAN DIEGO,-117.221923828125,32.756256103515625
9600261,2023,2023-08-11,3711,2023-07-24,442,SD7980,NA,1,5,7,3711,0,0,0,NA,0,242,BLACK MOUNTAIN RD,MERCY RD,0,NA,Y,A,-,N,NA,NA,NA,NA,NA,NA,NA,NA,NA,Y,4,0,1,1,A,-,03,22350,NA,N,E,I,A,A,H,-,B,A,0,NA,NA,NA,NA,Y,NA,D,22,0,0,1,0,0,0,0,0,0,-,-,NA,NA,SAN DIEGO,SAN DIEGO,-117.12730407714844,32.93731689453125
9600416,2023,2023-09-08,3711,2023-08-04,1450,SD1405,NA,5,5,7,3711,0,0,0,NA,0,822,UNIVERSITY AV,UNIVERSITY AV 5600,0,NA,-,A,F,N,NA,NA,NA,NA,NA,NA,NA,NA,NA,Y,4,0,1,3,A,-,07,21658,A,N,B,E,A,A,H,-,A,D,0,NA,NA,NA,NA,Y,NA,A,01,0,0,1,0,0,0,0,0,0,-,-,NA,NA,SAN DIEGO,SAN DIEGO,-117.16390228271484,32.74827194213867
9600502,2023,2023-08-07,3711,2023-07-07,855,SD1730,NA,5,5,7,3711,0,0,0,NA,0,627,8TH AV,UNIVERSITY AV,0,NA,Y,A,-,N,NA,NA,NA,NA,NA,NA,NA,NA,NA,Y,4,0,1,2,A,-,09,21803,A,N,A,C,A,A,H,-,A,A,0,NA,NA,NA,NA,Y,NA,A,01,0,0,1,0,0,0,0,0,0,-,-,NA,NA,SAN DIEGO,SAN DIEGO,-117.15741729736328,32.748390197753906
9600610,2023,2023-08-08,3702,2023-06-30,807,CV1473,NA,5,5,6,3702,0,0,0,NA,0,013,BROADWAY,I ST,277,S,N,A,-,N,NA,NA,NA,NA,NA,NA,NA,NA,NA,N,3,0,1,2,A,-,07,21658,A,N,G,B,A,A,H,-,A,D,0,NA,NA,Y,NA,Y,NA,D,22,0,1,0,0,0,0,0,0,1,-,-,NA,NA,SAN DIEGO,CHULA VISTA,-117.08782958984376,32.62677001953125
9600835,2023,2023-08-02,3711,2023-07-18,104,SD7942,NA,2,5,7,3711,0,0,0,NA,0,613,POINSETTIA DR,CURTIS ST,57,S,N,A,-,N,NA,NA,NA,NA,NA,NA,NA,NA,NA,Y,3,0,1,2,A,-,08,22107,NA,N,B,E,A,A,H,-,C,D,0,NA,NA,NA,NA,Y,Y,A,01,0,1,0,0,0,0,0,0,0,-,-,NA,NA,SAN DIEGO,SAN DIEGO,-117.22526550292967,32.744056701660156
9600856,2023,2023-08-03,3711,2023-07-19,1149,SD1732,NA,3,5,7,3711,0,0,0,NA,0,445,EUCLID AV,EUCLID AV 1025,0,NA,Y,A,-,N,NA,NA,NA,NA,NA,NA,NA,NA,NA,Y,3,0,1,4,A,-,06,21755,A,N,C,C,F,A,H,-,A,D,0,Y,NA,NA,NA,Y,NA,A,01,0,1,0,0,1,0,0,0,0,-,-,NA,NA,SAN DIEGO,SAN DIEGO,-117.08499908447266,32.704505920410156
9600887,2023,2023-08-07,3711,2023-07-20,1830,SD1936,NA,4,5,7,3711,0,0,0,NA,0,511,EAST CESAR CHAVEZ PKWY,MAIN ST,0,NA,Y,A,-,N,NA,NA,NA,NA,NA,NA,NA,NA,NA,N,2,0,1,2,A,-,09,21800,B,N,A,G,A,A,H,-,B,A,0,NA,Y,NA,NA,Y,NA,A,01,1,0,0,0,0,0,1,0,0,-,-,NA,NA,SAN DIEGO,SAN DIEGO,-117.14662170410156,32.698997497558594
9600966,2023,2023-08-04,3702,2023-06-22,1400,CV1367,NA,4,5,6,3702,0,0,0,NA,0,041,HERITAGE RD,OLYMPIC PKWY,1,S,N,A,-,N,NA,NA,NA,NA,NA,NA,NA,NA,NA,N,3,0,1,2,A,-,05,21202,A,N,D,G,A,A,H,-,A,A,0,NA,Y,NA,NA,Y,NA,L,04,0,1,0,0,0,0,1,0,0,-,-,NA,NA,SAN DIEGO,CHULA VISTA,-117.00212860107422,32.617008209228516
9600977,2023,2023-08-07,3711,2023-06-17,2121,SD1776,NA,6,5,7,3711,0,0,0,NA,0,122,WEST MISSION BAY DR,SEA WORLD DR,0,NA,Y,A,-,N,NA,NA,NA,NA,NA,NA,NA,NA,NA,Y,3,0,1,5,A,-,04,21703,NA,N,C,C,A,A,H,-,C,A,0,NA,NA,NA,NA,Y,NA,A,01,0,1,0,0,0,0,0,0,0,-,-,NA,NA,SAN DIEGO,SAN DIEGO,-117.23030853271484,32.76136779785156
9601066,2023,2023-08-08,3711,2023-07-22,1952,SD1628,NA,6,5,7,3711,0,0,0,NA,0,614,NEWPORT AV,ABBOTT ST,0,NA,Y,A,-,N,NA,NA,NA,NA,NA,NA,NA,NA,NA,N,4,0,1,2,A,-,10,21950,A,M,G,B,B,A,H,-,C,D,0,Y,NA,NA,NA,Y,Y,-,99,0,0,1,0,1,0,0,0,0,-,-,NA,NA,SAN DIEGO,SAN DIEGO,-117.25267791748048,32.74784851074219
9601334,2023,2023-08-22,3710,2023-07-26,1640,OC1363,NA,3,5,6,3710,0,0,0,NA,0,022,RT 76,GUAJOME LAKE RD,0,NA,Y,A,-,Y,SD,11,76,-,R,7.2,H,-,W,Y,3,0,3,2,A,-,09,21453,C,N,D,C,A,A,H,-,A,A,0,NA,NA,NA,NA,Y,NA,A,01,0,1,2,0,0,0,0,0,0,-,-,NA,NA,SAN DIEGO,OCEANSIDE,-117.27397918701172,33.24859619140625
9601894,2023,2023-08-18,3700,2023-07-07,1739,SH0214,NA,5,5,4,3720,0,0,0,NA,0,601,BROADWAY,NORTH AV,0,NA,Y,A,-,Y,SD,11,94,-,-,7.791,R,4,W,Y,4,0,1,2,A,-,01,23152,B,F,D,C,A,A,H,-,A,A,0,NA,NA,NA,NA,Y,NA,A,01,0,0,1,0,0,0,0,0,0,-,-,NA,NA,SAN DIEGO,LEMON GROVE,-117.05054473876952,32.742279052734375
9602044,2023,2023-08-09,3709,2023-07-19,145,NC0556,NA,3,5,5,3709,0,0,0,NA,0,020,D AV,E 15TH,23,S,N,A,-,N,NA,NA,NA,NA,NA,NA,NA,NA,NA,N,4,0,1,4,A,-,01,23152,A,N,C,E,A,A,H,-,C,D,0,NA,NA,NA,NA,Y,Y,A,01,0,0,1,0,0,0,0,0,0,-,-,NA,NA,SAN DIEGO,NATIONAL CITY,-117.10041809082033,32.670860290527344
9602158,2023,2023-08-15,3700,2023-07-04,1451,SH0712,NA,2,5,4,3720,0,0,0,NA,0,604,MASSACHUSETTS AV,MADERA ST,0,NA,Y,A,-,N,NA,NA,NA,NA,NA,NA,NA,NA,NA,Y,4,0,1,1,A,-,01,23152,A,N,E,I,A,A,H,-,A,A,0,NA,NA,NA,NA,Y,Y,A,08,0,0,1,0,0,0,0,0,0,-,-,NA,NA,SAN DIEGO,LEMON GROVE,-117.04266357421876,32.72669219970703
9602159,2023,2023-08-18,3700,2023-07-07,1233,SH0712,NA,5,5,4,3720,0,0,0,NA,0,606,LEMON GROVE AV,CYPRESS AV,153,S,N,A,-,N,NA,NA,NA,NA,NA,NA,NA,NA,NA,N,3,0,1,1,C,-,18,NA,NA,N,E,I,A,A,H,-,A,D,0,NA,NA,NA,NA,Y,NA,-,-,0,1,0,0,0,0,0,0,0,-,-,NA,NA,SAN DIEGO,LEMON GROVE,-117.0324935913086,32.733917236328125
9603068,2023,2023-08-01,3711,2023-06-13,846,SD7782,NA,2,5,7,3711,0,0,0,NA,0,611,MIDWAY DR,ROSECRANS ST,500,E,N,B,C,N,NA,NA,NA,NA,NA,NA,NA,NA,NA,N,4,0,1,2,A,-,09,21804,A,N,G,B,C,B,H,-,A,D,0,Y,NA,NA,NA,Y,NA,A,01,0,0,1,0,1,0,0,0,0,-,-,NA,NA,SAN DIEGO,SAN DIEGO,-117.20486450195313,32.74889373779297
9603528,2023,2023-08-10,3702,2023-07-22,1325,CV1471,NA,6,5,6,3702,0,0,0,NA,0,023,THIRD AV,KENNEDY ST,85,S,N,A,B,N,NA,NA,NA,NA,NA,NA,NA,NA,NA,Y,4,0,1,3,A,-,03,22350,NA,N,C,C,A,A,H,-,A,D,0,NA,NA,NA,NA,Y,NA,D,22,0,0,1,0,0,0,0,0,0,-,-,NA,NA,SAN DIEGO,CHULA VISTA,-117.06698608398438,32.60826873779297
9604179,2023,2023-12-07,3711,2023-10-27,558,SD5985,NA,5,5,7,3711,0,0,0,NA,0,313,RT 805,CLAIREMONT MESA BL,0,NA,Y,B,-,Y,SD,11,805,-,-,22.38,R,4,N,N,3,0,1,2,A,-,12,21453,A,M,D,G,A,A,H,-,C,A,0,NA,Y,NA,NA,Y,NA,-,99,0,1,0,0,0,0,1,0,0,-,-,NA,NA,SAN DIEGO,SAN DIEGO,-117.16802215576172,32.83119201660156
9604620,2023,2023-11-27,3710,2023-10-07,2148,OC1529,NA,6,5,6,3710,0,0,0,NA,0,021,RT 76,OLD GROVE RD,400,E,N,A,-,Y,SD,11,76,-,R,4.96,H,-,W,Y,4,0,1,1,A,-,03,22350,NA,N,F,A,A,A,H,-,D,D,0,NA,NA,Y,NA,Y,NA,C,02,0,0,1,0,0,0,0,0,1,-,-,NA,NA,SAN DIEGO,OCEANSIDE,-117.30723571777344,33.23347473144531
9604738,2023,2024-02-23,3711,2023-12-23,920,SD1809,NA,6,5,7,3711,0,0,0,NA,0,614,EBERS ST,ORCHARD AV,167,N,N,A,-,N,NA,NA,NA,NA,NA,NA,NA,NA,NA,Y,4,0,1,2,A,-,08,22107,NA,N,A,D,A,A,H,-,A,D,0,NA,NA,NA,NA,Y,NA,-,NA,0,0,1,0,0,0,0,0,0,-,-,NA,NA,SAN DIEGO,SAN DIEGO,-117.25063323974608,32.738128662109375
9606051,2023,2023-08-18,3711,2023-08-12,1250,SD7995,NA,6,5,7,3711,0,0,0,NA,0,833,UNIVERSITY AV,FAIRMOUNT AV,190,E,N,A,-,N,NA,NA,NA,NA,NA,NA,NA,NA,NA,N,4,0,1,2,A,-,11,21955,NA,N,A,B,D,A,H,-,A,D,0,Y,NA,NA,NA,Y,NA,N,60,0,0,1,0,1,0,0,0,0,-,-,NA,NA,SAN DIEGO,SAN DIEGO,-117.10028076171876,32.749610900878906
9606220,2023,2023-08-25,3711,2023-08-14,1621,SD7621,NA,1,5,7,3711,0,0,0,NA,0,813,OHIO ST,ADAMS AV,0,NA,Y,A,-,N,NA,NA,NA,NA,NA,NA,NA,NA,NA,N,4,0,1,2,A,-,04,21703,NA,N,C,C,A,A,H,-,A,A,0,NA,NA,NA,NA,Y,NA,A,01,0,0,1,0,0,0,0,0,0,-,-,NA,NA,SAN DIEGO,SAN DIEGO,-117.12895965576172,32.76287841796875
9606547,2023,2023-10-20,3711,2023-08-23,1010,SD8447,NA,3,5,7,3711,0,0,0,NA,0,712,BLANCHE DR,TENNIE ST,0,NA,Y,A,-,N,NA,NA,NA,NA,NA,NA,NA,NA,NA,N,4,0,1,2,A,-,03,22350,NA,N,G,-,E,A,H,-,A,D,0,Y,NA,NA,NA,Y,NA,A,01,0,0,1,0,1,0,0,0,0,-,-,NA,NA,SAN DIEGO,SAN DIEGO,-117.04746246337892,32.554134368896484
9606811,2023,2023-10-13,3711,2023-08-19,1347,SD7668,NA,6,5,7,3711,0,0,0,NA,0,232,CAMINO DEL NORTE,CARMEL MOUNTAIN RD,0,NA,Y,A,-,N,NA,NA,NA,NA,NA,NA,NA,NA,NA,Y,4,0,1,1,A,-,08,22107,NA,N,A,I,A,A,H,-,A,A,0,NA,NA,NA,NA,Y,NA,A,01,0,0,1,0,0,0,0,0,0,-,-,NA,NA,SAN DIEGO,SAN DIEGO,-117.07228088378906,32.990867614746094
9606821,2023,2023-10-05,3711,2023-08-17,1147,SD1681,NA,4,5,7,3711,0,0,0,NA,0,243,MIRAMAR RD,MIRAMAR RD 7140,0,NA,Y,A,-,N,NA,NA,NA,NA,NA,NA,NA,NA,NA,N,3,0,2,2,A,-,08,22100,B,N,D,C,A,A,H,-,A,D,0,NA,NA,NA,NA,Y,NA,A,01,0,1,1,0,0,0,0,0,0,-,-,NA,NA,SAN DIEGO,SAN DIEGO,-117.19499969482422,32.875919342041016
9606865,2023,2023-09-05,3711,2023-08-25,820,SD6812,NA,5,5,7,3711,0,0,0,NA,0,122,DIAMOND ST,INGRAHAM ST,0,NA,Y,B,-,N,NA,NA,NA,NA,NA,NA,NA,NA,NA,N,3,0,1,1,A,-,03,22350,NA,N,F,A,A,A,H,-,A,D,0,NA,Y,NA,NA,Y,NA,L,04,0,1,0,0,0,0,1,0,0,-,-,NA,NA,SAN DIEGO,SAN DIEGO,-117.24173736572266,32.80253219604492
9606868,2023,2023-09-05,3711,2023-08-23,1225,SD1706,NA,3,5,7,3711,0,0,0,NA,0,624,ALABAMA ST,EL CAJON BL,0,NA,Y,A,-,N,NA,NA,NA,NA,NA,NA,NA,NA,NA,N,3,0,1,2,A,-,09,21800,A,N,D,C,A,A,H,-,A,D,0,NA,NA,NA,NA,Y,NA,A,01,0,1,0,0,0,0,0,0,0,-,-,NA,NA,SAN DIEGO,SAN DIEGO,-117.14257049560548,32.755210876464844
9606871,2023,2023-09-19,3711,2023-08-22,1300,SD1557,NA,2,5,7,3711,0,0,0,NA,0,313,BALBOA AV,COVOY ST,0,NA,Y,A,-,N,NA,NA,NA,NA,NA,NA,NA,NA,NA,N,4,0,2,2,A,-,21,22106,NA,N,C,C,A,A,H,-,A,A,0,NA,NA,NA,NA,Y,NA,A,01,0,0,2,0,0,0,0,0,0,-,-,NA,NA,SAN DIEGO,SAN DIEGO,-117.15509033203124,32.82175064086914
9607074,2023,2023-09-06,3700,2023-06-06,728,SH0138,NA,2,5,5,3781,0,0,0,NA,0,519,CUYAMACA ST,PROSPECT AV,209,S,N,A,-,N,NA,NA,NA,NA,NA,NA,NA,NA,NA,N,4,0,1,2,A,-,17,22109,NA,N,B,C,A,A,H,-,A,D,0,NA,NA,NA,NA,Y,NA,A,01,0,0,1,0,0,0,0,0,0,-,-,NA,NA,SAN DIEGO,SANTEE,-116.9839096069336,32.83081817626953
9607476,2023,2023-12-12,3702,2023-10-03,1554,CV1488,NA,2,5,6,3702,0,0,0,NA,0,023,EAST ORANGE AV,MAX AV,36,E,N,A,-,N,NA,NA,NA,NA,NA,NA,NA,NA,NA,Y,4,0,1,2,A,-,03,22350,NA,N,C,C,A,A,H,-,A,A,0,NA,NA,NA,NA,Y,NA,D,22,0,0,1,0,0,0,0,0,0,-,-,NA,NA,SAN DIEGO,CHULA VISTA,-117.0444107055664,32.601966857910156
9609153,2023,2023-08-29,3709,2023-07-12,1430,NC0542,NA,3,5,5,3709,0,0,0,NA,0,023,VIRGINIA DR,L AV,0,NA,Y,A,-,N,NA,NA,NA,NA,NA,NA,NA,NA,NA,N,4,0,1,2,A,-,21,22106,NA,N,G,B,F,A,H,-,A,D,0,Y,NA,NA,NA,Y,Y,-,NA,0,0,1,0,1,0,0,0,0,-,-,NA,NA,SAN DIEGO,NATIONAL CITY,-117.08847808837892,32.66330337524414
9609327,2023,2023-09-05,3702,2023-07-21,858,CV1444,NA,5,5,6,3702,0,0,0,NA,0,022,MOSS ST,4TH AV,0,NA,Y,A,-,N,NA,NA,NA,NA,NA,NA,NA,NA,NA,Y,4,0,1,3,A,-,12,21453,A,N,D,C,A,A,H,-,A,A,0,NA,NA,NA,NA,Y,NA,A,01,0,0,1,0,0,0,0,0,0,-,-,NA,NA,SAN DIEGO,CHULA VISTA,-117.07453918457033,32.61598205566406
9609566,2023,2023-10-11,3700,2023-08-14,911,SH0141,NA,1,5,5,3712,0,0,0,NA,0,355,GRAND AV,VIA VERA CRUZ,65,E,N,A,-,N,NA,NA,NA,NA,NA,NA,NA,NA,NA,Y,4,0,1,2,A,-,12,21453,A,N,D,C,A,A,H,-,A,A,0,NA,NA,NA,NA,Y,NA,A,01,0,0,1,0,0,0,0,0,0,-,-,NA,NA,SAN DIEGO,SAN MARCOS,-117.19035339355467,33.14247131347656
9609778,2023,2023-08-24,3700,2023-07-09,2002,SH0029,NA,7,5,5,3713,0,0,0,NA,0,310,NORTH SANTA FE AV,VISTA VILLAGE DR,0,NA,Y,A,-,N,NA,NA,NA,NA,NA,NA,NA,NA,NA,Y,4,0,1,2,A,-,12,21453,A,N,D,C,A,A,H,-,B,A,0,NA,NA,NA,NA,Y,NA,A,08,0,0,1,0,0,0,0,0,0,-,-,NA,NA,SAN DIEGO,VISTA,-117.243896484375,33.2024040222168
9609881,2023,2023-08-18,3700,2023-06-28,1750,SH0268,NA,3,5,4,3780,0,0,0,NA,0,417,SYCAMORE CANYON RD,GARDEN RD,1590,S,N,A,-,N,NA,NA,NA,NA,NA,NA,NA,NA,NA,Y,4,0,1,1,A,-,08,22107,NA,N,E,I,A,A,H,-,A,D,0,NA,NA,Y,NA,Y,NA,C,02,0,0,1,0,0,0,0,0,1,-,-,NA,NA,SAN DIEGO,POWAY,-117.00636291503906,32.95201110839844
9609950,2023,2023-08-25,3711,2023-08-04,2130,SD7964,NA,5,5,7,3711,0,0,0,NA,0,722,GROVE AV,SWITZERLAND DR,0,NA,Y,A,-,N,NA,NA,NA,NA,NA,NA,NA,NA,NA,N,3,0,1,2,D,-,00,NA,NA,M,G,B,B,A,H,-,C,D,0,Y,NA,NA,NA,Y,NA,-,-,0,1,0,0,1,0,0,0,0,-,-,NA,NA,SAN DIEGO,SAN DIEGO,-117.0918426513672,32.57282638549805
9611089,2023,2023-10-04,3702,2023-08-15,1415,CV1471,NA,2,5,6,3702,0,0,0,NA,0,041,TELEGRAPH CANYON RD,OLEANDER AV,122,E,N,A,-,N,NA,NA,NA,NA,NA,NA,NA,NA,NA,Y,3,0,1,3,A,-,03,22350,NA,N,C,C,A,A,H,-,A,D,0,NA,NA,NA,Y,Y,Y,A,01,0,1,0,0,0,0,0,0,0,-,-,NA,NA,SAN DIEGO,CHULA VISTA,-117.03631591796876,32.62784194946289
9611292,2023,2023-09-22,3705,2023-08-01,4,EC0441,NA,2,5,5,3705,0,0,0,NA,0,001,RICHFIELD AV,WEST MAIN ST,395,S,N,A,-,N,NA,NA,NA,NA,NA,NA,NA,NA,NA,N,4,0,1,2,A,-,11,21950,B,F,G,B,D,A,H,-,D,D,0,Y,NA,NA,NA,Y,NA,N,60,0,0,1,0,1,0,0,0,0,-,-,NA,NA,SAN DIEGO,EL CAJON,-116.97332763671876,32.79389190673828
9612205,2023,2023-12-09,3711,2023-09-05,1115,SD6999,NA,2,5,7,3711,0,0,0,NA,0,934,DEL MAR HEIGHTS RD,LANSDALE DR,0,NA,Y,A,-,N,NA,NA,NA,NA,NA,NA,NA,NA,NA,Y,4,0,2,2,A,-,12,21453,A,N,D,C,A,A,H,-,A,A,0,NA,NA,NA,NA,Y,NA,A,01,0,0,2,0,0,0,0,0,0,-,-,NA,NA,SAN DIEGO,SAN DIEGO,-117.22096252441406,32.95603942871094
9612213,2023,2023-09-15,3711,2023-08-30,1810,SD1617,NA,3,5,7,3711,0,0,0,NA,0,124,LA JOLLA SHORES DR,VALLECITOS,0,NA,Y,A,-,N,NA,NA,NA,NA,NA,NA,NA,NA,NA,N,3,0,2,2,A,-,-,NA,NA,N,D,C,A,A,H,-,A,D,0,NA,NA,NA,NA,Y,NA,A,01,0,2,0,0,0,0,0,0,0,-,-,NA,NA,SAN DIEGO,SAN DIEGO,-117.25370025634766,32.855560302734375
9612218,2023,2023-09-15,3710,2023-08-29,2500,OC1521,NA,2,5,6,3710,0,0,0,NA,0,036,MELROSE DR,WILLOWBROK DR,0,NA,Y,A,-,N,NA,NA,NA,NA,NA,NA,NA,NA,NA,Y,4,0,2,2,A,-,03,22350,NA,N,C,C,A,A,H,-,A,A,0,NA,NA,NA,NA,Y,NA,A,01,0,0,2,0,0,0,0,0,0,-,-,NA,NA,SAN DIEGO,OCEANSIDE,-117.26181030273438,33.2351188659668
9612632,2023,2023-08-21,3710,2023-07-25,1909,OC1413,NA,2,5,6,3710,0,0,0,NA,0,027,COLLEGE BL,BARNARD,0,NA,Y,A,-,N,NA,NA,NA,NA,NA,NA,NA,NA,NA,N,3,0,1,2,A,-,09,21800,A,N,D,C,A,A,H,-,A,B,0,NA,NA,NA,NA,Y,NA,A,01,0,1,0,0,0,0,0,0,0,-,-,NA,NA,SAN DIEGO,OCEANSIDE,-117.29642486572266,33.186214447021484
9612707,2023,2023-09-06,3711,2023-08-10,1707,SD7615,NA,4,5,7,3711,0,0,0,NA,0,431,MARKET ST,MERLIN DR,124,W,N,A,-,N,NA,NA,NA,NA,NA,NA,NA,NA,NA,N,4,0,1,2,A,-,09,21800,A,N,D,C,A,A,H,-,A,D,0,NA,NA,NA,NA,Y,NA,A,01,0,0,1,0,0,0,0,0,0,-,-,NA,NA,SAN DIEGO,SAN DIEGO,-117.07146453857422,32.71004867553711
9612711,2023,2023-09-06,3711,2023-08-08,1359,SD7975,NA,2,5,7,3711,0,0,0,NA,0,115,LA JOLLA VILLAGE DR,TOWNE CENTRE DR,600,E,N,B,-,N,NA,NA,NA,NA,NA,NA,NA,NA,NA,N,3,0,2,2,A,-,04,21703,NA,N,C,C,A,A,H,-,A,A,0,NA,NA,NA,NA,Y,NA,A,01,0,1,1,0,0,0,0,0,0,-,-,NA,NA,SAN DIEGO,SAN DIEGO,-117.20549774169922,32.87435531616211
9612997,2023,2023-09-11,3711,2023-08-22,1550,SD1756,NA,2,5,7,3711,0,0,0,NA,0,322,PRINCESS VIEW DR,FONTAINE ST,0,NA,Y,A,-,N,NA,NA,NA,NA,NA,NA,NA,NA,NA,Y,3,0,2,2,A,-,12,22450,A,N,B,C,A,A,-,-,A,D,0,NA,NA,NA,NA,Y,NA,A,01,0,2,0,0,0,0,0,0,0,-,-,NA,NA,SAN DIEGO,SAN DIEGO,-117.07810974121094,32.80172348022461