CASE_ID,ACCIDENT_YEAR,PROC_DATE,JURIS,COLLISION_DATE,COLLISION_TIME,OFFICER_ID,REPORTING_DISTRICT,DAY_OF_WEEK,CHP_SHIFT,POPULATION,CNTY_CITY_LOC,SPECIAL_COND,BEAT_TYPE,CHP_BEAT_TYPE,CITY_DIVISION_LAPD,CHP_BEAT_CLASS,BEAT_NUMBER,PRIMARY_RD,SECONDARY_RD,DISTANCE,DIRECTION,INTERSECTION,WEATHER_1,WEATHER_2,STATE_HWY_IND,CALTRANS_COUNTY,CALTRANS_DISTRICT,STATE_ROUTE,ROUTE_SUFFIX,POSTMILE_PREFIX,POSTMILE,LOCATION_TYPE,RAMP_INTERSECTION,SIDE_OF_HWY,TOW_AWAY,COLLISION_SEVERITY,NUMBER_KILLED,NUMBER_INJURED,PARTY_COUNT,PRIMARY_COLL_FACTOR,PCF_CODE_OF_VIOL,PCF_VIOL_CATEGORY,PCF_VIOLATION,PCF_VIOL_SUBSECTION,HIT_AND_RUN,TYPE_OF_COLLISION,MVIW,PED_ACTION,ROAD_SURFACE,ROAD_COND_1,ROAD_COND_2,LIGHTING,CONTROL_DEVICE,CHP_ROAD_TYPE,PEDESTRIAN_ACCIDENT,BICYCLE_ACCIDENT,MOTORCYCLE_ACCIDENT,TRUCK_ACCIDENT,NOT_PRIVATE_PROPERTY,ALCOHOL_INVOLVED,STWD_VEHTYPE_AT_FAULT,CHP_VEHTYPE_AT_FAULT,COUNT_SEVERE_INJ,COUNT_VISIBLE_INJ,COUNT_COMPLAINT_PAIN,COUNT_PED_KILLED,COUNT_PED_INJURED,COUNT_BICYCLIST_KILLED,COUNT_BICYCLIST_INJURED,COUNT_MC_KILLED,COUNT_MC_INJURED,PRIMARY_RAMP,SECONDARY_RAMP,LATITUDE,LONGITUDE,COUNTY,CITY,POINT_X,POINT_Y
6311972,2014,2015-11-10,9680,2014-01-03,1700,15081,NA,5,2,9,3700,0,1,3,NA,1,071,RT 78,YAQUI PASS RD,2640,W,N,A,-,Y,SD,11,78,-,-,67.33,H,-,W,Y,4,0,1,1,A,-,03,22350,NA,N,F,A,A,A,H,-,B,D,0,NA,NA,Y,NA,Y,NA,C,02,0,0,1,0,0,0,0,0,1,-,-,33.13508,-116.38824,SAN DIEGO,UNINCORPORATED,-116.51162944,33.08484987
6335058,2014,2014-06-02,3711,2014-01-10,1410,5197,NA,5,5,7,3711,0,0,0,NA,0,529,FRONT ST,W HARTHORN ST,0,NA,Y,A,-,N,NA,NA,NA,NA,NA,NA,NA,NA,NA,Y,4,0,1,5,A,-,09,21802,A,N,D,C,A,A,H,-,A,A,0,NA,NA,NA,NA,Y,NA,A,07,0,0,1,0,0,0,0,0,0,-,-,NA,NA,SAN DIEGO,SAN DIEGO,-117.16481994,32.72717003
6337272,2014,2014-06-04,3711,2014-01-06,1625,6174,SD,1,5,7,3711,0,0,0,NA,0,627,1ST AV,UNIVERSITY AV,0,NA,Y,A,-,N,NA,NA,NA,NA,NA,NA,NA,NA,NA,N,3,0,1,2,A,-,08,22107,NA,N,G,-,-,A,H,-,A,A,0,Y,NA,NA,NA,Y,NA,-,NA,0,1,0,0,1,0,0,0,0,-,-,NA,NA,SAN DIEGO,SAN DIEGO,-117.16390003,32.74827007
6341089,2014,2014-06-25,3711,2014-01-03,1815,6830,NA,5,5,7,3711,0,0,0,NA,0,437,ALCONA ST,WOODMAN ST,40,E,N,A,-,N,NA,NA,NA,NA,NA,NA,NA,NA,NA,N,3,0,2,3,-,-,-,NA,NA,N,G,B,D,A,H,-,D,D,0,Y,NA,NA,NA,Y,NA,-,-,0,1,1,0,2,0,0,0,0,-,-,NA,NA,SAN DIEGO,SAN DIEGO,-117.0447639,32.68652287
6341097,2014,2014-06-02,3711,2014-01-04,1519,6589,SD,6,5,7,3711,0,0,0,NA,0,832,EL CAJON BL,43RD ST,74,E,N,A,-,N,NA,NA,NA,NA,NA,NA,NA,NA,NA,Y,3,0,1,2,A,-,07,21658,A,N,B,C,A,A,H,-,A,D,0,NA,NA,NA,NA,Y,NA,-,NA,0,1,0,0,0,0,0,0,0,-,-,NA,NA,SAN DIEGO,SAN DIEGO,-117.10167018,32.75521539
6344324,2014,2016-03-25,9645,2014-01-24,0742,015001,NA,5,1,7,3711,0,1,1,NA,2,010,RT 8,COLLEGE AV,2112,W,N,B,-,Y,SD,11,8,-,-,7.94,H,-,W,Y,4,0,1,3,A,-,03,22350,NA,N,C,C,A,A,H,-,A,D,1,NA,NA,NA,NA,Y,NA,D,22,0,0,1,0,0,0,0,0,0,-,-,32.7798,-117.0776,SAN DIEGO,SAN DIEGO,-117.07312982,32.7793579
6344811,2014,2014-06-25,3711,2014-01-16,1551,6820,NA,4,5,7,3711,0,0,0,NA,0,611,CAMINO DEL RIO W,HANCOCK ST,30,S,N,A,-,N,NA,NA,NA,NA,NA,NA,NA,NA,NA,N,4,0,1,2,A,-,10,21950,A,N,G,B,B,A,-,-,A,A,0,Y,NA,NA,NA,Y,NA,-,NA,0,0,1,0,1,0,0,0,0,-,-,NA,NA,SAN DIEGO,SAN DIEGO,-117.20508745,32.75416806
6345178,2014,2014-06-05,9650,2014-01-06,1136,015027,NA,1,1,9,3700,0,2,4,NA,1,027,VALLEY CENTER RD,NORTH LAKE WOHLFORD RD,1056,N,N,A,-,N,NA,NA,NA,NA,NA,NA,NA,NA,NA,N,4,0,1,1,A,-,08,22107,NA,N,F,A,A,A,H,-,A,D,0,NA,Y,NA,NA,Y,NA,L,04,0,0,1,0,0,0,1,0,0,-,-,33.0228,-116.97196,SAN DIEGO,UNINCORPORATED,-116.97569,33.22816
6345209,2014,2016-03-21,9650,2014-01-03,1700,17328,NA,5,2,6,3706,0,1,1,NA,2,023,RT 15,VIA RANCHO PKWY,250,S,N,A,-,Y,SD,11,15,-,M,26.92,H,-,N,Y,4,0,1,2,A,-,03,22350,NA,N,C,C,A,A,H,-,A,D,1,NA,NA,NA,NA,Y,NA,A,07,0,0,1,0,0,0,0,0,0,-,-,33.06852,-117.06918,SAN DIEGO,ESCONDIDO,-117.06913203,33.068454439999996
6345993,2014,2016-01-25,9645,2014-01-09,1830,17524,NA,4,2,7,3711,0,1,1,NA,2,013,RT 805,RT 163,528,S,N,A,-,Y,SD,11,805,-,-,20.5,H,-,S,N,4,0,1,2,A,-,07,21658,A,N,B,C,A,A,H,-,D,D,1,NA,NA,Y,NA,Y,NA,D,22,0,0,1,0,0,0,0,0,1,-,-,32.80627,-117.15151,SAN DIEGO,SAN DIEGO,-117.15213246,32.80742433
6348106,2014,2016-02-01,9680,2014-01-10,1223,015081,NA,5,1,9,3700,0,1,3,NA,1,051,RT 79,RT 76,10032,S,N,A,-,Y,SD,11,79,-,-,25.4,H,-,S,Y,4,0,1,1,A,-,08,22107,NA,N,E,J,A,A,H,-,A,D,0,NA,NA,NA,NA,Y,NA,A,01,0,0,1,0,0,0,0,0,0,-,-,33.17715,-116.69009,SAN DIEGO,UNINCORPORATED,-116.69025279,33.17737489
6348298,2014,2016-01-23,9680,2014-01-04,0930,17460,NA,6,1,9,3700,0,1,3,NA,1,060,RT 94,FORREST GATE RD,16368,W,N,A,-,Y,SD,11,94,-,-,47.53,H,-,E,Y,4,0,1,1,A,-,08,22107,NA,N,E,I,A,A,H,-,A,D,0,NA,NA,Y,NA,Y,NA,C,02,0,0,1,0,0,0,0,0,1,-,-,32.58939,-116.51005,SAN DIEGO,UNINCORPORATED,-116.51789578,32.58884478
6352430,2014,2015-11-07,9645,2014-01-16,0728,16173,NA,4,1,6,3702,0,1,1,NA,2,009,RT 805,TELEGRAPH CANYON RD,600,N,N,A,-,Y,SD,11,805,-,-,6.22,H,-,N,Y,4,0,2,3,A,-,07,21658,A,N,B,C,A,A,H,-,A,D,1,NA,NA,NA,NA,Y,NA,A,01,0,0,2,0,0,0,0,0,0,-,-,32.629,-117.044,SAN DIEGO,CHULA VISTA,-117.04447392,32.6308174
6352648,2016,2016-03-28,3711,2016-03-12,1950,6712,NA,6,5,7,3711,0,0,0,NA,0,122,GARNET AV,LAMONT AV,120,W,N,A,-,N,NA,NA,NA,NA,NA,NA,NA,NA,NA,N,4,0,1,2,A,-,03,22350,NA,N,C,C,A,A,H,-,C,A,0,NA,NA,NA,NA,Y,NA,-,NA,0,0,1,0,0,0,0,0,0,-,-,NA,NA,SAN DIEGO,SAN DIEGO,-117.23569486,32.8009314
6353425,2014,2015-08-14,3711,2014-01-09,2035,5340,NA,4,5,7,3711,0,0,0,NA,0,235,SAN PASQUAL VALLEY RD,SAN PASQUAL VALLEY RD 17900,0,NA,Y,A,-,N,NA,NA,78,NA,NA,NA,NA,NA,NA,Y,4,0,2,2,A,-,03,22350,NA,N,C,C,A,A,H,-,D,D,0,NA,NA,NA,NA,Y,NA,A,01,0,0,2,0,0,0,0,0,0,-,-,33.09092,-116.93989,SAN DIEGO,SAN DIEGO,-116.93986198,33.09101449
6356420,2014,2014-06-10,9645,2014-01-19,1400,18587,NA,7,2,7,3711,0,1,1,NA,2,001,RT 5,PALM AV,10,N,N,A,-,Y,NA,NA,NA,NA,NA,NA,NA,NA,NA,N,3,0,1,2,A,-,10,21950,A,N,A,B,B,A,H,-,A,A,0,Y,NA,NA,NA,Y,NA,A,01,0,1,0,0,1,0,0,0,0,-,-,32.58401,-117.08894,SAN DIEGO,SAN DIEGO,-117.08889,32.58394739
6356432,2014,2016-02-02,9645,2014-01-21,1635,17529,NA,2,2,7,3711,0,1,1,NA,2,010,RT 8,COLLEGE AV,1500,E,N,A,-,Y,SD,11,8,-,-,8.62,H,-,E,Y,3,0,2,4,A,-,03,22350,NA,N,C,C,A,A,H,-,A,D,1,NA,NA,NA,NA,Y,NA,A,01,0,2,0,0,0,0,0,0,0,-,-,32.7779,-117.05867,SAN DIEGO,SAN DIEGO,-117.06168129,32.77875649
6358678,2014,2016-02-02,9650,2014-01-13,0635,15027,NA,1,1,9,3700,0,1,3,NA,1,028,RT 76,ELECTRICAL POLE #714736,4,W,N,A,-,Y,SD,11,76,-,-,37.85,H,-,E,Y,3,0,1,1,A,-,08,22107,NA,F,E,I,A,A,H,-,A,D,0,NA,NA,NA,NA,Y,NA,A,01,0,1,0,0,0,0,0,0,0,-,-,33.29477,-116.90457,SAN DIEGO,UNINCORPORATED,-116.90537528,33.29505066
6360674,2014,2016-03-16,9645,2014-01-22,2101,16138,NA,3,2,7,3711,0,1,3,NA,2,006,RT 94,32ND ST,60,W,N,A,-,Y,SD,11,94,-,-,2.65,H,-,E,Y,4,0,1,2,A,-,08,22107,NA,N,D,C,A,A,H,-,D,D,1,NA,NA,NA,NA,Y,NA,D,22,0,0,1,0,0,0,0,0,0,-,-,32.71444,-117.12651,SAN DIEGO,SAN DIEGO,-117.1264679,32.71448376
6360702,2014,2016-02-11,9650,2014-01-29,1350,013636,NA,3,1,3,3783,0,1,1,NA,2,007,RT 5,VIA DE LA VALLE,1584,N,N,A,-,Y,SD,11,5,-,R,36.8,H,-,S,Y,4,0,1,2,A,-,03,22350,NA,N,C,C,A,A,H,-,A,D,1,NA,NA,NA,NA,Y,NA,D,22,0,0,1,0,0,0,0,0,0,-,-,NA,NA,SAN DIEGO,SOLANA BEACH,-117.2553912,32.98726895
6362488,2014,2014-06-10,3709,2014-01-31,1548,479,SANDI,5,5,5,3709,0,0,0,NA,0,020,W 11TH ST,HOOVER AV,0,NA,Y,A,-,N,NA,NA,NA,NA,NA,NA,NA,NA,NA,N,4,0,1,3,A,-,09,21803,A,N,D,C,A,A,H,-,A,A,0,NA,NA,NA,NA,Y,NA,D,22,0,0,1,0,0,0,0,0,0,-,-,NA,NA,SAN DIEGO,NATIONAL CITY,-117.10798002,32.67266009
6370249,2014,2014-06-06,9645,2014-01-23,0850,13599,NA,4,1,7,3711,0,1,1,NA,2,007,RT 5,VOIGHT DR,50,S,N,A,-,Y,NA,NA,NA,NA,NA,NA,NA,NA,NA,N,2,0,3,3,A,-,03,22350,NA,N,C,C,A,A,H,-,A,D,0,NA,NA,NA,NA,Y,NA,A,01,1,0,2,0,0,0,0,0,0,-,-,32.88194,-117.22507,SAN DIEGO,SAN DIEGO,NA,NA
6373181,2014,2016-03-25,9650,2014-01-21,0438,015868,NA,2,3,9,3700,0,1,1,NA,2,003,RT 5,HARBOR DR,16368,N,N,A,-,Y,SD,11,5,-,R,56.59,H,-,N,Y,3,0,1,2,A,-,03,22350,NA,N,C,C,A,A,H,-,D,D,1,NA,NA,NA,NA,Y,NA,A,01,0,1,0,0,0,0,0,0,0,-,-,33.2369,-117.4063,SAN DIEGO,UNINCORPORATED,-117.40649134,33.23715124
6373243,2014,2014-06-06,3711,2014-01-23,0750,6768,NA,4,5,7,3711,0,0,0,NA,0,838,UNIVERSITY AV,39TH ST,0,NA,Y,E,-,N,NA,NA,NA,NA,NA,NA,NA,NA,NA,N,4,0,1,2,A,-,10,21950,A,N,G,B,B,A,H,-,A,A,0,Y,NA,NA,NA,Y,NA,A,01,0,0,1,0,1,0,0,0,0,-,-,NA,NA,SAN DIEGO,SAN DIEGO,-117.11065003,32.74969005
6373274,2014,2014-06-07,3711,2014-01-22,1255,4283,NA,3,5,7,3711,0,0,0,NA,0,611,PACIFIC HWY,ENTERPRISE,0,NA,Y,A,-,N,NA,NA,NA,NA,NA,NA,NA,NA,NA,Y,3,0,3,3,A,-,12,21453,A,N,D,C,A,A,H,-,A,A,0,NA,NA,NA,NA,Y,NA,-,NA,0,1,2,0,0,0,0,0,0,-,-,NA,NA,SAN DIEGO,SAN DIEGO,-117.19767003,32.74708009
6373944,2014,2014-06-09,3701,2014-01-22,1916,5440,31,3,5,5,3701,0,0,0,NA,0,003,SKYLINE DR,WESTHAVEN DR,52,E,N,E,-,N,NA,NA,NA,NA,NA,NA,NA,NA,NA,N,4,0,1,2,A,-,03,22350,NA,N,B,E,A,A,-,-,C,D,0,NA,NA,NA,NA,Y,NA,-,NA,0,0,1,0,0,0,0,0,0,-,-,33.16095,-117.32355,SAN DIEGO,CARLSBAD,-117.32343023,33.16091656
6374913,2014,2016-02-02,9650,2014-02-14,2035,016516,NA,5,2,9,3700,0,1,3,NA,1,028,RT 76,VALLEY CENTRE RD,0,NA,Y,A,-,Y,SD,11,76,-,-,32.87,I,5,E,Y,4,0,2,2,A,-,09,21802,A,N,D,C,A,A,H,-,C,A,0,NA,NA,NA,NA,Y,NA,D,22,0,0,2,0,0,0,0,0,0,-,-,33.28871,-116.95785,SAN DIEGO,UNINCORPORATED,-116.95881491,33.28843484
6375073,2014,2016-02-01,9680,2014-02-10,0642,15962,NA,1,1,5,3708,0,1,3,NA,2,028,RT 125,SPRING ST,109,N,N,A,-,Y,SD,11,125,-,-,13.93,H,-,N,Y,4,0,1,2,A,-,03,22350,NA,N,C,C,A,A,H,-,A,D,1,NA,NA,Y,NA,Y,NA,C,02,0,0,1,0,0,0,0,0,1,-,-,32.75808,-117.00591,SAN DIEGO,LA MESA,-117.00662071000001,32.75764673
6377586,2014,2016-03-15,9645,2014-02-16,1910,19241,NA,7,2,7,3711,0,1,1,NA,2,010,RT 8,RT 805,60,W,N,A,-,Y,SD,11,8,-,-,4.39,H,-,E,Y,3,0,1,1,C,-,18,NA,NA,N,E,I,A,A,H,-,C,D,1,NA,NA,NA,NA,Y,NA,-,-,0,1,0,0,0,0,0,0,0,-,-,32.77192,-117.13176,SAN DIEGO,SAN DIEGO,-117.13167868,32.7717652
6378282,2014,2014-06-23,9680,2014-01-31,1745,19418,NA,5,2,9,3700,0,2,4,NA,1,026,JAMACHA BL,SWEETWATER RD,690,E,N,A,-,N,NA,NA,NA,NA,NA,NA,NA,NA,NA,Y,4,0,1,2,A,-,09,21801,A,N,D,C,A,A,H,-,C,D,0,NA,NA,NA,NA,Y,NA,A,01,0,0,1,0,0,0,0,0,0,-,-,32.70656,-117.00917,SAN DIEGO,UNINCORPORATED,-117.00878725,32.70659314
6379266,2014,2014-06-17,9645,2014-02-05,1310,012294,NA,3,1,7,3711,0,1,1,NA,2,007,RT 5,GENESEE AV,108,S,N,A,-,Y,NA,NA,5,NA,NA,NA,NA,NA,NA,N,4,0,1,2,A,-,03,22350,NA,N,C,C,A,A,H,-,A,A,0,NA,NA,NA,NA,Y,NA,A,01,0,0,1,0,0,0,0,0,0,TO,-,32.88643,-117.22714,SAN DIEGO,SAN DIEGO,-117.22768782,32.8864882
6381925,2014,2014-06-16,3710,2014-02-14,0839,OC0873,NA,5,5,6,3710,0,0,0,NA,0,027,COLLEGE,OCEANSIDE,300,S,N,A,-,N,NA,NA,NA,NA,NA,NA,NA,NA,NA,Y,4,0,1,3,A,-,03,22350,NA,N,C,C,A,A,H,-,A,A,0,NA,NA,NA,NA,Y,NA,A,01,0,0,1,0,0,0,0,0,0,-,-,NA,NA,SAN DIEGO,OCEANSIDE,-117.28504535,33.2064782
6382090,2014,2014-06-23,3710,2014-02-11,0125,OC0891,NA,2,5,6,3710,0,0,0,NA,0,018,VIA MADRID,CORTE ALVEO,0,NA,Y,B,-,N,NA,NA,NA,NA,NA,NA,NA,NA,NA,N,3,0,1,2,A,-,09,21800,A,N,D,G,A,A,H,-,A,D,0,NA,Y,NA,NA,Y,NA,L,04,0,1,0,0,0,0,1,0,0,-,-,NA,NA,SAN DIEGO,OCEANSIDE,-117.30363013,33.26683001
6382128,2014,2014-06-18,3710,2014-02-14,1930,OC1363,NA,5,5,6,3710,0,0,0,NA,0,008,EUCALYPTUS ST,TREMONT ST,175,W,N,A,-,N,NA,NA,NA,NA,NA,NA,NA,NA,NA,N,4,0,1,2,D,-,00,NA,NA,F,G,B,F,A,H,-,C,D,0,Y,NA,NA,NA,Y,NA,-,-,0,0,1,0,1,0,0,0,0,-,-,NA,NA,SAN DIEGO,OCEANSIDE,-117.37180487,33.18446229
6383621,2014,2016-01-14,9645,2014-01-31,2015,017139,NA,5,2,7,3711,0,1,3,NA,2,006,RT 94,KELTON RD,200,W,N,A,-,Y,SD,11,94,-,-,5.75,H,-,E,Y,4,0,1,2,A,-,03,22350,NA,N,C,C,A,A,H,-,C,D,1,NA,NA,NA,NA,Y,NA,A,01,0,0,1,0,0,0,0,0,0,-,-,32.72408,-117.67536,SAN DIEGO,SAN DIEGO,-117.07663527,32.72323223
6384369,2014,2015-11-10,3706,2014-02-12,2050,0393,ESCON,3,5,6,3706,0,0,0,NA,0,045,NORDAHL RD,RT 78,0,NA,Y,A,-,Y,SD,11,78,-,-,15.344,R,1,E,N,4,0,1,2,A,-,09,21453,B,F,G,B,B,A,H,-,C,A,0,Y,NA,NA,NA,Y,Y,D,22,0,0,1,0,1,0,0,0,0,-,EF,NA,NA,SAN DIEGO,ESCONDIDO,-117.12371288,33.13302269
6385259,2014,2015-11-10,9650,2014-02-06,1505,15830,NA,4,2,6,3710,0,1,3,NA,2,015,RT 78,EL CAMINO REAL,300,E,N,B,C,Y,SD,11,78,-,-,1.586,R,1,E,Y,4,0,2,4,A,-,03,22350,NA,N,C,C,A,B,H,-,A,A,1,NA,NA,NA,NA,Y,NA,A,01,0,0,2,0,0,0,0,0,0,FR,-,33.18116,-117.32616,SAN DIEGO,OCEANSIDE,-117.32544683,33.18192519
6385429,2014,2016-03-14,9650,2014-02-10,1040,12120,NA,1,1,9,3700,0,1,1,NA,2,003,RT 5,FALLBROOK RD,90,S,N,-,-,Y,SD,11,5,-,R,55.52,H,-,S,Y,4,0,1,1,C,-,18,NA,NA,N,F,A,A,A,H,-,A,D,1,NA,NA,Y,NA,Y,NA,-,-,0,0,1,0,0,0,0,0,1,-,-,33.22403,-117.39418,SAN DIEGO,UNINCORPORATED,-117.39521088,33.22506549
6387909,2014,2014-06-16,3706,2014-02-09,1100,440,ESPD,7,5,6,3706,0,0,0,NA,0,043,EL NORTE PKWY,IRIS LN,70,W,N,A,-,N,NA,NA,NA,NA,NA,NA,NA,NA,NA,N,3,0,1,2,A,-,08,22107,NA,F,B,G,A,A,H,-,A,D,0,NA,Y,NA,NA,Y,NA,-,99,0,1,0,0,0,0,1,0,0,-,-,NA,NA,SAN DIEGO,ESCONDIDO,-117.09831362,33.14426615
6389578,2014,2014-06-18,3711,2014-02-19,1925,5114,NA,3,5,7,3711,0,0,0,NA,0,233,CARMEL MOUNTAIN RD,9800 CARMEL MOUNTAIN RD,102,N,N,A,-,N,NA,NA,NA,NA,NA,NA,NA,NA,NA,N,4,0,1,4,A,-,08,22107,NA,N,C,C,A,A,H,-,C,A,0,NA,NA,NA,NA,Y,NA,-,NA,0,0,1,0,0,0,0,0,0,-,-,NA,NA,SAN DIEGO,SAN DIEGO,NA,NA
6390594,2014,2015-11-10,9650,2014-02-26,1245,15727,NA,3,1,5,3713,0,1,3,NA,2,017,RT 78,MAR VISTA DR,769,W,N,A,-,Y,SD,11,78,-,-,7.56,H,-,W,Y,4,0,1,2,A,-,07,21658,A,N,E,I,A,A,H,-,A,D,1,NA,NA,NA,NA,Y,NA,D,22,0,0,1,0,0,0,0,0,0,-,-,NA,NA,SAN DIEGO,VISTA,-117.23163058,33.18321075
6393152,2014,2014-06-13,3710,2014-01-22,1929,OC1353,NA,3,5,6,3710,0,0,0,NA,0,033,FRAZEE,MISSION,161,N,N,B,-,N,NA,NA,NA,NA,NA,NA,NA,NA,NA,Y,3,0,1,1,A,-,00,23103,A,N,E,I,A,A,H,-,C,D,0,NA,NA,NA,NA,Y,NA,A,01,0,1,0,0,0,0,0,0,0,-,-,NA,NA,SAN DIEGO,OCEANSIDE,-117.29699343,33.23797099
6393705,2014,2016-03-25,9645,2014-02-14,2255,18987,NA,5,3,7,3711,0,1,1,NA,2,010,RT 8,MISSION CENTER RD,485,W,N,A,-,Y,SD,11,8,-,-,2.53,H,-,W,Y,4,0,1,1,A,-,08,22107,NA,N,E,I,A,A,H,-,C,D,1,NA,NA,NA,NA,Y,NA,A,01,0,0,1,0,0,0,0,0,0,TO,-,32.7645,-117.15929,SAN DIEGO,SAN DIEGO,-117.16198565,32.76336506
6395068,2014,2015-08-14,9650,2014-02-17,2035,17905,NA,1,2,9,3700,0,3,5,NA,2,231,BEAR VALLEY RD,ROYAL CREST DR,0,NA,Y,A,-,N,NA,NA,NA,NA,NA,NA,NA,NA,NA,Y,4,0,1,2,A,-,09,21801,A,N,D,C,A,A,H,-,C,D,0,NA,NA,Y,NA,Y,NA,D,22,0,0,1,0,0,0,0,0,1,-,-,NA,NA,SAN DIEGO,UNINCORPORATED,-117.05793002,33.08718001
6395373,2014,2016-03-21,9650,2014-02-03,0810,018321,NA,1,1,9,3700,0,1,1,NA,2,021,RT 15,DEER SPRINGS RD,1024,S,N,A,-,Y,SD,11,15,-,R,36.45,H,-,S,Y,4,0,1,1,A,-,08,22107,NA,N,F,A,A,A,H,-,A,D,1,NA,NA,NA,NA,Y,Y,A,07,0,0,1,0,0,0,0,0,0,-,-,NA,NA,SAN DIEGO,UNINCORPORATED,-117.12449979,33.19483084
6396082,2014,2016-02-01,9645,2014-02-09,0220,19712,NA,7,3,7,3711,0,1,3,NA,2,016,RT 52,MAST BL,2640,W,N,B,-,Y,SD,11,52,-,-,12.77,H,-,W,Y,3,0,1,1,A,-,01,23152,A,N,F,A,A,A,H,-,C,D,1,NA,NA,NA,NA,Y,Y,A,01,0,1,0,0,0,0,0,0,0,-,-,37.85314,-117.04907,SAN DIEGO,SAN DIEGO,-117.03259055,32.85024323
6399134,2014,2014-06-19,3702,2014-02-01,0804,CV0847,NA,6,5,6,3702,0,0,0,NA,0,021,BROADWAY AV,MOSS ST,0,NA,Y,A,-,N,NA,NA,NA,NA,NA,NA,NA,NA,NA,N,4,0,3,2,A,-,12,21453,A,N,D,C,A,A,H,-,A,A,0,NA,NA,NA,NA,Y,NA,A,01,0,0,3,0,0,0,0,0,0,-,-,NA,NA,SAN DIEGO,CHULA VISTA,-117.08278001,32.61368002
6399785,2014,2014-06-20,3710,2014-02-27,0137,OC1374,NA,4,5,6,3710,0,0,0,NA,0,016,MISSION AV,FIRESIDE ST,60,W,N,A,-,N,NA,NA,NA,NA,NA,NA,NA,NA,NA,Y,4,0,2,2,A,-,08,22107,NA,F,B,C,A,A,H,-,C,A,0,NA,NA,NA,NA,Y,Y,A,01,0,0,2,0,0,0,0,0,0,-,-,NA,NA,SAN DIEGO,OCEANSIDE,-117.33561969,33.22229419
6400325,2014,2014-06-19,3711,2014-02-13,1610,7010,NA,4,5,7,3711,0,0,0,NA,0,521,C ST,17TH,0,NA,Y,A,-,N,NA,NA,NA,NA,NA,NA,NA,NA,NA,Y,3,0,2,5,A,-,09,21802,A,N,D,C,A,A,H,-,A,D,0,NA,NA,NA,NA,Y,NA,-,NA,0,1,1,0,0,0,0,0,0,-,-,NA,NA,SAN DIEGO,SAN DIEGO,-117.14860003,32.71681006
6402022,2014,2014-06-23,3710,2014-02-28,1943,OC1201,NA,5,5,6,3710,0,0,0,NA,0,018,COLLEGE BL,NORTH RIVER RD,0,NA,Y,-,-,N,NA,NA,NA,NA,NA,NA,NA,NA,NA,Y,3,0,1,2,A,-,07,21658,A,N,B,C,A,B,H,-,A,A,0,NA,NA,NA,NA,Y,NA,A,01,0,1,0,0,0,0,0,0,0,-,-,NA,NA,SAN DIEGO,OCEANSIDE,-117.30028001,33.25083004
6402058,2014,2016-02-04,9680,2014-02-15,1415,018427,NA,6,2,5,3705,0,1,3,NA,2,016,RT 67,FLETCHER PKWY,40,N,N,A,-,Y,SD,11,67,-,R,0.599,R,1,S,N,4,0,1,2,A,-,03,22350,NA,F,C,C,A,A,H,-,A,A,1,NA,NA,NA,Y,Y,NA,F,25,0,0,1,0,0,0,0,0,0,TO,-,32.80814,-116.96253,SAN DIEGO,EL CAJON,-116.96195619,32.81178335
6404371,2014,2015-11-10,9650,2014-02-18,1635,016026,NA,2,2,6,3706,0,1,3,NA,2,019,RT 78,CENTRE CITY PKWY,400,E,N,A,-,Y,SD,11,78,-,R,17.398,H,-,E,Y,4,0,1,2,A,-,03,22350,NA,N,C,C,A,A,H,-,A,D,1,NA,NA,NA,NA,Y,NA,A,01,0,0,1,0,0,0,0,0,0,-,-,33.13097,-117.09132,SAN DIEGO,ESCONDIDO,-117.09086292,33.13121481
6404391,2014,2016-02-02,9650,2014-02-28,1515,17621,NA,5,2,9,3700,0,1,3,NA,1,028,RT 76,VALLEY CENTER RD,4,W,N,B,C,Y,SD,11,76,-,-,36.25,H,-,E,Y,4,0,1,1,A,-,03,22350,NA,N,F,A,A,B,H,-,A,D,0,NA,NA,NA,NA,Y,NA,A,07,0,0,1,0,0,0,0,0,0,-,-,33.30125,-116.91582,SAN DIEGO,UNINCORPORATED,-116.91918182,33.29780278
6404426,2014,2014-07-18,3706,2014-02-21,1925,0393,ESCON,5,5,6,3706,0,0,0,NA,0,052,VALLEY PKWY,BEECH ST,0,NA,Y,A,-,N,NA,NA,NA,NA,NA,NA,NA,NA,NA,N,3,0,1,2,A,-,08,22107,NA,N,B,G,A,A,H,-,C,D,0,NA,Y,NA,NA,Y,NA,-,-,0,1,0,0,0,0,1,0,0,-,-,NA,NA,SAN DIEGO,ESCONDIDO,-117.06842002,33.12984009
6404799,2014,2014-06-06,3700,2014-01-03,1645,SH3738,NA,5,5,4,3707,0,0,0,NA,0,710,IMPERIAL BEACH BL,FLORENCE ST,153,E,N,A,-,N,NA,NA,NA,NA,NA,NA,NA,NA,NA,N,4,0,1,2,A,-,08,22107,NA,F,D,G,A,A,H,-,C,D,0,NA,Y,NA,NA,Y,NA,D,22,0,0,1,0,0,0,1,0,0,-,-,NA,NA,SAN DIEGO,IMPERIAL BEACH,-117.10640502,32.57653
6405762,2014,2014-06-05,3705,2014-01-12,1952,EC0337,NA,7,5,5,3705,0,0,0,NA,0,009,EAST MAIN ST,N 1ST ST,425,W,N,A,-,N,NA,NA,NA,NA,NA,NA,NA,NA,NA,Y,3,0,1,2,A,-,09,21804,A,N,D,C,A,A,H,-,C,D,0,NA,NA,NA,NA,Y,NA,A,01,0,1,0,0,0,0,0,0,0,-,-,NA,NA,SAN DIEGO,EL CAJON,-116.94597803,32.79494226
6407075,2014,2014-07-01,9680,2014-02-08,1520,19490,NA,6,2,9,3700,0,3,5,NA,2,002,DEHESA RD,HARBISON CANYON RD,4224,E,N,A,-,N,NA,NA,NA,NA,NA,NA,NA,NA,NA,Y,4,0,1,2,A,-,09,21802,A,N,D,C,A,A,H,-,A,A,0,NA,NA,NA,NA,Y,NA,A,01,0,0,1,0,0,0,0,0,0,-,-,32.79192,-116.83143,SAN DIEGO,UNINCORPORATED,-116.85076341,32.7811962